Variable 1,Variable 2,Variable 3,Variable 4,Variable 5,Correlation (r),R²
AverageParticleSpeed,RainAbsolute,RainAccumulated,RainRate,VolumeEquivalentDiameter,0.3856902067750678,0.14875693560219458
AverageParticleSpeed,Pressure,RainAbsolute,RainAccumulated,RainRate,0.3856599501054968,0.1487335971153743
Pressure,RainAbsolute,RainAccumulated,RainRate,VolumeEquivalentDiameter,0.3856599501054968,0.1487335971153743
AverageParticleSpeed,Pressure,RainAbsolute,RainAccumulated,VolumeEquivalentDiameter,0.3856599501054964,0.14873359711537398
AverageParticleSpeed,Pressure,RainAbsolute,RainRate,VolumeEquivalentDiameter,0.3856288496022929,0.14870960964558783
AverageParticleSpeed,Pressure,RainAccumulated,RainRate,VolumeEquivalentDiameter,0.3856288496022929,0.14870960964558783
AverageParticleSpeed,RainAbsolute,RainAccumulated,RainIntensity,RainRate,0.38495113185183505,0.14818737391400888
RainAbsolute,RainAccumulated,RainIntensity,RainRate,VolumeEquivalentDiameter,0.38495113185183505,0.14818737391400888
AverageParticleSpeed,RainAbsolute,RainAccumulated,RainIntensity,VolumeEquivalentDiameter,0.38495113185183394,0.14818737391400805
Pressure,RainAbsolute,RainAccumulated,RainIntensity,RainRate,0.3849194232196381,0.1481629623717389
AverageParticleSpeed,Pressure,RainAbsolute,RainAccumulated,RainIntensity,0.38491942321963774,0.1481629623717386
Pressure,RainAbsolute,RainAccumulated,RainIntensity,VolumeEquivalentDiameter,0.38491942321963774,0.1481629623717386
AverageParticleSpeed,KineticEnergy,RainAbsolute,RainAccumulated,VolumeEquivalentDiameter,0.3846878031804396,0.14798470591579263
AverageParticleSpeed,KineticEnergy,RainAbsolute,RainAccumulated,RainRate,0.38468780318043855,0.14798470591579183
KineticEnergy,RainAbsolute,RainAccumulated,RainRate,VolumeEquivalentDiameter,0.38468780318043855,0.14798470591579183
AverageParticleSpeed,KineticEnergy,Pressure,RainAbsolute,RainAccumulated,0.38465543583285994,0.14795980431576744
KineticEnergy,Pressure,RainAbsolute,RainAccumulated,VolumeEquivalentDiameter,0.38465543583285994,0.14795980431576744
KineticEnergy,Pressure,RainAbsolute,RainAccumulated,RainRate,0.38465543583285955,0.14795980431576713
AverageParticleSpeed,RainAbsolute,RainIntensity,RainRate,VolumeEquivalentDiameter,0.3841783594451033,0.147593011865931
AverageParticleSpeed,RainAccumulated,RainIntensity,RainRate,VolumeEquivalentDiameter,0.3841783594451033,0.147593011865931
AverageParticleSpeed,Pressure,RainAbsolute,RainIntensity,VolumeEquivalentDiameter,0.38411090816370513,0.14754118977034633
AverageParticleSpeed,Pressure,RainAccumulated,RainIntensity,VolumeEquivalentDiameter,0.38411090816370513,0.14754118977034633
AverageParticleSpeed,Pressure,RainAbsolute,RainIntensity,RainRate,0.38411090816370497,0.1475411897703462
AverageParticleSpeed,Pressure,RainAccumulated,RainIntensity,RainRate,0.38411090816370497,0.1475411897703462
Pressure,RainAbsolute,RainIntensity,RainRate,VolumeEquivalentDiameter,0.38411090816370497,0.1475411897703462
Pressure,RainAccumulated,RainIntensity,RainRate,VolumeEquivalentDiameter,0.38411090816370497,0.1475411897703462
KineticEnergy,RainAbsolute,RainAccumulated,RainIntensity,RainRate,0.38389010317936284,0.14737161131906185
AverageParticleSpeed,KineticEnergy,RainAbsolute,RainAccumulated,RainIntensity,0.3838901031793622,0.14737161131906135
KineticEnergy,RainAbsolute,RainAccumulated,RainIntensity,VolumeEquivalentDiameter,0.3838901031793622,0.14737161131906135
KineticEnergy,Pressure,RainAbsolute,RainAccumulated,RainIntensity,0.38385604166710297,0.14734546072433669
AverageParticleSpeed,KineticEnergy,RainAbsolute,RainRate,VolumeEquivalentDiameter,0.38355847770924745,0.14711710582263526
AverageParticleSpeed,KineticEnergy,RainAccumulated,RainRate,VolumeEquivalentDiameter,0.38355847770924745,0.14711710582263526
AverageParticleSpeed,KineticEnergy,Pressure,RainAbsolute,RainRate,0.3834876198380873,0.14706275456908138
AverageParticleSpeed,KineticEnergy,Pressure,RainAccumulated,RainRate,0.3834876198380873,0.14706275456908138
KineticEnergy,Pressure,RainAbsolute,RainRate,VolumeEquivalentDiameter,0.3834876198380873,0.14706275456908138
KineticEnergy,Pressure,RainAccumulated,RainRate,VolumeEquivalentDiameter,0.3834876198380873,0.14706275456908138
AverageParticleSpeed,KineticEnergy,Pressure,RainAbsolute,VolumeEquivalentDiameter,0.3834876198380871,0.14706275456908122
AverageParticleSpeed,KineticEnergy,Pressure,RainAccumulated,VolumeEquivalentDiameter,0.3834876198380871,0.14706275456908122
AverageParticleSpeed,RainAbsolute,RainAccumulated,VolumeEquivalentDiameter,WindSpeed,0.3825560088884339,0.1463490999366475
AverageParticleSpeed,RainAbsolute,RainAccumulated,RainRate,WindSpeed,0.3825560088884338,0.1463490999366474
RainAbsolute,RainAccumulated,RainRate,VolumeEquivalentDiameter,WindSpeed,0.3825560088884338,0.1463490999366474
Pressure,RainAbsolute,RainAccumulated,RainRate,WindSpeed,0.3824802898595293,0.14629117213102957
AverageParticleSpeed,Pressure,RainAbsolute,RainAccumulated,WindSpeed,0.38248028985952887,0.1462911721310292
Pressure,RainAbsolute,RainAccumulated,VolumeEquivalentDiameter,WindSpeed,0.38248028985952887,0.1462911721310292
AverageParticleSpeed,KineticEnergy,RainAbsolute,RainIntensity,RainRate,0.3818161861442139,0.145783600001713
AverageParticleSpeed,KineticEnergy,RainAccumulated,RainIntensity,RainRate,0.3818161861442139,0.145783600001713
KineticEnergy,RainAbsolute,RainIntensity,RainRate,VolumeEquivalentDiameter,0.3818161861442139,0.145783600001713
KineticEnergy,RainAccumulated,RainIntensity,RainRate,VolumeEquivalentDiameter,0.3818161861442139,0.145783600001713
AverageParticleSpeed,KineticEnergy,RainAbsolute,RainIntensity,VolumeEquivalentDiameter,0.3818161861442138,0.14578360000171292
AverageParticleSpeed,KineticEnergy,RainAccumulated,RainIntensity,VolumeEquivalentDiameter,0.3818161861442138,0.14578360000171292
KineticEnergy,Pressure,RainAbsolute,RainIntensity,RainRate,0.38173734445682844,0.1457234001529513
KineticEnergy,Pressure,RainAccumulated,RainIntensity,RainRate,0.38173734445682844,0.1457234001529513
AverageParticleSpeed,KineticEnergy,Pressure,RainAbsolute,RainIntensity,0.38173734445682816,0.14572340015295107
AverageParticleSpeed,KineticEnergy,Pressure,RainAccumulated,RainIntensity,0.38173734445682816,0.14572340015295107
KineticEnergy,Pressure,RainAbsolute,RainIntensity,VolumeEquivalentDiameter,0.38173734445682816,0.14572340015295107
KineticEnergy,Pressure,RainAccumulated,RainIntensity,VolumeEquivalentDiameter,0.38173734445682816,0.14572340015295107
AverageParticleSpeed,RainAbsolute,RainAccumulated,RainIntensity,WindSpeed,0.3817225364262865,0.14571209481571762
RainAbsolute,RainAccumulated,RainIntensity,RainRate,WindSpeed,0.3817225364262865,0.14571209481571762
RainAbsolute,RainAccumulated,RainIntensity,VolumeEquivalentDiameter,WindSpeed,0.3817225364262865,0.14571209481571762
Pressure,RainAbsolute,RainAccumulated,RainIntensity,WindSpeed,0.3816451288850715,0.14565300440170284
KineticEnergy,RainAbsolute,RainAccumulated,RainRate,WindSpeed,0.38140748506273225,0.14547166966187833
AverageParticleSpeed,KineticEnergy,RainAbsolute,RainAccumulated,WindSpeed,0.38140748506273214,0.14547166966187824
KineticEnergy,RainAbsolute,RainAccumulated,VolumeEquivalentDiameter,WindSpeed,0.38140748506273214,0.14547166966187824
KineticEnergy,Pressure,RainAbsolute,RainAccumulated,WindSpeed,0.3813292548551748,0.14541200060840287
KineticEnergy,RainAbsolute,RainAccumulated,RainIntensity,WindSpeed,0.380509264749278,0.14478730056003614
AverageParticleSpeed,RainAbsolute,RainAccumulated,RainRate,SnowDepthIntensity,0.3773145645311576,0.14236628060733708
AverageParticleSpeed,RainAbsolute,RainAccumulated,SnowDepthIntensity,VolumeEquivalentDiameter,0.3773145645311576,0.14236628060733708
RainAbsolute,RainAccumulated,RainRate,SnowDepthIntensity,VolumeEquivalentDiameter,0.3773145645311576,0.14236628060733708
Pressure,RainAbsolute,RainAccumulated,RainRate,SnowDepthIntensity,0.3772625405279036,0.1423270244855681
AverageParticleSpeed,Pressure,RainAbsolute,RainAccumulated,SnowDepthIntensity,0.3772625405279034,0.14232702448556797
Pressure,RainAbsolute,RainAccumulated,SnowDepthIntensity,VolumeEquivalentDiameter,0.3772625405279034,0.14232702448556797
RainAbsolute,RainAccumulated,RainIntensity,RainRate,SnowDepthIntensity,0.37634784424288475,0.14163769986626665
AverageParticleSpeed,RainAbsolute,RainAccumulated,RainIntensity,SnowDepthIntensity,0.3763478442428847,0.1416376998662666
RainAbsolute,RainAccumulated,RainIntensity,SnowDepthIntensity,VolumeEquivalentDiameter,0.3763478442428847,0.1416376998662666
Pressure,RainAbsolute,RainAccumulated,RainIntensity,SnowDepthIntensity,0.3762934739580658,0.14159677854342953
AverageParticleSpeed,RainAbsolute,RainAccumulated,Temperature,VolumeEquivalentDiameter,0.3760169283593634,0.14138873041281064
AverageParticleSpeed,RainAbsolute,RainAccumulated,RainRate,Temperature,0.37601692835936323,0.1413887304128105
RainAbsolute,RainAccumulated,RainRate,Temperature,VolumeEquivalentDiameter,0.37601692835936323,0.1413887304128105
KineticEnergy,RainAbsolute,RainAccumulated,RainRate,SnowDepthIntensity,0.376015627598473,0.14138775219827354
AverageParticleSpeed,KineticEnergy,RainAbsolute,RainAccumulated,SnowDepthIntensity,0.3760156275984724,0.14138775219827307
KineticEnergy,RainAbsolute,RainAccumulated,SnowDepthIntensity,VolumeEquivalentDiameter,0.3760156275984724,0.14138775219827307
AverageParticleSpeed,Pressure,RainAbsolute,RainAccumulated,Temperature,0.37596319108187604,0.14134832104846723
Pressure,RainAbsolute,RainAccumulated,Temperature,VolumeEquivalentDiameter,0.37596319108187604,0.14134832104846723
Pressure,RainAbsolute,RainAccumulated,RainRate,Temperature,0.3759631910818757,0.14134832104846698
KineticEnergy,Pressure,RainAbsolute,RainAccumulated,SnowDepthIntensity,0.37596033858745703,0.14134617619079534
RainAbsolute,RainAccumulated,RainIntensity,RainRate,Temperature,0.3751420661496903,0.14073156979505863
AverageParticleSpeed,RainAbsolute,RainAccumulated,RainIntensity,Temperature,0.3751420661496901,0.14073156979505846
RainAbsolute,RainAccumulated,RainIntensity,Temperature,VolumeEquivalentDiameter,0.3751420661496901,0.14073156979505846
Pressure,RainAbsolute,RainAccumulated,RainIntensity,Temperature,0.3750863383492229,0.14068976121622773
KineticEnergy,RainAbsolute,RainAccumulated,RainIntensity,SnowDepthIntensity,0.37499636177057044,0.14062227134116453
AverageParticleSpeed,KineticEnergy,RainAbsolute,RainAccumulated,Temperature,0.3748261398052147,0.14049463508127832
KineticEnergy,RainAbsolute,RainAccumulated,Temperature,VolumeEquivalentDiameter,0.3748261398052147,0.14049463508127832
KineticEnergy,RainAbsolute,RainAccumulated,RainRate,Temperature,0.3748261398052145,0.1404946350812782
KineticEnergy,Pressure,RainAbsolute,RainAccumulated,Temperature,0.3747695506069982,0.14045221606217137
KineticEnergy,RainAbsolute,RainAccumulated,RainIntensity,Temperature,0.3738963114944863,0.13979845174918196
RainAbsolute,RainAccumulated,RainRate,SnowDepthIntensity,WindSpeed,0.37326330950957304,0.13932549822603932
AverageParticleSpeed,RainAbsolute,RainAccumulated,SnowDepthIntensity,WindSpeed,0.37326330950957287,0.1393254982260392
RainAbsolute,RainAccumulated,SnowDepthIntensity,VolumeEquivalentDiameter,WindSpeed,0.37326330950957287,0.1393254982260392
Pressure,RainAbsolute,RainAccumulated,SnowDepthIntensity,WindSpeed,0.37316332796176616,0.13925086933550065
AverageParticleSpeed,RainAbsolute,RainAccumulated,Temperature,WindSpeed,0.3723729124232641,0.1386615859065839
RainAbsolute,RainAccumulated,Temperature,VolumeEquivalentDiameter,WindSpeed,0.3723729124232641,0.1386615859065839
RainAbsolute,RainAccumulated,RainRate,Temperature,WindSpeed,0.3723729124232638,0.1386615859065837
Pressure,RainAbsolute,RainAccumulated,Temperature,WindSpeed,0.372272222994009,0.13858660801290118
RainAbsolute,RainAccumulated,RainIntensity,SnowDepthIntensity,WindSpeed,0.3721817569580185,0.13851926021235753
KineticEnergy,RainAbsolute,RainAccumulated,SnowDepthIntensity,WindSpeed,0.3717931187577492,0.13823012315561378
RainAbsolute,RainAccumulated,RainIntensity,Temperature,WindSpeed,0.3713892162457502,0.1379299499436326
KineticEnergy,RainAbsolute,RainAccumulated,Temperature,WindSpeed,0.37101657362644025,0.13765329790550376
AverageParticleSpeed,RainAbsolute,RainRate,VolumeEquivalentDiameter,WindSpeed,0.3704716939350206,0.1372492760070836
AverageParticleSpeed,RainAccumulated,RainRate,VolumeEquivalentDiameter,WindSpeed,0.3704716939350206,0.1372492760070836
AverageParticleSpeed,Pressure,RainAbsolute,RainRate,WindSpeed,0.3701388756395037,0.137002787259676
AverageParticleSpeed,Pressure,RainAccumulated,RainRate,WindSpeed,0.3701388756395037,0.137002787259676
Pressure,RainAbsolute,RainRate,VolumeEquivalentDiameter,WindSpeed,0.3701388756395037,0.137002787259676
Pressure,RainAccumulated,RainRate,VolumeEquivalentDiameter,WindSpeed,0.3701388756395037,0.137002787259676
AverageParticleSpeed,Pressure,RainAbsolute,VolumeEquivalentDiameter,WindSpeed,0.37013887563950365,0.13700278725967596
AverageParticleSpeed,Pressure,RainAccumulated,VolumeEquivalentDiameter,WindSpeed,0.37013887563950365,0.13700278725967596
AverageParticleSpeed,RainAbsolute,RainIntensity,RainRate,WindSpeed,0.36862872538600233,0.1358871371797087
AverageParticleSpeed,RainAbsolute,RainIntensity,VolumeEquivalentDiameter,WindSpeed,0.36862872538600233,0.1358871371797087
AverageParticleSpeed,RainAccumulated,RainIntensity,RainRate,WindSpeed,0.36862872538600233,0.1358871371797087
AverageParticleSpeed,RainAccumulated,RainIntensity,VolumeEquivalentDiameter,WindSpeed,0.36862872538600233,0.1358871371797087
RainAbsolute,RainIntensity,RainRate,VolumeEquivalentDiameter,WindSpeed,0.36862872538600233,0.1358871371797087
RainAccumulated,RainIntensity,RainRate,VolumeEquivalentDiameter,WindSpeed,0.36862872538600233,0.1358871371797087
AverageParticleSpeed,Pressure,RainAbsolute,RainIntensity,WindSpeed,0.3682889441037965,0.13563674634908932
AverageParticleSpeed,Pressure,RainAccumulated,RainIntensity,WindSpeed,0.3682889441037965,0.13563674634908932
Pressure,RainAbsolute,RainIntensity,VolumeEquivalentDiameter,WindSpeed,0.3682889441037965,0.13563674634908932
Pressure,RainAccumulated,RainIntensity,VolumeEquivalentDiameter,WindSpeed,0.3682889441037965,0.13563674634908932
Pressure,RainAbsolute,RainIntensity,RainRate,WindSpeed,0.3682889441037964,0.1356367463490893
Pressure,RainAccumulated,RainIntensity,RainRate,WindSpeed,0.3682889441037964,0.1356367463490893
AverageParticleSpeed,KineticEnergy,RainAbsolute,VolumeEquivalentDiameter,WindSpeed,0.36780729813373825,0.1352822085604406
AverageParticleSpeed,KineticEnergy,RainAccumulated,VolumeEquivalentDiameter,WindSpeed,0.36780729813373825,0.1352822085604406
AverageParticleSpeed,KineticEnergy,RainAbsolute,RainRate,WindSpeed,0.3678072981337381,0.1352822085604405
AverageParticleSpeed,KineticEnergy,RainAccumulated,RainRate,WindSpeed,0.3678072981337381,0.1352822085604405
KineticEnergy,RainAbsolute,RainRate,VolumeEquivalentDiameter,WindSpeed,0.3678072981337381,0.1352822085604405
KineticEnergy,RainAccumulated,RainRate,VolumeEquivalentDiameter,WindSpeed,0.3678072981337381,0.1352822085604405
AverageParticleSpeed,KineticEnergy,Pressure,RainAbsolute,WindSpeed,0.3674632904885055,0.1350292698566398
AverageParticleSpeed,KineticEnergy,Pressure,RainAccumulated,WindSpeed,0.3674632904885055,0.1350292698566398
KineticEnergy,Pressure,RainAbsolute,RainRate,WindSpeed,0.3674632904885055,0.1350292698566398
KineticEnergy,Pressure,RainAbsolute,VolumeEquivalentDiameter,WindSpeed,0.3674632904885055,0.1350292698566398
KineticEnergy,Pressure,RainAccumulated,RainRate,WindSpeed,0.3674632904885055,0.1350292698566398
KineticEnergy,Pressure,RainAccumulated,VolumeEquivalentDiameter,WindSpeed,0.3674632904885055,0.1350292698566398
AverageParticleSpeed,RainAbsolute,RainAccumulated,SnowDepthIntensity,Temperature,0.3665784588070823,0.13437976646137573
RainAbsolute,RainAccumulated,SnowDepthIntensity,Temperature,VolumeEquivalentDiameter,0.3665784588070823,0.13437976646137573
RainAbsolute,RainAccumulated,RainRate,SnowDepthIntensity,Temperature,0.3665784588070819,0.13437976646137545
Pressure,RainAbsolute,RainAccumulated,SnowDepthIntensity,Temperature,0.36649912134314927,0.13432160594530046
AverageParticleSpeed,RainAbsolute,RainRate,SnowDepthIntensity,VolumeEquivalentDiameter,0.36584042754563795,0.13383921842677518
AverageParticleSpeed,RainAccumulated,RainRate,SnowDepthIntensity,VolumeEquivalentDiameter,0.36584042754563795,0.13383921842677518
AverageParticleSpeed,KineticEnergy,RainAbsolute,RainIntensity,WindSpeed,0.3657019501582318,0.13373791634953386
AverageParticleSpeed,KineticEnergy,RainAccumulated,RainIntensity,WindSpeed,0.3657019501582318,0.13373791634953386
KineticEnergy,RainAbsolute,RainIntensity,VolumeEquivalentDiameter,WindSpeed,0.3657019501582318,0.13373791634953386
KineticEnergy,RainAccumulated,RainIntensity,VolumeEquivalentDiameter,WindSpeed,0.3657019501582318,0.13373791634953386
KineticEnergy,RainAbsolute,RainIntensity,RainRate,WindSpeed,0.3657019501582317,0.13373791634953378
KineticEnergy,RainAccumulated,RainIntensity,RainRate,WindSpeed,0.3657019501582317,0.13373791634953378
AverageParticleSpeed,Pressure,RainAbsolute,RainRate,SnowDepthIntensity,0.3656690721071201,0.13371387029568219
AverageParticleSpeed,Pressure,RainAbsolute,SnowDepthIntensity,VolumeEquivalentDiameter,0.3656690721071201,0.13371387029568219
AverageParticleSpeed,Pressure,RainAccumulated,RainRate,SnowDepthIntensity,0.3656690721071201,0.13371387029568219
AverageParticleSpeed,Pressure,RainAccumulated,SnowDepthIntensity,VolumeEquivalentDiameter,0.3656690721071201,0.13371387029568219
Pressure,RainAbsolute,RainRate,SnowDepthIntensity,VolumeEquivalentDiameter,0.3656690721071201,0.13371387029568219
Pressure,RainAccumulated,RainRate,SnowDepthIntensity,VolumeEquivalentDiameter,0.3656690721071201,0.13371387029568219
RainAbsolute,RainAccumulated,RainIntensity,SnowDepthIntensity,Temperature,0.36549778255689497,0.13358862905400729
KineticEnergy,Pressure,RainAbsolute,RainIntensity,WindSpeed,0.36534909636158974,0.13347996221223019
KineticEnergy,Pressure,RainAccumulated,RainIntensity,WindSpeed,0.36534909636158974,0.13347996221223019
KineticEnergy,RainAbsolute,RainAccumulated,SnowDepthIntensity,Temperature,0.36512101334923763,0.13331335438917416
AverageParticleSpeed,RainAbsolute,RainIntensity,SnowDepthIntensity,VolumeEquivalentDiameter,0.3635202176238093,0.1321469486212617
AverageParticleSpeed,RainAccumulated,RainIntensity,SnowDepthIntensity,VolumeEquivalentDiameter,0.3635202176238093,0.1321469486212617
AverageParticleSpeed,RainAbsolute,RainIntensity,RainRate,SnowDepthIntensity,0.36352021762380915,0.13214694862126156
AverageParticleSpeed,RainAccumulated,RainIntensity,RainRate,SnowDepthIntensity,0.36352021762380915,0.13214694862126156
RainAbsolute,RainIntensity,RainRate,SnowDepthIntensity,VolumeEquivalentDiameter,0.36352021762380915,0.13214694862126156
RainAccumulated,RainIntensity,RainRate,SnowDepthIntensity,VolumeEquivalentDiameter,0.36352021762380915,0.13214694862126156
Pressure,RainAbsolute,RainIntensity,RainRate,SnowDepthIntensity,0.36333698777031304,0.1320137666820046
Pressure,RainAccumulated,RainIntensity,RainRate,SnowDepthIntensity,0.36333698777031304,0.1320137666820046
AverageParticleSpeed,Pressure,RainAbsolute,RainIntensity,SnowDepthIntensity,0.3633369877703128,0.13201376668200443
AverageParticleSpeed,Pressure,RainAccumulated,RainIntensity,SnowDepthIntensity,0.3633369877703128,0.13201376668200443
Pressure,RainAbsolute,RainIntensity,SnowDepthIntensity,VolumeEquivalentDiameter,0.3633369877703128,0.13201376668200443
Pressure,RainAccumulated,RainIntensity,SnowDepthIntensity,VolumeEquivalentDiameter,0.3633369877703128,0.13201376668200443
AverageParticleSpeed,RainAbsolute,RainRate,Temperature,VolumeEquivalentDiameter,0.3632148649514649,0.13192503812171086
AverageParticleSpeed,RainAccumulated,RainRate,Temperature,VolumeEquivalentDiameter,0.3632148649514649,0.13192503812171086
AverageParticleSpeed,Pressure,RainAbsolute,RainRate,Temperature,0.36303524291982303,0.13179458760185492
AverageParticleSpeed,Pressure,RainAbsolute,Temperature,VolumeEquivalentDiameter,0.36303524291982303,0.13179458760185492
AverageParticleSpeed,Pressure,RainAccumulated,RainRate,Temperature,0.36303524291982303,0.13179458760185492
AverageParticleSpeed,Pressure,RainAccumulated,Temperature,VolumeEquivalentDiameter,0.36303524291982303,0.13179458760185492
Pressure,RainAbsolute,RainRate,Temperature,VolumeEquivalentDiameter,0.36303524291982303,0.13179458760185492
Pressure,RainAccumulated,RainRate,Temperature,VolumeEquivalentDiameter,0.36303524291982303,0.13179458760185492
AverageParticleSpeed,KineticEnergy,RainAbsolute,RainRate,SnowDepthIntensity,0.36267211301755975,0.13153106156062164
AverageParticleSpeed,KineticEnergy,RainAccumulated,RainRate,SnowDepthIntensity,0.36267211301755975,0.13153106156062164
KineticEnergy,RainAbsolute,RainRate,SnowDepthIntensity,VolumeEquivalentDiameter,0.36267211301755975,0.13153106156062164
KineticEnergy,RainAccumulated,RainRate,SnowDepthIntensity,VolumeEquivalentDiameter,0.36267211301755975,0.13153106156062164
AverageParticleSpeed,KineticEnergy,RainAbsolute,SnowDepthIntensity,VolumeEquivalentDiameter,0.36267211301755825,0.13153106156062055
AverageParticleSpeed,KineticEnergy,RainAccumulated,SnowDepthIntensity,VolumeEquivalentDiameter,0.36267211301755825,0.13153106156062055
KineticEnergy,Pressure,RainAbsolute,RainRate,SnowDepthIntensity,0.36248404701654974,0.13139468434149623
KineticEnergy,Pressure,RainAccumulated,RainRate,SnowDepthIntensity,0.36248404701654974,0.13139468434149623
AverageParticleSpeed,KineticEnergy,Pressure,RainAbsolute,SnowDepthIntensity,0.36248404701654946,0.13139468434149604
AverageParticleSpeed,KineticEnergy,Pressure,RainAccumulated,SnowDepthIntensity,0.36248404701654946,0.13139468434149604
KineticEnergy,Pressure,RainAbsolute,SnowDepthIntensity,VolumeEquivalentDiameter,0.36248404701654946,0.13139468434149604
KineticEnergy,Pressure,RainAccumulated,SnowDepthIntensity,VolumeEquivalentDiameter,0.36248404701654946,0.13139468434149604
RainAbsolute,RainAccumulated,SnowDepthIntensity,Temperature,WindSpeed,0.36191329604316724,0.13098123385282923
AverageParticleSpeed,RainAbsolute,RainIntensity,Temperature,VolumeEquivalentDiameter,0.3612211598209691,0.1304807263024061
AverageParticleSpeed,RainAccumulated,RainIntensity,Temperature,VolumeEquivalentDiameter,0.3612211598209691,0.1304807263024061
AverageParticleSpeed,RainAbsolute,RainIntensity,RainRate,Temperature,0.3612211598209687,0.13048072630240581
AverageParticleSpeed,RainAccumulated,RainIntensity,RainRate,Temperature,0.3612211598209687,0.13048072630240581
RainAbsolute,RainIntensity,RainRate,Temperature,VolumeEquivalentDiameter,0.3612211598209687,0.13048072630240581
RainAccumulated,RainIntensity,RainRate,Temperature,VolumeEquivalentDiameter,0.3612211598209687,0.13048072630240581
AverageParticleSpeed,Pressure,RainAbsolute,RainIntensity,Temperature,0.3610319636495825,0.13034407877667348
AverageParticleSpeed,Pressure,RainAccumulated,RainIntensity,Temperature,0.3610319636495825,0.13034407877667348
Pressure,RainAbsolute,RainIntensity,RainRate,Temperature,0.3610319636495825,0.13034407877667348
Pressure,RainAbsolute,RainIntensity,Temperature,VolumeEquivalentDiameter,0.3610319636495825,0.13034407877667348
Pressure,RainAccumulated,RainIntensity,RainRate,Temperature,0.3610319636495825,0.13034407877667348
Pressure,RainAccumulated,RainIntensity,Temperature,VolumeEquivalentDiameter,0.3610319636495825,0.13034407877667348
AverageParticleSpeed,KineticEnergy,RainAbsolute,RainRate,Temperature,0.3604244609631867,0.12990579206060368
AverageParticleSpeed,KineticEnergy,RainAbsolute,Temperature,VolumeEquivalentDiameter,0.3604244609631867,0.12990579206060368
AverageParticleSpeed,KineticEnergy,RainAccumulated,RainRate,Temperature,0.3604244609631867,0.12990579206060368
AverageParticleSpeed,KineticEnergy,RainAccumulated,Temperature,VolumeEquivalentDiameter,0.3604244609631867,0.12990579206060368
KineticEnergy,RainAbsolute,RainRate,Temperature,VolumeEquivalentDiameter,0.3604244609631867,0.12990579206060368
KineticEnergy,RainAccumulated,RainRate,Temperature,VolumeEquivalentDiameter,0.3604244609631867,0.12990579206060368
AverageParticleSpeed,KineticEnergy,Pressure,RainAbsolute,Temperature,0.3602307125451049,0.12976616626075402
AverageParticleSpeed,KineticEnergy,Pressure,RainAccumulated,Temperature,0.3602307125451049,0.12976616626075402
KineticEnergy,Pressure,RainAbsolute,Temperature,VolumeEquivalentDiameter,0.3602307125451049,0.12976616626075402
KineticEnergy,Pressure,RainAccumulated,Temperature,VolumeEquivalentDiameter,0.3602307125451049,0.12976616626075402
KineticEnergy,Pressure,RainAbsolute,RainRate,Temperature,0.36023071254510486,0.12976616626075396
KineticEnergy,Pressure,RainAccumulated,RainRate,Temperature,0.36023071254510486,0.12976616626075396
KineticEnergy,RainAbsolute,RainIntensity,RainRate,SnowDepthIntensity,0.3601787947302037,0.1297287641733022
KineticEnergy,RainAccumulated,RainIntensity,RainRate,SnowDepthIntensity,0.3601787947302037,0.1297287641733022
AverageParticleSpeed,KineticEnergy,RainAbsolute,RainIntensity,SnowDepthIntensity,0.36017879473020326,0.1297287641733019
AverageParticleSpeed,KineticEnergy,RainAccumulated,RainIntensity,SnowDepthIntensity,0.36017879473020326,0.1297287641733019
KineticEnergy,RainAbsolute,RainIntensity,SnowDepthIntensity,VolumeEquivalentDiameter,0.36017879473020326,0.1297287641733019
KineticEnergy,RainAccumulated,RainIntensity,SnowDepthIntensity,VolumeEquivalentDiameter,0.36017879473020326,0.1297287641733019
KineticEnergy,Pressure,RainAbsolute,RainIntensity,SnowDepthIntensity,0.3599777421799488,0.1295839748649737
KineticEnergy,Pressure,RainAccumulated,RainIntensity,SnowDepthIntensity,0.3599777421799488,0.1295839748649737
KineticEnergy,RainAbsolute,RainIntensity,RainRate,Temperature,0.35823714493965897,0.12833385201451822
KineticEnergy,RainAccumulated,RainIntensity,RainRate,Temperature,0.35823714493965897,0.12833385201451822
AverageParticleSpeed,KineticEnergy,RainAbsolute,RainIntensity,Temperature,0.3582371449396586,0.12833385201451794
AverageParticleSpeed,KineticEnergy,RainAccumulated,RainIntensity,Temperature,0.3582371449396586,0.12833385201451794
KineticEnergy,RainAbsolute,RainIntensity,Temperature,VolumeEquivalentDiameter,0.3582371449396586,0.12833385201451794
KineticEnergy,RainAccumulated,RainIntensity,Temperature,VolumeEquivalentDiameter,0.3582371449396586,0.12833385201451794
KineticEnergy,Pressure,RainAbsolute,RainIntensity,Temperature,0.35803244724074634,0.1281872332771978
KineticEnergy,Pressure,RainAccumulated,RainIntensity,Temperature,0.35803244724074634,0.1281872332771978
AverageParticleSpeed,Humidity,RainAbsolute,RainAccumulated,RainRate,0.3562865098345976,0.1269400770901188
Humidity,RainAbsolute,RainAccumulated,RainRate,VolumeEquivalentDiameter,0.3562865098345976,0.1269400770901188
AverageParticleSpeed,Humidity,RainAbsolute,RainAccumulated,VolumeEquivalentDiameter,0.3562865098345975,0.12694007709011873
Humidity,Pressure,RainAbsolute,RainAccumulated,RainRate,0.3562134404274811,0.12688801514118261
AverageParticleSpeed,Humidity,Pressure,RainAbsolute,RainAccumulated,0.356213440427481,0.12688801514118256
Humidity,Pressure,RainAbsolute,RainAccumulated,VolumeEquivalentDiameter,0.356213440427481,0.12688801514118256
AverageParticleSpeed,Humidity,RainAbsolute,RainAccumulated,RainIntensity,0.35516624564013893,0.1261430620421115
Humidity,RainAbsolute,RainAccumulated,RainIntensity,RainRate,0.35516624564013893,0.1261430620421115
Humidity,RainAbsolute,RainAccumulated,RainIntensity,VolumeEquivalentDiameter,0.35516624564013893,0.1261430620421115
Humidity,Pressure,RainAbsolute,RainAccumulated,RainIntensity,0.35508995492714945,0.12608887609016503
AverageParticleSpeed,Humidity,KineticEnergy,RainAbsolute,RainAccumulated,0.3547696953040116,0.12586153670610123
Humidity,KineticEnergy,RainAbsolute,RainAccumulated,VolumeEquivalentDiameter,0.3547696953040116,0.12586153670610123
Humidity,KineticEnergy,RainAbsolute,RainAccumulated,RainRate,0.3547696953040115,0.12586153670610115
Humidity,KineticEnergy,Pressure,RainAbsolute,RainAccumulated,0.35469211921175386,0.125806499430925
Humidity,KineticEnergy,RainAbsolute,RainAccumulated,RainIntensity,0.35359476978981547,0.1250292612227126
Humidity,RainAbsolute,RainAccumulated,RainRate,WindSpeed,0.35286057236532475,0.12451058352998459
AverageParticleSpeed,Humidity,RainAbsolute,RainAccumulated,WindSpeed,0.35286057236532437,0.12451058352998431
Humidity,RainAbsolute,RainAccumulated,VolumeEquivalentDiameter,WindSpeed,0.35286057236532437,0.12451058352998431
Humidity,Pressure,RainAbsolute,RainAccumulated,WindSpeed,0.35274150557803097,0.12442656975745606
Humidity,RainAbsolute,RainAccumulated,RainIntensity,WindSpeed,0.3515837007756503,0.12361109865110202
Humidity,KineticEnergy,RainAbsolute,RainAccumulated,WindSpeed,0.3511124308567346,0.12327993910212524
AverageParticleSpeed,RainAbsolute,RainRate,SnowDepthIntensity,WindSpeed,0.3472743002679395,0.120599439626587
AverageParticleSpeed,RainAccumulated,RainRate,SnowDepthIntensity,WindSpeed,0.3472743002679395,0.120599439626587
RainAbsolute,RainRate,SnowDepthIntensity,VolumeEquivalentDiameter,WindSpeed,0.3472743002679395,0.120599439626587
RainAccumulated,RainRate,SnowDepthIntensity,VolumeEquivalentDiameter,WindSpeed,0.3472743002679395,0.120599439626587
AverageParticleSpeed,RainAbsolute,SnowDepthIntensity,VolumeEquivalentDiameter,WindSpeed,0.3472743002679394,0.12059943962658691
AverageParticleSpeed,RainAccumulated,SnowDepthIntensity,VolumeEquivalentDiameter,WindSpeed,0.3472743002679394,0.12059943962658691
Pressure,RainAbsolute,RainRate,SnowDepthIntensity,WindSpeed,0.3468266827375243,0.12028874785871535
Pressure,RainAccumulated,RainRate,SnowDepthIntensity,WindSpeed,0.3468266827375243,0.12028874785871535
AverageParticleSpeed,Pressure,RainAbsolute,SnowDepthIntensity,WindSpeed,0.34682668273752404,0.12028874785871516
AverageParticleSpeed,Pressure,RainAccumulated,SnowDepthIntensity,WindSpeed,0.34682668273752404,0.12028874785871516
Pressure,RainAbsolute,SnowDepthIntensity,VolumeEquivalentDiameter,WindSpeed,0.34682668273752404,0.12028874785871516
Pressure,RainAccumulated,SnowDepthIntensity,VolumeEquivalentDiameter,WindSpeed,0.34682668273752404,0.12028874785871516
AverageParticleSpeed,RainAbsolute,Temperature,VolumeEquivalentDiameter,WindSpeed,0.3458451118326428,0.11960884137853323
AverageParticleSpeed,RainAccumulated,Temperature,VolumeEquivalentDiameter,WindSpeed,0.3458451118326428,0.11960884137853323
AverageParticleSpeed,RainAbsolute,RainRate,Temperature,WindSpeed,0.34584511183264255,0.11960884137853303
AverageParticleSpeed,RainAccumulated,RainRate,Temperature,WindSpeed,0.34584511183264255,0.11960884137853303
RainAbsolute,RainRate,Temperature,VolumeEquivalentDiameter,WindSpeed,0.34584511183264255,0.11960884137853303
RainAccumulated,RainRate,Temperature,VolumeEquivalentDiameter,WindSpeed,0.34584511183264255,0.11960884137853303
AverageParticleSpeed,Pressure,RainAbsolute,Temperature,WindSpeed,0.3453890118067667,0.11929356947685481
AverageParticleSpeed,Pressure,RainAccumulated,Temperature,WindSpeed,0.3453890118067667,0.11929356947685481
Pressure,RainAbsolute,Temperature,VolumeEquivalentDiameter,WindSpeed,0.3453890118067667,0.11929356947685481
Pressure,RainAccumulated,Temperature,VolumeEquivalentDiameter,WindSpeed,0.3453890118067667,0.11929356947685481
Pressure,RainAbsolute,RainRate,Temperature,WindSpeed,0.3453890118067662,0.11929356947685446
Pressure,RainAccumulated,RainRate,Temperature,WindSpeed,0.3453890118067662,0.11929356947685446
AverageParticleSpeed,Humidity,RainAbsolute,RainAccumulated,SnowDepthIntensity,0.34469395733608454,0.11881392422401048
Humidity,RainAbsolute,RainAccumulated,SnowDepthIntensity,VolumeEquivalentDiameter,0.34469395733608454,0.11881392422401048
Humidity,RainAbsolute,RainAccumulated,RainRate,SnowDepthIntensity,0.344693957336084,0.11881392422401009
Humidity,Pressure,RainAbsolute,RainAccumulated,SnowDepthIntensity,0.34458432521399207,0.11873835718318225
AverageParticleSpeed,RainAbsolute,RainIntensity,SnowDepthIntensity,WindSpeed,0.3445602000181291,0.11872173143653313
AverageParticleSpeed,RainAccumulated,RainIntensity,SnowDepthIntensity,WindSpeed,0.3445602000181291,0.11872173143653313
RainAbsolute,RainIntensity,SnowDepthIntensity,VolumeEquivalentDiameter,WindSpeed,0.3445602000181291,0.11872173143653313
RainAccumulated,RainIntensity,SnowDepthIntensity,VolumeEquivalentDiameter,WindSpeed,0.3445602000181291,0.11872173143653313
RainAbsolute,RainIntensity,RainRate,SnowDepthIntensity,WindSpeed,0.3445602000181287,0.11872173143653286
RainAccumulated,RainIntensity,RainRate,SnowDepthIntensity,WindSpeed,0.3445602000181287,0.11872173143653286
Pressure,RainAbsolute,RainIntensity,SnowDepthIntensity,WindSpeed,0.3441006025199868,0.11840522465461795
Pressure,RainAccumulated,RainIntensity,SnowDepthIntensity,WindSpeed,0.3441006025199868,0.11840522465461795
AverageParticleSpeed,KineticEnergy,RainAbsolute,SnowDepthIntensity,WindSpeed,0.3435128089169028,0.11800104988998056
AverageParticleSpeed,KineticEnergy,RainAccumulated,SnowDepthIntensity,WindSpeed,0.3435128089169028,0.11800104988998056
KineticEnergy,RainAbsolute,RainRate,SnowDepthIntensity,WindSpeed,0.3435128089169028,0.11800104988998056
KineticEnergy,RainAbsolute,SnowDepthIntensity,VolumeEquivalentDiameter,WindSpeed,0.3435128089169028,0.11800104988998056
KineticEnergy,RainAccumulated,RainRate,SnowDepthIntensity,WindSpeed,0.3435128089169028,0.11800104988998056
KineticEnergy,RainAccumulated,SnowDepthIntensity,VolumeEquivalentDiameter,WindSpeed,0.3435128089169028,0.11800104988998056
RainAbsolute,RainIntensity,RainRate,Temperature,WindSpeed,0.3434651673899441,0.11796832121020231
RainAccumulated,RainIntensity,RainRate,Temperature,WindSpeed,0.3434651673899441,0.11796832121020231
AverageParticleSpeed,RainAbsolute,RainIntensity,Temperature,WindSpeed,0.34346516738994404,0.11796832121020227
AverageParticleSpeed,RainAccumulated,RainIntensity,Temperature,WindSpeed,0.34346516738994404,0.11796832121020227
RainAbsolute,RainIntensity,Temperature,VolumeEquivalentDiameter,WindSpeed,0.34346516738994404,0.11796832121020227
RainAccumulated,RainIntensity,Temperature,VolumeEquivalentDiameter,WindSpeed,0.34346516738994404,0.11796832121020227
Humidity,RainAbsolute,RainAccumulated,RainIntensity,SnowDepthIntensity,0.3433858550685799,0.11791384546117975
KineticEnergy,Pressure,RainAbsolute,SnowDepthIntensity,WindSpeed,0.34304806037313135,0.11768197172576757
KineticEnergy,Pressure,RainAccumulated,SnowDepthIntensity,WindSpeed,0.34304806037313135,0.11768197172576757
Pressure,RainAbsolute,RainIntensity,Temperature,WindSpeed,0.34299894269777087,0.1176482746917887
Pressure,RainAccumulated,RainIntensity,Temperature,WindSpeed,0.34299894269777087,0.1176482746917887
Humidity,KineticEnergy,RainAbsolute,RainAccumulated,SnowDepthIntensity,0.3429359567363003,0.11760507042264162
KineticEnergy,RainAbsolute,RainRate,Temperature,WindSpeed,0.3424561683560327,0.11727622724509541
KineticEnergy,RainAccumulated,RainRate,Temperature,WindSpeed,0.3424561683560327,0.11727622724509541
AverageParticleSpeed,KineticEnergy,RainAbsolute,Temperature,WindSpeed,0.3424561683560326,0.11727622724509534
AverageParticleSpeed,KineticEnergy,RainAccumulated,Temperature,WindSpeed,0.3424561683560326,0.11727622724509534
KineticEnergy,RainAbsolute,Temperature,VolumeEquivalentDiameter,WindSpeed,0.3424561683560326,0.11727622724509534
KineticEnergy,RainAccumulated,Temperature,VolumeEquivalentDiameter,WindSpeed,0.3424561683560326,0.11727622724509534
KineticEnergy,Pressure,RainAbsolute,Temperature,WindSpeed,0.34198484978971155,0.11695363748569157
KineticEnergy,Pressure,RainAccumulated,Temperature,WindSpeed,0.34198484978971155,0.11695363748569157
KineticEnergy,RainAbsolute,RainIntensity,SnowDepthIntensity,WindSpeed,0.34061750082895914,0.11602028187096598
KineticEnergy,RainAccumulated,RainIntensity,SnowDepthIntensity,WindSpeed,0.34061750082895914,0.11602028187096598
Humidity,RainAbsolute,RainAccumulated,RainRate,Temperature,0.3403291303836819,0.11582391698771316
AverageParticleSpeed,Humidity,RainAbsolute,RainAccumulated,Temperature,0.3403291303836816,0.11582391698771297
Humidity,RainAbsolute,RainAccumulated,Temperature,VolumeEquivalentDiameter,0.3403291303836816,0.11582391698771297
AverageParticleSpeed,RainAbsolute,SnowDepthIntensity,Temperature,VolumeEquivalentDiameter,0.3402784679886758,0.11578943577672025
AverageParticleSpeed,RainAccumulated,SnowDepthIntensity,Temperature,VolumeEquivalentDiameter,0.3402784679886758,0.11578943577672025
AverageParticleSpeed,RainAbsolute,RainRate,SnowDepthIntensity,Temperature,0.3402784679886755,0.11578943577672006
AverageParticleSpeed,RainAccumulated,RainRate,SnowDepthIntensity,Temperature,0.3402784679886755,0.11578943577672006
RainAbsolute,RainRate,SnowDepthIntensity,Temperature,VolumeEquivalentDiameter,0.3402784679886755,0.11578943577672006
RainAccumulated,RainRate,SnowDepthIntensity,Temperature,VolumeEquivalentDiameter,0.3402784679886755,0.11578943577672006
Humidity,Pressure,RainAbsolute,RainAccumulated,Temperature,0.3402052427741753,0.11573960721103556
AverageParticleSpeed,Pressure,RainAbsolute,SnowDepthIntensity,Temperature,0.33997429103669835,0.11558251856590568
AverageParticleSpeed,Pressure,RainAccumulated,SnowDepthIntensity,Temperature,0.33997429103669835,0.11558251856590568
Pressure,RainAbsolute,SnowDepthIntensity,Temperature,VolumeEquivalentDiameter,0.33997429103669835,0.11558251856590568
Pressure,RainAccumulated,SnowDepthIntensity,Temperature,VolumeEquivalentDiameter,0.33997429103669835,0.11558251856590568
Pressure,RainAbsolute,RainRate,SnowDepthIntensity,Temperature,0.33997429103669796,0.11558251856590541
Pressure,RainAccumulated,RainRate,SnowDepthIntensity,Temperature,0.33997429103669796,0.11558251856590541
KineticEnergy,RainAbsolute,RainIntensity,Temperature,WindSpeed,0.33986504293968633,0.11550824741239483
KineticEnergy,RainAccumulated,RainIntensity,Temperature,WindSpeed,0.33986504293968633,0.11550824741239483
Humidity,RainAbsolute,RainAccumulated,SnowDepthIntensity,WindSpeed,0.33983309744230644,0.11548653411723214
Humidity,RainAbsolute,RainAccumulated,RainIntensity,Temperature,0.3391294996537084,0.11500881753537462
Humidity,KineticEnergy,RainAbsolute,RainAccumulated,Temperature,0.33870252215506375,0.11471939851420145
AverageParticleSpeed,RainAbsolute,RainIntensity,SnowDepthIntensity,Temperature,0.33768445007099807,0.11403078781975239
AverageParticleSpeed,RainAccumulated,RainIntensity,SnowDepthIntensity,Temperature,0.33768445007099807,0.11403078781975239
RainAbsolute,RainIntensity,SnowDepthIntensity,Temperature,VolumeEquivalentDiameter,0.33768445007099807,0.11403078781975239
RainAccumulated,RainIntensity,SnowDepthIntensity,Temperature,VolumeEquivalentDiameter,0.33768445007099807,0.11403078781975239
RainAbsolute,RainIntensity,RainRate,SnowDepthIntensity,Temperature,0.3376844500709979,0.11403078781975227
RainAccumulated,RainIntensity,RainRate,SnowDepthIntensity,Temperature,0.3376844500709979,0.11403078781975227
Pressure,RainAbsolute,RainIntensity,SnowDepthIntensity,Temperature,0.3373676784608576,0.11381695047006858
Pressure,RainAccumulated,RainIntensity,SnowDepthIntensity,Temperature,0.3373676784608576,0.11381695047006858
KineticEnergy,RainAbsolute,RainRate,SnowDepthIntensity,Temperature,0.33673515512942376,0.11339056470003708
KineticEnergy,RainAccumulated,RainRate,SnowDepthIntensity,Temperature,0.33673515512942376,0.11339056470003708
AverageParticleSpeed,KineticEnergy,RainAbsolute,SnowDepthIntensity,Temperature,0.3367351551294237,0.11339056470003704
AverageParticleSpeed,KineticEnergy,RainAccumulated,SnowDepthIntensity,Temperature,0.3367351551294237,0.11339056470003704
KineticEnergy,RainAbsolute,SnowDepthIntensity,Temperature,VolumeEquivalentDiameter,0.3367351551294237,0.11339056470003704
KineticEnergy,RainAccumulated,SnowDepthIntensity,Temperature,VolumeEquivalentDiameter,0.3367351551294237,0.11339056470003704
KineticEnergy,Pressure,RainAbsolute,SnowDepthIntensity,Temperature,0.3364133898620552,0.11317396887847915
KineticEnergy,Pressure,RainAccumulated,SnowDepthIntensity,Temperature,0.3364133898620552,0.11317396887847915
Humidity,RainAbsolute,RainAccumulated,Temperature,WindSpeed,0.3355130347309831,0.11256899647439386
KineticEnergy,RainAbsolute,RainIntensity,SnowDepthIntensity,Temperature,0.33400974275398165,0.111562508254581
KineticEnergy,RainAccumulated,RainIntensity,SnowDepthIntensity,Temperature,0.33400974275398165,0.111562508254581
AverageParticleSpeed,RadarReflectivity,RainAbsolute,RainAccumulated,VolumeEquivalentDiameter,0.3282717163117566,0.10776231973026641
AverageParticleSpeed,RadarReflectivity,RainAbsolute,RainAccumulated,RainRate,0.32827171631175633,0.10776231973026623
RadarReflectivity,RainAbsolute,RainAccumulated,RainRate,VolumeEquivalentDiameter,0.32827171631175633,0.10776231973026623
Humidity,RainAbsolute,RainAccumulated,SnowDepthIntensity,Temperature,0.32826334471910784,0.10775682348617582
AverageParticleSpeed,Pressure,RadarReflectivity,RainAbsolute,RainAccumulated,0.3281040481818086,0.10765226643329058
Pressure,RadarReflectivity,RainAbsolute,RainAccumulated,VolumeEquivalentDiameter,0.3281040481818086,0.10765226643329058
Pressure,RadarReflectivity,RainAbsolute,RainAccumulated,RainRate,0.32810404818180855,0.10765226643329055
RadarReflectivity,RainAbsolute,RainAccumulated,RainIntensity,RainRate,0.32685174013678026,0.10683206003044132
AverageParticleSpeed,RadarReflectivity,RainAbsolute,RainAccumulated,RainIntensity,0.32685174013677976,0.106832060030441
RadarReflectivity,RainAbsolute,RainAccumulated,RainIntensity,VolumeEquivalentDiameter,0.32685174013677976,0.106832060030441
Pressure,RadarReflectivity,RainAbsolute,RainAccumulated,RainIntensity,0.3266807861561359,0.10672033604359098
AverageParticleSpeed,KineticEnergy,RadarReflectivity,RainAbsolute,RainAccumulated,0.3262850634090703,0.10646194260386103
KineticEnergy,RadarReflectivity,RainAbsolute,RainAccumulated,VolumeEquivalentDiameter,0.3262850634090703,0.10646194260386103
KineticEnergy,RadarReflectivity,RainAbsolute,RainAccumulated,RainRate,0.32628506340907015,0.10646194260386094
KineticEnergy,Pressure,RadarReflectivity,RainAbsolute,RainAccumulated,0.3261126863855455,0.10634948422159717
KineticEnergy,RadarReflectivity,RainAbsolute,RainAccumulated,RainIntensity,0.32484368840129396,0.10552342189415696
AverageParticleSpeed,RadarReflectivity,RainAbsolute,RainAccumulated,WindSpeed,0.32032249474006497,0.10260650063649895
RadarReflectivity,RainAbsolute,RainAccumulated,VolumeEquivalentDiameter,WindSpeed,0.32032249474006497,0.10260650063649895
RadarReflectivity,RainAbsolute,RainAccumulated,RainRate,WindSpeed,0.3203224947400648,0.10260650063649884
Pressure,RadarReflectivity,RainAbsolute,RainAccumulated,WindSpeed,0.32010327427210217,0.10246610619972067
AverageParticleSpeed,ParticlesDetected,RainAbsolute,RainAccumulated,VolumeEquivalentDiameter,0.32008541624706943,0.1024546736940597
AverageParticleSpeed,ParticlesDetected,RainAbsolute,RainAccumulated,RainRate,0.32008541624706904,0.10245467369405944
ParticlesDetected,RainAbsolute,RainAccumulated,RainRate,VolumeEquivalentDiameter,0.32008541624706904,0.10245467369405944
AverageParticleSpeed,ParticlesDetected,Pressure,RainAbsolute,RainAccumulated,0.3198966580335005,0.10233387182100234
ParticlesDetected,Pressure,RainAbsolute,RainAccumulated,VolumeEquivalentDiameter,0.3198966580335005,0.10233387182100234
ParticlesDetected,Pressure,RainAbsolute,RainAccumulated,RainRate,0.31989665803350037,0.10233387182100227
RainAbsolute,RainRate,SnowDepthIntensity,Temperature,WindSpeed,0.3194173833025105,0.10202746475582293
RainAccumulated,RainRate,SnowDepthIntensity,Temperature,WindSpeed,0.3194173833025105,0.10202746475582293
AverageParticleSpeed,RainAbsolute,SnowDepthIntensity,Temperature,WindSpeed,0.31941738330251046,0.10202746475582289
AverageParticleSpeed,RainAccumulated,SnowDepthIntensity,Temperature,WindSpeed,0.31941738330251046,0.10202746475582289
RainAbsolute,SnowDepthIntensity,Temperature,VolumeEquivalentDiameter,WindSpeed,0.31941738330251046,0.10202746475582289
RainAccumulated,SnowDepthIntensity,Temperature,VolumeEquivalentDiameter,WindSpeed,0.31941738330251046,0.10202746475582289
Pressure,RainAbsolute,SnowDepthIntensity,Temperature,WindSpeed,0.3188380019008402,0.10165767145612019
Pressure,RainAccumulated,SnowDepthIntensity,Temperature,WindSpeed,0.3188380019008402,0.10165767145612019
RadarReflectivity,RainAbsolute,RainAccumulated,RainIntensity,WindSpeed,0.3187927906324369,0.10162884335921674
AverageParticleSpeed,ParticlesDetected,RainAbsolute,RainAccumulated,RainIntensity,0.3185480224353493,0.1014728425974718
ParticlesDetected,RainAbsolute,RainAccumulated,RainIntensity,VolumeEquivalentDiameter,0.3185480224353493,0.1014728425974718
ParticlesDetected,RainAbsolute,RainAccumulated,RainIntensity,RainRate,0.31854802243534897,0.1014728425974716
ParticlesDetected,Pressure,RainAbsolute,RainAccumulated,RainIntensity,0.31835581457540657,0.10135042467397065
KineticEnergy,RadarReflectivity,RainAbsolute,RainAccumulated,WindSpeed,0.31817263289288594,0.10123382432199117
KineticEnergy,ParticlesDetected,RainAbsolute,RainAccumulated,RainRate,0.3179058160543117,0.10106410788115786
AverageParticleSpeed,KineticEnergy,ParticlesDetected,RainAbsolute,RainAccumulated,0.3179058160543113,0.1010641078811576
KineticEnergy,ParticlesDetected,RainAbsolute,RainAccumulated,VolumeEquivalentDiameter,0.3179058160543113,0.1010641078811576
KineticEnergy,ParticlesDetected,Pressure,RainAbsolute,RainAccumulated,0.3177120524614481,0.10094094827926596
RainAbsolute,RainIntensity,SnowDepthIntensity,Temperature,WindSpeed,0.3164453371545703,0.10013765140686967
RainAccumulated,RainIntensity,SnowDepthIntensity,Temperature,WindSpeed,0.3164453371545703,0.10013765140686967
KineticEnergy,ParticlesDetected,RainAbsolute,RainAccumulated,RainIntensity,0.3163536497189683,0.10007963169051168
RadarReflectivity,RainAbsolute,RainAccumulated,RainRate,SnowDepthIntensity,0.31532135343542783,0.09942755593234999
AverageParticleSpeed,RadarReflectivity,RainAbsolute,RainAccumulated,SnowDepthIntensity,0.31532135343542755,0.09942755593234982
RadarReflectivity,RainAbsolute,RainAccumulated,SnowDepthIntensity,VolumeEquivalentDiameter,0.31532135343542755,0.09942755593234982
KineticEnergy,RainAbsolute,SnowDepthIntensity,Temperature,WindSpeed,0.31531207871090494,0.09942170698099191
KineticEnergy,RainAccumulated,SnowDepthIntensity,Temperature,WindSpeed,0.31531207871090494,0.09942170698099191
Pressure,RadarReflectivity,RainAbsolute,RainAccumulated,SnowDepthIntensity,0.31512362025008,0.09930289603951663
RadarReflectivity,RainAbsolute,RainAccumulated,RainRate,Temperature,0.31480678064157225,0.09910330913791099
AverageParticleSpeed,RadarReflectivity,RainAbsolute,RainAccumulated,Temperature,0.3148067806415721,0.09910330913791088
RadarReflectivity,RainAbsolute,RainAccumulated,Temperature,VolumeEquivalentDiameter,0.3148067806415721,0.09910330913791088
Pressure,RadarReflectivity,RainAbsolute,RainAccumulated,Temperature,0.3146082007524073,0.09897831998066701
RadarReflectivity,RainAbsolute,RainAccumulated,RainIntensity,SnowDepthIntensity,0.3138596648418385,0.09850788921463122
RadarReflectivity,RainAbsolute,RainAccumulated,RainIntensity,Temperature,0.3133800216018312,0.09820703793916419
KineticEnergy,RadarReflectivity,RainAbsolute,RainAccumulated,SnowDepthIntensity,0.31329390942691554,0.09815307368400036
KineticEnergy,RadarReflectivity,RainAbsolute,RainAccumulated,Temperature,0.31281471919129095,0.09785304854272621
ParticlesDetected,RainAbsolute,RainAccumulated,RainRate,WindSpeed,0.31107678060954236,0.09676876343439735
AverageParticleSpeed,ParticlesDetected,RainAbsolute,RainAccumulated,WindSpeed,0.31107678060954197,0.09676876343439711
ParticlesDetected,RainAbsolute,RainAccumulated,VolumeEquivalentDiameter,WindSpeed,0.31107678060954197,0.09676876343439711
ParticlesDetected,Pressure,RainAbsolute,RainAccumulated,WindSpeed,0.3108343148454968,0.09661797128546942
ParticlesDetected,RainAbsolute,RainAccumulated,RainIntensity,WindSpeed,0.30943595052351863,0.09575060747639347
KineticEnergy,ParticlesDetected,RainAbsolute,RainAccumulated,WindSpeed,0.30874211589420647,0.09532169412683161
ParticlesDetected,RainAbsolute,RainAccumulated,RainRate,SnowDepthIntensity,0.30719408692066064,0.0943682070390184
AverageParticleSpeed,ParticlesDetected,RainAbsolute,RainAccumulated,SnowDepthIntensity,0.30719408692065986,0.09436820703901792
ParticlesDetected,RainAbsolute,RainAccumulated,SnowDepthIntensity,VolumeEquivalentDiameter,0.30719408692065986,0.09436820703901792
AverageParticleSpeed,ParticlesDetected,RainAbsolute,RainAccumulated,Temperature,0.30698407652502047,0.09423922323991962
ParticlesDetected,RainAbsolute,RainAccumulated,Temperature,VolumeEquivalentDiameter,0.30698407652502047,0.09423922323991962
ParticlesDetected,RainAbsolute,RainAccumulated,RainRate,Temperature,0.30698407652502036,0.09423922323991955
ParticlesDetected,Pressure,RainAbsolute,RainAccumulated,SnowDepthIntensity,0.3069769976218761,0.0942348770689413
ParticlesDetected,Pressure,RainAbsolute,RainAccumulated,Temperature,0.30676660134872674,0.09410574770304864
RadarReflectivity,RainAbsolute,RainAccumulated,SnowDepthIntensity,WindSpeed,0.30649600060014204,0.09393979838388226
RadarReflectivity,RainAbsolute,RainAccumulated,Temperature,WindSpeed,0.30619192968848324,0.09375349780635707
ParticlesDetected,RainAbsolute,RainAccumulated,RainIntensity,SnowDepthIntensity,0.3056363480429839,0.09341357724505199
ParticlesDetected,RainAbsolute,RainAccumulated,RainIntensity,Temperature,0.30545139085187745,0.0933005521733464
KineticEnergy,ParticlesDetected,RainAbsolute,RainAccumulated,SnowDepthIntensity,0.3050058687403285,0.09302857996604248
KineticEnergy,ParticlesDetected,RainAbsolute,RainAccumulated,Temperature,0.3048171933057846,0.09291352133481606
AverageParticleSpeed,Humidity,RainAbsolute,RainRate,VolumeEquivalentDiameter,0.3022856136258484,0.09137659220515569
AverageParticleSpeed,Humidity,RainAccumulated,RainRate,VolumeEquivalentDiameter,0.3022856136258484,0.09137659220515569
RadarReflectivity,RainAbsolute,RainAccumulated,SnowDepthIntensity,Temperature,0.3018898227401085,0.09113746507405414
AverageParticleSpeed,Humidity,Pressure,RainAbsolute,RainRate,0.3018446763739593,0.09111020865530021
AverageParticleSpeed,Humidity,Pressure,RainAccumulated,RainRate,0.3018446763739593,0.09111020865530021
Humidity,Pressure,RainAbsolute,RainRate,VolumeEquivalentDiameter,0.3018446763739593,0.09111020865530021
Humidity,Pressure,RainAccumulated,RainRate,VolumeEquivalentDiameter,0.3018446763739593,0.09111020865530021
AverageParticleSpeed,Humidity,Pressure,RainAbsolute,VolumeEquivalentDiameter,0.301844676373959,0.09111020865530005
AverageParticleSpeed,Humidity,Pressure,RainAccumulated,VolumeEquivalentDiameter,0.301844676373959,0.09111020865530005
AverageParticleSpeed,Humidity,RainAbsolute,RainIntensity,RainRate,0.29967777704869114,0.08980677005684504
AverageParticleSpeed,Humidity,RainAbsolute,RainIntensity,VolumeEquivalentDiameter,0.29967777704869114,0.08980677005684504
AverageParticleSpeed,Humidity,RainAccumulated,RainIntensity,RainRate,0.29967777704869114,0.08980677005684504
AverageParticleSpeed,Humidity,RainAccumulated,RainIntensity,VolumeEquivalentDiameter,0.29967777704869114,0.08980677005684504
Humidity,RainAbsolute,RainIntensity,RainRate,VolumeEquivalentDiameter,0.29967777704869114,0.08980677005684504
Humidity,RainAccumulated,RainIntensity,RainRate,VolumeEquivalentDiameter,0.29967777704869114,0.08980677005684504
AverageParticleSpeed,Humidity,Pressure,RainAbsolute,RainIntensity,0.29922284649213604,0.08953431186285642
AverageParticleSpeed,Humidity,Pressure,RainAccumulated,RainIntensity,0.29922284649213604,0.08953431186285642
Humidity,Pressure,RainAbsolute,RainIntensity,RainRate,0.29922284649213604,0.08953431186285642
Humidity,Pressure,RainAbsolute,RainIntensity,VolumeEquivalentDiameter,0.29922284649213604,0.08953431186285642
Humidity,Pressure,RainAccumulated,RainIntensity,RainRate,0.29922284649213604,0.08953431186285642
Humidity,Pressure,RainAccumulated,RainIntensity,VolumeEquivalentDiameter,0.29922284649213604,0.08953431186285642
AverageParticleSpeed,Humidity,KineticEnergy,RainAbsolute,RainRate,0.2987081196351418,0.0892265407359622
AverageParticleSpeed,Humidity,KineticEnergy,RainAccumulated,RainRate,0.2987081196351418,0.0892265407359622
Humidity,KineticEnergy,RainAbsolute,RainRate,VolumeEquivalentDiameter,0.2987081196351418,0.0892265407359622
Humidity,KineticEnergy,RainAccumulated,RainRate,VolumeEquivalentDiameter,0.2987081196351418,0.0892265407359622
AverageParticleSpeed,Humidity,KineticEnergy,RainAbsolute,VolumeEquivalentDiameter,0.2987081196351416,0.08922654073596206
AverageParticleSpeed,Humidity,KineticEnergy,RainAccumulated,VolumeEquivalentDiameter,0.2987081196351416,0.08922654073596206
AverageParticleSpeed,Humidity,KineticEnergy,Pressure,RainAbsolute,0.29824752933375515,0.08895158875368914
AverageParticleSpeed,Humidity,KineticEnergy,Pressure,RainAccumulated,0.29824752933375515,0.08895158875368914
Humidity,KineticEnergy,Pressure,RainAbsolute,VolumeEquivalentDiameter,0.29824752933375515,0.08895158875368914
Humidity,KineticEnergy,Pressure,RainAccumulated,VolumeEquivalentDiameter,0.29824752933375515,0.08895158875368914
Humidity,KineticEnergy,Pressure,RainAbsolute,RainRate,0.2982475293337549,0.088951588753689
Humidity,KineticEnergy,Pressure,RainAccumulated,RainRate,0.2982475293337549,0.088951588753689
ParticlesDetected,RainAbsolute,RainAccumulated,SnowDepthIntensity,WindSpeed,0.2974258429504893,0.08846213205480913
ParticlesDetected,RainAbsolute,RainAccumulated,Temperature,WindSpeed,0.2974054268287692,0.08844998790720239
AverageParticleSpeed,Humidity,KineticEnergy,RainAbsolute,RainIntensity,0.2959538579914385,0.08758868606001653
AverageParticleSpeed,Humidity,KineticEnergy,RainAccumulated,RainIntensity,0.2959538579914385,0.08758868606001653
Humidity,KineticEnergy,RainAbsolute,RainIntensity,VolumeEquivalentDiameter,0.2959538579914385,0.08758868606001653
Humidity,KineticEnergy,RainAccumulated,RainIntensity,VolumeEquivalentDiameter,0.2959538579914385,0.08758868606001653
Humidity,KineticEnergy,RainAbsolute,RainIntensity,RainRate,0.29595385799143825,0.0875886860600164
Humidity,KineticEnergy,RainAccumulated,RainIntensity,RainRate,0.29595385799143825,0.0875886860600164
Humidity,KineticEnergy,Pressure,RainAbsolute,RainIntensity,0.2954785684041084,0.08730758438614138
Humidity,KineticEnergy,Pressure,RainAccumulated,RainIntensity,0.2954785684041084,0.08730758438614138
ParticlesDetected,RainAbsolute,RainAccumulated,SnowDepthIntensity,Temperature,0.29414504406374675,0.08652130694726352
AverageParticleSpeed,Humidity,RadarReflectivity,RainAbsolute,RainAccumulated,0.2859909413119495,0.08179081851249495
Humidity,RadarReflectivity,RainAbsolute,RainAccumulated,VolumeEquivalentDiameter,0.2859909413119495,0.08179081851249495
Humidity,RadarReflectivity,RainAbsolute,RainAccumulated,RainRate,0.2859909413119493,0.08179081851249483
Humidity,Pressure,RadarReflectivity,RainAbsolute,RainAccumulated,0.2857370710387973,0.08164567376583069
Humidity,RadarReflectivity,RainAbsolute,RainAccumulated,RainIntensity,0.2845048364095643,0.08094300194043295
Humidity,KineticEnergy,RadarReflectivity,RainAbsolute,RainAccumulated,0.2839291085450749,0.08061573867920094
AverageParticleSpeed,Humidity,RainAbsolute,RainRate,WindSpeed,0.2798540333351097,0.0783182799739287
AverageParticleSpeed,Humidity,RainAccumulated,RainRate,WindSpeed,0.2798540333351097,0.0783182799739287
Humidity,RainAbsolute,RainRate,VolumeEquivalentDiameter,WindSpeed,0.2798540333351097,0.0783182799739287
Humidity,RainAccumulated,RainRate,VolumeEquivalentDiameter,WindSpeed,0.2798540333351097,0.0783182799739287
AverageParticleSpeed,Humidity,RainAbsolute,VolumeEquivalentDiameter,WindSpeed,0.27985403333510966,0.07831827997392866
AverageParticleSpeed,Humidity,RainAccumulated,VolumeEquivalentDiameter,WindSpeed,0.27985403333510966,0.07831827997392866
Humidity,Pressure,RainAbsolute,RainRate,WindSpeed,0.2790915267726759,0.07789208031630326
Humidity,Pressure,RainAccumulated,RainRate,WindSpeed,0.2790915267726759,0.07789208031630326
AverageParticleSpeed,Humidity,Pressure,RainAbsolute,WindSpeed,0.2790915267726755,0.07789208031630306
AverageParticleSpeed,Humidity,Pressure,RainAccumulated,WindSpeed,0.2790915267726755,0.07789208031630306
Humidity,Pressure,RainAbsolute,VolumeEquivalentDiameter,WindSpeed,0.2790915267726755,0.07789208031630306
Humidity,Pressure,RainAccumulated,VolumeEquivalentDiameter,WindSpeed,0.2790915267726755,0.07789208031630306
Humidity,ParticlesDetected,RainAbsolute,RainAccumulated,RainRate,0.2783271547811788,0.07746600508858627
AverageParticleSpeed,Humidity,ParticlesDetected,RainAbsolute,RainAccumulated,0.27832715478117875,0.07746600508858624
Humidity,ParticlesDetected,RainAbsolute,RainAccumulated,VolumeEquivalentDiameter,0.27832715478117875,0.07746600508858624
Humidity,ParticlesDetected,Pressure,RainAbsolute,RainAccumulated,0.27805536448684787,0.07731478571991382
Humidity,ParticlesDetected,RainAbsolute,RainAccumulated,RainIntensity,0.2767474631835472,0.07658915837852881
Humidity,RainAbsolute,RainIntensity,RainRate,WindSpeed,0.27673630558772055,0.07658298283034025
Humidity,RainAccumulated,RainIntensity,RainRate,WindSpeed,0.27673630558772055,0.07658298283034025
AverageParticleSpeed,Humidity,RainAbsolute,RainIntensity,WindSpeed,0.2767363055877202,0.07658298283034007
AverageParticleSpeed,Humidity,RainAccumulated,RainIntensity,WindSpeed,0.2767363055877202,0.07658298283034007
Humidity,RainAbsolute,RainIntensity,VolumeEquivalentDiameter,WindSpeed,0.2767363055877202,0.07658298283034007
Humidity,RainAccumulated,RainIntensity,VolumeEquivalentDiameter,WindSpeed,0.2767363055877202,0.07658298283034007
Humidity,RadarReflectivity,RainAbsolute,RainAccumulated,WindSpeed,0.27623689955369973,0.0763068246750408
Humidity,KineticEnergy,ParticlesDetected,RainAbsolute,RainAccumulated,0.27610892973922824,0.07623614108174208
Humidity,Pressure,RainAbsolute,RainIntensity,WindSpeed,0.27595965580915344,0.07615373163430643
Humidity,Pressure,RainAccumulated,RainIntensity,WindSpeed,0.27595965580915344,0.07615373163430643
AverageParticleSpeed,Humidity,KineticEnergy,RainAbsolute,WindSpeed,0.27552391672150617,0.07591342868555946
AverageParticleSpeed,Humidity,KineticEnergy,RainAccumulated,WindSpeed,0.27552391672150617,0.07591342868555946
Humidity,KineticEnergy,RainAbsolute,VolumeEquivalentDiameter,WindSpeed,0.27552391672150617,0.07591342868555946
Humidity,KineticEnergy,RainAccumulated,VolumeEquivalentDiameter,WindSpeed,0.27552391672150617,0.07591342868555946
Humidity,KineticEnergy,RainAbsolute,RainRate,WindSpeed,0.27552391672150567,0.0759134286855592
Humidity,KineticEnergy,RainAccumulated,RainRate,WindSpeed,0.27552391672150567,0.0759134286855592
AverageParticleSpeed,Humidity,RainAbsolute,RainRate,SnowDepthIntensity,0.27526205272207405,0.07576919766876987
AverageParticleSpeed,Humidity,RainAccumulated,RainRate,SnowDepthIntensity,0.27526205272207405,0.07576919766876987
Humidity,RainAbsolute,RainRate,SnowDepthIntensity,VolumeEquivalentDiameter,0.27526205272207405,0.07576919766876987
Humidity,RainAccumulated,RainRate,SnowDepthIntensity,VolumeEquivalentDiameter,0.27526205272207405,0.07576919766876987
AverageParticleSpeed,Humidity,RainAbsolute,SnowDepthIntensity,VolumeEquivalentDiameter,0.2752620527220739,0.07576919766876979
AverageParticleSpeed,Humidity,RainAccumulated,SnowDepthIntensity,VolumeEquivalentDiameter,0.2752620527220739,0.07576919766876979
Humidity,KineticEnergy,Pressure,RainAbsolute,WindSpeed,0.2747413877762624,0.07548283015722658
Humidity,KineticEnergy,Pressure,RainAccumulated,WindSpeed,0.2747413877762624,0.07548283015722658
Humidity,Pressure,RainAbsolute,RainRate,SnowDepthIntensity,0.27467700596151023,0.07544745760397953
Humidity,Pressure,RainAccumulated,RainRate,SnowDepthIntensity,0.27467700596151023,0.07544745760397953
AverageParticleSpeed,Humidity,Pressure,RainAbsolute,SnowDepthIntensity,0.27467700596150996,0.07544745760397938
AverageParticleSpeed,Humidity,Pressure,RainAccumulated,SnowDepthIntensity,0.27467700596150996,0.07544745760397938
Humidity,Pressure,RainAbsolute,SnowDepthIntensity,VolumeEquivalentDiameter,0.27467700596150996,0.07544745760397938
Humidity,Pressure,RainAccumulated,SnowDepthIntensity,VolumeEquivalentDiameter,0.27467700596150996,0.07544745760397938
Humidity,RadarReflectivity,RainAbsolute,RainAccumulated,SnowDepthIntensity,0.272665446557776,0.07434644574655142
AverageParticleSpeed,Humidity,RainAbsolute,RainIntensity,SnowDepthIntensity,0.2723618784587704,0.07418099283759003
AverageParticleSpeed,Humidity,RainAccumulated,RainIntensity,SnowDepthIntensity,0.2723618784587704,0.07418099283759003
Humidity,RainAbsolute,RainIntensity,SnowDepthIntensity,VolumeEquivalentDiameter,0.2723618784587704,0.07418099283759003
Humidity,RainAccumulated,RainIntensity,SnowDepthIntensity,VolumeEquivalentDiameter,0.2723618784587704,0.07418099283759003
Humidity,RainAbsolute,RainIntensity,RainRate,SnowDepthIntensity,0.2723618784587702,0.0741809928375899
Humidity,RainAccumulated,RainIntensity,RainRate,SnowDepthIntensity,0.2723618784587702,0.0741809928375899
Humidity,KineticEnergy,RainAbsolute,RainIntensity,WindSpeed,0.2722637843382158,0.07412756826216649
Humidity,KineticEnergy,RainAccumulated,RainIntensity,WindSpeed,0.2722637843382158,0.07412756826216649
Humidity,Pressure,RainAbsolute,RainIntensity,SnowDepthIntensity,0.27176399721905925,0.07385567018448085
Humidity,Pressure,RainAccumulated,RainIntensity,SnowDepthIntensity,0.27176399721905925,0.07385567018448085
AverageParticleSpeed,Humidity,KineticEnergy,RainAbsolute,SnowDepthIntensity,0.27134698510641814,0.0736291863263427
AverageParticleSpeed,Humidity,KineticEnergy,RainAccumulated,SnowDepthIntensity,0.27134698510641814,0.0736291863263427
Humidity,KineticEnergy,RainAbsolute,SnowDepthIntensity,VolumeEquivalentDiameter,0.27134698510641814,0.0736291863263427
Humidity,KineticEnergy,RainAccumulated,SnowDepthIntensity,VolumeEquivalentDiameter,0.27134698510641814,0.0736291863263427
Humidity,KineticEnergy,RainAbsolute,RainRate,SnowDepthIntensity,0.27134698510641775,0.0736291863263425
Humidity,KineticEnergy,RainAccumulated,RainRate,SnowDepthIntensity,0.27134698510641775,0.0736291863263425
Humidity,KineticEnergy,Pressure,RainAbsolute,SnowDepthIntensity,0.2707444526649664,0.07330255864885223
Humidity,KineticEnergy,Pressure,RainAccumulated,SnowDepthIntensity,0.2707444526649664,0.07330255864885223
Humidity,RadarReflectivity,RainAbsolute,RainAccumulated,Temperature,0.27005409210465126,0.07292921266246746
AverageParticleSpeed,Humidity,Pressure,VolumeEquivalentDiameter,WindSpeed,-0.2693840992081925,0.07256779290620931
AverageParticleSpeed,Humidity,Pressure,RainRate,WindSpeed,-0.2693840992081924,0.07256779290620924
Humidity,Pressure,RainRate,VolumeEquivalentDiameter,WindSpeed,-0.2693840992081924,0.07256779290620924
Humidity,KineticEnergy,RainAbsolute,RainIntensity,SnowDepthIntensity,0.26837008263068923,0.07202250125120296
Humidity,KineticEnergy,RainAccumulated,RainIntensity,SnowDepthIntensity,0.26837008263068923,0.07202250125120296
Humidity,ParticlesDetected,RainAbsolute,RainAccumulated,WindSpeed,0.267641547789746,0.0716319981032909
Humidity,Pressure,RainIntensity,RainRate,WindSpeed,-0.2674769795930426,0.07154393461221693
AverageParticleSpeed,Humidity,Pressure,RainIntensity,WindSpeed,-0.26747697959304245,0.07154393461221685
Humidity,Pressure,RainIntensity,VolumeEquivalentDiameter,WindSpeed,-0.26747697959304245,0.07154393461221685
AverageParticleSpeed,Humidity,RainRate,VolumeEquivalentDiameter,WindSpeed,-0.26730227086706715,0.07145050401069093
AverageParticleSpeed,Humidity,KineticEnergy,Pressure,WindSpeed,-0.2661741010874539,0.07084865208971411
Humidity,KineticEnergy,Pressure,VolumeEquivalentDiameter,WindSpeed,-0.2661741010874539,0.07084865208971411
Humidity,KineticEnergy,Pressure,RainRate,WindSpeed,-0.2661741010874537,0.07084865208971403
AverageParticleSpeed,Humidity,RainIntensity,VolumeEquivalentDiameter,WindSpeed,-0.2653959884980263,0.07043503071084452
AverageParticleSpeed,Humidity,RainIntensity,RainRate,WindSpeed,-0.26539598849802626,0.07043503071084449
Humidity,RainIntensity,RainRate,VolumeEquivalentDiameter,WindSpeed,-0.26539598849802626,0.07043503071084449
Humidity,ParticlesDetected,RainAbsolute,RainAccumulated,SnowDepthIntensity,0.26513447188075717,0.07029628817948802
AverageParticleSpeed,Humidity,KineticEnergy,RainRate,WindSpeed,-0.26409394169431627,0.06974561003964092
AverageParticleSpeed,Humidity,KineticEnergy,VolumeEquivalentDiameter,WindSpeed,-0.26409394169431627,0.06974561003964092
Humidity,KineticEnergy,RainRate,VolumeEquivalentDiameter,WindSpeed,-0.26409394169431627,0.06974561003964092
Humidity,KineticEnergy,Pressure,RainIntensity,WindSpeed,-0.26389506464920603,0.06964060514620864
Humidity,ParticlesDetected,RainAbsolute,RainAccumulated,Temperature,0.2628530407670842,0.06909172104050243
AverageParticleSpeed,Humidity,RainAbsolute,Temperature,VolumeEquivalentDiameter,0.262703580360711,0.06901317113433654
AverageParticleSpeed,Humidity,RainAccumulated,Temperature,VolumeEquivalentDiameter,0.262703580360711,0.06901317113433654
AverageParticleSpeed,Humidity,RainAbsolute,RainRate,Temperature,0.26270358036071084,0.06901317113433646
AverageParticleSpeed,Humidity,RainAccumulated,RainRate,Temperature,0.26270358036071084,0.06901317113433646
Humidity,RainAbsolute,RainRate,Temperature,VolumeEquivalentDiameter,0.26270358036071084,0.06901317113433646
Humidity,RainAccumulated,RainRate,Temperature,VolumeEquivalentDiameter,0.26270358036071084,0.06901317113433646
AverageParticleSpeed,Humidity,Pressure,RainAbsolute,Temperature,0.2620474484328515,0.06866886523016796
AverageParticleSpeed,Humidity,Pressure,RainAccumulated,Temperature,0.2620474484328515,0.06866886523016796
Humidity,Pressure,RainAbsolute,Temperature,VolumeEquivalentDiameter,0.2620474484328515,0.06866886523016796
Humidity,Pressure,RainAccumulated,Temperature,VolumeEquivalentDiameter,0.2620474484328515,0.06866886523016796
Humidity,Pressure,RainAbsolute,RainRate,Temperature,0.26204744843285127,0.06866886523016785
Humidity,Pressure,RainAccumulated,RainRate,Temperature,0.26204744843285127,0.06866886523016785
AverageParticleSpeed,Humidity,KineticEnergy,RainIntensity,WindSpeed,-0.26181765071956925,0.06854848222831436
Humidity,KineticEnergy,RainIntensity,RainRate,WindSpeed,-0.26181765071956925,0.06854848222831436
Humidity,KineticEnergy,RainIntensity,VolumeEquivalentDiameter,WindSpeed,-0.26181765071956925,0.06854848222831436
Humidity,RainAbsolute,RainIntensity,RainRate,Temperature,0.26021960572104375,0.06771424320161547
Humidity,RainAccumulated,RainIntensity,RainRate,Temperature,0.26021960572104375,0.06771424320161547
AverageParticleSpeed,Humidity,RainAbsolute,RainIntensity,Temperature,0.2602196057210437,0.06771424320161544
AverageParticleSpeed,Humidity,RainAccumulated,RainIntensity,Temperature,0.2602196057210437,0.06771424320161544
Humidity,RainAbsolute,RainIntensity,Temperature,VolumeEquivalentDiameter,0.2602196057210437,0.06771424320161544
Humidity,RainAccumulated,RainIntensity,Temperature,VolumeEquivalentDiameter,0.2602196057210437,0.06771424320161544
Humidity,Pressure,RainAbsolute,RainIntensity,Temperature,0.2595540333869349,0.06736829624742612
Humidity,Pressure,RainAccumulated,RainIntensity,Temperature,0.2595540333869349,0.06736829624742612
AverageParticleSpeed,RadarReflectivity,RainAbsolute,RainRate,VolumeEquivalentDiameter,0.2594216704201498,0.06729960308358082
AverageParticleSpeed,RadarReflectivity,RainAccumulated,RainRate,VolumeEquivalentDiameter,0.2594216704201498,0.06729960308358082
Humidity,KineticEnergy,RainAbsolute,RainRate,Temperature,0.25931154103585735,0.06724247531439113
Humidity,KineticEnergy,RainAccumulated,RainRate,Temperature,0.25931154103585735,0.06724247531439113
AverageParticleSpeed,Humidity,KineticEnergy,RainAbsolute,Temperature,0.25931154103585724,0.06724247531439108
AverageParticleSpeed,Humidity,KineticEnergy,RainAccumulated,Temperature,0.25931154103585724,0.06724247531439108
Humidity,KineticEnergy,RainAbsolute,Temperature,VolumeEquivalentDiameter,0.25931154103585724,0.06724247531439108
Humidity,KineticEnergy,RainAccumulated,Temperature,VolumeEquivalentDiameter,0.25931154103585724,0.06724247531439108
AverageParticleSpeed,Pressure,RadarReflectivity,RainAbsolute,VolumeEquivalentDiameter,0.2588518781374577,0.06700429481528924
AverageParticleSpeed,Pressure,RadarReflectivity,RainAccumulated,VolumeEquivalentDiameter,0.2588518781374577,0.06700429481528924
AverageParticleSpeed,Pressure,RadarReflectivity,RainAbsolute,RainRate,0.25885187813745764,0.06700429481528922
AverageParticleSpeed,Pressure,RadarReflectivity,RainAccumulated,RainRate,0.25885187813745764,0.06700429481528922
Pressure,RadarReflectivity,RainAbsolute,RainRate,VolumeEquivalentDiameter,0.25885187813745764,0.06700429481528922
Pressure,RadarReflectivity,RainAccumulated,RainRate,VolumeEquivalentDiameter,0.25885187813745764,0.06700429481528922
Humidity,KineticEnergy,Pressure,RainAbsolute,Temperature,0.2586423369526375,0.06689585846432167
Humidity,KineticEnergy,Pressure,RainAccumulated,Temperature,0.2586423369526375,0.06689585846432167
AverageParticleSpeed,RadarReflectivity,RainAbsolute,RainIntensity,RainRate,0.2568151191102002,0.06595400540358633
AverageParticleSpeed,RadarReflectivity,RainAccumulated,RainIntensity,RainRate,0.2568151191102002,0.06595400540358633
RadarReflectivity,RainAbsolute,RainIntensity,RainRate,VolumeEquivalentDiameter,0.2568151191102002,0.06595400540358633
RadarReflectivity,RainAccumulated,RainIntensity,RainRate,VolumeEquivalentDiameter,0.2568151191102002,0.06595400540358633
AverageParticleSpeed,RadarReflectivity,RainAbsolute,RainIntensity,VolumeEquivalentDiameter,0.2568151191101996,0.06595400540358601
AverageParticleSpeed,RadarReflectivity,RainAccumulated,RainIntensity,VolumeEquivalentDiameter,0.2568151191101996,0.06595400540358601
Humidity,KineticEnergy,RainAbsolute,RainIntensity,Temperature,0.256736631296376,0.06591369784941133
Humidity,KineticEnergy,RainAccumulated,RainIntensity,Temperature,0.256736631296376,0.06591369784941133
AverageParticleSpeed,Pressure,RadarReflectivity,RainAbsolute,RainIntensity,0.25623935500536665,0.06565860705356633
AverageParticleSpeed,Pressure,RadarReflectivity,RainAccumulated,RainIntensity,0.25623935500536665,0.06565860705356633
Pressure,RadarReflectivity,RainAbsolute,RainIntensity,VolumeEquivalentDiameter,0.25623935500536665,0.06565860705356633
Pressure,RadarReflectivity,RainAccumulated,RainIntensity,VolumeEquivalentDiameter,0.25623935500536665,0.06565860705356633
Pressure,RadarReflectivity,RainAbsolute,RainIntensity,RainRate,0.2562393550053665,0.06565860705356623
Pressure,RadarReflectivity,RainAccumulated,RainIntensity,RainRate,0.2562393550053665,0.06565860705356623
AverageParticleSpeed,KineticEnergy,RadarReflectivity,RainAbsolute,RainRate,0.25575333561727537,0.0654097686793627
AverageParticleSpeed,KineticEnergy,RadarReflectivity,RainAccumulated,RainRate,0.25575333561727537,0.0654097686793627
KineticEnergy,RadarReflectivity,RainAbsolute,RainRate,VolumeEquivalentDiameter,0.25575333561727537,0.0654097686793627
KineticEnergy,RadarReflectivity,RainAccumulated,RainRate,VolumeEquivalentDiameter,0.25575333561727537,0.0654097686793627
AverageParticleSpeed,KineticEnergy,RadarReflectivity,RainAbsolute,VolumeEquivalentDiameter,0.2557533356172752,0.06540976867936261
AverageParticleSpeed,KineticEnergy,RadarReflectivity,RainAccumulated,VolumeEquivalentDiameter,0.2557533356172752,0.06540976867936261
AverageParticleSpeed,KineticEnergy,Pressure,RadarReflectivity,RainAbsolute,0.2551750741693907,0.06511431847735406
AverageParticleSpeed,KineticEnergy,Pressure,RadarReflectivity,RainAccumulated,0.2551750741693907,0.06511431847735406
KineticEnergy,Pressure,RadarReflectivity,RainAbsolute,VolumeEquivalentDiameter,0.2551750741693907,0.06511431847735406
KineticEnergy,Pressure,RadarReflectivity,RainAccumulated,VolumeEquivalentDiameter,0.2551750741693907,0.06511431847735406
KineticEnergy,Pressure,RadarReflectivity,RainAbsolute,RainRate,0.2551750741693904,0.06511431847735388
KineticEnergy,Pressure,RadarReflectivity,RainAccumulated,RainRate,0.2551750741693904,0.06511431847735388
AverageParticleSpeed,KineticEnergy,RadarReflectivity,RainAbsolute,RainIntensity,0.2531463943842593,0.06408309698975094
AverageParticleSpeed,KineticEnergy,RadarReflectivity,RainAccumulated,RainIntensity,0.2531463943842593,0.06408309698975094
KineticEnergy,RadarReflectivity,RainAbsolute,RainIntensity,VolumeEquivalentDiameter,0.2531463943842593,0.06408309698975094
KineticEnergy,RadarReflectivity,RainAccumulated,RainIntensity,VolumeEquivalentDiameter,0.2531463943842593,0.06408309698975094
KineticEnergy,RadarReflectivity,RainAbsolute,RainIntensity,RainRate,0.2531463943842586,0.06408309698975061
KineticEnergy,RadarReflectivity,RainAccumulated,RainIntensity,RainRate,0.2531463943842586,0.06408309698975061
ParticlesDetected,RadarReflectivity,RainAbsolute,RainAccumulated,RainRate,0.25312741947688044,0.06407349049102459
AverageParticleSpeed,ParticlesDetected,RadarReflectivity,RainAbsolute,RainAccumulated,0.2531274194768797,0.06407349049102423
ParticlesDetected,RadarReflectivity,RainAbsolute,RainAccumulated,VolumeEquivalentDiameter,0.2531274194768797,0.06407349049102423
ParticlesDetected,Pressure,RadarReflectivity,RainAbsolute,RainAccumulated,0.25283329572286517,0.06392467542608579
KineticEnergy,Pressure,RadarReflectivity,RainAbsolute,RainIntensity,0.2525624943444179,0.06378781354947413
KineticEnergy,Pressure,RadarReflectivity,RainAccumulated,RainIntensity,0.2525624943444179,0.06378781354947413
ParticlesDetected,RadarReflectivity,RainAbsolute,RainAccumulated,RainIntensity,0.2517772039038377,0.06339176040563466
KineticEnergy,ParticlesDetected,RadarReflectivity,RainAbsolute,RainAccumulated,0.2512221885307128,0.06311258801016102
Humidity,RainAbsolute,RainRate,SnowDepthIntensity,WindSpeed,0.24876904132683372,0.0618860359226719
Humidity,RainAccumulated,RainRate,SnowDepthIntensity,WindSpeed,0.24876904132683372,0.0618860359226719
AverageParticleSpeed,Humidity,RainAbsolute,SnowDepthIntensity,WindSpeed,0.24876904132683367,0.061886035922671875
AverageParticleSpeed,Humidity,RainAccumulated,SnowDepthIntensity,WindSpeed,0.24876904132683367,0.061886035922671875
Humidity,RainAbsolute,SnowDepthIntensity,VolumeEquivalentDiameter,WindSpeed,0.24876904132683367,0.061886035922671875
Humidity,RainAccumulated,SnowDepthIntensity,VolumeEquivalentDiameter,WindSpeed,0.24876904132683367,0.061886035922671875
Humidity,Pressure,RainAbsolute,SnowDepthIntensity,WindSpeed,0.24787414134700234,0.061441589948513696
Humidity,Pressure,RainAccumulated,SnowDepthIntensity,WindSpeed,0.24787414134700234,0.061441589948513696
AverageParticleSpeed,Humidity,Pressure,Temperature,WindSpeed,-0.24751013682861955,0.061261267832921976
Humidity,Pressure,Temperature,VolumeEquivalentDiameter,WindSpeed,-0.24751013682861955,0.061261267832921976
Humidity,Pressure,RainRate,Temperature,WindSpeed,-0.2475101368286193,0.06126126783292185
Humidity,Pressure,RainRate,SnowDepthIntensity,WindSpeed,-0.24590065638422307,0.06046713281019175
AverageParticleSpeed,Humidity,Pressure,SnowDepthIntensity,WindSpeed,-0.24590065638422295,0.06046713281019169
Humidity,Pressure,SnowDepthIntensity,VolumeEquivalentDiameter,WindSpeed,-0.24590065638422295,0.06046713281019169
Humidity,Pressure,RainIntensity,Temperature,WindSpeed,-0.24578390043480028,0.06040972571294382
AverageParticleSpeed,Humidity,RainRate,Temperature,WindSpeed,-0.24562762931394772,0.06033293228239011
Humidity,RainRate,Temperature,VolumeEquivalentDiameter,WindSpeed,-0.24562762931394772,0.06033293228239011
AverageParticleSpeed,Humidity,Temperature,VolumeEquivalentDiameter,WindSpeed,-0.24562762931394747,0.060332932282389985
Humidity,RainAbsolute,RainIntensity,SnowDepthIntensity,WindSpeed,0.2454976302946042,0.06026908648026617
Humidity,RainAccumulated,RainIntensity,SnowDepthIntensity,WindSpeed,0.2454976302946042,0.06026908648026617
Humidity,KineticEnergy,Pressure,Temperature,WindSpeed,-0.24471752644679007,0.0598866677502354
Humidity,KineticEnergy,RainAbsolute,SnowDepthIntensity,WindSpeed,0.24431742950064825,0.05969100635780423
Humidity,KineticEnergy,RainAccumulated,SnowDepthIntensity,WindSpeed,0.24431742950064825,0.05969100635780423
AverageParticleSpeed,Humidity,RainIntensity,Temperature,WindSpeed,-0.24390808129807293,0.05949115212250735
Humidity,RainIntensity,Temperature,VolumeEquivalentDiameter,WindSpeed,-0.24390808129807293,0.05949115212250735
Humidity,RainIntensity,RainRate,Temperature,WindSpeed,-0.24390808129807273,0.05949115212250726
AverageParticleSpeed,Humidity,RainRate,SnowDepthIntensity,WindSpeed,-0.24389446211067178,0.059484508648253914
Humidity,RainRate,SnowDepthIntensity,VolumeEquivalentDiameter,WindSpeed,-0.24389446211067178,0.059484508648253914
AverageParticleSpeed,Humidity,SnowDepthIntensity,VolumeEquivalentDiameter,WindSpeed,-0.24389446211067156,0.0594845086482538
Humidity,Pressure,RainIntensity,SnowDepthIntensity,WindSpeed,-0.24327372725839788,0.05918210637419336
AverageParticleSpeed,Humidity,KineticEnergy,Temperature,WindSpeed,-0.24284503506996336,0.058973711058131734
Humidity,KineticEnergy,Temperature,VolumeEquivalentDiameter,WindSpeed,-0.24284503506996336,0.058973711058131734
Humidity,KineticEnergy,RainRate,Temperature,WindSpeed,-0.24284503506996333,0.05897371105813172
AverageParticleSpeed,ParticlesDetected,RainAbsolute,RainRate,VolumeEquivalentDiameter,0.24270686640454503,0.05890662299991367
AverageParticleSpeed,ParticlesDetected,RainAccumulated,RainRate,VolumeEquivalentDiameter,0.24270686640454503,0.05890662299991367
AverageParticleSpeed,ParticlesDetected,Pressure,RainAbsolute,RainRate,0.24208942030885244,0.05860728742547622
AverageParticleSpeed,ParticlesDetected,Pressure,RainAccumulated,RainRate,0.24208942030885244,0.05860728742547622
ParticlesDetected,Pressure,RainAbsolute,RainRate,VolumeEquivalentDiameter,0.24208942030885244,0.05860728742547622
ParticlesDetected,Pressure,RainAccumulated,RainRate,VolumeEquivalentDiameter,0.24208942030885244,0.05860728742547622
AverageParticleSpeed,ParticlesDetected,Pressure,RainAbsolute,VolumeEquivalentDiameter,0.24208942030885242,0.058607287425476204
AverageParticleSpeed,ParticlesDetected,Pressure,RainAccumulated,VolumeEquivalentDiameter,0.24208942030885242,0.058607287425476204
Humidity,KineticEnergy,Pressure,SnowDepthIntensity,WindSpeed,-0.2419575437926531,0.058543452998173644
ParticlesDetected,RadarReflectivity,RainAbsolute,RainAccumulated,SnowDepthIntensity,0.24194741356551297,0.05853855093104137
ParticlesDetected,RadarReflectivity,RainAbsolute,RainAccumulated,WindSpeed,0.24176158462204736,0.058448663798963366
ParticlesDetected,RadarReflectivity,RainAbsolute,RainAccumulated,Temperature,0.24129679179366978,0.058224141729917626
AverageParticleSpeed,Humidity,RainIntensity,SnowDepthIntensity,WindSpeed,-0.2412783254509413,0.05821523033241035
Humidity,RainIntensity,SnowDepthIntensity,VolumeEquivalentDiameter,WindSpeed,-0.2412783254509413,0.05821523033241035
Humidity,RainIntensity,RainRate,SnowDepthIntensity,WindSpeed,-0.24127832545094088,0.05821523033241015
Humidity,KineticEnergy,RainIntensity,Temperature,WindSpeed,-0.2409205038169927,0.05804268915943359
AverageParticleSpeed,ParticlesDetected,RainAbsolute,RainIntensity,RainRate,0.24005325328884347,0.057625564414557635
AverageParticleSpeed,ParticlesDetected,RainAccumulated,RainIntensity,RainRate,0.24005325328884347,0.057625564414557635
ParticlesDetected,RainAbsolute,RainIntensity,RainRate,VolumeEquivalentDiameter,0.24005325328884347,0.057625564414557635
ParticlesDetected,RainAccumulated,RainIntensity,RainRate,VolumeEquivalentDiameter,0.24005325328884347,0.057625564414557635
AverageParticleSpeed,ParticlesDetected,RainAbsolute,RainIntensity,VolumeEquivalentDiameter,0.24005325328884267,0.057625564414557254
AverageParticleSpeed,ParticlesDetected,RainAccumulated,RainIntensity,VolumeEquivalentDiameter,0.24005325328884267,0.057625564414557254
Humidity,KineticEnergy,RainRate,SnowDepthIntensity,WindSpeed,-0.23996685570906234,0.057584091838893944
AverageParticleSpeed,Humidity,KineticEnergy,SnowDepthIntensity,WindSpeed,-0.23996685570906226,0.05758409183889391
Humidity,KineticEnergy,SnowDepthIntensity,VolumeEquivalentDiameter,WindSpeed,-0.23996685570906226,0.05758409183889391
ParticlesDetected,Pressure,RainAbsolute,RainIntensity,RainRate,0.2394312058333037,0.05732730232678985
ParticlesDetected,Pressure,RainAccumulated,RainIntensity,RainRate,0.2394312058333037,0.05732730232678985
AverageParticleSpeed,ParticlesDetected,Pressure,RainAbsolute,RainIntensity,0.23943120583330366,0.05732730232678982
AverageParticleSpeed,ParticlesDetected,Pressure,RainAccumulated,RainIntensity,0.23943120583330366,0.05732730232678982
ParticlesDetected,Pressure,RainAbsolute,RainIntensity,VolumeEquivalentDiameter,0.23943120583330366,0.05732730232678982
ParticlesDetected,Pressure,RainAccumulated,RainIntensity,VolumeEquivalentDiameter,0.23943120583330366,0.05732730232678982
AverageParticleSpeed,KineticEnergy,ParticlesDetected,RainAbsolute,VolumeEquivalentDiameter,0.23892813723305703,0.057086654761658535
AverageParticleSpeed,KineticEnergy,ParticlesDetected,RainAccumulated,VolumeEquivalentDiameter,0.23892813723305703,0.057086654761658535
AverageParticleSpeed,KineticEnergy,ParticlesDetected,RainAbsolute,RainRate,0.2389281372330555,0.05708665476165781
AverageParticleSpeed,KineticEnergy,ParticlesDetected,RainAccumulated,RainRate,0.2389281372330555,0.05708665476165781
KineticEnergy,ParticlesDetected,RainAbsolute,RainRate,VolumeEquivalentDiameter,0.2389281372330555,0.05708665476165781
KineticEnergy,ParticlesDetected,RainAccumulated,RainRate,VolumeEquivalentDiameter,0.2389281372330555,0.05708665476165781
KineticEnergy,ParticlesDetected,Pressure,RainAbsolute,RainRate,0.23830413829274713,0.05678886232744875
KineticEnergy,ParticlesDetected,Pressure,RainAccumulated,RainRate,0.23830413829274713,0.05678886232744875
AverageParticleSpeed,KineticEnergy,ParticlesDetected,Pressure,RainAbsolute,0.23830413829274705,0.05678886232744871
AverageParticleSpeed,KineticEnergy,ParticlesDetected,Pressure,RainAccumulated,0.23830413829274705,0.05678886232744871
KineticEnergy,ParticlesDetected,Pressure,RainAbsolute,VolumeEquivalentDiameter,0.23830413829274705,0.05678886232744871
KineticEnergy,ParticlesDetected,Pressure,RainAccumulated,VolumeEquivalentDiameter,0.23830413829274705,0.05678886232744871
Humidity,RainAbsolute,RainRate,SnowDepthIntensity,Temperature,0.23819300547330322,0.05673590785640505
Humidity,RainAccumulated,RainRate,SnowDepthIntensity,Temperature,0.23819300547330322,0.05673590785640505
AverageParticleSpeed,Humidity,RainAbsolute,SnowDepthIntensity,Temperature,0.23819300547330316,0.05673590785640503
AverageParticleSpeed,Humidity,RainAccumulated,SnowDepthIntensity,Temperature,0.23819300547330316,0.05673590785640503
Humidity,RainAbsolute,SnowDepthIntensity,Temperature,VolumeEquivalentDiameter,0.23819300547330316,0.05673590785640503
Humidity,RainAccumulated,SnowDepthIntensity,Temperature,VolumeEquivalentDiameter,0.23819300547330316,0.05673590785640503
Humidity,Pressure,RainAbsolute,SnowDepthIntensity,Temperature,0.23744777593857933,0.05638144629817777
Humidity,Pressure,RainAccumulated,SnowDepthIntensity,Temperature,0.23744777593857933,0.05638144629817777
Humidity,KineticEnergy,RainIntensity,SnowDepthIntensity,WindSpeed,-0.23720707680925426,0.056267197288391455
AverageParticleSpeed,RadarReflectivity,RainAbsolute,SnowDepthIntensity,VolumeEquivalentDiameter,0.2366801216395623,0.05601747997931801
AverageParticleSpeed,RadarReflectivity,RainAccumulated,SnowDepthIntensity,VolumeEquivalentDiameter,0.2366801216395623,0.05601747997931801
AverageParticleSpeed,RadarReflectivity,RainAbsolute,RainRate,SnowDepthIntensity,0.23668012163956148,0.05601747997931762
AverageParticleSpeed,RadarReflectivity,RainAccumulated,RainRate,SnowDepthIntensity,0.23668012163956148,0.05601747997931762
RadarReflectivity,RainAbsolute,RainRate,SnowDepthIntensity,VolumeEquivalentDiameter,0.23668012163956148,0.05601747997931762
RadarReflectivity,RainAccumulated,RainRate,SnowDepthIntensity,VolumeEquivalentDiameter,0.23668012163956148,0.05601747997931762
KineticEnergy,ParticlesDetected,RainAbsolute,RainIntensity,RainRate,0.23629619095843332,0.055835889861464386
KineticEnergy,ParticlesDetected,RainAccumulated,RainIntensity,RainRate,0.23629619095843332,0.055835889861464386
AverageParticleSpeed,KineticEnergy,ParticlesDetected,RainAbsolute,RainIntensity,0.23629619095843277,0.05583588986146412
AverageParticleSpeed,KineticEnergy,ParticlesDetected,RainAccumulated,RainIntensity,0.23629619095843277,0.05583588986146412
KineticEnergy,ParticlesDetected,RainAbsolute,RainIntensity,VolumeEquivalentDiameter,0.23629619095843277,0.05583588986146412
KineticEnergy,ParticlesDetected,RainAccumulated,RainIntensity,VolumeEquivalentDiameter,0.23629619095843277,0.05583588986146412
AverageParticleSpeed,Pressure,RadarReflectivity,RainAbsolute,SnowDepthIntensity,0.2360634946000499,0.055725973482787794
AverageParticleSpeed,Pressure,RadarReflectivity,RainAccumulated,SnowDepthIntensity,0.2360634946000499,0.055725973482787794
Pressure,RadarReflectivity,RainAbsolute,SnowDepthIntensity,VolumeEquivalentDiameter,0.2360634946000499,0.055725973482787794
Pressure,RadarReflectivity,RainAccumulated,SnowDepthIntensity,VolumeEquivalentDiameter,0.2360634946000499,0.055725973482787794
Pressure,RadarReflectivity,RainAbsolute,RainRate,SnowDepthIntensity,0.23606349460004947,0.055725973482787586
Pressure,RadarReflectivity,RainAccumulated,RainRate,SnowDepthIntensity,0.23606349460004947,0.055725973482787586
KineticEnergy,ParticlesDetected,Pressure,RainAbsolute,RainIntensity,0.2356679967121555,0.05553940467432053
KineticEnergy,ParticlesDetected,Pressure,RainAccumulated,RainIntensity,0.2356679967121555,0.05553940467432053
Humidity,RainAbsolute,RainRate,Temperature,WindSpeed,0.2356459394223219,0.0555290087662286
Humidity,RainAccumulated,RainRate,Temperature,WindSpeed,0.2356459394223219,0.0555290087662286
AverageParticleSpeed,Humidity,RainAbsolute,Temperature,WindSpeed,0.23564593942232176,0.05552900876622854
AverageParticleSpeed,Humidity,RainAccumulated,Temperature,WindSpeed,0.23564593942232176,0.05552900876622854
Humidity,RainAbsolute,Temperature,VolumeEquivalentDiameter,WindSpeed,0.23564593942232176,0.05552900876622854
Humidity,RainAccumulated,Temperature,VolumeEquivalentDiameter,WindSpeed,0.23564593942232176,0.05552900876622854
Humidity,RainAbsolute,RainIntensity,SnowDepthIntensity,Temperature,0.23559935804102386,0.05550705750934255
Humidity,RainAccumulated,RainIntensity,SnowDepthIntensity,Temperature,0.23559935804102386,0.05550705750934255
AverageParticleSpeed,RadarReflectivity,RainAbsolute,Temperature,VolumeEquivalentDiameter,0.23479066724463957,0.055126657425183065
AverageParticleSpeed,RadarReflectivity,RainAccumulated,Temperature,VolumeEquivalentDiameter,0.23479066724463957,0.055126657425183065
AverageParticleSpeed,RadarReflectivity,RainAbsolute,RainRate,Temperature,0.23479066724463923,0.055126657425182905
AverageParticleSpeed,RadarReflectivity,RainAccumulated,RainRate,Temperature,0.23479066724463923,0.055126657425182905
RadarReflectivity,RainAbsolute,RainRate,Temperature,VolumeEquivalentDiameter,0.23479066724463923,0.055126657425182905
RadarReflectivity,RainAccumulated,RainRate,Temperature,VolumeEquivalentDiameter,0.23479066724463923,0.055126657425182905
Humidity,KineticEnergy,RainAbsolute,SnowDepthIntensity,Temperature,0.23469786248042618,0.05508308665288104
Humidity,KineticEnergy,RainAccumulated,SnowDepthIntensity,Temperature,0.23469786248042618,0.05508308665288104
Humidity,Pressure,RainAbsolute,Temperature,WindSpeed,0.234680796622469,0.05507507630335665
Humidity,Pressure,RainAccumulated,Temperature,WindSpeed,0.234680796622469,0.05507507630335665
AverageParticleSpeed,RadarReflectivity,RainAbsolute,RainIntensity,SnowDepthIntensity,0.23425063812779365,0.05487336146327853
AverageParticleSpeed,RadarReflectivity,RainAccumulated,RainIntensity,SnowDepthIntensity,0.23425063812779365,0.05487336146327853
RadarReflectivity,RainAbsolute,RainIntensity,SnowDepthIntensity,VolumeEquivalentDiameter,0.23425063812779365,0.05487336146327853
RadarReflectivity,RainAccumulated,RainIntensity,SnowDepthIntensity,VolumeEquivalentDiameter,0.23425063812779365,0.05487336146327853
RadarReflectivity,RainAbsolute,RainIntensity,RainRate,SnowDepthIntensity,0.23425063812779284,0.054873361463278154
RadarReflectivity,RainAccumulated,RainIntensity,RainRate,SnowDepthIntensity,0.23425063812779284,0.054873361463278154
AverageParticleSpeed,RadarReflectivity,RainAbsolute,RainRate,WindSpeed,0.23418279670767275,0.05484158227382718
AverageParticleSpeed,RadarReflectivity,RainAccumulated,RainRate,WindSpeed,0.23418279670767275,0.05484158227382718
RadarReflectivity,RainAbsolute,RainRate,VolumeEquivalentDiameter,WindSpeed,0.23418279670767275,0.05484158227382718
RadarReflectivity,RainAccumulated,RainRate,VolumeEquivalentDiameter,WindSpeed,0.23418279670767275,0.05484158227382718
AverageParticleSpeed,RadarReflectivity,RainAbsolute,VolumeEquivalentDiameter,WindSpeed,0.2341827967076725,0.054841582273827065
AverageParticleSpeed,RadarReflectivity,RainAccumulated,VolumeEquivalentDiameter,WindSpeed,0.2341827967076725,0.054841582273827065
AverageParticleSpeed,Pressure,RadarReflectivity,RainAbsolute,Temperature,0.23415954985387508,0.054830694787769405
AverageParticleSpeed,Pressure,RadarReflectivity,RainAccumulated,Temperature,0.23415954985387508,0.054830694787769405
Pressure,RadarReflectivity,RainAbsolute,Temperature,VolumeEquivalentDiameter,0.23415954985387508,0.054830694787769405
Pressure,RadarReflectivity,RainAccumulated,Temperature,VolumeEquivalentDiameter,0.23415954985387508,0.054830694787769405
Pressure,RadarReflectivity,RainAbsolute,RainRate,Temperature,0.23415954985387485,0.0548306947877693
Pressure,RadarReflectivity,RainAccumulated,RainRate,Temperature,0.23415954985387485,0.0548306947877693
Pressure,RadarReflectivity,RainAbsolute,RainIntensity,SnowDepthIntensity,0.23363040852548364,0.05458316778778438
Pressure,RadarReflectivity,RainAccumulated,RainIntensity,SnowDepthIntensity,0.23363040852548364,0.05458316778778438
AverageParticleSpeed,Pressure,RadarReflectivity,RainAbsolute,WindSpeed,0.23343507606849256,0.05449193473910291
AverageParticleSpeed,Pressure,RadarReflectivity,RainAccumulated,WindSpeed,0.23343507606849256,0.05449193473910291
Pressure,RadarReflectivity,RainAbsolute,VolumeEquivalentDiameter,WindSpeed,0.23343507606849256,0.05449193473910291
Pressure,RadarReflectivity,RainAccumulated,VolumeEquivalentDiameter,WindSpeed,0.23343507606849256,0.05449193473910291
Pressure,RadarReflectivity,RainAbsolute,RainRate,WindSpeed,0.2334350760684925,0.05449193473910288
Pressure,RadarReflectivity,RainAccumulated,RainRate,WindSpeed,0.2334350760684925,0.05449193473910288
KineticEnergy,RadarReflectivity,RainAbsolute,RainRate,SnowDepthIntensity,0.23330362510411118,0.054430581486719656
KineticEnergy,RadarReflectivity,RainAccumulated,RainRate,SnowDepthIntensity,0.23330362510411118,0.054430581486719656
AverageParticleSpeed,KineticEnergy,RadarReflectivity,RainAbsolute,SnowDepthIntensity,0.23330362510410993,0.054430581486719073
AverageParticleSpeed,KineticEnergy,RadarReflectivity,RainAccumulated,SnowDepthIntensity,0.23330362510410993,0.054430581486719073
KineticEnergy,RadarReflectivity,RainAbsolute,SnowDepthIntensity,VolumeEquivalentDiameter,0.23330362510410993,0.054430581486719073
KineticEnergy,RadarReflectivity,RainAccumulated,SnowDepthIntensity,VolumeEquivalentDiameter,0.23330362510410993,0.054430581486719073
Humidity,RainAbsolute,RainIntensity,Temperature,WindSpeed,0.23284434811657323,0.05421649044983194
Humidity,RainAccumulated,RainIntensity,Temperature,WindSpeed,0.23284434811657323,0.05421649044983194
KineticEnergy,Pressure,RadarReflectivity,RainAbsolute,SnowDepthIntensity,0.23268201794218143,0.054140921473645645
KineticEnergy,Pressure,RadarReflectivity,RainAccumulated,SnowDepthIntensity,0.23268201794218143,0.054140921473645645
AverageParticleSpeed,RadarReflectivity,RainAbsolute,RainIntensity,Temperature,0.23240143138454902,0.054010425309587246
AverageParticleSpeed,RadarReflectivity,RainAccumulated,RainIntensity,Temperature,0.23240143138454902,0.054010425309587246
RadarReflectivity,RainAbsolute,RainIntensity,Temperature,VolumeEquivalentDiameter,0.23240143138454902,0.054010425309587246
RadarReflectivity,RainAccumulated,RainIntensity,Temperature,VolumeEquivalentDiameter,0.23240143138454902,0.054010425309587246
RadarReflectivity,RainAbsolute,RainIntensity,RainRate,Temperature,0.23240143138454897,0.054010425309587225
RadarReflectivity,RainAccumulated,RainIntensity,RainRate,Temperature,0.23240143138454897,0.054010425309587225
Humidity,KineticEnergy,RainAbsolute,Temperature,WindSpeed,0.2317880914888112,0.053725719356025506
Humidity,KineticEnergy,RainAccumulated,Temperature,WindSpeed,0.2317880914888112,0.053725719356025506
Pressure,RadarReflectivity,RainAbsolute,RainIntensity,Temperature,0.2317666746118455,0.053715791460633065
Pressure,RadarReflectivity,RainAccumulated,RainIntensity,Temperature,0.2317666746118455,0.053715791460633065
RadarReflectivity,RainAbsolute,RainIntensity,RainRate,WindSpeed,0.23151622858962678,0.05359976410036432
RadarReflectivity,RainAccumulated,RainIntensity,RainRate,WindSpeed,0.23151622858962678,0.05359976410036432
AverageParticleSpeed,RadarReflectivity,RainAbsolute,RainIntensity,WindSpeed,0.23151622858962653,0.053599764100364204
AverageParticleSpeed,RadarReflectivity,RainAccumulated,RainIntensity,WindSpeed,0.23151622858962653,0.053599764100364204
RadarReflectivity,RainAbsolute,RainIntensity,VolumeEquivalentDiameter,WindSpeed,0.23151622858962653,0.053599764100364204
RadarReflectivity,RainAccumulated,RainIntensity,VolumeEquivalentDiameter,WindSpeed,0.23151622858962653,0.053599764100364204
KineticEnergy,RadarReflectivity,RainAbsolute,RainRate,Temperature,0.23144483578375039,0.05356671201096718
KineticEnergy,RadarReflectivity,RainAccumulated,RainRate,Temperature,0.23144483578375039,0.05356671201096718
AverageParticleSpeed,KineticEnergy,RadarReflectivity,RainAbsolute,Temperature,0.23144483578375008,0.05356671201096704
AverageParticleSpeed,KineticEnergy,RadarReflectivity,RainAccumulated,Temperature,0.23144483578375008,0.05356671201096704
KineticEnergy,RadarReflectivity,RainAbsolute,Temperature,VolumeEquivalentDiameter,0.23144483578375008,0.05356671201096704
KineticEnergy,RadarReflectivity,RainAccumulated,Temperature,VolumeEquivalentDiameter,0.23144483578375008,0.05356671201096704
KineticEnergy,RadarReflectivity,RainAbsolute,RainIntensity,SnowDepthIntensity,0.2308858812059826,0.053308290140263115
KineticEnergy,RadarReflectivity,RainAccumulated,RainIntensity,SnowDepthIntensity,0.2308858812059826,0.053308290140263115
KineticEnergy,Pressure,RadarReflectivity,RainAbsolute,Temperature,0.2308086421581745,0.05327262929490025
KineticEnergy,Pressure,RadarReflectivity,RainAccumulated,Temperature,0.2308086421581745,0.05327262929490025
Pressure,RadarReflectivity,RainAbsolute,RainIntensity,WindSpeed,0.23076548856415344,0.05325271071225243
Pressure,RadarReflectivity,RainAccumulated,RainIntensity,WindSpeed,0.23076548856415344,0.05325271071225243
AverageParticleSpeed,KineticEnergy,RadarReflectivity,RainAbsolute,WindSpeed,0.23042126133082388,0.05309395767328783
AverageParticleSpeed,KineticEnergy,RadarReflectivity,RainAccumulated,WindSpeed,0.23042126133082388,0.05309395767328783
KineticEnergy,RadarReflectivity,RainAbsolute,RainRate,WindSpeed,0.23042126133082388,0.05309395767328783
KineticEnergy,RadarReflectivity,RainAbsolute,VolumeEquivalentDiameter,WindSpeed,0.23042126133082388,0.05309395767328783
KineticEnergy,RadarReflectivity,RainAccumulated,RainRate,WindSpeed,0.23042126133082388,0.05309395767328783
KineticEnergy,RadarReflectivity,RainAccumulated,VolumeEquivalentDiameter,WindSpeed,0.23042126133082388,0.05309395767328783
KineticEnergy,Pressure,RadarReflectivity,RainAbsolute,WindSpeed,0.22966935181755432,0.05274801116429555
KineticEnergy,Pressure,RadarReflectivity,RainAccumulated,WindSpeed,0.22966935181755432,0.05274801116429555
KineticEnergy,RadarReflectivity,RainAbsolute,RainIntensity,Temperature,0.22906258666309845,0.05246966860878949
KineticEnergy,RadarReflectivity,RainAccumulated,RainIntensity,Temperature,0.22906258666309845,0.05246966860878949
Humidity,Pressure,SnowDepthIntensity,Temperature,WindSpeed,-0.22890348655791143,0.05239680615836794
KineticEnergy,RadarReflectivity,RainAbsolute,RainIntensity,WindSpeed,0.22776722578651004,0.051877909142483046
KineticEnergy,RadarReflectivity,RainAccumulated,RainIntensity,WindSpeed,0.22776722578651004,0.051877909142483046
AverageParticleSpeed,Humidity,SnowDepthIntensity,Temperature,WindSpeed,-0.22712298127488356,0.05158484862319111
Humidity,SnowDepthIntensity,Temperature,VolumeEquivalentDiameter,WindSpeed,-0.22712298127488356,0.05158484862319111
Humidity,RainRate,SnowDepthIntensity,Temperature,WindSpeed,-0.22712298127488342,0.05158484862319104
Humidity,RainIntensity,SnowDepthIntensity,Temperature,WindSpeed,-0.22504532837422012,0.050645399823060565
Humidity,KineticEnergy,SnowDepthIntensity,Temperature,WindSpeed,-0.22400592661588048,0.05017865515903923
AverageParticleSpeed,ParticlesDetected,RainAbsolute,SnowDepthIntensity,VolumeEquivalentDiameter,0.22157007975655588,0.04909330024332653
AverageParticleSpeed,ParticlesDetected,RainAccumulated,SnowDepthIntensity,VolumeEquivalentDiameter,0.22157007975655588,0.04909330024332653
AverageParticleSpeed,ParticlesDetected,RainAbsolute,RainRate,SnowDepthIntensity,0.22157007975655496,0.04909330024332613
AverageParticleSpeed,ParticlesDetected,RainAccumulated,RainRate,SnowDepthIntensity,0.22157007975655496,0.04909330024332613
ParticlesDetected,RainAbsolute,RainRate,SnowDepthIntensity,VolumeEquivalentDiameter,0.22157007975655496,0.04909330024332613
ParticlesDetected,RainAccumulated,RainRate,SnowDepthIntensity,VolumeEquivalentDiameter,0.22157007975655496,0.04909330024332613
ParticlesDetected,Pressure,RainAbsolute,RainRate,SnowDepthIntensity,0.22092074902481043,0.048805977349683276
ParticlesDetected,Pressure,RainAccumulated,RainRate,SnowDepthIntensity,0.22092074902481043,0.048805977349683276
AverageParticleSpeed,ParticlesDetected,Pressure,RainAbsolute,SnowDepthIntensity,0.2209207490248103,0.04880597734968322
AverageParticleSpeed,ParticlesDetected,Pressure,RainAccumulated,SnowDepthIntensity,0.2209207490248103,0.04880597734968322
ParticlesDetected,Pressure,RainAbsolute,SnowDepthIntensity,VolumeEquivalentDiameter,0.2209207490248103,0.04880597734968322
ParticlesDetected,Pressure,RainAccumulated,SnowDepthIntensity,VolumeEquivalentDiameter,0.2209207490248103,0.04880597734968322
AverageParticleSpeed,ParticlesDetected,RainAbsolute,Temperature,VolumeEquivalentDiameter,0.22001644185086902,0.04840723468471683
AverageParticleSpeed,ParticlesDetected,RainAccumulated,Temperature,VolumeEquivalentDiameter,0.22001644185086902,0.04840723468471683
AverageParticleSpeed,ParticlesDetected,RainAbsolute,RainRate,Temperature,0.22001644185086885,0.048407234684716756
AverageParticleSpeed,ParticlesDetected,RainAccumulated,RainRate,Temperature,0.22001644185086885,0.048407234684716756
ParticlesDetected,RainAbsolute,RainRate,Temperature,VolumeEquivalentDiameter,0.22001644185086885,0.048407234684716756
ParticlesDetected,RainAccumulated,RainRate,Temperature,VolumeEquivalentDiameter,0.22001644185086885,0.048407234684716756
ParticlesDetected,Pressure,RainAbsolute,RainRate,Temperature,0.21935185249158753,0.048115235191491176
ParticlesDetected,Pressure,RainAccumulated,RainRate,Temperature,0.21935185249158753,0.048115235191491176
AverageParticleSpeed,ParticlesDetected,Pressure,RainAbsolute,Temperature,0.21935185249158726,0.04811523519149105
AverageParticleSpeed,ParticlesDetected,Pressure,RainAccumulated,Temperature,0.21935185249158726,0.04811523519149105
ParticlesDetected,Pressure,RainAbsolute,Temperature,VolumeEquivalentDiameter,0.21935185249158726,0.04811523519149105
ParticlesDetected,Pressure,RainAccumulated,Temperature,VolumeEquivalentDiameter,0.21935185249158726,0.04811523519149105
AverageParticleSpeed,ParticlesDetected,RainAbsolute,RainIntensity,SnowDepthIntensity,0.2191350747147841,0.04802018097025401
AverageParticleSpeed,ParticlesDetected,RainAccumulated,RainIntensity,SnowDepthIntensity,0.2191350747147841,0.04802018097025401
ParticlesDetected,RainAbsolute,RainIntensity,SnowDepthIntensity,VolumeEquivalentDiameter,0.2191350747147841,0.04802018097025401
ParticlesDetected,RainAccumulated,RainIntensity,SnowDepthIntensity,VolumeEquivalentDiameter,0.2191350747147841,0.04802018097025401
ParticlesDetected,RainAbsolute,RainIntensity,RainRate,SnowDepthIntensity,0.219135074714784,0.04802018097025396
ParticlesDetected,RainAccumulated,RainIntensity,RainRate,SnowDepthIntensity,0.219135074714784,0.04802018097025396
ParticlesDetected,Pressure,RainAbsolute,RainIntensity,SnowDepthIntensity,0.21848336511722669,0.04773498083294739
ParticlesDetected,Pressure,RainAccumulated,RainIntensity,SnowDepthIntensity,0.21848336511722669,0.04773498083294739
KineticEnergy,ParticlesDetected,RainAbsolute,RainRate,SnowDepthIntensity,0.21814647760092556,0.04758788568969112
KineticEnergy,ParticlesDetected,RainAccumulated,RainRate,SnowDepthIntensity,0.21814647760092556,0.04758788568969112
AverageParticleSpeed,KineticEnergy,ParticlesDetected,RainAbsolute,SnowDepthIntensity,0.2181464776009251,0.04758788568969091
AverageParticleSpeed,KineticEnergy,ParticlesDetected,RainAccumulated,SnowDepthIntensity,0.2181464776009251,0.04758788568969091
KineticEnergy,ParticlesDetected,RainAbsolute,SnowDepthIntensity,VolumeEquivalentDiameter,0.2181464776009251,0.04758788568969091
KineticEnergy,ParticlesDetected,RainAccumulated,SnowDepthIntensity,VolumeEquivalentDiameter,0.2181464776009251,0.04758788568969091
AverageParticleSpeed,ParticlesDetected,RainAbsolute,RainIntensity,Temperature,0.21759512619847035,0.04734763894532824
AverageParticleSpeed,ParticlesDetected,RainAccumulated,RainIntensity,Temperature,0.21759512619847035,0.04734763894532824
ParticlesDetected,RainAbsolute,RainIntensity,Temperature,VolumeEquivalentDiameter,0.21759512619847035,0.04734763894532824
ParticlesDetected,RainAccumulated,RainIntensity,Temperature,VolumeEquivalentDiameter,0.21759512619847035,0.04734763894532824
ParticlesDetected,RainAbsolute,RainIntensity,RainRate,Temperature,0.21759512619847027,0.0473476389453282
ParticlesDetected,RainAccumulated,RainIntensity,RainRate,Temperature,0.21759512619847027,0.0473476389453282
KineticEnergy,ParticlesDetected,Pressure,RainAbsolute,SnowDepthIntensity,0.2174938775453984,0.04730358676973275
KineticEnergy,ParticlesDetected,Pressure,RainAccumulated,SnowDepthIntensity,0.2174938775453984,0.04730358676973275
ParticlesDetected,Pressure,RainAbsolute,RainIntensity,Temperature,0.21692805855811256,0.047057782589791916
ParticlesDetected,Pressure,RainAccumulated,RainIntensity,Temperature,0.21692805855811256,0.047057782589791916
KineticEnergy,ParticlesDetected,RainAbsolute,RainRate,Temperature,0.2165876409257006,0.046910206201760216
KineticEnergy,ParticlesDetected,RainAccumulated,RainRate,Temperature,0.2165876409257006,0.046910206201760216
AverageParticleSpeed,KineticEnergy,ParticlesDetected,RainAbsolute,Temperature,0.21658764092570046,0.04691020620176015
AverageParticleSpeed,KineticEnergy,ParticlesDetected,RainAccumulated,Temperature,0.21658764092570046,0.04691020620176015
KineticEnergy,ParticlesDetected,RainAbsolute,Temperature,VolumeEquivalentDiameter,0.21658764092570046,0.04691020620176015
KineticEnergy,ParticlesDetected,RainAccumulated,Temperature,VolumeEquivalentDiameter,0.21658764092570046,0.04691020620176015
AverageParticleSpeed,ParticlesDetected,RainAbsolute,RainRate,WindSpeed,0.216031598819421,0.046669651688475255
AverageParticleSpeed,ParticlesDetected,RainAccumulated,RainRate,WindSpeed,0.216031598819421,0.046669651688475255
ParticlesDetected,RainAbsolute,RainRate,VolumeEquivalentDiameter,WindSpeed,0.216031598819421,0.046669651688475255
ParticlesDetected,RainAccumulated,RainRate,VolumeEquivalentDiameter,WindSpeed,0.216031598819421,0.046669651688475255
AverageParticleSpeed,ParticlesDetected,RainAbsolute,VolumeEquivalentDiameter,WindSpeed,0.21603159881942074,0.04666965168847515
AverageParticleSpeed,ParticlesDetected,RainAccumulated,VolumeEquivalentDiameter,WindSpeed,0.21603159881942074,0.04666965168847515
KineticEnergy,ParticlesDetected,Pressure,RainAbsolute,Temperature,0.21591961823830857,0.04662128154017692
KineticEnergy,ParticlesDetected,Pressure,RainAccumulated,Temperature,0.21591961823830857,0.04662128154017692
KineticEnergy,ParticlesDetected,RainAbsolute,RainIntensity,SnowDepthIntensity,0.21573893507670117,0.04654328810802908
KineticEnergy,ParticlesDetected,RainAccumulated,RainIntensity,SnowDepthIntensity,0.21573893507670117,0.04654328810802908
ParticlesDetected,Pressure,RainAbsolute,RainRate,WindSpeed,0.21524893878858112,0.04633210564961034
ParticlesDetected,Pressure,RainAccumulated,RainRate,WindSpeed,0.21524893878858112,0.04633210564961034
AverageParticleSpeed,ParticlesDetected,Pressure,RainAbsolute,WindSpeed,0.2152489387885811,0.04633210564961033
AverageParticleSpeed,ParticlesDetected,Pressure,RainAccumulated,WindSpeed,0.2152489387885811,0.04633210564961033
ParticlesDetected,Pressure,RainAbsolute,VolumeEquivalentDiameter,WindSpeed,0.2152489387885811,0.04633210564961033
ParticlesDetected,Pressure,RainAccumulated,VolumeEquivalentDiameter,WindSpeed,0.2152489387885811,0.04633210564961033
KineticEnergy,ParticlesDetected,RainAbsolute,RainIntensity,Temperature,0.21419085662603524,0.04587772306219478
KineticEnergy,ParticlesDetected,RainAccumulated,RainIntensity,Temperature,0.21419085662603524,0.04587772306219478
AverageParticleSpeed,RadarReflectivity,RainAbsolute,SnowDepthIntensity,Temperature,0.21406106684745344,0.04582214033986993
AverageParticleSpeed,RadarReflectivity,RainAccumulated,SnowDepthIntensity,Temperature,0.21406106684745344,0.04582214033986993
RadarReflectivity,RainAbsolute,RainRate,SnowDepthIntensity,Temperature,0.21406106684745344,0.04582214033986993
RadarReflectivity,RainAbsolute,SnowDepthIntensity,Temperature,VolumeEquivalentDiameter,0.21406106684745344,0.04582214033986993
RadarReflectivity,RainAccumulated,RainRate,SnowDepthIntensity,Temperature,0.21406106684745344,0.04582214033986993
RadarReflectivity,RainAccumulated,SnowDepthIntensity,Temperature,VolumeEquivalentDiameter,0.21406106684745344,0.04582214033986993
Pressure,RadarReflectivity,RainAbsolute,SnowDepthIntensity,Temperature,0.21340253378953858,0.04554064142779515
Pressure,RadarReflectivity,RainAccumulated,SnowDepthIntensity,Temperature,0.21340253378953858,0.04554064142779515
AverageParticleSpeed,ParticlesDetected,RainAbsolute,RainIntensity,WindSpeed,0.21339395944493417,0.045536981927586206
AverageParticleSpeed,ParticlesDetected,RainAccumulated,RainIntensity,WindSpeed,0.21339395944493417,0.045536981927586206
ParticlesDetected,RainAbsolute,RainIntensity,VolumeEquivalentDiameter,WindSpeed,0.21339395944493417,0.045536981927586206
ParticlesDetected,RainAccumulated,RainIntensity,VolumeEquivalentDiameter,WindSpeed,0.21339395944493417,0.045536981927586206
ParticlesDetected,RainAbsolute,RainIntensity,RainRate,WindSpeed,0.21339395944493408,0.04553698192758617
ParticlesDetected,RainAccumulated,RainIntensity,RainRate,WindSpeed,0.21339395944493408,0.04553698192758617
Humidity,ParticlesDetected,RadarReflectivity,RainAbsolute,RainAccumulated,0.21297436309719125,0.04535807933665426
ParticlesDetected,Pressure,RainAbsolute,RainIntensity,WindSpeed,0.21261007890911673,0.04520304565374084
ParticlesDetected,Pressure,RainAccumulated,RainIntensity,WindSpeed,0.21261007890911673,0.04520304565374084
AverageParticleSpeed,KineticEnergy,ParticlesDetected,RainAbsolute,WindSpeed,0.21227256154054724,0.04505964038298542
AverageParticleSpeed,KineticEnergy,ParticlesDetected,RainAccumulated,WindSpeed,0.21227256154054724,0.04505964038298542
KineticEnergy,ParticlesDetected,RainAbsolute,VolumeEquivalentDiameter,WindSpeed,0.21227256154054724,0.04505964038298542
KineticEnergy,ParticlesDetected,RainAccumulated,VolumeEquivalentDiameter,WindSpeed,0.21227256154054724,0.04505964038298542
KineticEnergy,ParticlesDetected,RainAbsolute,RainRate,WindSpeed,0.21227256154054722,0.045059640382985405
KineticEnergy,ParticlesDetected,RainAccumulated,RainRate,WindSpeed,0.21227256154054722,0.045059640382985405
RadarReflectivity,RainAbsolute,RainIntensity,SnowDepthIntensity,Temperature,0.21185790713783617,0.044883772816824014
RadarReflectivity,RainAccumulated,RainIntensity,SnowDepthIntensity,Temperature,0.21185790713783617,0.044883772816824014
KineticEnergy,ParticlesDetected,Pressure,RainAbsolute,WindSpeed,0.21148831680213637,0.0447273081438008
KineticEnergy,ParticlesDetected,Pressure,RainAccumulated,WindSpeed,0.21148831680213637,0.0447273081438008
RadarReflectivity,RainAbsolute,RainRate,SnowDepthIntensity,WindSpeed,0.21125729417283484,0.04462964434122768
RadarReflectivity,RainAccumulated,RainRate,SnowDepthIntensity,WindSpeed,0.21125729417283484,0.04462964434122768
AverageParticleSpeed,RadarReflectivity,RainAbsolute,SnowDepthIntensity,WindSpeed,0.21125729417283465,0.0446296443412276
AverageParticleSpeed,RadarReflectivity,RainAccumulated,SnowDepthIntensity,WindSpeed,0.21125729417283465,0.0446296443412276
RadarReflectivity,RainAbsolute,SnowDepthIntensity,VolumeEquivalentDiameter,WindSpeed,0.21125729417283465,0.0446296443412276
RadarReflectivity,RainAccumulated,SnowDepthIntensity,VolumeEquivalentDiameter,WindSpeed,0.21125729417283465,0.0446296443412276
KineticEnergy,RadarReflectivity,RainAbsolute,SnowDepthIntensity,Temperature,0.2110104812366913,0.044525423191740056
KineticEnergy,RadarReflectivity,RainAccumulated,SnowDepthIntensity,Temperature,0.2110104812366913,0.044525423191740056
Pressure,RadarReflectivity,RainAbsolute,SnowDepthIntensity,WindSpeed,0.21048870323314584,0.04430549418877134
Pressure,RadarReflectivity,RainAccumulated,SnowDepthIntensity,WindSpeed,0.21048870323314584,0.04430549418877134
AverageParticleSpeed,RainAbsolute,RainAccumulated,RainRate,WeatherCode4680,0.2100137374596382,0.04410576992176584
RainAbsolute,RainAccumulated,RainRate,VolumeEquivalentDiameter,WeatherCode4680,0.2100137374596382,0.04410576992176584
AverageParticleSpeed,RainAbsolute,RainAccumulated,VolumeEquivalentDiameter,WeatherCode4680,0.21001373745963797,0.04410576992176574
AverageParticleSpeed,Pressure,RainAbsolute,RainAccumulated,WeatherCode4680,0.2096993973882472,0.043973837264994015
Pressure,RainAbsolute,RainAccumulated,VolumeEquivalentDiameter,WeatherCode4680,0.2096993973882472,0.043973837264994015
Pressure,RainAbsolute,RainAccumulated,RainRate,WeatherCode4680,0.20969939738824703,0.043973837264993945
KineticEnergy,ParticlesDetected,RainAbsolute,RainIntensity,WindSpeed,0.20966795686646703,0.04396065213655868
KineticEnergy,ParticlesDetected,RainAccumulated,RainIntensity,WindSpeed,0.20966795686646703,0.04396065213655868
RadarReflectivity,RainAbsolute,RainRate,Temperature,WindSpeed,0.20918499455303982,0.0437583619461553
RadarReflectivity,RainAccumulated,RainRate,Temperature,WindSpeed,0.20918499455303982,0.0437583619461553
AverageParticleSpeed,RadarReflectivity,RainAbsolute,Temperature,WindSpeed,0.2091849945530397,0.043758361946155254
AverageParticleSpeed,RadarReflectivity,RainAccumulated,Temperature,WindSpeed,0.2091849945530397,0.043758361946155254
RadarReflectivity,RainAbsolute,Temperature,VolumeEquivalentDiameter,WindSpeed,0.2091849945530397,0.043758361946155254
RadarReflectivity,RainAccumulated,Temperature,VolumeEquivalentDiameter,WindSpeed,0.2091849945530397,0.043758361946155254
RainAbsolute,RainAccumulated,RainIntensity,RainRate,WeatherCode4680,0.20905350378902027,0.04370336744646591
AverageParticleSpeed,RainAbsolute,RainAccumulated,RainIntensity,WeatherCode4680,0.20905350378902005,0.043703367446465816
RainAbsolute,RainAccumulated,RainIntensity,VolumeEquivalentDiameter,WeatherCode4680,0.20905350378902005,0.043703367446465816
Humidity,RainAbsolute,SnowDepthIntensity,Temperature,WindSpeed,0.20888565819664398,0.043633218200245176
Humidity,RainAccumulated,SnowDepthIntensity,Temperature,WindSpeed,0.20888565819664398,0.043633218200245176
RadarReflectivity,RainAbsolute,RainIntensity,SnowDepthIntensity,WindSpeed,0.2088321488536063,0.043610866394814776
RadarReflectivity,RainAccumulated,RainIntensity,SnowDepthIntensity,WindSpeed,0.2088321488536063,0.043610866394814776
Pressure,RainAbsolute,RainAccumulated,RainIntensity,WeatherCode4680,0.20873883633134427,0.04357190179296373
AverageParticleSpeed,KineticEnergy,RainAbsolute,RainAccumulated,WeatherCode4680,0.20872795138441752,0.04356735768913576
KineticEnergy,RainAbsolute,RainAccumulated,VolumeEquivalentDiameter,WeatherCode4680,0.20872795138441752,0.04356735768913576
KineticEnergy,RainAbsolute,RainAccumulated,RainRate,WeatherCode4680,0.2087279513844174,0.043567357689135715
KineticEnergy,Pressure,RainAbsolute,RainAccumulated,WeatherCode4680,0.20841318757073146,0.0434360567533929
Pressure,RadarReflectivity,RainAbsolute,Temperature,WindSpeed,0.2083949727231495,0.04342846465628222
Pressure,RadarReflectivity,RainAccumulated,Temperature,WindSpeed,0.2083949727231495,0.04342846465628222
AverageParticleSpeed,Humidity,Pressure,RainRate,VolumeEquivalentDiameter,-0.2081044296329237,0.04330745363284449
KineticEnergy,RadarReflectivity,RainAbsolute,SnowDepthIntensity,WindSpeed,0.20788155748901183,0.043214741944057326
KineticEnergy,RadarReflectivity,RainAccumulated,SnowDepthIntensity,WindSpeed,0.20788155748901183,0.043214741944057326
KineticEnergy,RainAbsolute,RainAccumulated,RainIntensity,WeatherCode4680,0.20776811728800498,0.043167590561402194
RadarReflectivity,RainAbsolute,RainIntensity,Temperature,WindSpeed,0.2067857140208468,0.04276033152311144
RadarReflectivity,RainAccumulated,RainIntensity,Temperature,WindSpeed,0.2067857140208468,0.04276033152311144
AverageParticleSpeed,Humidity,Pressure,RainIntensity,VolumeEquivalentDiameter,-0.20651844182548318,0.04264986681402548
AverageParticleSpeed,Humidity,Pressure,RainIntensity,RainRate,-0.2065184418254831,0.042649866814025446
Humidity,Pressure,RainIntensity,RainRate,VolumeEquivalentDiameter,-0.2065184418254831,0.042649866814025446
KineticEnergy,RadarReflectivity,RainAbsolute,Temperature,WindSpeed,0.2058201169243037,0.04236192053073404
KineticEnergy,RadarReflectivity,RainAccumulated,Temperature,WindSpeed,0.2058201169243037,0.04236192053073404
AverageParticleSpeed,Humidity,KineticEnergy,Pressure,RainRate,-0.20540895175009322,0.042192837459072124
Humidity,KineticEnergy,Pressure,RainRate,VolumeEquivalentDiameter,-0.20540895175009322,0.042192837459072124
AverageParticleSpeed,Humidity,KineticEnergy,Pressure,VolumeEquivalentDiameter,-0.2054089517500931,0.042192837459072076
AverageParticleSpeed,Humidity,KineticEnergy,Pressure,RainIntensity,-0.20345097221806277,0.04139229809647495
Humidity,KineticEnergy,Pressure,RainIntensity,VolumeEquivalentDiameter,-0.20345097221806277,0.04139229809647495
Humidity,KineticEnergy,Pressure,RainIntensity,RainRate,-0.20345097221806271,0.041392298096474926
AverageParticleSpeed,Humidity,RainIntensity,RainRate,VolumeEquivalentDiameter,-0.20330537108128333,0.041333073910498314
AverageParticleSpeed,Pressure,RainRate,Temperature,WindSpeed,-0.20289960291415074,0.041168248862720046
Pressure,RainRate,Temperature,VolumeEquivalentDiameter,WindSpeed,-0.20289960291415074,0.041168248862720046
AverageParticleSpeed,Pressure,Temperature,VolumeEquivalentDiameter,WindSpeed,-0.2028996029141507,0.04116824886272004
AverageParticleSpeed,Humidity,KineticEnergy,RainRate,VolumeEquivalentDiameter,-0.2022136724229584,0.040890369314779525
AverageParticleSpeed,Pressure,RainIntensity,Temperature,WindSpeed,-0.20174461943532096,0.040700891471102486
Pressure,RainIntensity,Temperature,VolumeEquivalentDiameter,WindSpeed,-0.20174461943532096,0.040700891471102486
Pressure,RainIntensity,RainRate,Temperature,WindSpeed,-0.20174461943532085,0.04070089147110244
AverageParticleSpeed,RainAbsolute,RainAccumulated,SnowDepthIntensity,WeatherCode4680,0.20173294256911767,0.040696180117594925
RainAbsolute,RainAccumulated,SnowDepthIntensity,VolumeEquivalentDiameter,WeatherCode4680,0.20173294256911767,0.040696180117594925
RainAbsolute,RainAccumulated,RainRate,SnowDepthIntensity,WeatherCode4680,0.2017329425691176,0.040696180117594905
Pressure,RainAbsolute,RainAccumulated,SnowDepthIntensity,WeatherCode4680,0.20141572663431892,0.04056829493563069
RainAbsolute,RainAccumulated,RainIntensity,SnowDepthIntensity,WeatherCode4680,0.20080102886098955,0.040321053191631956
AverageParticleSpeed,ParticlesDetected,RainAbsolute,SnowDepthIntensity,Temperature,0.20066367225978488,0.04026590936478236
AverageParticleSpeed,ParticlesDetected,RainAccumulated,SnowDepthIntensity,Temperature,0.20066367225978488,0.04026590936478236
ParticlesDetected,RainAbsolute,SnowDepthIntensity,Temperature,VolumeEquivalentDiameter,0.20066367225978488,0.04026590936478236
ParticlesDetected,RainAccumulated,SnowDepthIntensity,Temperature,VolumeEquivalentDiameter,0.20066367225978488,0.04026590936478236
ParticlesDetected,RainAbsolute,RainRate,SnowDepthIntensity,Temperature,0.20066367225978465,0.04026590936478227
ParticlesDetected,RainAccumulated,RainRate,SnowDepthIntensity,Temperature,0.20066367225978465,0.04026590936478227
KineticEnergy,RainAbsolute,RainAccumulated,SnowDepthIntensity,WeatherCode4680,0.2004880836006556,0.040195471665863465
AverageParticleSpeed,Humidity,KineticEnergy,RainIntensity,VolumeEquivalentDiameter,-0.2002976460594605,0.040119147016960906
AverageParticleSpeed,Humidity,KineticEnergy,RainIntensity,RainRate,-0.20029764605946004,0.04011914701696073
Humidity,KineticEnergy,RainIntensity,RainRate,VolumeEquivalentDiameter,-0.20029764605946004,0.04011914701696073
AverageParticleSpeed,KineticEnergy,Pressure,Temperature,WindSpeed,-0.20005174607347562,0.040020701107046364
KineticEnergy,Pressure,Temperature,VolumeEquivalentDiameter,WindSpeed,-0.20005174607347562,0.040020701107046364
KineticEnergy,Pressure,RainRate,Temperature,WindSpeed,-0.2000517460734755,0.04002070110704632
AverageParticleSpeed,RainAbsolute,RainAccumulated,Temperature,WeatherCode4680,0.20001599861417807,0.04000639970162689
RainAbsolute,RainAccumulated,Temperature,VolumeEquivalentDiameter,WeatherCode4680,0.20001599861417807,0.04000639970162689
RainAbsolute,RainAccumulated,RainRate,Temperature,WeatherCode4680,0.2000159986141777,0.04000639970162674
ParticlesDetected,Pressure,RainAbsolute,SnowDepthIntensity,Temperature,0.19998277711973125,0.03999311114452011
ParticlesDetected,Pressure,RainAccumulated,SnowDepthIntensity,Temperature,0.19998277711973125,0.03999311114452011
Pressure,RainAbsolute,RainAccumulated,Temperature,WeatherCode4680,0.19969495046585486,0.03987807324156023
AverageParticleSpeed,RainRate,Temperature,VolumeEquivalentDiameter,WindSpeed,-0.19947541440039065,0.03979044095020758
RainAbsolute,RainAccumulated,RainIntensity,Temperature,WeatherCode4680,0.19909833857716494,0.03964014842418741
RainAbsolute,RainAccumulated,RainRate,WeatherCode4680,WindSpeed,0.19901544606115038,0.03960714777091866
AverageParticleSpeed,RainAbsolute,RainAccumulated,WeatherCode4680,WindSpeed,0.19901544606115018,0.039607147770918574
RainAbsolute,RainAccumulated,VolumeEquivalentDiameter,WeatherCode4680,WindSpeed,0.19901544606115018,0.039607147770918574
KineticEnergy,RainAbsolute,RainAccumulated,Temperature,WeatherCode4680,0.1987875517345533,0.03951649072461771
Pressure,RainAbsolute,RainAccumulated,WeatherCode4680,WindSpeed,0.1986717316084495,0.03947045694029979
ParticlesDetected,RainAbsolute,RainIntensity,SnowDepthIntensity,Temperature,0.19846023072478367,0.03938646317933436
ParticlesDetected,RainAccumulated,RainIntensity,SnowDepthIntensity,Temperature,0.19846023072478367,0.03938646317933436
AverageParticleSpeed,RainIntensity,RainRate,Temperature,WindSpeed,-0.19833133986842616,0.03933532037400517
RainIntensity,RainRate,Temperature,VolumeEquivalentDiameter,WindSpeed,-0.19833133986842616,0.03933532037400517
AverageParticleSpeed,RainIntensity,Temperature,VolumeEquivalentDiameter,WindSpeed,-0.19833133986842613,0.03933532037400516
KineticEnergy,Pressure,RainIntensity,Temperature,WindSpeed,-0.19809542037766065,0.03924179557460209
RainAbsolute,RainAccumulated,RainIntensity,WeatherCode4680,WindSpeed,0.198051367409981,0.03922434413296328
KineticEnergy,RainAbsolute,RainAccumulated,WeatherCode4680,WindSpeed,0.1977227335691905,0.0390942793700731
KineticEnergy,ParticlesDetected,RainAbsolute,SnowDepthIntensity,Temperature,0.19757934594637402,0.03903759794459694
KineticEnergy,ParticlesDetected,RainAccumulated,SnowDepthIntensity,Temperature,0.19757934594637402,0.03903759794459694
AverageParticleSpeed,KineticEnergy,RainRate,Temperature,WindSpeed,-0.19664502779913465,0.038669266958122436
KineticEnergy,RainRate,Temperature,VolumeEquivalentDiameter,WindSpeed,-0.19664502779913465,0.038669266958122436
AverageParticleSpeed,KineticEnergy,Temperature,VolumeEquivalentDiameter,WindSpeed,-0.19664502779913462,0.03866926695812243
AverageParticleSpeed,ParticlesDetected,RainAbsolute,SnowDepthIntensity,WindSpeed,0.1952240614586945,0.03811243417242813
AverageParticleSpeed,ParticlesDetected,RainAccumulated,SnowDepthIntensity,WindSpeed,0.1952240614586945,0.03811243417242813
ParticlesDetected,RainAbsolute,RainRate,SnowDepthIntensity,WindSpeed,0.1952240614586945,0.03811243417242813
ParticlesDetected,RainAbsolute,SnowDepthIntensity,VolumeEquivalentDiameter,WindSpeed,0.1952240614586945,0.03811243417242813
ParticlesDetected,RainAccumulated,RainRate,SnowDepthIntensity,WindSpeed,0.1952240614586945,0.03811243417242813
ParticlesDetected,RainAccumulated,SnowDepthIntensity,VolumeEquivalentDiameter,WindSpeed,0.1952240614586945,0.03811243417242813
AverageParticleSpeed,KineticEnergy,RainIntensity,Temperature,WindSpeed,-0.19470606687538045,0.03791045247808012
KineticEnergy,RainIntensity,Temperature,VolumeEquivalentDiameter,WindSpeed,-0.19470606687538045,0.03791045247808012
KineticEnergy,RainIntensity,RainRate,Temperature,WindSpeed,-0.1947060668753803,0.037910452478080066
ParticlesDetected,Pressure,RainAbsolute,SnowDepthIntensity,WindSpeed,0.19443535950367202,0.037805109025322185
ParticlesDetected,Pressure,RainAccumulated,SnowDepthIntensity,WindSpeed,0.19443535950367202,0.037805109025322185
AverageParticleSpeed,ParticlesDetected,RainAbsolute,Temperature,WindSpeed,0.19335959842973313,0.03738793430490765
AverageParticleSpeed,ParticlesDetected,RainAccumulated,Temperature,WindSpeed,0.19335959842973313,0.03738793430490765
ParticlesDetected,RainAbsolute,Temperature,VolumeEquivalentDiameter,WindSpeed,0.19335959842973313,0.03738793430490765
ParticlesDetected,RainAccumulated,Temperature,VolumeEquivalentDiameter,WindSpeed,0.19335959842973313,0.03738793430490765
ParticlesDetected,RainAbsolute,RainRate,Temperature,WindSpeed,0.193359598429733,0.037387934304907604
ParticlesDetected,RainAccumulated,RainRate,Temperature,WindSpeed,0.193359598429733,0.037387934304907604
ParticlesDetected,RainAbsolute,RainIntensity,SnowDepthIntensity,WindSpeed,0.1928529283178956,0.03719225196078738
ParticlesDetected,RainAccumulated,RainIntensity,SnowDepthIntensity,WindSpeed,0.1928529283178956,0.03719225196078738
ParticlesDetected,Pressure,RainAbsolute,Temperature,WindSpeed,0.19254827545833006,0.03707483838197695
ParticlesDetected,Pressure,RainAccumulated,Temperature,WindSpeed,0.19254827545833006,0.03707483838197695
RainAbsolute,RainAccumulated,SnowDepthIntensity,Temperature,WeatherCode4680,0.192097830779126,0.03690157659004573
KineticEnergy,ParticlesDetected,RainAbsolute,SnowDepthIntensity,WindSpeed,0.1918893815001338,0.03682153473250389
KineticEnergy,ParticlesDetected,RainAccumulated,SnowDepthIntensity,WindSpeed,0.1918893815001338,0.03682153473250389
ParticlesDetected,RainAbsolute,RainIntensity,Temperature,WindSpeed,0.190990665140786,0.03647743417091985
ParticlesDetected,RainAccumulated,RainIntensity,Temperature,WindSpeed,0.190990665140786,0.03647743417091985
RainAbsolute,RainAccumulated,SnowDepthIntensity,WeatherCode4680,WindSpeed,0.19072661036989874,0.03637663990319116
AverageParticleSpeed,Humidity,Pressure,Temperature,VolumeEquivalentDiameter,-0.19034124278495737,0.036229788704922085
AverageParticleSpeed,Humidity,Pressure,RainRate,Temperature,-0.19034124278495734,0.03622978870492208
Humidity,Pressure,RainRate,Temperature,VolumeEquivalentDiameter,-0.19034124278495734,0.03622978870492208
KineticEnergy,ParticlesDetected,RainAbsolute,Temperature,WindSpeed,0.1900046632980369,0.036101772075000364
KineticEnergy,ParticlesDetected,RainAccumulated,Temperature,WindSpeed,0.1900046632980369,0.036101772075000364
AverageParticleSpeed,Humidity,Pressure,RainIntensity,Temperature,-0.18906194651179506,0.035744419618828856
Humidity,Pressure,RainIntensity,Temperature,VolumeEquivalentDiameter,-0.18906194651179506,0.035744419618828856
Humidity,Pressure,RainIntensity,RainRate,Temperature,-0.18906194651179503,0.03574441961882885
RainAbsolute,RainAccumulated,Temperature,WeatherCode4680,WindSpeed,0.1889676034720497,0.03570875516196981
RadarReflectivity,RainAbsolute,SnowDepthIntensity,Temperature,WindSpeed,0.18863365309946875,0.03558265508165072
RadarReflectivity,RainAccumulated,SnowDepthIntensity,Temperature,WindSpeed,0.18863365309946875,0.03558265508165072
Humidity,KineticEnergy,Pressure,RainRate,Temperature,-0.18823068339160298,0.035430790170069885
AverageParticleSpeed,Humidity,KineticEnergy,Pressure,Temperature,-0.1882306833916029,0.03543079017006985
Humidity,KineticEnergy,Pressure,Temperature,VolumeEquivalentDiameter,-0.1882306833916029,0.03543079017006985
AverageParticleSpeed,Humidity,RainRate,Temperature,VolumeEquivalentDiameter,-0.1877793205417684,0.03526107322312821
AverageParticleSpeed,Humidity,Pressure,RainRate,SnowDepthIntensity,-0.18751514938169905,0.03516193124764091
Humidity,Pressure,RainRate,SnowDepthIntensity,VolumeEquivalentDiameter,-0.18751514938169905,0.03516193124764091
AverageParticleSpeed,Humidity,Pressure,SnowDepthIntensity,VolumeEquivalentDiameter,-0.18751514938169903,0.0351619312476409
Humidity,KineticEnergy,Pressure,RainIntensity,Temperature,-0.18676057138209123,0.034879511022965194
AverageParticleSpeed,Humidity,RainIntensity,RainRate,Temperature,-0.18652679920528378,0.034792246821768257
Humidity,RainIntensity,RainRate,Temperature,VolumeEquivalentDiameter,-0.18652679920528378,0.034792246821768257
AverageParticleSpeed,Humidity,RainIntensity,Temperature,VolumeEquivalentDiameter,-0.1865267992052837,0.03479224682176822
AverageParticleSpeed,Humidity,KineticEnergy,RainRate,Temperature,-0.1857077269915882,0.034487359864382255
Humidity,KineticEnergy,RainRate,Temperature,VolumeEquivalentDiameter,-0.1857077269915882,0.034487359864382255
AverageParticleSpeed,Humidity,KineticEnergy,Temperature,VolumeEquivalentDiameter,-0.18570772699158808,0.034487359864382214
AverageParticleSpeed,Humidity,Pressure,RainIntensity,SnowDepthIntensity,-0.18535008255934793,0.03435465310475709
Humidity,Pressure,RainIntensity,RainRate,SnowDepthIntensity,-0.18535008255934793,0.03435465310475709
Humidity,Pressure,RainIntensity,SnowDepthIntensity,VolumeEquivalentDiameter,-0.18535008255934793,0.03435465310475709
AverageParticleSpeed,Humidity,RainRate,SnowDepthIntensity,VolumeEquivalentDiameter,-0.1847117475983954,0.034118429700853325
AverageParticleSpeed,Humidity,KineticEnergy,Pressure,SnowDepthIntensity,-0.18426978204806904,0.03395535257604287
Humidity,KineticEnergy,Pressure,SnowDepthIntensity,VolumeEquivalentDiameter,-0.18426978204806904,0.03395535257604287
Humidity,KineticEnergy,Pressure,RainRate,SnowDepthIntensity,-0.18426978204806896,0.03395535257604284
AverageParticleSpeed,Humidity,KineticEnergy,RainIntensity,Temperature,-0.1842666780630112,0.03395420864437741
Humidity,KineticEnergy,RainIntensity,Temperature,VolumeEquivalentDiameter,-0.1842666780630112,0.03395420864437741
Humidity,KineticEnergy,RainIntensity,RainRate,Temperature,-0.18426667806301117,0.0339542086443774
AverageParticleSpeed,Humidity,RainIntensity,RainRate,SnowDepthIntensity,-0.18259056255149703,0.03333931353287215
Humidity,RainIntensity,RainRate,SnowDepthIntensity,VolumeEquivalentDiameter,-0.18259056255149703,0.03333931353287215
AverageParticleSpeed,Humidity,RainIntensity,SnowDepthIntensity,VolumeEquivalentDiameter,-0.18259056255149667,0.03333931353287202
Humidity,KineticEnergy,Pressure,RainIntensity,SnowDepthIntensity,-0.18198181382918624,0.0331173805645606
AverageParticleSpeed,Humidity,KineticEnergy,RainRate,SnowDepthIntensity,-0.18152784556013732,0.03295235871370507
Humidity,KineticEnergy,RainRate,SnowDepthIntensity,VolumeEquivalentDiameter,-0.18152784556013732,0.03295235871370507
AverageParticleSpeed,Humidity,KineticEnergy,SnowDepthIntensity,VolumeEquivalentDiameter,-0.18152784556013687,0.0329523587137049
Humidity,KineticEnergy,RainIntensity,RainRate,SnowDepthIntensity,-0.17928538795270832,0.03214325033335313
AverageParticleSpeed,Humidity,KineticEnergy,RainIntensity,SnowDepthIntensity,-0.17928538795270807,0.03214325033335304
Humidity,KineticEnergy,RainIntensity,SnowDepthIntensity,VolumeEquivalentDiameter,-0.17928538795270807,0.03214325033335304
AverageParticleSpeed,Pressure,SnowDepthIntensity,Temperature,WindSpeed,-0.17898924057543925,0.032037148241772465
Pressure,SnowDepthIntensity,Temperature,VolumeEquivalentDiameter,WindSpeed,-0.17898924057543925,0.032037148241772465
Pressure,RainRate,SnowDepthIntensity,Temperature,WindSpeed,-0.17898924057543916,0.03203714824177244
AverageParticleSpeed,Pressure,RainIntensity,RainRate,WindSpeed,-0.1786626059921342,0.031920326779900594
Pressure,RainIntensity,RainRate,VolumeEquivalentDiameter,WindSpeed,-0.1786626059921342,0.031920326779900594
AverageParticleSpeed,Pressure,RainIntensity,VolumeEquivalentDiameter,WindSpeed,-0.1786626059921341,0.03192032677990055
KineticEnergy,Pressure,RainIntensity,RainRate,WindSpeed,-0.17815973019275835,0.03174088946235645
AverageParticleSpeed,KineticEnergy,Pressure,RainIntensity,WindSpeed,-0.1781597301927583,0.03174088946235643
KineticEnergy,Pressure,RainIntensity,VolumeEquivalentDiameter,WindSpeed,-0.1781597301927583,0.03174088946235643
AverageParticleSpeed,KineticEnergy,Pressure,RainRate,WindSpeed,-0.17775889592774888,0.031598225081452255
KineticEnergy,Pressure,RainRate,VolumeEquivalentDiameter,WindSpeed,-0.17775889592774888,0.031598225081452255
AverageParticleSpeed,KineticEnergy,Pressure,VolumeEquivalentDiameter,WindSpeed,-0.17775889592774874,0.03159822508145221
AverageParticleSpeed,Pressure,RainRate,VolumeEquivalentDiameter,WindSpeed,-0.17700348958550383,0.031330235325445564
Pressure,RainIntensity,SnowDepthIntensity,Temperature,WindSpeed,-0.1763803005780679,0.031110010432009574
Humidity,Pressure,RainRate,SnowDepthIntensity,Temperature,-0.1758709254077898,0.03093058240379237
AverageParticleSpeed,Humidity,Pressure,SnowDepthIntensity,Temperature,-0.17587092540778954,0.030930582403792272
Humidity,Pressure,SnowDepthIntensity,Temperature,VolumeEquivalentDiameter,-0.17587092540778954,0.030930582403792272
AverageParticleSpeed,RainRate,SnowDepthIntensity,Temperature,WindSpeed,-0.17586604843982054,0.030928866993837303
RainRate,SnowDepthIntensity,Temperature,VolumeEquivalentDiameter,WindSpeed,-0.17586604843982054,0.030928866993837303
AverageParticleSpeed,SnowDepthIntensity,Temperature,VolumeEquivalentDiameter,WindSpeed,-0.17586604843982037,0.030928866993837244
KineticEnergy,Pressure,SnowDepthIntensity,Temperature,WindSpeed,-0.1748148357902574,0.030560226812374656
AverageParticleSpeed,Humidity,RadarReflectivity,RainAbsolute,VolumeEquivalentDiameter,0.17472596220190614,0.030529161867381933
AverageParticleSpeed,Humidity,RadarReflectivity,RainAccumulated,VolumeEquivalentDiameter,0.17472596220190614,0.030529161867381933
AverageParticleSpeed,Humidity,RadarReflectivity,RainAbsolute,RainRate,0.17472596220190587,0.030529161867381836
AverageParticleSpeed,Humidity,RadarReflectivity,RainAccumulated,RainRate,0.17472596220190587,0.030529161867381836
Humidity,RadarReflectivity,RainAbsolute,RainRate,VolumeEquivalentDiameter,0.17472596220190587,0.030529161867381836
Humidity,RadarReflectivity,RainAccumulated,RainRate,VolumeEquivalentDiameter,0.17472596220190587,0.030529161867381836
AverageParticleSpeed,RainIntensity,RainRate,VolumeEquivalentDiameter,WindSpeed,-0.17465186702772806,0.030503274656271204
ParticlesDetected,RainAbsolute,SnowDepthIntensity,Temperature,WindSpeed,0.1745778732015322,0.030477433811570257
ParticlesDetected,RainAccumulated,SnowDepthIntensity,Temperature,WindSpeed,0.1745778732015322,0.030477433811570257
Humidity,RainAbsolute,RainAccumulated,RainRate,WeatherCode4680,0.1744899946244317,0.03044675822403421
AverageParticleSpeed,Humidity,RainAbsolute,RainAccumulated,WeatherCode4680,0.17448999462443163,0.030446758224034177
Humidity,RainAbsolute,RainAccumulated,VolumeEquivalentDiameter,WeatherCode4680,0.17448999462443163,0.030446758224034177
Humidity,Pressure,RainIntensity,SnowDepthIntensity,Temperature,-0.17428192307509474,0.03037418871075324
AverageParticleSpeed,KineticEnergy,RainIntensity,RainRate,WindSpeed,-0.17417016610713548,0.030335246761787164
KineticEnergy,RainIntensity,RainRate,VolumeEquivalentDiameter,WindSpeed,-0.17417016610713548,0.030335246761787164
AverageParticleSpeed,KineticEnergy,RainIntensity,VolumeEquivalentDiameter,WindSpeed,-0.17417016610713543,0.030335246761787147
Humidity,Pressure,RainAbsolute,RainAccumulated,WeatherCode4680,0.17414400966617222,0.03032613610261188
AverageParticleSpeed,Humidity,Pressure,RadarReflectivity,RainAbsolute,0.17394769102706173,0.03025779921364613
AverageParticleSpeed,Humidity,Pressure,RadarReflectivity,RainAccumulated,0.17394769102706173,0.03025779921364613
Humidity,Pressure,RadarReflectivity,RainAbsolute,RainRate,0.17394769102706173,0.03025779921364613
Humidity,Pressure,RadarReflectivity,RainAbsolute,VolumeEquivalentDiameter,0.17394769102706173,0.03025779921364613
Humidity,Pressure,RadarReflectivity,RainAccumulated,RainRate,0.17394769102706173,0.03025779921364613
Humidity,Pressure,RadarReflectivity,RainAccumulated,VolumeEquivalentDiameter,0.17394769102706173,0.03025779921364613
AverageParticleSpeed,KineticEnergy,RainRate,VolumeEquivalentDiameter,WindSpeed,-0.1737538461187346,0.0301903990410529
Humidity,RainAbsolute,RainAccumulated,RainIntensity,WeatherCode4680,0.17364300001081154,0.030151891452754695
AverageParticleSpeed,Humidity,RainRate,SnowDepthIntensity,Temperature,-0.17360148986426416,0.030137477283092212
Humidity,RainRate,SnowDepthIntensity,Temperature,VolumeEquivalentDiameter,-0.17360148986426416,0.030137477283092212
AverageParticleSpeed,Humidity,SnowDepthIntensity,Temperature,VolumeEquivalentDiameter,-0.17360148986426388,0.030137477283092115
Humidity,KineticEnergy,Pressure,SnowDepthIntensity,Temperature,-0.17347127797671089,0.030092284282873298
Humidity,KineticEnergy,RainAbsolute,RainAccumulated,WeatherCode4680,0.17336039194901792,0.030053825496717118
AverageParticleSpeed,RainIntensity,SnowDepthIntensity,Temperature,WindSpeed,-0.17329654888720583,0.03003169385621572
RainIntensity,RainRate,SnowDepthIntensity,Temperature,WindSpeed,-0.17329654888720583,0.03003169385621572
RainIntensity,SnowDepthIntensity,Temperature,VolumeEquivalentDiameter,WindSpeed,-0.17329654888720583,0.03003169385621572
Humidity,RadarReflectivity,RainAbsolute,RainIntensity,RainRate,0.17273435199147363,0.029837156357914313
Humidity,RadarReflectivity,RainAccumulated,RainIntensity,RainRate,0.17273435199147363,0.029837156357914313
AverageParticleSpeed,Humidity,RadarReflectivity,RainAbsolute,RainIntensity,0.17273435199147355,0.02983715635791428
AverageParticleSpeed,Humidity,RadarReflectivity,RainAccumulated,RainIntensity,0.17273435199147355,0.02983715635791428
Humidity,RadarReflectivity,RainAbsolute,RainIntensity,VolumeEquivalentDiameter,0.17273435199147355,0.02983715635791428
Humidity,RadarReflectivity,RainAccumulated,RainIntensity,VolumeEquivalentDiameter,0.17273435199147355,0.02983715635791428
Humidity,RainIntensity,RainRate,SnowDepthIntensity,Temperature,-0.17204188827870895,0.029598411322503772
AverageParticleSpeed,Humidity,RainIntensity,SnowDepthIntensity,Temperature,-0.17204188827870887,0.029598411322503744
Humidity,RainIntensity,SnowDepthIntensity,Temperature,VolumeEquivalentDiameter,-0.17204188827870887,0.029598411322503744
Humidity,KineticEnergy,RadarReflectivity,RainAbsolute,RainRate,0.17197596213429922,0.02957573155201792
Humidity,KineticEnergy,RadarReflectivity,RainAccumulated,RainRate,0.17197596213429922,0.02957573155201792
AverageParticleSpeed,Humidity,KineticEnergy,RadarReflectivity,RainAbsolute,0.1719759621342992,0.02957573155201791
AverageParticleSpeed,Humidity,KineticEnergy,RadarReflectivity,RainAccumulated,0.1719759621342992,0.02957573155201791
Humidity,KineticEnergy,RadarReflectivity,RainAbsolute,VolumeEquivalentDiameter,0.1719759621342992,0.02957573155201791
Humidity,KineticEnergy,RadarReflectivity,RainAccumulated,VolumeEquivalentDiameter,0.1719759621342992,0.02957573155201791
Humidity,Pressure,RadarReflectivity,RainAbsolute,RainIntensity,0.17195619590503286,0.02956893331013004
Humidity,Pressure,RadarReflectivity,RainAccumulated,RainIntensity,0.17195619590503286,0.02956893331013004
AverageParticleSpeed,KineticEnergy,SnowDepthIntensity,Temperature,WindSpeed,-0.17174893897816076,0.02949769804012399
KineticEnergy,SnowDepthIntensity,Temperature,VolumeEquivalentDiameter,WindSpeed,-0.17174893897816076,0.02949769804012399
KineticEnergy,RainRate,SnowDepthIntensity,Temperature,WindSpeed,-0.17174893897816074,0.02949769804012398
AverageParticleSpeed,Humidity,KineticEnergy,SnowDepthIntensity,Temperature,-0.17124301510002857,0.02932417022054861
Humidity,KineticEnergy,SnowDepthIntensity,Temperature,VolumeEquivalentDiameter,-0.17124301510002857,0.02932417022054861
Humidity,KineticEnergy,RainRate,SnowDepthIntensity,Temperature,-0.1712430151000284,0.029324170220548555
Humidity,KineticEnergy,Pressure,RadarReflectivity,RainAbsolute,0.17119805400452412,0.029308773694935956
Humidity,KineticEnergy,Pressure,RadarReflectivity,RainAccumulated,0.17119805400452412,0.029308773694935956
Humidity,KineticEnergy,RadarReflectivity,RainAbsolute,RainIntensity,0.17000084188609296,0.02890028624198038
Humidity,KineticEnergy,RadarReflectivity,RainAccumulated,RainIntensity,0.17000084188609296,0.02890028624198038
Humidity,KineticEnergy,RainIntensity,SnowDepthIntensity,Temperature,-0.1696061218697017,0.028766236575680105
KineticEnergy,RainIntensity,SnowDepthIntensity,Temperature,WindSpeed,-0.16898969805068406,0.028557518047261372
Humidity,RainAbsolute,RainAccumulated,SnowDepthIntensity,WeatherCode4680,0.16716903593577506,0.027945486575696454
AverageParticleSpeed,RadarReflectivity,RainAbsolute,RainAccumulated,WeatherCode4680,0.1671667292150803,0.027944715356467982
RadarReflectivity,RainAbsolute,RainAccumulated,VolumeEquivalentDiameter,WeatherCode4680,0.1671667292150803,0.027944715356467982
RadarReflectivity,RainAbsolute,RainAccumulated,RainRate,WeatherCode4680,0.16716672921508016,0.027944715356467937
Pressure,RadarReflectivity,RainAbsolute,RainAccumulated,WeatherCode4680,0.16685622528071342,0.02784099991492819
RadarReflectivity,RainAbsolute,RainAccumulated,RainIntensity,WeatherCode4680,0.166434712921321,0.02770051366520254
AverageParticleSpeed,Pressure,RainRate,SnowDepthIntensity,WindSpeed,-0.16635641381128485,0.027674456416151447
Pressure,RainRate,SnowDepthIntensity,VolumeEquivalentDiameter,WindSpeed,-0.16635641381128485,0.027674456416151447
AverageParticleSpeed,Pressure,SnowDepthIntensity,VolumeEquivalentDiameter,WindSpeed,-0.16635641381128466,0.02767445641615138
KineticEnergy,RadarReflectivity,RainAbsolute,RainAccumulated,WeatherCode4680,0.16617968077477335,0.027615686302405577
Humidity,RainAbsolute,RainAccumulated,Temperature,WeatherCode4680,0.16481231542637764,0.0271630993162038
AverageParticleSpeed,Pressure,RainIntensity,SnowDepthIntensity,WindSpeed,-0.16449958003822449,0.027060111832752223
Pressure,RainIntensity,SnowDepthIntensity,VolumeEquivalentDiameter,WindSpeed,-0.16449958003822449,0.027060111832752223
Pressure,RainIntensity,RainRate,SnowDepthIntensity,WindSpeed,-0.1644995800382244,0.027060111832752195
ParticlesDetected,RainAbsolute,RainAccumulated,RainRate,WeatherCode4680,0.16381241903757388,0.026834508630941695
AverageParticleSpeed,ParticlesDetected,RainAbsolute,RainAccumulated,WeatherCode4680,0.16381241903757385,0.026834508630941688
ParticlesDetected,RainAbsolute,RainAccumulated,VolumeEquivalentDiameter,WeatherCode4680,0.16381241903757385,0.026834508630941688
ParticlesDetected,Pressure,RainAbsolute,RainAccumulated,WeatherCode4680,0.16349962869704238,0.026732128584070723
ParticlesDetected,RainAbsolute,RainAccumulated,RainIntensity,WeatherCode4680,0.1630662246076031,0.026590593607777258
KineticEnergy,Pressure,RainRate,SnowDepthIntensity,WindSpeed,-0.16304924657561343,0.02658505680887519
AverageParticleSpeed,KineticEnergy,Pressure,SnowDepthIntensity,WindSpeed,-0.16304924657561323,0.026585056808875122
KineticEnergy,Pressure,SnowDepthIntensity,VolumeEquivalentDiameter,WindSpeed,-0.16304924657561323,0.026585056808875122
Humidity,RainAbsolute,RainAccumulated,WeatherCode4680,WindSpeed,0.16296837408593598,0.02655869095221357
KineticEnergy,ParticlesDetected,RainAbsolute,RainAccumulated,WeatherCode4680,0.16280013908451876,0.026503885285938653
AverageParticleSpeed,RainRate,SnowDepthIntensity,VolumeEquivalentDiameter,WindSpeed,-0.1626638007016479,0.02645951205870543
AverageParticleSpeed,Humidity,ParticlesDetected,RainAbsolute,RainRate,0.1622766070119634,0.026333697183315206
AverageParticleSpeed,Humidity,ParticlesDetected,RainAccumulated,RainRate,0.1622766070119634,0.026333697183315206
Humidity,ParticlesDetected,RainAbsolute,RainRate,VolumeEquivalentDiameter,0.1622766070119634,0.026333697183315206
Humidity,ParticlesDetected,RainAccumulated,RainRate,VolumeEquivalentDiameter,0.1622766070119634,0.026333697183315206
AverageParticleSpeed,Humidity,ParticlesDetected,RainAbsolute,VolumeEquivalentDiameter,0.16227660701196323,0.02633369718331515
AverageParticleSpeed,Humidity,ParticlesDetected,RainAccumulated,VolumeEquivalentDiameter,0.16227660701196323,0.02633369718331515
AverageParticleSpeed,Humidity,ParticlesDetected,Pressure,RainAbsolute,0.16148189805936125,0.02607640340085394
AverageParticleSpeed,Humidity,ParticlesDetected,Pressure,RainAccumulated,0.16148189805936125,0.02607640340085394
Humidity,ParticlesDetected,Pressure,RainAbsolute,RainRate,0.16148189805936125,0.02607640340085394
Humidity,ParticlesDetected,Pressure,RainAbsolute,VolumeEquivalentDiameter,0.16148189805936125,0.02607640340085394
Humidity,ParticlesDetected,Pressure,RainAccumulated,RainRate,0.16148189805936125,0.02607640340085394
Humidity,ParticlesDetected,Pressure,RainAccumulated,VolumeEquivalentDiameter,0.16148189805936125,0.02607640340085394
RadarReflectivity,RainAbsolute,RainAccumulated,SnowDepthIntensity,WeatherCode4680,0.16087609307300582,0.025881117322434432
AverageParticleSpeed,RainIntensity,RainRate,SnowDepthIntensity,WindSpeed,-0.160849994924233,0.02587272086712578
AverageParticleSpeed,RainIntensity,SnowDepthIntensity,VolumeEquivalentDiameter,WindSpeed,-0.160849994924233,0.02587272086712578
RainIntensity,RainRate,SnowDepthIntensity,VolumeEquivalentDiameter,WindSpeed,-0.160849994924233,0.02587272086712578
KineticEnergy,Pressure,RainIntensity,SnowDepthIntensity,WindSpeed,-0.16074942652308338,0.025840378127500185
AverageParticleSpeed,Humidity,ParticlesDetected,RainAbsolute,RainIntensity,0.1602893992249695,0.02569269150390165
AverageParticleSpeed,Humidity,ParticlesDetected,RainAccumulated,RainIntensity,0.1602893992249695,0.02569269150390165
Humidity,ParticlesDetected,RainAbsolute,RainIntensity,VolumeEquivalentDiameter,0.1602893992249695,0.02569269150390165
Humidity,ParticlesDetected,RainAccumulated,RainIntensity,VolumeEquivalentDiameter,0.1602893992249695,0.02569269150390165
Humidity,ParticlesDetected,RainAbsolute,RainIntensity,RainRate,0.16028939922496901,0.025692691503901497
Humidity,ParticlesDetected,RainAccumulated,RainIntensity,RainRate,0.16028939922496901,0.025692691503901497
AverageParticleSpeed,Humidity,KineticEnergy,ParticlesDetected,RainAbsolute,0.1595040134659754,0.02544153031175406
AverageParticleSpeed,Humidity,KineticEnergy,ParticlesDetected,RainAccumulated,0.1595040134659754,0.02544153031175406
Humidity,KineticEnergy,ParticlesDetected,RainAbsolute,VolumeEquivalentDiameter,0.1595040134659754,0.02544153031175406
Humidity,KineticEnergy,ParticlesDetected,RainAccumulated,VolumeEquivalentDiameter,0.1595040134659754,0.02544153031175406
Humidity,KineticEnergy,ParticlesDetected,RainAbsolute,RainRate,0.15950401346597506,0.025441530311753953
Humidity,KineticEnergy,ParticlesDetected,RainAccumulated,RainRate,0.15950401346597506,0.025441530311753953
Humidity,ParticlesDetected,Pressure,RainAbsolute,RainIntensity,0.15949589401164002,0.025438940206572308
Humidity,ParticlesDetected,Pressure,RainAccumulated,RainIntensity,0.15949589401164002,0.025438940206572308
AverageParticleSpeed,KineticEnergy,SnowDepthIntensity,VolumeEquivalentDiameter,WindSpeed,-0.15941997405185793,0.025414728126695055
AverageParticleSpeed,KineticEnergy,RainRate,SnowDepthIntensity,WindSpeed,-0.1594199740518579,0.025414728126695044
KineticEnergy,RainRate,SnowDepthIntensity,VolumeEquivalentDiameter,WindSpeed,-0.1594199740518579,0.025414728126695044
RadarReflectivity,RainAbsolute,RainAccumulated,Temperature,WeatherCode4680,0.1593017151676486,0.025377036455354645
Humidity,KineticEnergy,ParticlesDetected,Pressure,RainAbsolute,0.1587112532127584,0.02518926189636431
Humidity,KineticEnergy,ParticlesDetected,Pressure,RainAccumulated,0.1587112532127584,0.02518926189636431
ParticlesDetected,RainAbsolute,RainAccumulated,SnowDepthIntensity,WeatherCode4680,0.15757294849424527,0.024829234097170073
AverageParticleSpeed,Humidity,RadarReflectivity,RainAbsolute,SnowDepthIntensity,0.1575620999319064,0.024825815334952057
AverageParticleSpeed,Humidity,RadarReflectivity,RainAccumulated,SnowDepthIntensity,0.1575620999319064,0.024825815334952057
Humidity,RadarReflectivity,RainAbsolute,SnowDepthIntensity,VolumeEquivalentDiameter,0.1575620999319064,0.024825815334952057
Humidity,RadarReflectivity,RainAccumulated,SnowDepthIntensity,VolumeEquivalentDiameter,0.1575620999319064,0.024825815334952057
Humidity,RadarReflectivity,RainAbsolute,RainRate,SnowDepthIntensity,0.15756209993190637,0.02482581533495205
Humidity,RadarReflectivity,RainAccumulated,RainRate,SnowDepthIntensity,0.15756209993190637,0.02482581533495205
Humidity,KineticEnergy,ParticlesDetected,RainAbsolute,RainIntensity,0.1575454933844094,0.024820582485736986
Humidity,KineticEnergy,ParticlesDetected,RainAccumulated,RainIntensity,0.1575454933844094,0.024820582485736986
KineticEnergy,RainIntensity,RainRate,SnowDepthIntensity,WindSpeed,-0.15717116048760685,0.024702773689021067
AverageParticleSpeed,KineticEnergy,RainIntensity,SnowDepthIntensity,WindSpeed,-0.15717116048760651,0.024702773689020963
KineticEnergy,RainIntensity,SnowDepthIntensity,VolumeEquivalentDiameter,WindSpeed,-0.15717116048760651,0.024702773689020963
Humidity,Pressure,RadarReflectivity,RainAbsolute,SnowDepthIntensity,0.15678779967178882,0.024582414125920982
Humidity,Pressure,RadarReflectivity,RainAccumulated,SnowDepthIntensity,0.15678779967178882,0.024582414125920982
RadarReflectivity,RainAbsolute,RainAccumulated,WeatherCode4680,WindSpeed,0.15675726183351024,0.024572839137539687
ParticlesDetected,RainAbsolute,RainAccumulated,Temperature,WeatherCode4680,0.15605284338653097,0.024352489929021164
Humidity,RadarReflectivity,RainAbsolute,RainIntensity,SnowDepthIntensity,0.15577017040605268,0.024264345988330688
Humidity,RadarReflectivity,RainAccumulated,RainIntensity,SnowDepthIntensity,0.15577017040605268,0.024264345988330688
Humidity,KineticEnergy,RadarReflectivity,RainAbsolute,SnowDepthIntensity,0.15511192889003603,0.024059710483987595
Humidity,KineticEnergy,RadarReflectivity,RainAccumulated,SnowDepthIntensity,0.15511192889003603,0.024059710483987595
AverageParticleSpeed,Humidity,ParticlesDetected,Pressure,WindSpeed,-0.15413873047670254,0.02375874823296955
Humidity,ParticlesDetected,Pressure,VolumeEquivalentDiameter,WindSpeed,-0.15413873047670254,0.02375874823296955
Humidity,ParticlesDetected,Pressure,RainRate,WindSpeed,-0.15413873047670235,0.023758748232969487
Humidity,Pressure,RadarReflectivity,RainRate,WindSpeed,-0.15397331228953623,0.02370778089741105
AverageParticleSpeed,Humidity,Pressure,RadarReflectivity,WindSpeed,-0.1539733122895362,0.02370778089741104
Humidity,Pressure,RadarReflectivity,VolumeEquivalentDiameter,WindSpeed,-0.1539733122895362,0.02370778089741104
Humidity,ParticlesDetected,Pressure,Temperature,WindSpeed,-0.15358443889927678,0.023588179872005684
ParticlesDetected,RainAbsolute,RainAccumulated,WeatherCode4680,WindSpeed,0.15327917125606283,0.023494504340945438
AverageParticleSpeed,ParticlesDetected,RadarReflectivity,RainAbsolute,RainRate,0.153153582134026,0.023456019720483848
AverageParticleSpeed,ParticlesDetected,RadarReflectivity,RainAccumulated,RainRate,0.153153582134026,0.023456019720483848
ParticlesDetected,RadarReflectivity,RainAbsolute,RainRate,VolumeEquivalentDiameter,0.153153582134026,0.023456019720483848
ParticlesDetected,RadarReflectivity,RainAccumulated,RainRate,VolumeEquivalentDiameter,0.153153582134026,0.023456019720483848
AverageParticleSpeed,ParticlesDetected,RadarReflectivity,RainAbsolute,VolumeEquivalentDiameter,0.15315358213402555,0.02345601972048371
AverageParticleSpeed,ParticlesDetected,RadarReflectivity,RainAccumulated,VolumeEquivalentDiameter,0.15315358213402555,0.02345601972048371
AverageParticleSpeed,Humidity,ParticlesDetected,RainRate,WindSpeed,-0.15283815403439027,0.02335950132864001
Humidity,ParticlesDetected,RainRate,VolumeEquivalentDiameter,WindSpeed,-0.15283815403439027,0.02335950132864001
AverageParticleSpeed,Humidity,ParticlesDetected,VolumeEquivalentDiameter,WindSpeed,-0.15283815403439022,0.02335950132863999
Humidity,ParticlesDetected,Pressure,RainIntensity,WindSpeed,-0.15279166526705668,0.023345292975080294
Humidity,Pressure,RadarReflectivity,RainIntensity,WindSpeed,-0.15271782443476653,0.023322733900088172
AverageParticleSpeed,Humidity,RadarReflectivity,VolumeEquivalentDiameter,WindSpeed,-0.15258886423430418,0.023283361488314912
AverageParticleSpeed,Humidity,RadarReflectivity,RainRate,WindSpeed,-0.15258886423430393,0.023283361488314835
Humidity,RadarReflectivity,RainRate,VolumeEquivalentDiameter,WindSpeed,-0.15258886423430393,0.023283361488314835
ParticlesDetected,Pressure,RadarReflectivity,RainAbsolute,RainRate,0.15252961874976148,0.02326528459594759
ParticlesDetected,Pressure,RadarReflectivity,RainAccumulated,RainRate,0.15252961874976148,0.02326528459594759
AverageParticleSpeed,ParticlesDetected,Pressure,RadarReflectivity,RainAbsolute,0.15252961874976123,0.023265284595947514
AverageParticleSpeed,ParticlesDetected,Pressure,RadarReflectivity,RainAccumulated,0.15252961874976123,0.023265284595947514
ParticlesDetected,Pressure,RadarReflectivity,RainAbsolute,VolumeEquivalentDiameter,0.15252961874976123,0.023265284595947514
ParticlesDetected,Pressure,RadarReflectivity,RainAccumulated,VolumeEquivalentDiameter,0.15252961874976123,0.023265284595947514
Humidity,Pressure,RadarReflectivity,Temperature,WindSpeed,-0.1525077198592575,0.02325860461666977
Humidity,ParticlesDetected,RainRate,Temperature,WindSpeed,-0.15239696662039795,0.023224835435098685
AverageParticleSpeed,Humidity,ParticlesDetected,Temperature,WindSpeed,-0.15239696662039762,0.023224835435098585
Humidity,ParticlesDetected,Temperature,VolumeEquivalentDiameter,WindSpeed,-0.15239696662039762,0.023224835435098585
Humidity,KineticEnergy,ParticlesDetected,Pressure,WindSpeed,-0.1520155936661571,0.023108740717674183
Humidity,KineticEnergy,Pressure,RadarReflectivity,WindSpeed,-0.15200753583512067,0.023106290950665492
AverageParticleSpeed,Humidity,RadarReflectivity,RainAbsolute,Temperature,0.15197817576789782,0.023097365909738043
AverageParticleSpeed,Humidity,RadarReflectivity,RainAccumulated,Temperature,0.15197817576789782,0.023097365909738043
Humidity,RadarReflectivity,RainAbsolute,Temperature,VolumeEquivalentDiameter,0.15197817576789782,0.023097365909738043
Humidity,RadarReflectivity,RainAccumulated,Temperature,VolumeEquivalentDiameter,0.15197817576789782,0.023097365909738043
Humidity,RadarReflectivity,RainAbsolute,RainRate,Temperature,0.15197817576789777,0.023097365909738026
Humidity,RadarReflectivity,RainAccumulated,RainRate,Temperature,0.15197817576789777,0.023097365909738026
ParticlesDetected,RadarReflectivity,RainAbsolute,RainIntensity,RainRate,0.15168739480466484,0.02300906574262626
ParticlesDetected,RadarReflectivity,RainAccumulated,RainIntensity,RainRate,0.15168739480466484,0.02300906574262626
AverageParticleSpeed,ParticlesDetected,RadarReflectivity,RainAbsolute,RainIntensity,0.1516873948046648,0.023009065742626254
AverageParticleSpeed,ParticlesDetected,RadarReflectivity,RainAccumulated,RainIntensity,0.1516873948046648,0.023009065742626254
ParticlesDetected,RadarReflectivity,RainAbsolute,RainIntensity,VolumeEquivalentDiameter,0.1516873948046648,0.023009065742626254
ParticlesDetected,RadarReflectivity,RainAccumulated,RainIntensity,VolumeEquivalentDiameter,0.1516873948046648,0.023009065742626254
AverageParticleSpeed,Humidity,ParticlesDetected,RainIntensity,WindSpeed,-0.151505571275091,0.022953938127391684
Humidity,ParticlesDetected,RainIntensity,VolumeEquivalentDiameter,WindSpeed,-0.151505571275091,0.022953938127391684
Humidity,ParticlesDetected,RainIntensity,RainRate,WindSpeed,-0.15150557127509084,0.022953938127391632
AverageParticleSpeed,Humidity,RadarReflectivity,RainIntensity,WindSpeed,-0.15134837034383977,0.022906329205736077
Humidity,RadarReflectivity,RainIntensity,VolumeEquivalentDiameter,WindSpeed,-0.15134837034383977,0.022906329205736077
Humidity,RadarReflectivity,RainIntensity,RainRate,WindSpeed,-0.15134837034383958,0.022906329205736018
AverageParticleSpeed,Humidity,RadarReflectivity,Temperature,WindSpeed,-0.15125753749301948,0.022878842648452195
Humidity,RadarReflectivity,Temperature,VolumeEquivalentDiameter,WindSpeed,-0.15125753749301948,0.022878842648452195
Humidity,RadarReflectivity,RainRate,Temperature,WindSpeed,-0.15125753749301946,0.022878842648452188
Humidity,ParticlesDetected,RainIntensity,Temperature,WindSpeed,-0.1512165009632538,0.02286643016356974
Humidity,Pressure,RadarReflectivity,RainAbsolute,Temperature,0.15118540003887934,0.022857025184915978
Humidity,Pressure,RadarReflectivity,RainAccumulated,Temperature,0.15118540003887934,0.022857025184915978
KineticEnergy,ParticlesDetected,RadarReflectivity,RainAbsolute,RainRate,0.15110032977991497,0.02283130965959906
KineticEnergy,ParticlesDetected,RadarReflectivity,RainAccumulated,RainRate,0.15110032977991497,0.02283130965959906
AverageParticleSpeed,KineticEnergy,ParticlesDetected,RadarReflectivity,RainAbsolute,0.1511003297799143,0.02283130965959886
AverageParticleSpeed,KineticEnergy,ParticlesDetected,RadarReflectivity,RainAccumulated,0.1511003297799143,0.02283130965959886
KineticEnergy,ParticlesDetected,RadarReflectivity,RainAbsolute,VolumeEquivalentDiameter,0.1511003297799143,0.02283130965959886
KineticEnergy,ParticlesDetected,RadarReflectivity,RainAccumulated,VolumeEquivalentDiameter,0.1511003297799143,0.02283130965959886
ParticlesDetected,Pressure,RadarReflectivity,RainAbsolute,RainIntensity,0.15106508944981975,0.022820661250482044
ParticlesDetected,Pressure,RadarReflectivity,RainAccumulated,RainIntensity,0.15106508944981975,0.022820661250482044
Humidity,KineticEnergy,ParticlesDetected,RainRate,WindSpeed,-0.1507363248011934,0.02272143961457087
AverageParticleSpeed,Humidity,KineticEnergy,ParticlesDetected,WindSpeed,-0.15073632480119337,0.022721439614570862
Humidity,KineticEnergy,ParticlesDetected,VolumeEquivalentDiameter,WindSpeed,-0.15073632480119337,0.022721439614570862
Humidity,KineticEnergy,RadarReflectivity,RainRate,WindSpeed,-0.15064488524161965,0.022693881449460752
AverageParticleSpeed,Humidity,KineticEnergy,RadarReflectivity,WindSpeed,-0.15064488524161954,0.02269388144946072
Humidity,KineticEnergy,RadarReflectivity,VolumeEquivalentDiameter,WindSpeed,-0.15064488524161954,0.02269388144946072
Humidity,KineticEnergy,ParticlesDetected,Temperature,WindSpeed,-0.15053900065986806,0.022661990719671756
KineticEnergy,ParticlesDetected,Pressure,RadarReflectivity,RainAbsolute,0.15047887237712715,0.02264389103189172
KineticEnergy,ParticlesDetected,Pressure,RadarReflectivity,RainAccumulated,0.15047887237712715,0.02264389103189172
Humidity,RadarReflectivity,RainAbsolute,RainIntensity,Temperature,0.15027837411971706,0.022583589728065647
Humidity,RadarReflectivity,RainAccumulated,RainIntensity,Temperature,0.15027837411971706,0.022583589728065647
Humidity,RadarReflectivity,RainIntensity,Temperature,WindSpeed,-0.15018176090829657,0.022554561309516757
KineticEnergy,ParticlesDetected,RadarReflectivity,RainAbsolute,RainIntensity,0.1496537901825336,0.02239625691599779
KineticEnergy,ParticlesDetected,RadarReflectivity,RainAccumulated,RainIntensity,0.1496537901825336,0.02239625691599779
Humidity,KineticEnergy,RadarReflectivity,RainAbsolute,Temperature,0.14964430787271468,0.022393418878703816
Humidity,KineticEnergy,RadarReflectivity,RainAccumulated,Temperature,0.14964430787271468,0.022393418878703816
Humidity,KineticEnergy,RadarReflectivity,Temperature,WindSpeed,-0.14957304515525002,0.022372095837014463
Humidity,KineticEnergy,ParticlesDetected,RainIntensity,WindSpeed,-0.14943016683028254,0.022329374758926074
Humidity,KineticEnergy,RadarReflectivity,RainIntensity,WindSpeed,-0.14941593477055848,0.022325121563359786
AverageParticleSpeed,Humidity,RadarReflectivity,RainAbsolute,WindSpeed,0.14684165562090132,0.02156247182548738
AverageParticleSpeed,Humidity,RadarReflectivity,RainAccumulated,WindSpeed,0.14684165562090132,0.02156247182548738
Humidity,RadarReflectivity,RainAbsolute,RainRate,WindSpeed,0.14684165562090132,0.02156247182548738
Humidity,RadarReflectivity,RainAbsolute,VolumeEquivalentDiameter,WindSpeed,0.14684165562090132,0.02156247182548738
Humidity,RadarReflectivity,RainAccumulated,RainRate,WindSpeed,0.14684165562090132,0.02156247182548738
Humidity,RadarReflectivity,RainAccumulated,VolumeEquivalentDiameter,WindSpeed,0.14684165562090132,0.02156247182548738
AverageParticleSpeed,Humidity,ParticlesDetected,RainAbsolute,SnowDepthIntensity,0.14630438833954176,0.021404974047407443
AverageParticleSpeed,Humidity,ParticlesDetected,RainAccumulated,SnowDepthIntensity,0.14630438833954176,0.021404974047407443
Humidity,ParticlesDetected,RainAbsolute,SnowDepthIntensity,VolumeEquivalentDiameter,0.14630438833954176,0.021404974047407443
Humidity,ParticlesDetected,RainAccumulated,SnowDepthIntensity,VolumeEquivalentDiameter,0.14630438833954176,0.021404974047407443
Humidity,ParticlesDetected,RainAbsolute,RainRate,SnowDepthIntensity,0.1463043883395416,0.021404974047407394
Humidity,ParticlesDetected,RainAccumulated,RainRate,SnowDepthIntensity,0.1463043883395416,0.021404974047407394
Humidity,Pressure,RadarReflectivity,RainAbsolute,WindSpeed,0.14591961034435016,0.021292532683046983
Humidity,Pressure,RadarReflectivity,RainAccumulated,WindSpeed,0.14591961034435016,0.021292532683046983
Humidity,ParticlesDetected,Pressure,RainAbsolute,SnowDepthIntensity,0.14552103884804682,0.02117637274741475
Humidity,ParticlesDetected,Pressure,RainAccumulated,SnowDepthIntensity,0.14552103884804682,0.02117637274741475
Humidity,ParticlesDetected,Pressure,SnowDepthIntensity,WindSpeed,-0.1451110253950779,0.02105720969121094
Humidity,RadarReflectivity,RainAbsolute,RainIntensity,WindSpeed,0.144926749464581,0.021003762710369432
Humidity,RadarReflectivity,RainAccumulated,RainIntensity,WindSpeed,0.144926749464581,0.021003762710369432
Humidity,ParticlesDetected,RainAbsolute,RainIntensity,SnowDepthIntensity,0.14453498701882153,0.02089036247253091
Humidity,ParticlesDetected,RainAccumulated,RainIntensity,SnowDepthIntensity,0.14453498701882153,0.02089036247253091
Humidity,ParticlesDetected,SnowDepthIntensity,Temperature,WindSpeed,-0.1443819555615382,0.020846149091773996
Humidity,Pressure,RadarReflectivity,SnowDepthIntensity,WindSpeed,-0.14424115191101433,0.020805509904616312
Humidity,KineticEnergy,RadarReflectivity,RainAbsolute,WindSpeed,0.14420019373778664,0.0207936958740152
Humidity,KineticEnergy,RadarReflectivity,RainAccumulated,WindSpeed,0.14420019373778664,0.0207936958740152
Humidity,ParticlesDetected,RainRate,SnowDepthIntensity,WindSpeed,-0.1439206291140733,0.020713147484590643
AverageParticleSpeed,Humidity,ParticlesDetected,SnowDepthIntensity,WindSpeed,-0.14392062911407286,0.020713147484590515
Humidity,ParticlesDetected,SnowDepthIntensity,VolumeEquivalentDiameter,WindSpeed,-0.14392062911407286,0.020713147484590515
Humidity,KineticEnergy,ParticlesDetected,RainAbsolute,SnowDepthIntensity,0.14386105947658182,0.02069600443372461
Humidity,KineticEnergy,ParticlesDetected,RainAccumulated,SnowDepthIntensity,0.14386105947658182,0.02069600443372461
AverageParticleSpeed,Humidity,RadarReflectivity,SnowDepthIntensity,WindSpeed,-0.14298277960939554,0.020444075264828977
Humidity,RadarReflectivity,SnowDepthIntensity,VolumeEquivalentDiameter,WindSpeed,-0.14298277960939554,0.020444075264828977
Humidity,RadarReflectivity,RainRate,SnowDepthIntensity,WindSpeed,-0.14298277960939518,0.020444075264828873
Humidity,RadarReflectivity,SnowDepthIntensity,Temperature,WindSpeed,-0.14287575725568114,0.02041348201138432
Humidity,ParticlesDetected,RainIntensity,SnowDepthIntensity,WindSpeed,-0.14276388448754748,0.0203815267139738
Humidity,KineticEnergy,ParticlesDetected,SnowDepthIntensity,WindSpeed,-0.14212074613892767,0.020198306483085522
Humidity,RadarReflectivity,RainIntensity,SnowDepthIntensity,WindSpeed,-0.14190477740545962,0.020136965850493044
Humidity,KineticEnergy,RadarReflectivity,SnowDepthIntensity,WindSpeed,-0.14131891576696262,0.019971035953549876
AverageParticleSpeed,ParticlesDetected,RadarReflectivity,RainAbsolute,SnowDepthIntensity,0.14125790779209746,0.01995379651380071
AverageParticleSpeed,ParticlesDetected,RadarReflectivity,RainAccumulated,SnowDepthIntensity,0.14125790779209746,0.01995379651380071
ParticlesDetected,RadarReflectivity,RainAbsolute,SnowDepthIntensity,VolumeEquivalentDiameter,0.14125790779209746,0.01995379651380071
ParticlesDetected,RadarReflectivity,RainAccumulated,SnowDepthIntensity,VolumeEquivalentDiameter,0.14125790779209746,0.01995379651380071
ParticlesDetected,RadarReflectivity,RainAbsolute,RainRate,SnowDepthIntensity,0.14125790779209665,0.01995379651380048
ParticlesDetected,RadarReflectivity,RainAccumulated,RainRate,SnowDepthIntensity,0.14125790779209665,0.01995379651380048
AverageParticleSpeed,Humidity,ParticlesDetected,RainAbsolute,Temperature,0.14118248022581273,0.019932492722712
AverageParticleSpeed,Humidity,ParticlesDetected,RainAccumulated,Temperature,0.14118248022581273,0.019932492722712
Humidity,ParticlesDetected,RainAbsolute,Temperature,VolumeEquivalentDiameter,0.14118248022581273,0.019932492722712
Humidity,ParticlesDetected,RainAccumulated,Temperature,VolumeEquivalentDiameter,0.14118248022581273,0.019932492722712
Humidity,ParticlesDetected,RainAbsolute,RainRate,Temperature,0.14118248022581256,0.019932492722711956
Humidity,ParticlesDetected,RainAccumulated,RainRate,Temperature,0.14118248022581256,0.019932492722711956
ParticlesDetected,Pressure,RadarReflectivity,RainAbsolute,SnowDepthIntensity,0.14064726063364677,0.019781651923748964
ParticlesDetected,Pressure,RadarReflectivity,RainAccumulated,SnowDepthIntensity,0.14064726063364677,0.019781651923748964
Humidity,ParticlesDetected,Pressure,RainAbsolute,Temperature,0.1403808360001479,0.019706779116100418
Humidity,ParticlesDetected,Pressure,RainAccumulated,Temperature,0.1403808360001479,0.019706779116100418
ParticlesDetected,RadarReflectivity,RainAbsolute,RainIntensity,SnowDepthIntensity,0.13992901586699727,0.019580129481506375
ParticlesDetected,RadarReflectivity,RainAccumulated,RainIntensity,SnowDepthIntensity,0.13992901586699727,0.019580129481506375
Humidity,ParticlesDetected,RainAbsolute,RainIntensity,Temperature,0.13948882322208914,0.019457131803883233
Humidity,ParticlesDetected,RainAccumulated,RainIntensity,Temperature,0.13948882322208914,0.019457131803883233
KineticEnergy,ParticlesDetected,RadarReflectivity,RainAbsolute,SnowDepthIntensity,0.13941173531772338,0.01943563194429896
KineticEnergy,ParticlesDetected,RadarReflectivity,RainAccumulated,SnowDepthIntensity,0.13941173531772338,0.01943563194429896
Humidity,KineticEnergy,ParticlesDetected,RainAbsolute,Temperature,0.13883455948352263,0.019275034906983783
Humidity,KineticEnergy,ParticlesDetected,RainAccumulated,Temperature,0.13883455948352263,0.019275034906983783
AverageParticleSpeed,ParticlesDetected,RadarReflectivity,RainAbsolute,Temperature,0.1388235110946624,0.019271967232649855
AverageParticleSpeed,ParticlesDetected,RadarReflectivity,RainAccumulated,Temperature,0.1388235110946624,0.019271967232649855
ParticlesDetected,RadarReflectivity,RainAbsolute,Temperature,VolumeEquivalentDiameter,0.1388235110946624,0.019271967232649855
ParticlesDetected,RadarReflectivity,RainAccumulated,Temperature,VolumeEquivalentDiameter,0.1388235110946624,0.019271967232649855
ParticlesDetected,RadarReflectivity,RainAbsolute,RainRate,Temperature,0.13882351109466223,0.019271967232649807
ParticlesDetected,RadarReflectivity,RainAccumulated,RainRate,Temperature,0.13882351109466223,0.019271967232649807
ParticlesDetected,Pressure,RadarReflectivity,RainAbsolute,Temperature,0.13819983901341065,0.01909919550333262
ParticlesDetected,Pressure,RadarReflectivity,RainAccumulated,Temperature,0.13819983901341065,0.01909919550333262
Humidity,RadarReflectivity,RainAbsolute,RainAccumulated,WeatherCode4680,0.13754491713974157,0.018918604230978374
ParticlesDetected,RadarReflectivity,RainAbsolute,RainIntensity,Temperature,0.13750442132060517,0.018907465882714497
ParticlesDetected,RadarReflectivity,RainAccumulated,RainIntensity,Temperature,0.13750442132060517,0.018907465882714497
Humidity,RadarReflectivity,RainAbsolute,SnowDepthIntensity,Temperature,0.13729383010246865,0.018849595784205527
Humidity,RadarReflectivity,RainAccumulated,SnowDepthIntensity,Temperature,0.13729383010246865,0.018849595784205527
KineticEnergy,ParticlesDetected,RadarReflectivity,RainAbsolute,Temperature,0.13698472489135155,0.01876481485355927
KineticEnergy,ParticlesDetected,RadarReflectivity,RainAccumulated,Temperature,0.13698472489135155,0.01876481485355927
Humidity,ParticlesDetected,RainAbsolute,RainAccumulated,WeatherCode4680,0.13441157361223594,0.01806647112091752
Humidity,ParticlesDetected,RainAbsolute,RainRate,WindSpeed,0.13386777362660646,0.017920580815744352
Humidity,ParticlesDetected,RainAccumulated,RainRate,WindSpeed,0.13386777362660646,0.017920580815744352
AverageParticleSpeed,Humidity,ParticlesDetected,RainAbsolute,WindSpeed,0.13386777362660632,0.017920580815744314
AverageParticleSpeed,Humidity,ParticlesDetected,RainAccumulated,WindSpeed,0.13386777362660632,0.017920580815744314
Humidity,ParticlesDetected,RainAbsolute,VolumeEquivalentDiameter,WindSpeed,0.13386777362660632,0.017920580815744314
Humidity,ParticlesDetected,RainAccumulated,VolumeEquivalentDiameter,WindSpeed,0.13386777362660632,0.017920580815744314
Humidity,ParticlesDetected,Pressure,RainAbsolute,WindSpeed,0.1329425897797523,0.0176737321773475
Humidity,ParticlesDetected,Pressure,RainAccumulated,WindSpeed,0.1329425897797523,0.0176737321773475
ParticlesDetected,RadarReflectivity,RainAbsolute,RainAccumulated,WeatherCode4680,0.13261005907747833,0.017585427768532294
Humidity,ParticlesDetected,RainAbsolute,RainIntensity,WindSpeed,0.13200908929393934,0.01742639965621525
Humidity,ParticlesDetected,RainAccumulated,RainIntensity,WindSpeed,0.13200908929393934,0.01742639965621525
Humidity,KineticEnergy,ParticlesDetected,RainAbsolute,WindSpeed,0.13128133980314524,0.017234790180508885
Humidity,KineticEnergy,ParticlesDetected,RainAccumulated,WindSpeed,0.13128133980314524,0.017234790180508885
ParticlesDetected,RadarReflectivity,RainAbsolute,RainRate,WindSpeed,0.13121300358526936,0.01721685230986791
ParticlesDetected,RadarReflectivity,RainAccumulated,RainRate,WindSpeed,0.13121300358526936,0.01721685230986791
AverageParticleSpeed,ParticlesDetected,RadarReflectivity,RainAbsolute,WindSpeed,0.13121300358526924,0.01721685230986788
AverageParticleSpeed,ParticlesDetected,RadarReflectivity,RainAccumulated,WindSpeed,0.13121300358526924,0.01721685230986788
ParticlesDetected,RadarReflectivity,RainAbsolute,VolumeEquivalentDiameter,WindSpeed,0.13121300358526924,0.01721685230986788
ParticlesDetected,RadarReflectivity,RainAccumulated,VolumeEquivalentDiameter,WindSpeed,0.13121300358526924,0.01721685230986788
ParticlesDetected,Pressure,RadarReflectivity,RainAbsolute,WindSpeed,0.1305258954154747,0.017037009374011442
ParticlesDetected,Pressure,RadarReflectivity,RainAccumulated,WindSpeed,0.1305258954154747,0.017037009374011442
Humidity,RadarReflectivity,RainAbsolute,SnowDepthIntensity,WindSpeed,0.13051797040945376,0.017034940599803046
Humidity,RadarReflectivity,RainAccumulated,SnowDepthIntensity,WindSpeed,0.13051797040945376,0.017034940599803046
ParticlesDetected,RadarReflectivity,RainAbsolute,RainIntensity,WindSpeed,0.12985189133387787,0.016861513682985226
ParticlesDetected,RadarReflectivity,RainAccumulated,RainIntensity,WindSpeed,0.12985189133387787,0.016861513682985226
KineticEnergy,ParticlesDetected,RadarReflectivity,RainAbsolute,WindSpeed,0.12931199386403514,0.01672159175709226
KineticEnergy,ParticlesDetected,RadarReflectivity,RainAccumulated,WindSpeed,0.12931199386403514,0.01672159175709226
ParticlesDetected,RadarReflectivity,RainAbsolute,SnowDepthIntensity,Temperature,0.1280572169378454,0.016398650809866397
ParticlesDetected,RadarReflectivity,RainAccumulated,SnowDepthIntensity,Temperature,0.1280572169378454,0.016398650809866397
Humidity,ParticlesDetected,RainAbsolute,SnowDepthIntensity,Temperature,0.1274384714807907,0.01624056401336031
Humidity,ParticlesDetected,RainAccumulated,SnowDepthIntensity,Temperature,0.1274384714807907,0.01624056401336031
AverageParticleSpeed,Pressure,RainIntensity,RainRate,VolumeEquivalentDiameter,-0.1256784308534385,0.01579506798178252
Humidity,RadarReflectivity,RainAbsolute,Temperature,WindSpeed,0.12468361478765447,0.015546003796516208
Humidity,RadarReflectivity,RainAccumulated,Temperature,WindSpeed,0.12468361478765447,0.015546003796516208
ParticlesDetected,RadarReflectivity,RainAbsolute,SnowDepthIntensity,WindSpeed,0.12017395038104589,0.01444177835018608
ParticlesDetected,RadarReflectivity,RainAccumulated,SnowDepthIntensity,WindSpeed,0.12017395038104589,0.01444177835018608
AverageParticleSpeed,Humidity,ParticlesDetected,Pressure,Temperature,-0.11954679847069546,0.014291437024593075
Humidity,ParticlesDetected,Pressure,Temperature,VolumeEquivalentDiameter,-0.11954679847069546,0.014291437024593075
Humidity,ParticlesDetected,Pressure,RainRate,Temperature,-0.1195467984706954,0.014291437024593059
Humidity,ParticlesDetected,RainAbsolute,SnowDepthIntensity,WindSpeed,0.11900368663536663,0.014161877432808539
Humidity,ParticlesDetected,RainAccumulated,SnowDepthIntensity,WindSpeed,0.11900368663536663,0.014161877432808539
Humidity,ParticlesDetected,Pressure,RainIntensity,Temperature,-0.11869893203694984,0.014089436466712436
AverageParticleSpeed,Humidity,ParticlesDetected,RainRate,Temperature,-0.11826239419188873,0.013985993879997678
Humidity,ParticlesDetected,RainRate,Temperature,VolumeEquivalentDiameter,-0.11826239419188873,0.013985993879997678
AverageParticleSpeed,Humidity,ParticlesDetected,Temperature,VolumeEquivalentDiameter,-0.11826239419188868,0.013985993879997665
Humidity,KineticEnergy,ParticlesDetected,Pressure,Temperature,-0.11817839332423834,0.01396613264869838
AverageParticleSpeed,Humidity,ParticlesDetected,RainIntensity,Temperature,-0.1174294451292882,0.013789674583372508
Humidity,ParticlesDetected,RainIntensity,Temperature,VolumeEquivalentDiameter,-0.1174294451292882,0.013789674583372508
Humidity,ParticlesDetected,RainIntensity,RainRate,Temperature,-0.11742944512928813,0.013789674583372491
ParticlesDetected,RadarReflectivity,RainAbsolute,Temperature,WindSpeed,0.11742125904669883,0.01378775207611195
ParticlesDetected,RadarReflectivity,RainAccumulated,Temperature,WindSpeed,0.11742125904669883,0.01378775207611195
AverageParticleSpeed,Humidity,ParticlesDetected,Pressure,RainRate,-0.11713131993884003,0.013719746110614904
Humidity,ParticlesDetected,Pressure,RainRate,VolumeEquivalentDiameter,-0.11713131993884003,0.013719746110614904
AverageParticleSpeed,Humidity,ParticlesDetected,Pressure,VolumeEquivalentDiameter,-0.11713131993883996,0.013719746110614888
AverageParticleSpeed,Humidity,KineticEnergy,ParticlesDetected,Temperature,-0.11691578620716174,0.013669301064438751
Humidity,KineticEnergy,ParticlesDetected,Temperature,VolumeEquivalentDiameter,-0.11691578620716174,0.013669301064438751
Humidity,KineticEnergy,ParticlesDetected,RainRate,Temperature,-0.11691578620716166,0.013669301064438732
Humidity,ParticlesDetected,Pressure,RainIntensity,RainRate,-0.11619277972678826,0.013500762060637939
AverageParticleSpeed,Humidity,ParticlesDetected,Pressure,RainIntensity,-0.11619277972678824,0.013500762060637932
Humidity,ParticlesDetected,Pressure,RainIntensity,VolumeEquivalentDiameter,-0.11619277972678824,0.013500762060637932
AverageParticleSpeed,Humidity,Pressure,RadarReflectivity,Temperature,-0.11615770389640796,0.01349261217448559
Humidity,Pressure,RadarReflectivity,Temperature,VolumeEquivalentDiameter,-0.11615770389640796,0.01349261217448559
Humidity,Pressure,RadarReflectivity,RainRate,Temperature,-0.11615770389640791,0.013492612174485576
Humidity,KineticEnergy,ParticlesDetected,RainIntensity,Temperature,-0.11609584815298368,0.013478245958360644
AverageParticleSpeed,Humidity,ParticlesDetected,RainRate,VolumeEquivalentDiameter,-0.11570882329581665,0.013388531788502522
AverageParticleSpeed,Humidity,KineticEnergy,ParticlesDetected,Pressure,-0.11561058399888591,0.013365807132563454
Humidity,KineticEnergy,ParticlesDetected,Pressure,VolumeEquivalentDiameter,-0.11561058399888591,0.013365807132563454
Humidity,KineticEnergy,ParticlesDetected,Pressure,RainRate,-0.11561058399888573,0.013365807132563412
Humidity,Pressure,RadarReflectivity,RainIntensity,Temperature,-0.1154378692010651,0.013325901645682214
Humidity,KineticEnergy,Pressure,RadarReflectivity,Temperature,-0.11499207218226601,0.013223176664771475
AverageParticleSpeed,Humidity,RadarReflectivity,Temperature,VolumeEquivalentDiameter,-0.11480818293327441,0.013180918868440201
AverageParticleSpeed,Humidity,RadarReflectivity,RainRate,Temperature,-0.11480818293327437,0.013180918868440193
Humidity,RadarReflectivity,RainRate,Temperature,VolumeEquivalentDiameter,-0.11480818293327437,0.013180918868440193
AverageParticleSpeed,Humidity,ParticlesDetected,RainIntensity,VolumeEquivalentDiameter,-0.11478902111792876,0.013176519369212294
AverageParticleSpeed,Humidity,ParticlesDetected,RainIntensity,RainRate,-0.1147890211179283,0.013176519369212188
Humidity,ParticlesDetected,RainIntensity,RainRate,VolumeEquivalentDiameter,-0.1147890211179283,0.013176519369212188
Humidity,KineticEnergy,ParticlesDetected,Pressure,RainIntensity,-0.11469116542972596,0.013154063427628768
AverageParticleSpeed,Humidity,KineticEnergy,ParticlesDetected,VolumeEquivalentDiameter,-0.11421553925126751,0.01304518940645783
AverageParticleSpeed,Humidity,KineticEnergy,ParticlesDetected,RainRate,-0.11421553925126744,0.013045189406457814
Humidity,KineticEnergy,ParticlesDetected,RainRate,VolumeEquivalentDiameter,-0.11421553925126744,0.013045189406457814
AverageParticleSpeed,RainAbsolute,RainRate,VolumeEquivalentDiameter,WeatherCode4680,0.11417392929047399,0.013035686129626153
AverageParticleSpeed,RainAccumulated,RainRate,VolumeEquivalentDiameter,WeatherCode4680,0.11417392929047399,0.013035686129626153
Humidity,RadarReflectivity,RainIntensity,RainRate,Temperature,-0.11410334368567615,0.01301957304025153
AverageParticleSpeed,Humidity,RadarReflectivity,RainIntensity,Temperature,-0.114103343685676,0.013019573040251496
Humidity,RadarReflectivity,RainIntensity,Temperature,VolumeEquivalentDiameter,-0.114103343685676,0.013019573040251496
Humidity,ParticlesDetected,Pressure,SnowDepthIntensity,Temperature,-0.11403395700068554,0.013003743349234199
