TimeStamp,Decoded Data,RSSI,SNR (LSNR),Throughput (bps),Latency (s)
2025-01-02 10:36:52.688,1;2025-01-02 10:36:51.670469;,-93,1.0,1.78246182911421,5.14820098876953
2025-01-02 10:37:08.286,1;2025-01-02 10:37:03.690773;,-103,-1.5,14.8733268227147,5.14519953727722
2025-01-02 10:41:28.655,1;2025-01-02 10:41:25.078966;,-98,-4.8,0.891044815826472,5.14278078079223
2025-01-02 10:42:20.505,1;2025-01-02 10:42:16.149808;,-107,-0.5,4.47445893879457,5.14770865440368
2025-01-02 10:42:56.744,1;2025-01-02 10:42:52.211834;,-107,-0.8,6.40192992413009,5.14496231079101
2025-01-02 10:43:33.247,1;2025-01-02 10:43:31.260873;,-101,-4.5,6.35568326131405,5.1983585357666
2025-01-02 10:44:09.646,1;2025-01-02 10:44:07.323429;,-94,4.2,6.37372630082168,5.14143204689025
2025-01-02 10:44:14.840,1;2025-01-02 10:44:13.335326;,-104,0.8,44.6648730860317,5.1511206626892
2025-01-02 10:44:19.999,1;2025-01-02 10:44:19.347017;,-105,-1.2,44.9733958768963,5.14287495613098
2025-01-02 10:45:11.911,1;2025-01-02 10:45:10.417313;,-105,2.0,4.46912586382827,5.14807868003845
2025-01-02 10:45:37.759,1;2025-01-02 10:45:34.460834;,-98,5.5,8.97544213744388,5.15311384201049
2025-01-02 10:45:48.183,1;2025-01-02 10:45:46.482840;,-104,-1.0,22.2555083884602,5.197114944458
2025-01-02 10:45:53.353,1;2025-01-02 10:45:52.494054;,-103,-2.8,44.8752776866074,5.15933418273925
2025-01-02 10:46:30.180,1;2025-01-02 10:46:25.532684;,-103,1.8,6.29964146085506,5.78867363929748
2025-01-02 10:46:40.595,1;2025-01-02 10:46:37.553922;,-107,1.5,22.2761755932476,5.14514279365539
2025-01-02 10:47:22.223,1;2025-01-02 10:47:19.626454;,-107,-0.5,5.5731943083435,5.16077589988708
2025-01-02 10:47:53.283,1;2025-01-02 10:47:52.659454;,-105,-2.0,7.46948962033522,5.14441633224487
2025-01-02 10:48:29.672,1;2025-01-02 10:48:28.724165;,-97,0.2,6.3755499712953,5.14994716644287
2025-01-02 10:48:45.282,1;2025-01-02 10:48:40.746180;,-103,0.2,14.8621645935136,5.13744330406189
2025-01-02 10:50:24.361,1;2025-01-02 10:50:22.883219;,-107,2.2,2.34157194615457,5.20881962776184
2025-01-02 10:50:45.025,1;2025-01-02 10:50:40.914854;,-107,1.5,11.227213140682,5.14842748641967
2025-01-02 10:52:08.670,1;2025-01-02 10:52:08.050179;,-101,5.5,2.77361873909912,5.1554684638977
2025-01-02 10:53:00.639,1;2025-01-02 10:52:59.121889;,-98,1.2,4.46419417062745,5.15068578720092
2025-01-02 10:53:21.457,1;2025-01-02 10:53:17.154030;,-105,-3.2,11.1440959044194,5.14061403274536
2025-01-02 10:54:23.735,1;2025-01-02 10:54:20.246676;,-105,2.2,3.72525713148856,5.14715671539306
2025-01-02 10:54:39.391,1;2025-01-02 10:54:38.278446;,-98,-7.0,14.8185194311,5.14817953109741
2025-01-02 10:55:05.580,1;2025-01-02 10:55:02.320910;,-98,2.5,8.85862019344044,5.14667105674743
2025-01-02 10:55:36.751,1;2025-01-02 10:55:35.359477;,-99,6.0,7.44287122646095,5.15290856361389
2025-01-02 10:56:18.337,1;2025-01-02 10:56:17.434369;,-97,3.5,5.57871126438034,5.15761303901672
2025-01-02 10:57:20.906,1;2025-01-02 10:57:20.526673;,-104,1.5,3.7079194554601,5.14803600311279
2025-01-02 10:57:57.225,1;2025-01-02 10:57:56.591202;,-98,3.2,6.38794624466962,5.18296360969543
2025-01-02 10:58:39.106,1;2025-01-02 10:58:35.641120;,-105,1.8,5.53947769331878,5.14912462234497
2025-01-02 10:59:10.298,1;2025-01-02 10:59:05.693182;,-105,0.8,7.43780839524439,5.1484580039978
2025-01-02 10:59:20.660,1;2025-01-02 10:59:17.716102;,-101,0.2,22.3885728742615,5.15969920158386
2025-01-02 10:59:25.860,1;2025-01-02 10:59:23.727757;,-101,1.5,44.6194225923975,5.14444899559021
2025-01-02 11:00:07.523,1;2025-01-02 11:00:02.779570;,-101,5.8,5.56840212791703,5.27644681930542
2025-01-02 11:01:25.445,1;2025-01-02 11:01:23.903677;,-99,2.2,2.97733766154134,5.15577125549316
2025-01-02 11:01:30.700,1;2025-01-02 11:01:29.913614;,-105,1.2,44.1475077408426,5.19777989387512
2025-01-02 11:01:51.400,1;2025-01-02 11:01:47.946535;,-105,-1.5,11.2079650341553,5.1461849212646396
2025-01-02 11:02:22.846,1;2025-01-02 11:02:18.000101;,-99,-1.0,7.37780524185712,5.1505103111267
2025-01-02 11:02:54.262,1;2025-01-02 11:02:51.038781;,-99,4.2,7.38464669313066,5.15155410766601
2025-01-02 11:03:09.826,1;2025-01-02 11:03:09.068695;,-105,1.0,14.9061603184569,5.16923332214355
2025-01-02 11:03:30.707,1;2025-01-02 11:03:27.100134;,-107,1.2,11.110675894992,5.17661929130554
2025-01-02 11:03:35.879,1;2025-01-02 11:03:33.110727;,-104,1.8,44.8589056020286,5.1542415618896396
2025-01-02 11:04:27.982,1;2025-01-02 11:04:24.181209;,-101,-4.2,4.45272181795716,5.17731523513793
2025-01-02 11:04:43.661,1;2025-01-02 11:04:42.212131;,-105,1.8,14.7963135975359,5.14413547515869
2025-01-02 11:05:04.434,1;2025-01-02 11:05:00.244522;,-104,0.8,11.168631684109,5.14174771308898
2025-01-02 11:05:56.326,1;2025-01-02 11:05:51.311761;,-101,-1.8,4.47078811671836,5.14110541343689
2025-01-02 11:06:12.086,1;2025-01-02 11:06:09.344406;,-101,-4.8,14.720719995395,5.15969729423522
2025-01-02 11:06:17.244,1;2025-01-02 11:06:15.356307;,-102,-4.5,44.9861327682828,5.13910746574401
2025-01-02 11:06:27.724,1;2025-01-02 11:06:27.377884;,-105,-0.5,22.1359904569505,5.26677227020263
2025-01-02 11:06:43.226,1;2025-01-02 11:06:39.398272;,-104,0.5,14.9663160176213,5.15003371238708
2025-01-02 11:07:19.694,1;2025-01-02 11:07:18.447006;,-101,4.0,6.36167921780908,5.15126204490661
2025-01-02 11:08:01.286,1;2025-01-02 11:08:00.521368;,-99,2.0,5.5779415705552,5.28909945487976
2025-01-02 11:08:42.785,1;2025-01-02 11:08:39.571787;,-101,2.2,5.59058190399876,5.1588454246521
2025-01-02 11:09:08.926,1;2025-01-02 11:09:03.615859;,-102,2.8,8.8748077637375,5.2499132156372
2025-01-02 11:09:14.138,1;2025-01-02 11:09:09.627689;,-105,1.5,44.5157327542332,5.16805291175842
2025-01-02 11:10:16.399,1;2025-01-02 11:10:12.719089;,-104,1.5,3.72624167624118,5.14827632904052
2025-01-02 11:10:47.592,1;2025-01-02 11:10:42.772853;,-102,1.2,7.43756610195789,5.14297294616699
2025-01-02 11:10:57.974,1;2025-01-02 11:10:54.794328;,-99,1.5,22.3461619729007,5.14251923561096
2025-01-02 11:12:05.457,1;2025-01-02 11:12:03.897123;,-104,1.8,3.43789558951718,5.15913152694702
2025-01-02 11:12:10.614,1;2025-01-02 11:12:09.909000;,-104,-0.8,44.988772115537,5.14690589904785
2025-01-02 11:12:21.040,1;2025-01-02 11:12:15.920726;,-109,1.2,22.2531254542312,5.15511655807495
2025-01-02 11:13:39.169,1;2025-01-02 11:13:37.029474;,-101,2.8,2.96942106265776,5.17735457420349
2025-01-02 11:14:15.498,1;2025-01-02 11:14:13.093296;,-104,1.2,6.3860981256162,5.18554878234863
2025-01-02 11:15:02.298,1;2025-01-02 11:14:58.151579;,-107,2.0,4.95728203432229,5.1378481388092
2025-01-02 11:15:12.644,1;2025-01-02 11:15:10.173379;,-107,2.5,22.4252162798632,5.14983367919921
2025-01-02 11:17:17.870,1;2025-01-02 11:17:13.372066;,-105,0.0,1.85264162767748,5.1509530544281
2025-01-02 11:17:48.996,1;2025-01-02 11:17:46.412364;,-105,4.0,7.45361337334745,5.1977698802948
2025-01-02 11:17:54.266,1;2025-01-02 11:17:52.424148;,-105,2.5,44.0218245578256,5.20837926864624
2025-01-02 11:18:20.181,1;2025-01-02 11:18:16.467987;,-95,2.5,8.95229669289011,5.18442702293396
2025-01-02 11:18:40.937,1;2025-01-02 11:18:40.511861;,-105,2.2,11.177693302576,5.14442229270935
2025-01-02 11:19:22.539,1;2025-01-02 11:19:19.562402;,-107,2.2,5.57663298073346,5.14563035964965
2025-01-02 11:19:53.681,1;2025-01-02 11:19:49.616124;,-103,3.2,7.44974108573564,5.14510989189147
2025-01-02 11:20:51.138,1;2025-01-02 11:20:46.697207;,-105,1.8,4.03781779693501,5.16029143333435
2025-01-02 11:20:56.297,1;2025-01-02 11:20:52.708451;,-101,3.2,44.9656317011232,5.13726711273193
2025-01-02 11:21:01.505,1;2025-01-02 11:20:58.719047;,-101,1.8,44.5530437185758,5.15688562393188
2025-01-02 11:21:11.957,1;2025-01-02 11:21:10.740952;,-105,0.8,22.1953521026688,5.2043330669403
2025-01-02 11:22:14.453,1;2025-01-02 11:22:13.830285;,-107,-1.2,3.71223867061826,5.19310331344604
2025-01-02 11:22:24.828,1;2025-01-02 11:22:19.841795;,-101,4.0,22.361483809455,5.14826846122741
2025-01-02 11:22:29.984,1;2025-01-02 11:22:25.853194;,-105,3.0,44.9948714609973,5.1375343799591
2025-01-02 11:22:45.637,1;2025-01-02 11:22:43.883638;,-105,2.8,14.822325550052,5.19008755683898
2025-01-02 11:23:06.548,1;2025-01-02 11:23:01.916812;,-98,1.8,11.0943708854663,5.24800944328308
2025-01-02 11:23:53.400,1;2025-01-02 11:23:52.988492;,-99,5.2,4.95176231822456,5.14904141426086
2025-01-02 11:24:03.751,1;2025-01-02 11:23:58.999907;,-104,2.5,22.4121162514091,5.14876294136047
2025-01-02 11:24:24.594,1;2025-01-02 11:24:23.041750;,-107,1.5,11.1311182464502,5.14806842803955
2025-01-02 11:25:52.834,1;2025-01-02 11:25:50.176279;,-104,0.8,2.62917965469141,5.14553928375244
2025-01-02 11:26:34.332,1;2025-01-02 11:26:29.225869;,-105,2.0,5.59070376729822,5.15319561958313
2025-01-02 11:26:44.682,1;2025-01-02 11:26:41.247144;,-101,2.8,22.4148746464644,5.14745068550109
2025-01-02 11:26:49.872,1;2025-01-02 11:26:47.257683;,-97,5.8,44.7025906529143,5.14424490928649
2025-01-02 11:27:26.235,1;2025-01-02 11:27:23.321746;,-103,1.5,6.38015475393388,5.15461015701293
2025-01-02 11:27:57.725,1;2025-01-02 11:27:56.360760;,-107,2.2,7.36727582079706,5.31068873405456
2025-01-02 11:28:02.890,1;2025-01-02 11:28:02.371525;,-105,-3.2,44.9200131914769,5.1562705039978
2025-01-02 11:28:13.290,1;2025-01-02 11:28:08.383057;,-101,0.2,22.3067772446411,5.14398312568664
2025-01-02 11:28:28.899,1;2025-01-02 11:28:26.416017;,-103,3.5,14.8635312289208,5.18780922889709
2025-01-02 11:28:34.113,1;2025-01-02 11:28:32.427756;,-97,-7.0,44.4929440479852,5.15866565704345
2025-01-02 11:29:31.605,1;2025-01-02 11:29:29.505569;,-105,2.8,4.03536074175772,5.31351017951965
2025-01-02 11:29:36.770,1;2025-01-02 11:29:35.517079;,-104,1.8,44.9233893194558,5.15450429916381
2025-01-02 11:30:08.369,1;2025-01-02 11:30:05.567844;,-109,-0.2,7.34201956697803,5.50893330574035
2025-01-02 11:31:00.285,1;2025-01-02 11:30:56.638692;,-103,1.8,4.46874036347757,5.17773485183715
2025-01-02 11:31:05.477,1;2025-01-02 11:31:02.649026;,-101,0.0,44.6785024992918,5.14780831336975
2025-01-02 11:31:10.644,1;2025-01-02 11:31:08.660412;,-99,3.2,44.9054900168799,5.14095211029052
2025-01-02 11:31:21.007,1;2025-01-02 11:31:20.682948;,-111,-0.8,22.3860841110508,5.14470672607421
2025-01-02 11:31:31.355,1;2025-01-02 11:31:26.694501;,-102,2.8,22.4202824096296,5.15095973014831
2025-01-02 11:31:41.676,1;2025-01-02 11:31:38.715483;,-94,-1.5,22.4794123334743,5.14586901664733
2025-01-02 11:33:04.602,1;2025-01-02 11:32:59.841110;,-103,-2.8,2.79766463938313,5.15974950790405
2025-01-02 11:33:46.092,1;2025-01-02 11:33:44.900579;,-105,1.2,5.59173532132348,5.21623539924621
2025-01-02 11:34:06.772,1;2025-01-02 11:34:02.933199;,-107,2.0,11.2182057177496,5.14241003990173
2025-01-02 11:34:27.516,1;2025-01-02 11:34:26.975416;,-101,2.0,11.1842275441822,5.20977139472961
2025-01-02 11:34:37.864,1;2025-01-02 11:34:32.986969;,-105,2.5,22.4200628669577,5.14707851409912
2025-01-02 11:34:43.025,1;2025-01-02 11:34:38.997566;,-95,0.5,44.9496919577817,5.15144395828247
2025-01-02 11:35:56.077,1;2025-01-02 11:35:54.105279;,-104,1.5,3.17583980035638,5.20584559440612
2025-01-02 11:37:19.380,1;2025-01-02 11:37:15.224235;,-97,-8.2,2.78499752522996,5.14621520042419
2025-01-02 11:39:08.444,1;2025-01-02 11:39:06.376440;,-107,0.8,2.12719647719921,5.17781281471252
2025-01-02 11:40:00.528,1;2025-01-02 11:39:57.443874;,-104,0.5,4.45434666556047,5.21058845520019
2025-01-02 11:40:10.853,1;2025-01-02 11:40:09.465059;,-104,2.2,22.4694077147253,5.14721584320068
2025-01-02 11:41:28.868,1;2025-01-02 11:41:24.576524;,-98,-8.0,2.97377017541762,5.13855409622192
2025-01-02 11:41:44.468,1;2025-01-02 11:41:42.609335;,-105,2.2,14.8722552376795,5.19453430175781
2025-01-02 11:41:54.928,1;2025-01-02 11:41:54.631561;,-101,6.0,22.1789901091054,5.13722085952758
2025-01-02 11:42:05.267,1;2025-01-02 11:42:00.643332;,-103,4.2,22.4404350925322,5.14458584785461
2025-01-02 11:42:52.043,1;2025-01-02 11:42:51.715207;,-98,-6.8,4.9597583666168,5.14748287200927
2025-01-02 11:43:02.439,1;2025-01-02 11:42:57.727156;,-103,4.5,22.3167895405314,5.18613171577453
2025-01-02 11:43:07.594,1;2025-01-02 11:43:03.737860;,-105,3.5,45.0089653583821,5.13757848739624
2025-01-02 11:43:49.240,1;2025-01-02 11:43:45.811887;,-97,-7.5,5.57069502219679,5.22126150131225
2025-01-02 11:44:20.540,1;2025-01-02 11:44:18.850066;,-97,-7.5,7.412051776156,5.15726733207702
2025-01-02 11:44:41.332,1;2025-01-02 11:44:36.882625;,-103,0.8,11.1584216407748,5.19601464271545
2025-01-02 11:44:57.242,1;2025-01-02 11:44:54.914795;,-95,0.8,14.5820410686451,5.39440178871154
2025-01-02 11:45:07.660,1;2025-01-02 11:45:06.937679;,-105,2.0,22.2687184425604,5.19863772392272
2025-01-02 11:45:18.006,1;2025-01-02 11:45:12.949158;,-102,-3.8,22.4242710862221,5.14998316764831
2025-01-02 11:45:49.102,1;2025-01-02 11:45:45.989442;,-97,-8.0,7.46078954989821,5.16769313812255
2025-01-02 11:45:59.513,1;2025-01-02 11:45:58.011962;,-107,0.2,22.2841449882296,5.14553022384643
2025-01-02 11:46:15.027,1;2025-01-02 11:46:10.034219;,-98,-4.5,14.9542707948557,5.1499056816101
2025-01-02 11:46:20.316,1;2025-01-02 11:46:16.045718;,-103,3.8,43.8611920176368,5.24446463584899
2025-01-02 11:46:25.485,1;2025-01-02 11:46:22.056050;,-104,1.8,44.8840872275131,5.15247058868408
2025-01-02 11:48:56.181,1;2025-01-02 11:48:52.282970;,-104,2.2,1.53952912822532,5.17036199569702
2025-01-02 11:49:06.693,1;2025-01-02 11:49:04.304622;,-92,5.5,22.0688678173786,5.28227066993713
2025-01-02 11:50:35.606,1;2025-01-02 11:50:31.417415;,-98,-5.0,2.6092824658916,5.15818333625793
2025-01-02 11:51:12.419,1;2025-01-02 11:51:07.482196;,-103,2.2,6.30220933483042,5.20615625381469
2025-01-02 11:51:17.587,1;2025-01-02 11:51:13.491507;,-99,5.5,44.8870873177595,5.13861489295959
2025-01-02 11:51:27.946,1;2025-01-02 11:51:25.513162;,-103,1.5,22.397798794,5.15595245361328
2025-01-02 11:51:59.178,1;2025-01-02 11:51:58.552110;,-101,-3.5,7.42811274391127,5.15764212608337
2025-01-02 11:52:14.757,1;2025-01-02 11:52:10.573217;,-105,2.5,14.892182990906,5.15807271003723
2025-01-02 11:52:25.336,1;2025-01-02 11:52:22.595444;,-98,2.0,21.9311693621271,5.14732599258422
2025-01-02 11:52:30.499,1;2025-01-02 11:52:28.607408;,-104,-6.0,44.9311223156398,5.15534162521362
2025-01-02 11:52:35.666,1;2025-01-02 11:52:34.619023;,-97,5.2,44.8979605697603,5.15446758270263
2025-01-02 11:53:53.655,1;2025-01-02 11:53:49.731636;,-121,-1.2,2.97478994083415,5.16162323951721
2025-01-02 11:54:24.717,1;2025-01-02 11:54:19.786454;,-101,-0.8,7.46884360438273,5.14857053756713
2025-01-02 11:54:56.057,1;2025-01-02 11:54:52.825200;,-105,-0.8,7.40279625707092,5.14560675621032
2025-01-02 11:55:07.406,1;2025-01-02 11:55:04.846823;,-105,2.8,20.4429271447033,5.63760304450988
2025-01-02 11:55:17.779,1;2025-01-02 11:55:16.866262;,-107,-0.2,22.3653893903431,5.14486837387085
2025-01-02 11:55:43.782,1;2025-01-02 11:55:40.909224;,-103,4.5,8.92204695803243,5.20496344566345
2025-01-02 11:56:20.328,1;2025-01-02 11:56:19.959805;,-103,-4.5,6.34806941007389,5.32195806503295
2025-01-02 11:56:35.814,1;2025-01-02 11:56:31.982066;,-104,3.0,14.9810835283501,5.14694046974182
2025-01-02 11:56:51.399,1;2025-01-02 11:56:50.014570;,-99,1.0,14.8863614101261,5.16393852233886
2025-01-02 11:56:56.571,1;2025-01-02 11:56:56.026449;,-99,3.5,44.8614349023671,5.14531373977661
2025-01-02 11:58:04.555,1;2025-01-02 11:58:02.120001;,-104,3.0,3.41253695548533,5.19215869903564
2025-01-02 11:59:38.309,1;2025-01-02 11:59:35.259518;,-99,1.2,2.47455818574522,5.16636896133422
2025-01-02 12:00:14.851,1;2025-01-02 12:00:11.323832;,-91,2.5,6.34901061590918,5.14522910118103
2025-01-02 12:01:01.538,1;2025-01-02 12:00:56.385313;,-102,2.5,4.96917789569388,5.15428805351257
2025-01-02 12:01:06.880,1;2025-01-02 12:01:02.396826;,-104,-2.5,43.4312065483082,5.31484532356262
2025-01-02 12:01:17.313,1;2025-01-02 12:01:14.416972;,-105,2.2,22.2368311567296,5.26175332069397
2025-01-02 12:01:43.240,1;2025-01-02 12:01:38.459379;,-102,1.8,8.94849183732583,5.23999238014221
2025-01-02 12:02:19.755,1;2025-01-02 12:02:17.508159;,-105,-2.8,6.35346570201635,5.14208173751831
2025-01-02 12:02:40.518,1;2025-01-02 12:02:35.541401;,-104,-0.5,11.173708623898,5.14941239356994
2025-01-02 12:02:45.679,1;2025-01-02 12:02:41.552024;,-107,1.5,44.9508319159334,5.15294408798217
2025-01-02 12:03:01.283,1;2025-01-02 12:02:59.585093;,-105,-1.0,14.8683870869754,5.15491700172424
2025-01-02 12:04:09.008,1;2025-01-02 12:04:08.689975;,-105,1.8,3.42561305622001,5.16217112541198
2025-01-02 12:04:34.993,1;2025-01-02 12:04:32.732498;,-102,3.0,8.92828159872855,5.14705109596252
2025-01-02 12:05:32.235,1;2025-01-02 12:05:29.797820;,-94,1.8,4.05297202633292,5.13427901268005
2025-01-02 12:05:42.600,1;2025-01-02 12:05:41.819319;,-103,-1.8,22.3821924074689,5.16175365447998
2025-01-02 12:05:58.375,1;2025-01-02 12:05:53.842225;,-98,-4.0,14.7067638127459,5.14705753326416
2025-01-02 12:06:13.974,1;2025-01-02 12:06:11.874701;,-104,0.8,14.8729626392441,5.14339566230773
2025-01-02 12:06:24.354,1;2025-01-02 12:06:23.897446;,-99,4.5,22.349432346114,5.13794922828674
2025-01-02 12:07:00.809,1;2025-01-02 12:06:56.937349;,-99,1.2,6.36406891535527,5.2073118686676
2025-01-02 12:07:21.702,1;2025-01-02 12:07:20.979968;,-97,-7.8,11.1044060872887,5.24324369430542
2025-01-02 12:07:32.113,1;2025-01-02 12:07:26.991402;,-103,3.2,22.2832835984475,5.17467403411865
2025-01-02 12:07:42.541,1;2025-01-02 12:07:39.012071;,-105,-0.8,22.248102707794,5.14537477493286
2025-01-02 12:07:47.733,1;2025-01-02 12:07:45.022443;,-99,-0.5,44.6828354660509,5.14277267456054
2025-01-02 12:08:34.408,1;2025-01-02 12:08:30.081492;,-96,0.8,4.97057261580682,5.15085577964782
2025-01-02 12:08:44.858,1;2025-01-02 12:08:42.103733;,-98,1.8,22.2013645915488,5.19386434555053
2025-01-02 12:08:50.018,1;2025-01-02 12:08:48.115067;,-103,0.5,44.9614348424848,5.14496970176696
2025-01-02 12:09:10.750,1;2025-01-02 12:09:06.147974;,-101,1.5,11.190362372652,5.14636254310607
2025-01-02 12:09:15.919,1;2025-01-02 12:09:12.160037;,-91,6.2,44.8774714687865,5.15425682067871
2025-01-02 12:09:52.342,1;2025-01-02 12:09:51.209765;,-98,4.0,6.36971656158529,5.14389991760253
2025-01-02 12:09:57.535,1;2025-01-02 12:09:57.219852;,-98,0.8,44.6707413684201,5.14974784851074
2025-01-02 12:10:13.136,1;2025-01-02 12:10:09.241967;,-102,2.0,14.8706072439717,5.22752213478088
2025-01-02 12:10:33.975,1;2025-01-02 12:10:33.283999;,-102,1.2,11.133168886931,5.14390778541564
2025-01-02 12:10:44.397,1;2025-01-02 12:10:39.295672;,-101,4.5,22.2600349255324,5.14543485641479
2025-01-02 12:10:49.565,1;2025-01-02 12:10:45.307154;,-104,3.8,44.8941885079875,5.14620518684387
2025-01-02 12:11:20.864,1;2025-01-02 12:11:18.345668;,-99,5.0,7.41232402883196,5.14372968673706
2025-01-02 12:11:26.059,1;2025-01-02 12:11:24.357048;,-98,6.0,44.6634585316271,5.1499752998352
2025-01-02 12:11:46.842,1;2025-01-02 12:11:42.389861;,-102,0.5,11.1628868851333,5.1870002746582
2025-01-02 12:12:12.838,1;2025-01-02 12:12:12.444168;,-92,-2.8,8.92431926810566,5.13843488693237
2025-01-02 12:12:49.163,1;2025-01-02 12:12:45.482902;,-96,0.2,6.38674457734977,5.17665767669677
2025-01-02 12:12:54.344,1;2025-01-02 12:12:51.494403;,-97,5.8,44.784636786326,5.16526818275451
2025-01-02 12:13:36.146,1;2025-01-02 12:13:33.568440;,-99,1.0,5.54999156418029,5.33463311195373
2025-01-02 12:14:23.167,1;2025-01-02 12:14:18.631060;,-104,2.5,4.93397654214811,5.17276692390441
2025-01-02 12:14:43.916,1;2025-01-02 12:14:42.674872;,-102,2.5,11.1809650572711,5.20720601081848
2025-01-02 12:16:12.313,1;2025-01-02 12:16:09.806242;,-93,-4.5,2.62451222063344,5.14754104614257
2025-01-02 12:16:17.470,1;2025-01-02 12:16:15.817526;,-102,0.2,44.9940850268717,5.14801812171936
2025-01-02 12:16:22.684,1;2025-01-02 12:16:21.828135;,-103,2.5,44.4965472459866,5.16068458557128
2025-01-02 12:16:38.282,1;2025-01-02 12:16:33.849322;,-98,2.8,14.873186330349,5.14188194274902
2025-01-02 12:17:09.437,1;2025-01-02 12:17:06.886161;,-98,6.2,7.44678846124397,5.14500832557678
2025-01-02 12:17:19.843,1;2025-01-02 12:17:18.907331;,-104,-1.0,22.2946763692844,5.20358729362487
2025-01-02 12:17:40.806,1;2025-01-02 12:17:36.939609;,-113,-0.5,11.0669910978189,5.14503598213195
2025-01-02 12:17:51.214,1;2025-01-02 12:17:48.960512;,-103,1.0,22.2903930775703,5.1590416431427
2025-01-02 12:17:56.384,1;2025-01-02 12:17:54.971252;,-99,7.0,44.875906824844,5.16158056259155
2025-01-02 12:18:01.572,1;2025-01-02 12:18:00.978834;,-101,2.2,44.713917115175,5.14034056663513
2025-01-02 12:18:43.610,1;2025-01-02 12:18:40.026412;,-103,4.2,5.51890891321074,5.14687824249267
2025-01-02 12:18:53.937,1;2025-01-02 12:18:52.049111;,-98,1.5,22.4636552269249,5.14858388900756
2025-01-02 12:19:04.367,1;2025-01-02 12:19:04.071177;,-96,-4.5,22.2432657775518,5.24709510803222
2025-01-02 12:19:25.060,1;2025-01-02 12:19:22.104197;,-98,6.0,11.2117855784128,5.15631222724914
2025-01-02 12:19:30.295,1;2025-01-02 12:19:28.116078;,-104,2.2,44.3169035941934,5.19058322906494
2025-01-02 12:20:01.448,1;2025-01-02 12:20:01.156401;,-96,7.8,7.44712761753255,5.1463017463684
2025-01-02 12:20:11.859,1;2025-01-02 12:20:07.168243;,-103,4.5,22.2838510467904,5.20527982711792
2025-01-02 12:20:17.026,1;2025-01-02 12:20:13.179406;,-104,2.0,44.90202955561,5.15163254737854
2025-01-02 12:20:27.396,1;2025-01-02 12:20:25.200260;,-98,4.2,22.371937214558,5.14166569709777
2025-01-02 12:20:37.756,1;2025-01-02 12:20:37.221077;,-101,4.2,22.3950822250906,5.14072680473327
2025-01-02 12:20:58.443,1;2025-01-02 12:20:55.250017;,-103,4.8,11.2147076593349,5.13995170593261
2025-01-02 12:21:29.577,1;2025-01-02 12:21:28.288972;,-97,3.8,7.45145466960944,5.14562249183654
2025-01-02 12:21:34.737,1;2025-01-02 12:21:34.300372;,-98,7.0,44.9604584580176,5.13824486732482
2025-01-02 12:21:45.159,1;2025-01-02 12:21:40.312187;,-101,1.8,22.2623368291532,5.2002682685852
2025-01-02 12:21:55.506,1;2025-01-02 12:21:52.335126;,-101,0.5,22.4215093448903,5.14440774917602
2025-01-02 12:22:05.883,1;2025-01-02 12:22:04.357187;,-103,4.2,22.3569410930885,5.17643189430236
2025-01-02 12:23:03.190,1;2025-01-02 12:23:01.438234;,-104,1.5,4.04836720268769,5.15904307365417
2025-01-02 12:23:24.047,1;2025-01-02 12:23:19.471828;,-101,4.8,11.1233922808401,5.14411783218383
2025-01-02 12:23:34.404,1;2025-01-02 12:23:31.494459;,-102,6.0,22.4009007151802,5.14790105819702
2025-01-02 12:23:39.577,1;2025-01-02 12:23:37.505754;,-113,4.8,44.8419482526046,5.15373611450195
2025-01-02 12:24:26.486,1;2025-01-02 12:24:22.567051;,-97,5.0,4.94574839022528,5.14866828918457
2025-01-02 12:24:47.203,1;2025-01-02 12:24:46.610731;,-96,-5.2,11.1989445069754,5.15796184539794
2025-01-02 12:24:57.702,1;2025-01-02 12:24:52.622465;,-101,5.8,22.0956901417872,5.2582356929779
2025-01-02 12:25:02.865,1;2025-01-02 12:24:58.632824;,-101,4.8,44.9371002023391,5.14104890823364
2025-01-02 12:25:08.034,1;2025-01-02 12:25:04.643837;,-102,5.8,44.8822674924091,5.15255784988403
2025-01-02 12:25:13.253,1;2025-01-02 12:25:10.654417;,-98,5.5,44.4530447672732,5.21072673797607
2025-01-02 12:25:39.188,1;2025-01-02 12:25:37.690978;,-103,4.8,8.94543832378551,5.16143822669982
2025-01-02 12:25:44.490,1;2025-01-02 12:25:43.701607;,-103,-1.8,43.7593924114205,5.29358696937561
2025-01-02 12:26:10.401,1;2025-01-02 12:26:07.745557;,-99,4.2,8.95363698760506,5.14767718315124
2025-01-02 12:26:16.066,1;2025-01-02 12:26:13.757169;,-99,4.0,40.9556539094698,5.61742043495178
2025-01-02 12:26:21.276,1;2025-01-02 12:26:19.769040;,-95,-5.0,44.527539296043,5.13965845108032
2025-01-02 12:26:36.784,1;2025-01-02 12:26:31.791862;,-102,4.0,14.9600400533893,5.14334678649902
2025-01-02 12:27:07.983,1;2025-01-02 12:27:04.839142;,-82,-2.2,7.4361039793701,5.14448261260986
2025-01-02 12:27:18.360,1;2025-01-02 12:27:16.861252;,-103,4.5,22.3580152105409,5.14284253120422
2025-01-02 12:27:23.518,1;2025-01-02 12:27:22.871973;,-91,3.0,44.9750317665413,5.13619518280029
2025-01-02 12:27:33.875,1;2025-01-02 12:27:28.882269;,-90,2.2,22.4009723953892,5.15401101112365
2025-01-02 12:27:49.513,1;2025-01-02 12:27:46.913972;,-103,5.2,14.8354264689972,5.17723679542541
2025-01-02 12:28:20.576,1;2025-01-02 12:28:19.952079;,-103,5.0,7.46876592717242,5.14759850502014
2025-01-02 12:28:31.249,1;2025-01-02 12:28:25.963168;,-99,5.0,21.7367496218993,5.2218427658081
2025-01-02 12:28:41.613,1;2025-01-02 12:28:37.983799;,-99,5.8,22.3853538629493,5.1487123966217
2025-01-02 12:28:46.835,1;2025-01-02 12:28:43.994285;,-104,4.2,44.4296345032877,5.17545390129089
2025-01-02 12:29:12.878,1;2025-01-02 12:29:08.036998;,-100,4.2,8.9084251273374,5.14353656768798
2025-01-02 12:29:18.093,1;2025-01-02 12:29:14.046936;,-101,3.5,44.4793056047127,5.16888952255249
2025-01-02 12:29:54.414,1;2025-01-02 12:29:50.087160;,-103,4.2,6.38751539362161,5.14939332008361
2025-01-02 12:30:10.243,1;2025-01-02 12:30:08.119136;,-96,-4.2,14.6569570229588,5.18535637855529
2025-01-02 12:30:20.597,1;2025-01-02 12:30:20.139640;,-103,2.2,22.4070096180716,5.14940214157104
2025-01-02 12:30:31.140,1;2025-01-02 12:30:26.151652;,-96,-0.2,22.0056961885478,5.33253979682922
2025-01-02 12:30:36.332,1;2025-01-02 12:30:32.163081;,-102,6.0,44.6821747984493,5.17411231994628
2025-01-02 12:30:41.523,1;2025-01-02 12:30:38.174633;,-100,5.0,44.6909825697647,5.14501404762268
2025-01-02 12:30:46.720,1;2025-01-02 12:30:44.185193;,-93,-2.0,44.6399531488055,5.15449929237365
2025-01-02 12:31:44.383,1;2025-01-02 12:31:41.266361;,-103,4.5,4.02341604556937,5.30588436126709
2025-01-02 12:31:49.579,1;2025-01-02 12:31:47.276889;,-97,5.2,44.6425254050752,5.18096876144409
2025-01-02 12:31:59.931,1;2025-01-02 12:31:59.298967;,-96,0.0,22.4130325435384,5.14648222923278
2025-01-02 12:32:51.818,1;2025-01-02 12:32:50.366572;,-93,3.0,4.4711832360499,5.15457081794738
2025-01-02 12:32:57.040,1;2025-01-02 12:32:56.377003;,-100,-2.2,44.4279487961043,5.18283677101135
2025-01-02 12:33:07.530,1;2025-01-02 12:33:02.388650;,-102,-0.5,22.1172603421725,5.22470021247863
2025-01-02 12:33:12.719,1;2025-01-02 12:33:08.398956;,-99,5.5,44.7086639960641,5.14646959304809
2025-01-02 12:33:23.107,1;2025-01-02 12:33:20.420125;,-98,7.5,22.3326333585528,5.17567634582519
2025-01-02 12:33:28.337,1;2025-01-02 12:33:26.430710;,-96,6.5,44.3601459581754,5.21312403678894
2025-01-02 12:33:33.529,1;2025-01-02 12:33:32.441165;,-103,6.0,44.6834181828835,5.13456726074218
2025-01-02 12:34:15.014,1;2025-01-02 12:34:11.492067;,-101,4.8,5.59242011789226,5.13322806358337
2025-01-02 12:34:25.414,1;2025-01-02 12:34:23.514422;,-96,-5.8,22.3072379884759,5.14306020736694
2025-01-02 12:34:46.232,1;2025-01-02 12:34:41.546802;,-101,5.8,11.1446082218421,5.17471003532409
2025-01-02 12:35:01.759,1;2025-01-02 12:34:59.576764;,-100,3.0,14.9411092649573,5.15039229393005
2025-01-02 12:36:04.275,1;2025-01-02 12:35:59.651461;,-96,-6.2,3.71105073353981,5.14470100402832
2025-01-02 12:36:19.875,1;2025-01-02 12:36:17.683960;,-99,2.8,14.8723786644043,5.13618874549865
2025-01-02 12:36:25.084,1;2025-01-02 12:36:23.695232;,-104,4.5,44.5340869253529,5.18291783332824
2025-01-02 12:36:30.274,1;2025-01-02 12:36:29.706794;,-103,3.8,44.7060348184585,5.16442608833313
2025-01-02 12:37:37.680,1;2025-01-02 12:37:35.798814;,-103,5.0,3.44182735799972,5.14423370361328
2025-01-02 12:37:42.845,1;2025-01-02 12:37:41.810294;,-101,5.0,44.9118901672129,5.14283299446106
2025-01-02 12:37:58.401,1;2025-01-02 12:37:53.829012;,-93,6.5,14.91434009348,5.14496445655822
2025-01-02 12:38:03.623,1;2025-01-02 12:37:59.838720;,-96,2.5,44.4234927350624,5.21325707435607
2025-01-02 12:38:08.813,1;2025-01-02 12:38:05.848441;,-98,5.0,44.7075178009315,5.1451506614685
2025-01-02 12:38:50.488,1;2025-01-02 12:38:47.894474;,-103,5.5,5.56683818924967,5.1948549747467
2025-01-02 12:39:00.837,1;2025-01-02 12:38:59.914739;,-94,-6.8,22.4181842740765,5.14252543449401
2025-01-02 12:39:16.370,1;2025-01-02 12:39:11.935978;,-104,-3.2,14.9358293587356,5.14823007583618
2025-01-02 12:39:21.884,1;2025-01-02 12:39:17.947634;,-98,4.8,42.0692277365931,5.45828032493591
2025-01-02 12:39:27.101,1;2025-01-02 12:39:23.958307;,-104,5.2,44.4698433334573,5.16795110702514
2025-01-02 12:39:32.382,1;2025-01-02 12:39:29.968615;,-101,3.8,43.9330301551758,5.238783121109
2025-01-02 12:40:13.859,1;2025-01-02 12:40:09.016713;,-103,0.0,5.59347301160422,5.14523911476135
2025-01-02 12:40:29.404,1;2025-01-02 12:40:27.047334;,-100,1.8,14.9248549411202,5.15098929405212
2025-01-02 12:40:34.566,1;2025-01-02 12:40:33.058468;,-103,3.5,44.9414730967782,5.14565277099609
2025-01-02 12:41:00.807,1;2025-01-02 12:40:57.101126;,-101,3.5,8.84126715935111,5.14861845970153
2025-01-02 12:41:37.394,1;2025-01-02 12:41:36.150839;,-101,2.2,6.34101503664371,5.20020294189453
2025-01-02 12:41:42.577,1;2025-01-02 12:41:42.162179;,-103,0.5,44.7588254244937,5.17506718635559
2025-01-02 12:42:19.031,1;2025-01-02 12:42:18.226065;,-101,5.5,6.36425996559247,5.1656744480133
2025-01-02 12:42:29.479,1;2025-01-02 12:42:24.236799;,-90,3.2,22.2050791445641,5.17148995399475
2025-01-02 12:43:11.123,1;2025-01-02 12:43:06.287577;,-99,1.0,5.57094901530258,5.20709037780761
2025-01-02 12:43:21.562,1;2025-01-02 12:43:18.309748;,-101,4.5,22.2253598436191,5.14093828201293
2025-01-02 12:43:26.722,1;2025-01-02 12:43:24.319862;,-100,2.0,44.9640193498801,5.14470028877258
2025-01-02 12:43:31.916,1;2025-01-02 12:43:30.331289;,-100,3.5,44.6649304901312,5.14485144615173
2025-01-02 12:43:37.125,1;2025-01-02 12:43:36.343137;,-100,6.0,44.5337648991865,5.20125460624694
2025-01-02 12:43:47.460,1;2025-01-02 12:43:42.354816;,-94,6.8,22.4486938902054,5.12493085861206
2025-01-02 12:43:57.842,1;2025-01-02 12:43:54.377651;,-101,4.2,22.3467608538391,5.13065147399902
2025-01-02 12:45:05.486,1;2025-01-02 12:45:00.456266;,-95,8.2,3.42970505425931,5.14163780212402
2025-01-02 12:45:26.209,1;2025-01-02 12:45:24.499361;,-101,4.2,11.1951637482129,5.16800236701965
2025-01-02 12:45:31.430,1;2025-01-02 12:45:30.511029;,-96,-4.0,44.4389802255189,5.20367741584777
2025-01-02 12:45:46.994,1;2025-01-02 12:45:42.532139;,-103,4.8,14.9059249027191,5.14448165893554
2025-01-02 12:45:57.331,1;2025-01-02 12:45:54.553373;,-101,4.0,22.4432641321647,5.1486370563507
2025-01-02 12:46:28.435,1;2025-01-02 12:46:27.592399;,-98,2.0,7.45890031476012,5.14381980895996
2025-01-02 12:46:54.358,1;2025-01-02 12:46:51.636180;,-101,5.2,8.94974431549472,5.14742064476013
2025-01-02 12:46:59.521,1;2025-01-02 12:46:57.648215;,-96,-6.0,44.9290601996203,5.14613986015319
2025-01-02 12:47:25.986,1;2025-01-02 12:47:21.689856;,-103,4.5,8.76650489521137,5.67743897438049
2025-01-02 12:47:57.184,1;2025-01-02 12:47:54.726357;,-93,6.2,7.43623365734864,5.165864944458
2025-01-02 12:48:02.443,1;2025-01-02 12:48:00.738041;,-100,3.2,44.1202867705091,5.20810580253601
2025-01-02 12:48:18.050,1;2025-01-02 12:48:12.759654;,-98,5.0,14.8645400215452,5.19546723365783
2025-01-02 12:48:23.224,1;2025-01-02 12:48:18.771210;,-99,3.0,44.8443537081398,5.16519117355346
2025-01-02 12:48:28.386,1;2025-01-02 12:48:24.781625;,-101,2.0,44.9456205574747,5.145672082901
2025-01-02 12:48:33.543,1;2025-01-02 12:48:30.791576;,-99,0.8,44.9817927657733,5.13208818435668
2025-01-02 12:48:38.737,1;2025-01-02 12:48:36.802914;,-101,6.0,44.6670176393857,5.147709608078
2025-01-02 12:48:49.197,1;2025-01-02 12:48:48.825125;,-102,6.0,22.1810821351842,5.19334554672241
2025-01-02 12:49:25.529,1;2025-01-02 12:49:21.864702;,-98,2.2,6.38543144039796,5.15147972106933
2025-01-02 12:49:30.727,1;2025-01-02 12:49:27.876325;,-97,7.8,44.6330959301112,5.13646483421325
2025-01-02 12:49:35.892,1;2025-01-02 12:49:33.888213;,-102,-0.2,44.9199157309452,5.14359235763549
2025-01-02 12:49:46.228,1;2025-01-02 12:49:45.909008;,-93,-6.8,22.4460969917921,5.14981365203857
2025-01-02 12:50:01.846,1;2025-01-02 12:49:57.929681;,-98,1.8,14.8541460117073,5.17058634757995
2025-01-02 12:50:12.563,1;2025-01-02 12:50:09.951110;,-95,2.0,21.6491996716528,5.17584109306335
2025-01-02 12:50:54.111,1;2025-01-02 12:50:49.000279;,-95,7.8,5.58384459356805,5.20085000991821
2025-01-02 12:50:59.305,1;2025-01-02 12:50:55.011960;,-97,7.2,44.6669971359886,5.13786458969116
2025-01-02 12:51:04.497,1;2025-01-02 12:51:01.022392;,-97,0.5,44.6836090054314,5.17114305496215
2025-01-02 12:51:09.655,1;2025-01-02 12:51:07.032941;,-102,5.0,44.9844919118123,5.14056992530822
2025-01-02 12:51:35.554,1;2025-01-02 12:51:31.073112;,-99,2.8,8.95782619259342,5.14114236831665
2025-01-02 12:51:45.936,1;2025-01-02 12:51:43.094588;,-94,3.2,22.3460983404802,5.14594459533691
2025-01-02 12:52:48.960,1;2025-01-02 12:52:46.187561;,-103,3.5,3.68113737647702,5.1467216014862
2025-01-02 12:54:22.579,1;2025-01-02 12:54:19.307541;,-101,5.5,2.47811633271243,5.14441156387329
2025-01-02 12:54:27.736,1;2025-01-02 12:54:25.319289;,-96,5.8,44.9855525277898,5.14641237258911
2025-01-02 12:54:32.931,1;2025-01-02 12:54:31.331287;,-97,8.2,44.6658079711613,5.14271450042724
2025-01-02 12:54:53.694,1;2025-01-02 12:54:49.364328;,-101,4.8,11.1735170663996,5.23389196395874
2025-01-02 12:54:58.854,1;2025-01-02 12:54:55.375915;,-92,4.5,44.9610151997089,5.15027499198913
2025-01-02 12:55:45.733,1;2025-01-02 12:55:40.436101;,-101,4.5,4.94886200235497,5.22289681434631
2025-01-02 12:56:01.265,1;2025-01-02 12:55:58.468466;,-103,6.0,14.9372561225373,5.1691288948059
2025-01-02 12:56:32.532,1;2025-01-02 12:56:28.523121;,-102,5.8,7.41996241775877,5.15034890174865
2025-01-02 12:56:37.694,1;2025-01-02 12:56:34.534637;,-102,3.8,44.9454980739429,5.14643168449401
2025-01-02 12:57:08.826,1;2025-01-02 12:57:07.574146;,-103,5.2,7.45206343888374,5.2141044139862
2025-01-02 12:57:34.769,1;2025-01-02 12:57:31.617560;,-96,2.5,8.94275695924004,5.17559814453125
2025-01-02 12:57:39.930,1;2025-01-02 12:57:37.628863;,-99,3.8,44.9506824099308,5.15282440185546
2025-01-02 12:57:50.478,1;2025-01-02 12:57:49.649670;,-104,1.8,21.9955249839166,5.14640974998474
2025-01-02 12:58:05.996,1;2025-01-02 12:58:01.671113;,-107,2.0,14.9505473041237,5.15291547775268
2025-01-02 12:58:42.504,1;2025-01-02 12:58:40.719612;,-104,-1.5,6.3546744654586,5.14135813713073
2025-01-02 12:58:47.702,1;2025-01-02 12:58:46.730109;,-101,3.5,44.6365560130267,5.1410207748413
2025-01-02 12:59:03.276,1;2025-01-02 12:58:58.752828;,-105,2.8,14.8966628258933,5.16246700286865
2025-01-02 12:59:13.663,1;2025-01-02 12:59:10.774051;,-104,2.8,22.335299935887,5.14676094055175
2025-01-02 12:59:24.173,1;2025-01-02 12:59:22.797048;,-104,2.0,22.0735951398274,5.17074131965637
2025-01-02 12:59:29.332,1;2025-01-02 12:59:28.807623;,-103,1.8,44.9724563854371,5.14686894416809
2025-01-02 14:00:12.943,1;2025-01-02 14:00:08.835032;,-105,2.8,0.0636730952939262,5.15081214904785
2025-01-02 14:00:18.159,1;2025-01-02 14:00:14.846539;,-103,3.8,44.4759084808118,5.17146754264831
2025-01-02 14:00:28.531,1;2025-01-02 14:00:26.867578;,-96,1.5,22.3686247725331,5.14989066123962
2025-01-02 14:00:33.718,1;2025-01-02 14:00:32.878081;,-98,4.0,44.7269679415336,5.14803385734558
2025-01-02 14:00:49.354,1;2025-01-02 14:00:44.899246;,-101,-0.2,14.8377508218085,5.14745068550109
2025-01-02 14:01:31.264,1;2025-01-02 14:01:29.958821;,-101,3.0,5.53565289722219,5.13998556137085
2025-01-02 14:01:36.428,1;2025-01-02 14:01:35.970023;,-102,1.0,44.9250754996611,5.14750003814697
2025-01-02 14:01:46.800,1;2025-01-02 14:01:41.981653;,-107,0.8,22.3682560983921,5.14872813224792
2025-01-02 14:03:30.659,1;2025-01-02 14:03:30.121925;,-104,3.0,2.23379881232143,5.14279699325561
2025-01-02 14:03:46.360,1;2025-01-02 14:03:42.142326;,-104,0.2,14.7758765153465,5.14835357666015
2025-01-02 14:03:51.527,1;2025-01-02 14:03:48.152537;,-104,4.0,44.9039234186395,5.14451456069946
2025-01-02 14:03:56.688,1;2025-01-02 14:03:54.163600;,-99,5.2,44.9498518391366,5.13573575019836
2025-01-02 14:04:07.331,1;2025-01-02 14:04:06.185718;,-102,4.0,21.7989449982851,5.39408540725708
2025-01-02 14:04:54.010,1;2025-01-02 14:04:51.251299;,-101,3.2,4.97014442273313,5.19378423690795
2025-01-02 14:05:09.650,1;2025-01-02 14:05:09.282865;,-101,0.2,14.8335073627252,5.28719782829284
2025-01-02 14:05:20.058,1;2025-01-02 14:05:15.294444;,-104,3.2,22.2890206479314,5.2006607055664
2025-01-02 14:05:25.236,1;2025-01-02 14:05:21.304892;,-98,3.0,44.8109174716285,5.15306663513183
2025-01-02 14:05:30.395,1;2025-01-02 14:05:27.315663;,-98,-5.0,44.970876798014,5.14772081375122
2025-01-02 14:06:01.619,1;2025-01-02 14:06:00.361669;,-104,1.0,7.43007213620768,5.14929580688476
2025-01-02 14:06:17.475,1;2025-01-02 14:06:12.383342;,-95,2.0,14.6315351710562,5.14397120475769
2025-01-02 14:06:38.221,1;2025-01-02 14:06:36.424230;,-95,1.0,11.1829005758326,5.1610791683197
2025-01-02 14:07:20.011,1;2025-01-02 14:07:18.474701;,-95,4.5,5.55164686497557,5.13731050491333
2025-01-02 14:07:25.190,1;2025-01-02 14:07:24.486030;,-103,3.5,44.7907674943774,5.16636180877685
2025-01-02 14:07:51.136,1;2025-01-02 14:07:48.527913;,-97,5.5,8.94191414464771,5.16345047950744
2025-01-02 14:07:56.335,1;2025-01-02 14:07:54.538421;,-103,2.5,44.6236990868288,5.1267499923706
2025-01-02 14:08:53.344,1;2025-01-02 14:08:51.625791;,-103,1.5,4.06950557753499,5.15566301345825
2025-01-02 14:09:19.460,1;2025-01-02 14:09:15.669709;,-97,7.8,8.88335350808641,5.14399027824401
2025-01-02 14:09:29.948,1;2025-01-02 14:09:27.691064;,-104,-0.2,22.1201256394485,5.30472111701965
2025-01-02 14:09:50.694,1;2025-01-02 14:09:48.710989;,-105,-1.0,11.1828994191785,5.17508959770202
2025-01-02 14:10:16.578,1;2025-01-02 14:10:12.755556;,-105,-0.2,8.96337392118311,5.1481282711029
2025-01-02 14:10:21.752,1;2025-01-02 14:10:18.766880;,-102,2.0,44.8369356496753,5.1644971370697
2025-01-02 14:10:37.387,1;2025-01-02 14:10:36.800005;,-105,0.8,14.8383970194582,5.15569806098938
2025-01-02 14:10:47.793,1;2025-01-02 14:10:42.811511;,-102,3.2,22.294806114305,5.1457200050354
2025-01-02 14:11:13.754,1;2025-01-02 14:11:09.847396;,-101,-1.2,8.93641501689544,5.21355581283569
2025-01-02 14:11:55.213,1;2025-01-02 14:11:51.921580;,-98,2.0,5.59593427742717,5.16723752021789
2025-01-02 14:12:00.437,1;2025-01-02 14:11:57.933046;,-104,2.8,44.4116358954162,5.21565413475036
2025-01-02 14:12:57.546,1;2025-01-02 14:12:55.021009;,-106,0.8,4.06238294664266,5.14049291610717
2025-01-02 14:13:02.712,1;2025-01-02 14:13:01.032485;,-91,2.2,44.9125866666814,5.15072083473205
2025-01-02 14:13:07.976,1;2025-01-02 14:13:07.043070;,-98,2.2,44.0723779436319,5.18766379356384
2025-01-02 14:13:54.647,1;2025-01-02 14:13:52.102647;,-99,7.2,4.97087977921225,5.19646477699279
2025-01-02 14:14:20.599,1;2025-01-02 14:14:16.144860;,-97,3.5,8.93967245276483,5.14967370033264
2025-01-02 14:14:25.816,1;2025-01-02 14:14:22.156351;,-105,-0.8,44.475747887561,5.17158365249633
2025-01-02 14:14:31.066,1;2025-01-02 14:14:28.166562;,-107,-8.2,44.1831163828308,5.20256567001342
2025-01-02 14:14:36.245,1;2025-01-02 14:14:34.176739;,-99,7.0,44.7965575449821,5.1709713935852
2025-01-02 14:15:33.739,1;2025-01-02 14:15:31.257427;,-101,2.0,4.03525494802384,5.31007170677185
2025-01-02 14:16:41.269,1;2025-01-02 14:16:40.359435;,-101,2.0,3.4354737819357,5.25783586502075
2025-01-02 14:17:02.328,1;2025-01-02 14:16:58.391829;,-101,1.8,11.0170028451349,5.42581939697265
2025-01-02 14:17:07.994,1;2025-01-02 14:17:04.403571;,-101,-4.0,40.9429278083382,5.58188819885253
2025-01-02 14:17:13.232,1;2025-01-02 14:17:10.414036;,-101,-4.0,44.2920658965415,5.2247998714447
2025-01-02 14:18:10.317,1;2025-01-02 14:18:07.495730;,-92,-1.0,4.06414758883997,5.20822644233703
2025-01-02 14:18:15.472,1;2025-01-02 14:18:13.507578;,-97,7.0,45.0005541604557,5.14750599861145
2025-01-02 14:18:20.676,1;2025-01-02 14:18:19.518448;,-103,3.2,44.5862697376261,5.15224051475524
2025-01-02 14:18:46.857,1;2025-01-02 14:18:43.560264;,-105,2.8,8.86118734334812,5.35346221923828
2025-01-02 14:18:57.226,1;2025-01-02 14:18:55.581391;,-104,0.2,22.3738589936608,5.13464593887329
2025-01-02 14:19:02.413,1;2025-01-02 14:19:01.591993;,-99,3.2,44.7276155430675,5.16470527648925
2025-01-02 14:19:39.007,1;2025-01-02 14:19:34.630931;,-99,7.5,6.3399418255315,5.14865946769714
2025-01-02 14:19:44.209,1;2025-01-02 14:19:40.642740;,-104,1.8,44.5938911849299,5.1853814125061
2025-01-02 14:19:49.380,1;2025-01-02 14:19:46.653131;,-102,0.2,44.8710190501991,5.14581584930419
2025-01-02 14:20:30.954,1;2025-01-02 14:20:28.727735;,-105,0.5,5.58038287948696,5.14917683601379
2025-01-02 14:21:02.274,1;2025-01-02 14:21:01.763787;,-99,7.2,7.40732256064162,5.21165490150451
2025-01-02 14:22:20.292,1;2025-01-02 14:22:16.884334;,-102,2.0,2.97367948932456,5.17385959625244
2025-01-02 14:22:35.824,1;2025-01-02 14:22:34.916805;,-99,6.2,14.9372673579796,5.18615221977233
2025-01-02 14:23:33.213,1;2025-01-02 14:23:32.005793;,-105,-1.2,4.04255910364495,5.16175961494445
2025-01-02 14:23:38.434,1;2025-01-02 14:23:38.017115;,-104,-0.2,44.4337935337837,5.20143628120422
2025-01-02 14:24:09.600,1;2025-01-02 14:24:08.062139;,-97,6.5,7.44397695077847,5.14809012413024
2025-01-02 14:25:01.590,1;2025-01-02 14:24:59.138713;,-98,-0.5,4.46240604779376,5.20599579811096
2025-01-02 14:25:06.753,1;2025-01-02 14:25:05.150164;,-102,-0.2,44.9378763445465,5.14509558677673
2025-01-02 14:25:12.058,1;2025-01-02 14:25:11.160712;,-101,-1.2,43.731046020178,5.26333951950073
2025-01-02 14:26:25.257,1;2025-01-02 14:26:20.268728;,-107,3.5,3.16943028726925,5.16808819770813
2025-01-02 14:26:30.476,1;2025-01-02 14:26:26.280665;,-103,2.5,44.460336333349,5.14948034286499
2025-01-02 14:26:40.868,1;2025-01-02 14:26:38.301969;,-101,2.5,22.3230795086676,5.15301752090454
2025-01-02 14:27:27.657,1;2025-01-02 14:27:23.367801;,-107,-1.8,4.95846824578027,5.15338850021362
2025-01-02 14:28:04.035,1;2025-01-02 14:27:59.430503;,-103,2.8,6.37743771482955,5.14775323867797
2025-01-02 14:28:35.196,1;2025-01-02 14:28:32.477065;,-105,0.0,7.44519966528838,5.15773344039917
2025-01-02 14:28:40.428,1;2025-01-02 14:28:38.488559;,-103,3.5,44.3420520483554,5.21072745323181
2025-01-02 14:28:45.592,1;2025-01-02 14:28:44.499254;,-99,4.2,44.9281453777771,5.14587044715881
2025-01-02 14:29:01.140,1;2025-01-02 14:28:56.519996;,-103,-0.5,14.9219258747441,5.15979766845703
2025-01-02 14:29:06.299,1;2025-01-02 14:29:02.530332;,-100,3.0,44.9643974940447,5.14334392547607
2025-01-02 14:29:11.459,1;2025-01-02 14:29:08.541093;,-102,4.8,44.9605602493118,5.14707231521606
2025-01-02 14:29:16.636,1;2025-01-02 14:29:14.551595;,-101,2.2,44.818101920022,5.16066312789917
2025-01-02 14:29:27.061,1;2025-01-02 14:29:26.573030;,-104,3.2,22.2531870315416,5.14660239219665
2025-01-02 14:30:08.688,1;2025-01-02 14:30:05.630257;,-105,2.0,5.57340294411956,5.28603243827819
2025-01-02 14:30:13.904,1;2025-01-02 14:30:11.641875;,-103,1.8,44.4785797842016,5.19970154762268
2025-01-02 14:30:34.761,1;2025-01-02 14:30:29.673428;,-102,3.0,11.1229297174559,5.25392127037048
2025-01-02 14:30:45.172,1;2025-01-02 14:30:41.694788;,-105,3.2,22.2850544186654,5.16823458671569
2025-01-02 14:31:42.385,1;2025-01-02 14:31:38.782749;,-105,1.2,4.05503474071716,5.15462779998779
2025-01-02 14:31:52.714,1;2025-01-02 14:31:50.804654;,-98,5.2,22.4607873456395,5.15150308609008
2025-01-02 14:33:15.930,1;2025-01-02 14:33:14.912229;,-107,-0.5,2.78791543581991,5.18370866775512
2025-01-02 14:33:31.470,1;2025-01-02 14:33:26.934062;,-103,1.8,14.929426379941,5.14841842651367
2025-01-02 14:33:41.836,1;2025-01-02 14:33:38.956079;,-103,3.8,22.3816909817712,5.14486265182495
2025-01-02 14:33:47.003,1;2025-01-02 14:33:44.967770;,-107,-1.0,44.8944308454567,5.15109276771545
2025-01-02 14:34:49.489,1;2025-01-02 14:34:48.059848;,-104,2.2,3.71286506141416,5.15004634857177
2025-01-02 14:34:54.678,1;2025-01-02 14:34:54.071626;,-102,-4.2,44.7041678793167,5.1425769329071
2025-01-02 14:35:21.030,1;2025-01-02 14:35:18.113963;,-104,-5.2,8.80409375235833,5.20340371131897
2025-01-02 14:35:52.087,1;2025-01-02 14:35:51.151095;,-93,3.5,7.47018632826091,5.17336821556091
2025-01-02 14:36:07.942,1;2025-01-02 14:36:03.173106;,-101,2.5,14.6324645298135,5.23603200912475
2025-01-02 14:36:23.501,1;2025-01-02 14:36:21.204171;,-102,2.5,14.9109700439801,5.14228224754333
2025-01-02 14:36:33.861,1;2025-01-02 14:36:33.225334;,-94,-6.8,22.3934185876103,5.14178156852722
2025-01-02 14:37:25.745,1;2025-01-02 14:37:24.295156;,-104,-0.2,4.47154887710891,5.20424389839172
2025-01-02 14:37:30.954,1;2025-01-02 14:37:30.307279;,-99,2.5,44.5385142381755,5.15722250938415
2025-01-02 14:37:46.503,1;2025-01-02 14:37:42.328652;,-98,5.0,14.9201742026657,5.16460180282592
2025-01-02 14:37:51.695,1;2025-01-02 14:37:48.339027;,-102,-0.8,44.6814115670334,5.14394259452819
2025-01-02 14:38:02.037,1;2025-01-02 14:38:00.360120;,-93,-6.8,22.4327651839121,5.17292380332946
2025-01-02 14:38:54.149,1;2025-01-02 14:38:51.431432;,-103,3.2,4.45195447516005,5.16861581802368
2025-01-02 14:38:59.344,1;2025-01-02 14:38:57.443057;,-101,-5.8,44.6590063452435,5.17932033538818
2025-01-02 14:39:04.544,1;2025-01-02 14:39:03.453998;,-96,6.2,44.620730007766,5.1564495563507
2025-01-02 14:39:30.449,1;2025-01-02 14:39:27.496001;,-100,6.8,8.95566256509254,5.21970176696777
2025-01-02 14:39:35.609,1;2025-01-02 14:39:33.506560;,-98,2.0,44.957141145068,5.15173316001892
2025-01-02 14:40:01.737,1;2025-01-02 14:40:00.543041;,-103,2.0,8.87938119667828,5.19487643241882
2025-01-02 14:40:28.581,1;2025-01-02 14:40:24.587723;,-103,0.0,8.64263339842851,5.15583729743957
2025-01-02 14:40:44.150,1;2025-01-02 14:40:42.619953;,-103,2.2,14.9017003290299,5.17005825042724
2025-01-02 14:40:49.307,1;2025-01-02 14:40:48.631737;,-103,0.0,44.987118587524,5.14687442779541
2025-01-02 14:41:20.456,1;2025-01-02 14:41:15.668115;,-98,5.0,7.44791478889246,5.14430117607116
2025-01-02 14:41:25.624,1;2025-01-02 14:41:21.678840;,-95,7.0,44.896346853456,5.15609216690063
2025-01-02 14:41:30.780,1;2025-01-02 14:41:27.689030;,-99,5.0,44.9927494001605,5.14585638046264
2025-01-02 14:41:41.149,1;2025-01-02 14:41:39.709548;,-98,0.0,22.3750870270057,5.16163349151611
2025-01-02 14:41:46.316,1;2025-01-02 14:41:45.720158;,-101,0.5,44.9009811618439,5.14977526664733
2025-01-02 14:42:01.983,1;2025-01-02 14:41:57.741559;,-103,3.5,14.8079652145293,5.18169856071472
2025-01-02 14:42:12.374,1;2025-01-02 14:42:09.763092;,-97,7.5,22.3263830846761,5.14455819129943
2025-01-02 14:42:43.538,1;2025-01-02 14:42:42.802967;,-99,1.5,7.44454337739127,5.17460799217224
2025-01-02 14:43:09.493,1;2025-01-02 14:43:06.846170;,-103,3.8,8.93851384811282,5.14275503158569
2025-01-02 14:43:14.696,1;2025-01-02 14:43:12.857695;,-97,-5.8,44.5928816532148,5.19036221504211
2025-01-02 14:43:19.864,1;2025-01-02 14:43:18.868012;,-104,1.5,44.8905351216562,5.15230655670166
2025-01-02 14:43:40.704,1;2025-01-02 14:43:36.899930;,-104,0.8,11.1326810558705,5.1461706161499
2025-01-02 14:44:12.066,1;2025-01-02 14:44:09.937486;,-99,7.2,7.39735030506856,5.18723702430725
2025-01-02 14:44:17.269,1;2025-01-02 14:44:15.949158;,-104,1.0,44.5941670770557,5.14764165878295
2025-01-02 14:44:48.370,1;2025-01-02 14:44:45.999609;,-104,0.2,7.45937935275811,5.14457201957702
2025-01-02 14:44:58.729,1;2025-01-02 14:44:58.021975;,-98,8.0,22.3972580050731,5.14350533485412
2025-01-02 14:45:09.173,1;2025-01-02 14:45:04.033282;,-105,1.0,22.2141589886757,5.16142058372497
2025-01-02 14:45:45.467,1;2025-01-02 14:45:43.090512;,-101,1.2,6.39217090704916,5.16803383827209
2025-01-02 14:45:50.629,1;2025-01-02 14:45:49.101358;,-97,6.0,44.9456620774675,5.14548683166503
2025-01-02 14:46:06.160,1;2025-01-02 14:46:01.123795;,-103,-3.8,14.9380486066059,5.16959714889526
2025-01-02 14:46:11.321,1;2025-01-02 14:46:07.135353;,-103,5.0,44.9518535669027,5.15229272842407
2025-01-02 14:46:21.695,1;2025-01-02 14:46:19.156438;,-105,1.2,22.3630579043617,5.14793586730957
2025-01-02 14:46:42.421,1;2025-01-02 14:46:40.182135;,-104,1.0,11.1938178300827,5.2153103351593
2025-01-02 14:46:47.676,1;2025-01-02 14:46:46.194156;,-104,1.0,44.1458954458223,5.23901724815368
2025-01-02 14:47:03.250,1;2025-01-02 14:46:58.214452;,-98,-4.0,14.8961615888479,5.16137051582336
2025-01-02 14:47:13.769,1;2025-01-02 14:47:10.234784;,-102,0.0,22.0558947373646,5.27403950691223
2025-01-02 14:47:18.966,1;2025-01-02 14:47:16.244894;,-99,7.2,44.64334260904,5.14929127693176
2025-01-02 14:47:24.184,1;2025-01-02 14:47:22.255031;,-97,6.8,44.4620143413836,5.17238211631774
2025-01-02 14:47:29.342,1;2025-01-02 14:47:28.265015;,-105,-1.8,44.9770211853331,5.1419551372528
2025-01-02 14:48:10.960,1;2025-01-02 14:48:07.313279;,-103,-1.2,5.57447560920621,5.15242552757263
2025-01-02 14:48:47.877,1;2025-01-02 14:48:43.375740;,-101,0.2,6.28434952482752,5.33608341217041
2025-01-02 14:48:53.040,1;2025-01-02 14:48:49.387395;,-105,0.8,44.939567763353,5.14421010017395
2025-01-02 14:48:58.229,1;2025-01-02 14:48:55.398160;,-99,5.2,44.7104018878856,5.16526365280151
2025-01-02 14:49:24.346,1;2025-01-02 14:49:22.431373;,-103,4.2,8.88316812369601,5.14644265174865
2025-01-02 14:49:29.502,1;2025-01-02 14:49:28.443215;,-101,1.8,44.9903508802347,5.14850616455078
2025-01-02 14:49:45.173,1;2025-01-02 14:49:40.461189;,-103,-0.2,14.8047255000158,5.20761132240295
2025-01-02 14:51:34.048,1;2025-01-02 14:51:31.616252;,-103,0.0,2.13087669195008,5.14629340171814
2025-01-02 14:51:39.222,1;2025-01-02 14:51:37.627736;,-96,7.2,44.8457611432838,5.14013385772705
2025-01-02 14:52:41.637,1;2025-01-02 14:52:40.720516;,-105,2.0,3.71703945098937,5.14529967308044
2025-01-02 14:52:57.171,1;2025-01-02 14:52:52.742680;,-97,-0.8,14.9346327656067,5.16826081275939
2025-01-02 14:53:07.585,1;2025-01-02 14:53:04.765517;,-99,6.2,22.2772827644568,5.14493083953857
2025-01-02 14:53:12.773,1;2025-01-02 14:53:10.776940;,-97,5.2,44.7203573111768,5.14433813095092
2025-01-02 14:53:17.943,1;2025-01-02 14:53:16.787576;,-102,1.8,44.8772479415434,5.14733600616455
2025-01-02 14:54:15.189,1;2025-01-02 14:54:13.868202;,-103,4.5,4.05266554038033,5.16012358665466
2025-01-02 14:54:20.358,1;2025-01-02 14:54:19.878944;,-105,-1.2,44.8823316671324,5.14166045188903
2025-01-02 14:54:30.779,1;2025-01-02 14:54:25.890467;,-103,1.2,22.2624244331187,5.14167404174804
2025-01-02 14:54:41.184,1;2025-01-02 14:54:37.907330;,-97,2.8,22.2977732944462,5.16502594947814
2025-01-02 14:54:46.377,1;2025-01-02 14:54:43.917168;,-102,2.8,44.672215857825,5.14700388908386
2025-01-02 14:54:51.535,1;2025-01-02 14:54:49.927376;,-104,0.2,44.9820402086646,5.14953780174255
2025-01-02 14:55:38.482,1;2025-01-02 14:55:37.979018;,-103,2.5,4.9417035881079,5.16712403297424
2025-01-02 14:55:59.259,1;2025-01-02 14:55:56.011373;,-96,6.8,11.1663430754051,5.17718863487243
2025-01-02 14:56:56.938,1;2025-01-02 14:56:53.098202;,-103,3.5,4.02228503378961,5.14564681053161
2025-01-02 14:57:12.510,1;2025-01-02 14:57:11.128303;,-101,2.2,14.8979315761224,5.14639449119567
2025-01-02 14:57:17.666,1;2025-01-02 14:57:17.139046;,-104,-1.2,44.9960241151827,5.14359259605407
2025-01-02 14:57:33.279,1;2025-01-02 14:57:29.160529;,-98,7.8,14.8593115874601,5.15189743041992
2025-01-02 14:57:38.439,1;2025-01-02 14:57:35.171598;,-83,6.8,44.9695134538804,5.14183974266052
2025-01-02 14:57:43.596,1;2025-01-02 14:57:41.182168;,-103,5.8,44.9875366378427,5.14728450775146
2025-01-02 14:57:48.757,1;2025-01-02 14:57:47.192488;,-104,1.5,44.9499909576046,5.15250468254089
2025-01-02 14:58:25.140,1;2025-01-02 14:58:20.238501;,-99,7.0,6.37660865478294,5.18057560920715
2025-01-02 14:58:35.462,1;2025-01-02 14:58:32.260251;,-104,-1.8,22.4750774969597,5.14385247230529
2025-01-02 14:59:32.812,1;2025-01-02 14:59:29.343799;,-95,2.8,4.04538727850823,5.16496396064758
2025-01-02 14:59:48.399,1;2025-01-02 14:59:47.373538;,-101,0.0,14.883402130501,5.14217901229858
2025-01-02 15:00:09.241,1;2025-01-02 15:00:05.403515;,-105,2.8,11.1318005207797,5.15171909332275
2025-01-02 15:00:19.558,1;2025-01-02 15:00:17.423767;,-100,3.8,22.485431124849,5.13728594779968
2025-01-02 15:00:50.782,1;2025-01-02 15:00:50.460155;,-103,4.8,7.43028557307477,5.16489839553833
2025-01-02 15:01:01.156,1;2025-01-02 15:00:56.471720;,-102,2.5,22.3643063402541,5.15657758712768
2025-01-02 15:01:16.710,1;2025-01-02 15:01:14.502120;,-98,7.0,14.9160014534033,5.15184354782104
2025-01-02 15:01:21.897,1;2025-01-02 15:01:20.512497;,-94,7.8,44.7219810100882,5.1403203010559
2025-01-02 15:01:27.055,1;2025-01-02 15:01:26.523401;,-95,1.8,44.9810400570755,5.14093089103698
2025-01-02 15:01:37.623,1;2025-01-02 15:01:32.533798;,-104,1.2,21.9524169115622,5.3309736251831
2025-01-02 15:01:48.113,1;2025-01-02 15:01:44.553937;,-102,5.2,22.1163922015848,5.24373936653137
2025-01-02 15:02:13.953,1;2025-01-02 15:02:11.589438;,-99,0.5,8.97821678401685,5.15122485160827
2025-01-02 15:02:19.171,1;2025-01-02 15:02:17.600766;,-105,-1.5,44.4689897926998,5.20732474327087
2025-01-02 15:02:24.353,1;2025-01-02 15:02:23.611415;,-100,5.0,44.763155453021,5.17238688468933
2025-01-02 15:02:34.702,1;2025-01-02 15:02:29.621886;,-103,4.0,22.4176579939524,5.14306020736694
2025-01-02 15:02:50.326,1;2025-01-02 15:02:47.653577;,-97,7.0,14.8495339865888,5.21851134300231
2025-01-02 15:02:55.519,1;2025-01-02 15:02:53.664061;,-96,-2.2,44.6758584074144,5.14765095710754
2025-01-02 15:03:31.780,1;2025-01-02 15:03:26.710928;,-103,5.2,6.39803472442801,5.14022541046142
2025-01-02 15:03:36.961,1;2025-01-02 15:03:32.722477;,-96,7.0,44.7793814630346,5.17053365707397
2025-01-02 15:03:57.839,1;2025-01-02 15:03:56.765159;,-102,5.8,11.1121822100988,5.1638855934143
2025-01-02 15:04:18.569,1;2025-01-02 15:04:14.797062;,-103,1.5,11.1912927406033,5.13589477539062
2025-01-02 15:04:55.215,1;2025-01-02 15:04:53.844577;,-100,4.8,6.33089684607485,5.161470413208
2025-01-02 15:05:00.380,1;2025-01-02 15:04:59.854835;,-98,7.2,44.9173031168754,5.15696597099304
2025-01-02 15:05:10.717,1;2025-01-02 15:05:05.865184;,-97,7.2,22.4440706374381,5.16116881370544
2025-01-02 15:05:21.104,1;2025-01-02 15:05:17.886857;,-103,-0.5,22.3358720873435,5.20243453979492
2025-01-02 15:05:36.593,1;2025-01-02 15:05:35.918324;,-104,1.2,14.9775384759689,5.14946794509887
2025-01-02 15:06:28.523,1;2025-01-02 15:06:26.988116;,-98,7.2,4.46762023883145,5.25891280174255
2025-01-02 15:06:33.713,1;2025-01-02 15:06:32.999514;,-109,-2.5,44.6945296427358,5.14708232879638
2025-01-02 15:06:54.500,1;2025-01-02 15:06:51.031834;,-104,2.0,11.1609337091515,5.14378094673156
2025-01-02 15:06:59.662,1;2025-01-02 15:06:57.042438;,-107,4.5,44.9417823654826,5.14655399322509
2025-01-02 15:07:56.663,1;2025-01-02 15:07:54.122055;,-97,5.8,4.07012041564914,5.14811778068542
2025-01-02 15:08:33.157,1;2025-01-02 15:08:30.186362;,-108,-1.0,6.35720559063336,5.15223836898803
2025-01-02 15:08:38.317,1;2025-01-02 15:08:36.197338;,-105,3.0,44.9670051997626,5.14992070198059
2025-01-02 15:09:25.025,1;2025-01-02 15:09:21.255508;,-98,2.8,4.96694954777174,5.14535880088806
2025-01-02 15:09:30.244,1;2025-01-02 15:09:27.266631;,-97,6.5,44.4584187649643,5.20969653129577
2025-01-02 15:09:45.809,1;2025-01-02 15:09:45.297957;,-102,2.0,14.9045835630874,5.19633030891418
2025-01-02 15:09:56.242,1;2025-01-02 15:09:51.308565;,-102,1.5,22.2372331161778,5.14626216888427
2025-01-02 15:10:32.900,1;2025-01-02 15:10:30.365778;,-102,3.2,6.32880805225818,5.14236807823181
2025-01-02 15:11:19.719,1;2025-01-02 15:11:18.449810;,-103,1.5,4.95524054119264,5.14065885543823
2025-01-02 15:11:40.616,1;2025-01-02 15:11:39.475807;,-96,4.5,11.1020247820094,5.14804720878601
2025-01-02 15:11:45.807,1;2025-01-02 15:11:45.487437;,-107,0.8,44.6951968345309,5.14725518226623
2025-01-02 15:12:22.284,1;2025-01-02 15:12:21.551032;,-104,4.8,6.36013009409964,5.14382433891296
2025-01-02 15:13:19.749,1;2025-01-02 15:13:18.632367;,-94,1.5,4.0372513046447,5.13801479339599
2025-01-02 15:13:40.428,1;2025-01-02 15:13:36.664952;,-103,4.5,11.2189636421117,5.14871907234191
2025-01-02 15:13:56.087,1;2025-01-02 15:13:54.697188;,-98,6.5,14.8159870143862,5.2169291973114
2025-01-02 15:14:32.347,1;2025-01-02 15:14:27.744019;,-105,3.2,6.39825541743021,5.14908480644226
2025-01-02 15:14:48.015,1;2025-01-02 15:14:45.776845;,-96,4.2,14.8070195129507,5.16631913185119
2025-01-02 15:14:53.257,1;2025-01-02 15:14:51.788818;,-97,1.8,44.2647026673267,5.19798898696899
2025-01-02 15:15:19.120,1;2025-01-02 15:15:15.830238;,-105,2.5,8.97028124770691,5.18132734298706
2025-01-02 15:16:05.829,1;2025-01-02 15:16:00.898043;,-105,-1.2,4.96691580298307,5.14624381065368
2025-01-02 15:16:16.292,1;2025-01-02 15:16:12.919931;,-101,-3.0,22.1720192011963,5.14605927467346
2025-01-02 15:16:21.456,1;2025-01-02 15:16:18.931418;,-98,6.0,44.931275840902,5.15154576301574
2025-01-02 15:16:26.612,1;2025-01-02 15:16:24.942059;,-104,4.2,44.9923458151663,5.14440321922302
2025-01-02 15:17:08.384,1;2025-01-02 15:17:03.992120;,-101,-1.0,5.55395241610337,5.36886048316955
2025-01-02 15:17:18.713,1;2025-01-02 15:17:16.015121;,-98,-4.5,22.4611782594079,5.15221858024597
2025-01-02 15:17:23.879,1;2025-01-02 15:17:22.026580;,-103,2.2,44.9120228321128,5.15732622146606
2025-01-02 15:17:34.425,1;2025-01-02 15:17:34.048054;,-104,0.8,21.9984528174545,5.3284797668457
2025-01-02 15:17:49.941,1;2025-01-02 15:17:46.069581;,-98,-2.0,14.9519373650122,5.14719033241272
2025-01-02 15:17:55.142,1;2025-01-02 15:17:52.079732;,-99,2.8,44.6079046896315,5.19257497787475
2025-01-02 15:18:57.375,1;2025-01-02 15:18:55.171546;,-106,0.2,3.72794082079996,5.14280915260314
2025-01-02 15:19:02.608,1;2025-01-02 15:19:01.183314;,-103,5.2,44.3359465890183,5.21091961860656
2025-01-02 15:19:07.798,1;2025-01-02 15:19:07.193738;,-97,6.8,44.6967427431415,5.17268991470336
2025-01-02 15:19:18.289,1;2025-01-02 15:19:13.203789;,-98,-1.2,22.1155869578112,5.14468050003051
2025-01-02 15:19:23.479,1;2025-01-02 15:19:19.213969;,-97,5.8,44.7023175247517,5.1467113494873
2025-01-02 15:20:25.840,1;2025-01-02 15:20:22.304859;,-103,-3.8,3.72021865703489,5.1494710445404
2025-01-02 15:20:31.034,1;2025-01-02 15:20:28.316322;,-101,5.0,44.6719533546755,5.1379075050354
2025-01-02 15:20:36.690,1;2025-01-02 15:20:34.326937;,-101,0.0,41.0187548495072,5.64188575744628
2025-01-02 15:20:41.913,1;2025-01-02 15:20:40.335608;,-97,6.2,44.4174682315204,5.21466374397277
2025-01-02 15:20:47.094,1;2025-01-02 15:20:46.346539;,-105,0.8,44.7755880923112,5.1713433265686
2025-01-02 15:22:05.032,1;2025-01-02 15:22:01.458221;,-96,6.2,2.97673003514564,5.14620566368103
2025-01-02 15:22:10.273,1;2025-01-02 15:22:07.469613;,-107,0.0,44.2715901558666,5.22495651245117
2025-01-02 15:22:15.430,1;2025-01-02 15:22:13.480131;,-101,0.2,44.9802728191632,5.14074754714965
2025-01-02 15:22:20.686,1;2025-01-02 15:22:19.490677;,-105,0.8,44.1412695138678,5.20739936828613
2025-01-02 15:22:56.932,1;2025-01-02 15:22:52.530150;,-99,0.5,6.40070408640792,5.14665651321411
2025-01-02 15:23:33.558,1;2025-01-02 15:23:28.594355;,-99,1.8,6.33440319908285,5.14863753318786
2025-01-02 15:23:38.749,1;2025-01-02 15:23:34.606078;,-91,6.0,44.6920950748738,5.13440036773681
2025-01-02 15:24:09.909,1;2025-01-02 15:24:07.650804;,-103,3.0,7.44528602457529,5.14743208885192
2025-01-02 15:24:20.311,1;2025-01-02 15:24:19.673140;,-98,2.0,22.3044911935543,5.14347076416015
2025-01-02 15:24:30.714,1;2025-01-02 15:24:25.684867;,-99,6.0,22.3012896691138,5.14487814903259
2025-01-02 15:24:36.030,1;2025-01-02 15:24:31.695750;,-103,-1.2,43.6419535306765,5.2502806186676
2025-01-02 15:24:46.457,1;2025-01-02 15:24:43.717077;,-101,4.2,22.248839289642,5.17328429222106
2025-01-02 15:25:02.036,1;2025-01-02 15:25:01.749067;,-102,2.2,14.8921371805613,5.18976783752441
2025-01-02 15:25:23.140,1;2025-01-02 15:25:22.774469;,-102,1.5,10.9935522991633,5.20513582229614
2025-01-02 15:25:33.804,1;2025-01-02 15:25:28.786428;,-101,1.2,21.7550550319349,5.42424607276916
2025-01-02 15:25:44.261,1;2025-01-02 15:25:40.807629;,-86,5.0,22.1855415201847,5.15647268295288
2025-01-02 15:25:49.424,1;2025-01-02 15:25:46.817924;,-98,5.8,44.9363261620806,5.13704109191894
2025-01-02 15:26:20.597,1;2025-01-02 15:26:16.869136;,-101,3.5,7.44220555894162,5.15668964385986
2025-01-02 15:27:12.881,1;2025-01-02 15:27:10.938994;,-101,3.5,4.43732294207414,5.15022540092468
2025-01-02 15:27:33.612,1;2025-01-02 15:27:28.972489;,-98,-0.5,11.1907868040795,5.13726735115051
2025-01-02 15:27:49.220,1;2025-01-02 15:27:47.002920;,-102,3.8,14.86412222901,5.20503878593444
2025-01-02 15:28:30.703,1;2025-01-02 15:28:26.050670;,-101,2.8,5.5927097503106,5.14335370063781
2025-01-02 15:28:56.705,1;2025-01-02 15:28:56.104272;,-101,0.2,8.9223948892832,5.17434978485107
2025-01-02 15:29:07.212,1;2025-01-02 15:29:02.115785;,-104,-1.0,22.079547847352,5.17822790145874
2025-01-02 15:29:12.373,1;2025-01-02 15:29:08.126531;,-95,-5.0,44.9545408137196,5.15045976638793
2025-01-02 15:29:48.860,1;2025-01-02 15:29:47.174140;,-100,1.2,6.35844552617291,5.15363907814025
2025-01-02 15:30:09.735,1;2025-01-02 15:30:05.207683;,-98,-6.0,11.1139110678357,5.14529085159301
2025-01-02 15:30:20.182,1;2025-01-02 15:30:17.228728;,-97,6.2,22.2068836742347,5.25109076499939
2025-01-02 15:30:30.499,1;2025-01-02 15:30:29.250284;,-97,0.8,22.486633503138,5.14769387245178
2025-01-02 15:30:46.580,1;2025-01-02 15:30:41.271506;,-99,-0.5,14.4271499362965,5.19177889823913
2025-01-02 15:31:12.913,1;2025-01-02 15:31:08.308731;,-104,-0.2,8.81023541068287,5.2067551612854
2025-01-02 15:31:23.297,1;2025-01-02 15:31:20.330066;,-99,3.8,22.3413515628947,5.14432072639465
2025-01-02 15:31:33.649,1;2025-01-02 15:31:32.351291;,-103,3.2,22.4125617407033,5.1490159034729
2025-01-02 15:31:38.812,1;2025-01-02 15:31:38.361593;,-102,4.5,44.9311223156398,5.13362455368042
2025-01-02 15:31:49.155,1;2025-01-02 15:31:44.371893;,-96,5.0,22.4318979544889,5.15601563453674
2025-01-02 15:31:54.312,1;2025-01-02 15:31:50.381950;,-97,4.5,44.9867608590918,5.14049100875854
2025-01-02 15:32:20.303,1;2025-01-02 15:32:17.416804;,-105,0.0,8.92614196183042,5.14055109024047
2025-01-02 15:32:46.246,1;2025-01-02 15:32:41.460031;,-103,0.0,8.94260039868832,5.15054273605346
2025-01-02 15:32:51.402,1;2025-01-02 15:32:47.471952;,-103,1.5,44.995385362698,5.14818358421325
2025-01-02 15:32:56.563,1;2025-01-02 15:32:53.483898;,-96,-2.5,44.9579096711859,5.15230798721313
2025-01-02 15:33:06.957,1;2025-01-02 15:33:05.505472;,-110,1.8,22.3201183893827,5.22170281410217
2025-01-02 15:33:12.136,1;2025-01-02 15:33:11.515884;,-103,2.0,44.7968586355619,5.17079210281372
2025-01-02 15:33:58.958,1;2025-01-02 15:33:56.576669;,-98,7.2,4.95493982375148,5.14704179763793
2025-01-02 15:34:09.381,1;2025-01-02 15:34:08.598076;,-105,0.0,22.2579452908173,5.14632058143615
2025-01-02 15:34:19.753,1;2025-01-02 15:34:14.609922;,-103,1.5,22.366573309274,5.14496493339538
2025-01-02 15:34:24.908,1;2025-01-02 15:34:20.620192;,-99,4.2,45.0115990571918,5.13679862022399
2025-01-02 15:34:30.124,1;2025-01-02 15:34:26.630932;,-99,3.0,44.4743534177107,5.16722512245178
2025-01-02 15:35:27.770,1;2025-01-02 15:35:23.711255;,-102,0.5,4.02458437970114,5.14238715171814
2025-01-02 15:35:38.462,1;2025-01-02 15:35:35.734219;,-99,4.5,21.6982171413989,5.46284222602844
2025-01-02 15:35:48.928,1;2025-01-02 15:35:47.756247;,-96,-5.5,22.1669673507149,5.14836287498474
2025-01-02 15:36:09.631,1;2025-01-02 15:36:05.789249;,-100,3.5,11.2061211024357,5.15208578109741
2025-01-02 15:36:51.178,1;2025-01-02 15:36:50.848289;,-92,8.0,5.58406706959718,5.17818355560302
2025-01-02 15:37:22.384,1;2025-01-02 15:37:20.900843;,-104,6.8,7.43449741596807,5.14618992805481
2025-01-02 15:37:37.929,1;2025-01-02 15:37:32.923384;,-99,4.2,14.9245321793649,5.13917827606201
2025-01-02 15:37:58.871,1;2025-01-02 15:37:53.947806;,-107,0.8,11.0780836448266,5.28967833518981
2025-01-02 15:38:35.160,1;2025-01-02 15:38:30.009956;,-105,0.2,6.39304261834477,5.16082406044006
2025-01-02 15:38:50.792,1;2025-01-02 15:38:48.041936;,-96,1.8,14.8412603340331,5.14880061149597
2025-01-02 15:39:43.132,1;2025-01-02 15:39:42.105617;,-99,2.8,4.43263243081105,5.1668255329132
2025-01-02 15:39:58.724,1;2025-01-02 15:39:54.127819;,-96,5.0,14.8790194499115,5.15024137496948
2025-01-02 15:40:03.940,1;2025-01-02 15:40:00.138302;,-105,-0.8,44.4768090441982,5.19240355491638
2025-01-02 15:40:14.313,1;2025-01-02 15:40:12.159701;,-93,0.2,22.3668257372061,5.1458089351654
2025-01-02 15:40:19.487,1;2025-01-02 15:40:18.170244;,-97,-6.0,44.8402497100825,5.14476203918457
2025-01-02 15:41:11.454,1;2025-01-02 15:41:09.241283;,-105,1.0,4.46436244386987,5.1532814502716
2025-01-02 15:41:32.241,1;2025-01-02 15:41:27.273000;,-98,6.0,11.1606332713561,5.18004441261291
2025-01-02 15:41:37.398,1;2025-01-02 15:41:33.284254;,-102,0.5,44.9882750044002,5.14528679847717
2025-01-02 15:41:42.566,1;2025-01-02 15:41:39.294634;,-96,-5.2,44.8916223768661,5.15256690979003
2025-01-02 15:41:47.737,1;2025-01-02 15:41:45.305097;,-95,-4.2,44.8624504253451,5.16296076774597
2025-01-02 15:42:18.795,1;2025-01-02 15:42:18.351430;,-104,0.0,7.46994937564016,5.14869546890258
2025-01-02 15:42:29.167,1;2025-01-02 15:42:24.363307;,-96,-4.0,22.3676673761832,5.16151595115661
2025-01-02 15:42:34.375,1;2025-01-02 15:42:30.374031;,-97,5.8,44.5511467011302,5.15681648254394
2025-01-02 15:42:49.917,1;2025-01-02 15:42:48.405103;,-104,-0.8,14.9270585636511,5.13281488418579
2025-01-02 15:43:15.909,1;2025-01-02 15:43:12.448174;,-96,-4.2,8.92587618612844,5.14642834663391
2025-01-02 15:44:13.655,1;2025-01-02 15:44:09.527419;,-102,4.8,4.01761175550981,5.15060663223266
2025-01-02 15:44:18.809,1;2025-01-02 15:44:15.538922;,-104,1.2,45.0130253389466,5.14390277862548
2025-01-02 15:44:24.025,1;2025-01-02 15:44:21.549773;,-98,4.2,44.4730200122951,5.19951343536376
2025-01-02 15:45:05.479,1;2025-01-02 15:45:00.606369;,-99,6.2,5.59652302339368,5.14483332633972
2025-01-02 15:45:15.870,1;2025-01-02 15:45:12.628182;,-85,3.2,22.3279512169277,5.14854621887207
2025-01-02 15:45:21.030,1;2025-01-02 15:45:18.639403;,-105,-0.8,44.9649896556523,5.14131569862365
2025-01-02 15:45:31.365,1;2025-01-02 15:45:30.661556;,-99,0.2,22.447070952464,5.14042234420776
2025-01-02 15:45:46.941,1;2025-01-02 15:45:42.683918;,-101,4.0,14.8946628678392,5.1648564338684
2025-01-02 15:45:52.225,1;2025-01-02 15:45:48.695401;,-102,1.2,43.9047476513194,5.27614784240722
2025-01-02 15:46:23.424,1;2025-01-02 15:46:21.742190;,-107,1.2,7.4362857684851,5.14723801612854
2025-01-02 15:46:28.618,1;2025-01-02 15:46:27.753835;,-103,3.5,44.6677106652789,5.1363456249237
2025-01-02 15:46:54.764,1;2025-01-02 15:46:51.796118;,-102,1.2,8.8730295166276,5.1540195941925
2025-01-02 15:47:31.236,1;2025-01-02 15:47:30.852681;,-99,2.2,6.36116220494605,5.14627385139465
2025-01-02 15:47:46.738,1;2025-01-02 15:47:42.875421;,-100,2.2,14.9649628670493,5.14188957214355
2025-01-02 15:47:51.899,1;2025-01-02 15:47:48.886983;,-102,5.2,44.9555771717092,5.1525592803955
2025-01-02 15:47:57.067,1;2025-01-02 15:47:54.897618;,-108,-2.2,44.8937659771193,5.13865327835083
2025-01-02 15:48:02.299,1;2025-01-02 15:48:00.908118;,-103,3.2,44.3385829229307,5.17834591865539
2025-01-02 15:48:23.059,1;2025-01-02 15:48:18.939869;,-98,3.0,11.1757154326954,5.1482458114624
2025-01-02 15:48:28.244,1;2025-01-02 15:48:24.950789;,-104,1.8,44.7448589179239,5.14354634284973
2025-01-02 15:48:59.444,1;2025-01-02 15:48:57.997398;,-91,4.5,7.43570599509631,5.14382863044738
2025-01-02 15:49:04.608,1;2025-01-02 15:49:04.008918;,-101,3.0,44.9248266090111,5.14156770706176
2025-01-02 15:49:30.540,1;2025-01-02 15:49:28.051145;,-109,-4.0,8.94665762008544,5.16040301322937
2025-01-02 15:49:35.751,1;2025-01-02 15:49:34.061181;,-104,2.2,44.521270619622896,5.17322778701782
2025-01-02 15:50:01.697,1;2025-01-02 15:50:01.093887;,-103,-0.2,8.94158005405295,5.13572311401367
2025-01-02 15:50:22.663,1;2025-01-02 15:50:19.122682;,-103,1.2,11.0654001183345,5.15569639205932
2025-01-02 15:50:38.296,1;2025-01-02 15:50:37.154232;,-101,1.2,14.84107789264,5.14983081817626
2025-01-02 15:50:53.847,1;2025-01-02 15:50:49.175403;,-99,3.8,14.9185571997248,5.14754748344421
2025-01-02 15:51:56.437,1;2025-01-02 15:51:52.247616;,-96,4.8,3.70662743763841,5.1473159790039
2025-01-02 15:52:06.895,1;2025-01-02 15:52:04.268617;,-101,3.0,22.1858101114944,5.23990416526794
2025-01-02 15:52:12.056,1;2025-01-02 15:52:10.279562;,-99,-5.0,44.9492019388957,5.14334106445312
2025-01-02 15:52:38.207,1;2025-01-02 15:52:34.319997;,-99,-0.8,8.87153360263908,5.17304396629333
2025-01-02 15:53:19.720,1;2025-01-02 15:53:19.374680;,-105,-2.2,5.5886395217356,5.15375971794128
2025-01-02 15:53:40.508,1;2025-01-02 15:53:37.404714;,-101,6.2,11.160353201605,5.20676708221435
2025-01-02 15:53:50.835,1;2025-01-02 15:53:49.425092;,-101,2.2,22.4643506597452,5.13941121101379
2025-01-02 15:53:55.987,1;2025-01-02 15:53:55.435786;,-97,4.2,45.02923299748,5.1423008441925
2025-01-02 15:54:06.381,1;2025-01-02 15:54:01.443336;,-108,-5.0,22.3204030487164,5.16489076614379
2025-01-02 15:54:37.644,1;2025-01-02 15:54:34.488191;,-101,4.2,7.42096745408038,5.13881754875183
2025-01-02 15:54:42.835,1;2025-01-02 15:54:40.499399;,-97,4.5,44.6972662822491,5.13420534133911
2025-01-02 15:54:47.996,1;2025-01-02 15:54:46.509479;,-87,-4.5,44.9457783338554,5.14426517486572
2025-01-02 15:54:53.214,1;2025-01-02 15:54:52.519641;,-105,-2.2,44.4630890643975,5.15437507629394
2025-01-02 15:55:03.623,1;2025-01-02 15:54:58.530036;,-102,-0.8,22.2882293311736,5.20557570457458
2025-01-02 15:55:08.781,1;2025-01-02 15:55:04.540159;,-101,2.2,44.9842714763376,5.14671397209167
2025-01-02 15:55:50.377,1;2025-01-02 15:55:49.607280;,-101,3.0,5.57735119700157,5.16862726211547
2025-01-02 15:56:00.785,1;2025-01-02 15:55:55.618942;,-102,0.8,22.2912095695747,5.16459989547729
2025-01-02 15:56:05.948,1;2025-01-02 15:56:01.629729;,-105,0.0,44.933997976517,5.14525246620178
2025-01-02 15:56:16.542,1;2025-01-02 15:56:13.651151;,-99,7.2,21.9003896266789,5.34571146965026
2025-01-02 15:56:32.064,1;2025-01-02 15:56:31.683137;,-102,0.2,14.9459654487302,5.14431405067443
2025-01-02 15:56:47.718,1;2025-01-02 15:56:43.704070;,-98,5.0,14.8210472958873,5.13984131813049
2025-01-02 15:57:18.801,1;2025-01-02 15:57:16.751712;,-103,1.0,7.46388044162908,5.14939260482788
2025-01-02 15:57:23.956,1;2025-01-02 15:57:22.763268;,-91,4.2,45.0042171514574,5.146901845932
2025-01-02 15:57:29.257,1;2025-01-02 15:57:28.773722;,-98,0.2,43.7612914808273,5.2879672050476
2025-01-02 15:57:44.774,1;2025-01-02 15:57:40.794906;,-103,2.0,14.9518902673292,5.14245009422302
2025-01-02 15:57:49.935,1;2025-01-02 15:57:46.805591;,-103,1.5,44.9537827865298,5.13946032524108
2025-01-02 15:58:21.169,1;2025-01-02 15:58:19.850854;,-104,-0.8,7.42761106613134,5.15551829338073
2025-01-02 15:58:36.702,1;2025-01-02 15:58:31.871900;,-99,5.5,14.9366423262024,5.15998220443725
2025-01-02 15:58:47.145,1;2025-01-02 15:58:43.892252;,-99,3.8,22.2159791961975,5.17104411125183
2025-01-02 15:58:52.305,1;2025-01-02 15:58:49.904018;,-102,-0.8,44.9581589285427,5.15216302871704
2025-01-02 15:59:02.632,1;2025-01-02 15:59:01.925456;,-92,-10.2,22.4663495557609,5.15408945083618
2025-01-02 15:59:12.979,1;2025-01-02 15:59:07.935964;,-103,2.0,22.4215930396825,5.12923908233642
2025-01-02 15:59:55.227,1;2025-01-02 15:59:53.002427;,-108,-3.2,5.49132496823541,5.4731011390686
2025-01-02 16:00:05.643,1;2025-01-02 16:00:05.024778;,-98,-5.2,22.274216001714,5.20936369895935
2025-01-02 16:00:21.191,1;2025-01-02 16:00:17.046961;,-103,-0.8,14.921607587134,5.15347123146057
2025-01-02 16:00:31.511,1;2025-01-02 16:00:29.067632;,-103,-0.2,22.4803092079862,5.14453721046447
2025-01-02 16:00:57.470,1;2025-01-02 16:00:56.104848;,-93,6.8,8.93706825125396,5.14451360702514
2025-01-02 16:01:02.646,1;2025-01-02 16:01:02.114770;,-98,4.0,44.8239733720099,5.16756343841552
2025-01-02 16:01:18.233,1;2025-01-02 16:01:14.136097;,-99,1.5,14.8843685427722,5.17415332794189
2025-01-02 16:01:23.422,1;2025-01-02 16:01:20.146847;,-99,5.0,44.7102765743811,5.14495396614074
2025-01-02 16:01:28.613,1;2025-01-02 16:01:26.157239;,-105,-3.5,44.6866541792931,5.14887189865112
2025-01-02 16:01:38.967,1;2025-01-02 16:01:38.178819;,-99,-1.5,22.4078790521684,5.14050269126892
2025-01-02 16:02:20.558,1;2025-01-02 16:02:17.228358;,-86,3.5,5.57818484107116,5.25526809692382
2025-01-02 16:02:30.908,1;2025-01-02 16:02:29.250413;,-105,-0.5,22.4148204322725,5.1473433971405
2025-01-02 16:02:36.081,1;2025-01-02 16:02:35.261729;,-105,2.2,44.8430600204261,5.16170978546142
2025-01-02 16:02:51.901,1;2025-01-02 16:02:47.282517;,-101,4.0,14.6650849747471,5.17775559425354
2025-01-02 16:02:57.107,1;2025-01-02 16:02:53.292978;,-109,-2.8,44.5623720509406,5.15851807594299
2025-01-02 16:03:02.307,1;2025-01-02 16:02:59.303893;,-105,-2.2,44.6220968400199,5.15481567382812
2025-01-02 16:03:07.651,1;2025-01-02 16:03:05.314532;,-89,2.8,43.4073243435528,5.28852725028991
2025-01-02 16:03:33.938,1;2025-01-02 16:03:32.351048;,-97,5.2,8.82580033458602,5.35605907440185
2025-01-02 16:03:39.114,1;2025-01-02 16:03:38.363087;,-105,-2.2,44.8216857176469,5.16526842117309
2025-01-02 16:03:54.687,1;2025-01-02 16:03:50.384498;,-85,6.5,14.8972826915995,5.1726233959198
2025-01-02 16:04:05.213,1;2025-01-02 16:04:02.405969;,-105,-0.2,22.0420416314515,5.15339660644531
2025-01-02 16:04:15.574,1;2025-01-02 16:04:14.426886;,-101,5.8,22.3909859370644,5.14968252182006
2025-01-02 16:04:31.217,1;2025-01-02 16:04:26.448026;,-104,0.0,14.830757343673,5.21668577194213
2025-01-02 16:04:52.064,1;2025-01-02 16:04:47.473290;,-101,5.0,11.1286932714751,5.26247644424438
2025-01-02 16:05:28.816,1;2025-01-02 16:05:23.538489;,-99,5.2,6.31268476979522,5.18224930763244
2025-01-02 16:05:33.977,1;2025-01-02 16:05:29.550352;,-99,5.2,44.9450019186687,5.14439511299133
2025-01-02 16:06:10.415,1;2025-01-02 16:06:08.605737;,-99,2.2,6.36701186150559,5.15445208549499
2025-01-02 16:06:15.574,1;2025-01-02 16:06:14.617178;,-99,3.5,44.9715169332288,5.15065002441406
2025-01-02 16:06:41.494,1;2025-01-02 16:06:38.659076;,-98,6.2,8.95069398981715,5.14726471900939
2025-01-02 16:06:46.714,1;2025-01-02 16:06:44.669700;,-108,-2.8,44.444543669018,5.21195411682128
2025-01-02 16:06:57.030,1;2025-01-02 16:06:56.691002;,-99,6.0,22.4897517641474,5.14656352996826
2025-01-02 16:07:28.222,1;2025-01-02 16:07:23.726985;,-101,4.5,7.43760470182557,5.23146295547485
2025-01-02 16:07:33.530,1;2025-01-02 16:07:29.738576;,-107,-4.2,43.7091339327544,5.26128888130188
2025-01-02 16:07:43.859,1;2025-01-02 16:07:41.759589;,-99,3.0,22.4626129362159,5.14867091178894
2025-01-02 16:07:49.022,1;2025-01-02 16:07:47.769792;,-108,-2.8,44.9307717010696,5.14760518074035
2025-01-02 16:08:09.862,1;2025-01-02 16:08:05.799540;,-104,2.2,11.1323495334692,5.18711614608764
2025-01-02 16:08:35.937,1;2025-01-02 16:08:32.836118;,-99,7.0,8.89754927594103,5.15973687171936
2025-01-02 16:08:41.139,1;2025-01-02 16:08:38.847513;,-95,1.2,44.5974555652926,5.16245555877685
2025-01-02 16:09:02.000,1;2025-01-02 16:08:56.879470;,-101,6.8,11.1209551647273,5.15374135971069
2025-01-02 16:09:17.734,1;2025-01-02 16:09:14.908150;,-97,6.5,14.7454704259662,5.14527916908264
2025-01-02 16:09:22.891,1;2025-01-02 16:09:20.918309;,-107,-1.8,44.9874264049149,5.14262318611145
2025-01-02 16:09:28.055,1;2025-01-02 16:09:26.929079;,-103,-4.8,44.9248909054982,5.15330958366394
2025-01-02 16:10:04.968,1;2025-01-02 16:09:59.974092;,-105,-2.2,6.28510913695667,5.14493250846862
2025-01-02 16:10:10.177,1;2025-01-02 16:10:05.984971;,-99,6.5,44.5404407609822,5.19802713394165
2025-01-02 16:10:20.534,1;2025-01-02 16:10:18.006350;,-102,-0.2,22.3985556330272,5.14681649208068
2025-01-02 16:10:30.961,1;2025-01-02 16:10:30.027486;,-99,-1.5,22.2512833815489,5.14859199523925
2025-01-02 16:10:46.560,1;2025-01-02 16:10:42.048844;,-104,1.8,14.8721377227939,5.14744138717651
2025-01-02 16:11:28.251,1;2025-01-02 16:11:27.108795;,-97,-1.5,5.56478089745786,5.15431237220764
2025-01-02 16:11:59.258,1;2025-01-02 16:11:57.162426;,-99,-4.8,7.48228080914405,5.15480709075927
2025-01-02 16:12:04.424,1;2025-01-02 16:12:03.172817;,-105,2.8,44.9052392709251,5.15037083625793
2025-01-02 16:12:09.593,1;2025-01-02 16:12:09.183569;,-104,4.0,44.8827581231812,5.15007758140564
2025-01-02 16:12:45.889,1;2025-01-02 16:12:42.223011;,-107,-0.2,6.39201378324889,5.20243692398071
2025-01-02 16:13:01.443,1;2025-01-02 16:13:00.254693;,-98,3.2,14.9151790717042,5.1570508480072
2025-01-02 16:13:06.820,1;2025-01-02 16:13:06.265769;,-103,3.8,43.1472193794751,5.30788826942443
2025-01-02 16:13:27.745,1;2025-01-02 16:13:24.298635;,-95,-5.0,11.0870888110108,5.20591402053833
2025-01-02 16:14:24.993,1;2025-01-02 16:14:21.382195;,-99,6.8,4.0525481538699,5.14262342453002
2025-01-02 16:14:56.208,1;2025-01-02 16:14:51.435848;,-103,2.2,7.43232291788667,5.16437649726867
2025-01-02 16:15:01.365,1;2025-01-02 16:14:57.447445;,-105,-0.5,44.9884746795199,5.14120745658874
2025-01-02 16:15:06.539,1;2025-01-02 16:15:03.457998;,-101,1.2,44.8435869928331,5.15596580505371
2025-01-02 16:15:42.960,1;2025-01-02 16:15:42.507826;,-103,5.5,6.36999447622685,5.13485479354858
2025-01-02 16:15:53.338,1;2025-01-02 16:15:48.519410;,-97,5.0,22.3542585618458,5.12955284118652
2025-01-02 16:15:58.501,1;2025-01-02 16:15:54.529980;,-99,6.8,44.9363282372199,5.15058159828186
2025-01-02 16:16:14.182,1;2025-01-02 16:16:12.562101;,-103,4.8,14.794842772857,5.16310310363769
2025-01-02 16:17:11.249,1;2025-01-02 16:17:09.637609;,-100,2.5,4.06541597935834,5.15288233757019
2025-01-02 16:17:16.436,1;2025-01-02 16:17:15.648959;,-93,5.2,44.7258043617699,5.16879057884216
2025-01-02 16:17:32.018,1;2025-01-02 16:17:27.669846;,-104,1.5,14.8886880837772,5.14436793327331
2025-01-02 16:17:42.408,1;2025-01-02 16:17:39.691099;,-101,2.2,22.3300857881116,5.13670635223388
2025-01-02 16:17:47.576,1;2025-01-02 16:17:45.701622;,-99,4.0,44.8922126231789,5.15948057174682
2025-01-02 16:18:39.840,1;2025-01-02 16:18:36.769433;,-102,4.0,4.43898620021896,5.13850617408752
2025-01-02 16:19:05.949,1;2025-01-02 16:19:00.812871;,-103,0.2,8.88577946405851,5.14564776420593
2025-01-02 16:20:08.280,1;2025-01-02 16:20:03.904907;,-105,0.8,3.72205474731286,5.14047408103942
2025-01-02 16:20:13.491,1;2025-01-02 16:20:09.916434;,-104,-1.0,44.5229267476686,5.16710829734802
2025-01-02 16:20:18.658,1;2025-01-02 16:20:15.926929;,-107,-2.2,44.9021103626953,5.13626813888549
2025-01-02 16:20:29.102,1;2025-01-02 16:20:27.947644;,-105,1.8,22.2130920566823,5.17679953575134
2025-01-02 16:20:34.373,1;2025-01-02 16:20:33.958487;,-103,4.5,44.014148524772,5.24945878982543
2025-01-02 16:20:55.035,1;2025-01-02 16:20:51.990729;,-103,5.0,11.2282968277936,5.13912200927734
2025-01-02 16:21:26.226,1;2025-01-02 16:21:25.037188;,-100,-1.5,7.43799817046126,5.1443977355957
2025-01-02 16:21:41.740,1;2025-01-02 16:21:37.058314;,-103,4.8,14.9543027395193,5.15211391448974
2025-01-02 16:21:57.359,1;2025-01-02 16:21:55.090707;,-92,-0.5,14.8542543990461,5.14503741264343
2025-01-02 16:22:07.709,1;2025-01-02 16:22:07.112883;,-103,1.2,22.4134094065518,5.14447355270385
2025-01-02 16:22:28.690,1;2025-01-02 16:22:28.139601;,-96,5.5,11.0578736490908,5.13795089721679
2025-01-02 16:22:39.062,1;2025-01-02 16:22:34.151295;,-98,2.2,22.368185655762,5.14515042304992
2025-01-02 16:22:54.807,1;2025-01-02 16:22:52.183323;,-101,-0.2,14.734828753844,5.20175528526306
2025-01-02 16:23:52.576,1;2025-01-02 16:23:49.273482;,-103,-4.2,4.01597545798968,5.15056705474853
2025-01-02 16:23:57.764,1;2025-01-02 16:23:55.285150;,-103,2.5,44.7170671132926,5.17810893058776
2025-01-02 16:24:02.965,1;2025-01-02 16:24:01.296010;,-98,6.8,44.6076961090375,5.16990518569946
2025-01-02 16:24:28.883,1;2025-01-02 16:24:25.338447;,-105,4.5,8.95156794068016,5.14315795898437
2025-01-02 16:24:34.091,1;2025-01-02 16:24:31.349298;,-99,3.0,44.5428792235131,5.18498253822326
2025-01-02 16:25:36.326,1;2025-01-02 16:25:34.438979;,-98,7.2,3.72781171566399,5.14796590805053
2025-01-02 16:25:41.481,1;2025-01-02 16:25:40.450555;,-104,0.8,45.0040943483489,5.14447140693664
2025-01-02 16:26:02.279,1;2025-01-02 16:25:58.482949;,-99,4.5,11.1550570522511,5.18336820602417
2025-01-02 16:26:33.698,1;2025-01-02 16:26:31.529551;,-105,0.2,7.38392180843861,5.15256071090698
2025-01-02 16:26:38.914,1;2025-01-02 16:26:37.541018;,-99,0.2,44.48217252232,5.20756578445434
2025-01-02 16:26:54.516,1;2025-01-02 16:26:49.561636;,-103,-1.0,14.8693492781016,5.14307951927185
2025-01-02 16:27:04.876,1;2025-01-02 16:27:01.582541;,-105,-2.5,22.3956002295996,5.14408826828002
2025-01-02 16:28:02.098,1;2025-01-02 16:27:58.667885;,-101,-0.8,4.05433150758283,5.16037821769714
2025-01-02 16:28:07.315,1;2025-01-02 16:28:04.679079;,-104,0.0,44.4751055261549,5.16760778427124
2025-01-02 16:28:12.564,1;2025-01-02 16:28:10.689406;,-97,-3.0,44.1998721350471,5.20600891113281
2025-01-02 16:28:33.350,1;2025-01-02 16:28:28.721161;,-109,1.2,11.16102587908,5.14673018455505
2025-01-02 16:28:59.389,1;2025-01-02 16:28:55.757124;,-96,-6.5,8.90977744348003,5.28527569770813
2025-01-02 16:29:04.600,1;2025-01-02 16:29:01.768638;,-101,4.5,44.5194618530112,5.16729211807251
2025-01-02 16:29:09.866,1;2025-01-02 16:29:07.779204;,-107,-0.2,44.0550166080347,5.20563745498657
2025-01-02 16:29:15.030,1;2025-01-02 16:29:13.790245;,-105,0.8,44.9328858446788,5.141441822052
2025-01-02 16:29:20.241,1;2025-01-02 16:29:19.800858;,-98,2.2,44.517785616078,5.20165252685546
2025-01-02 16:29:46.214,1;2025-01-02 16:29:43.843273;,-99,1.0,8.93236068234497,5.16848540306091
2025-01-02 16:29:51.425,1;2025-01-02 16:29:49.853841;,-103,0.8,44.5189974636742,5.20311832427978
2025-01-02 16:30:43.877,1;2025-01-02 16:30:40.931172;,-105,1.5,4.42311640640621,5.17865300178527
2025-01-02 16:30:49.061,1;2025-01-02 16:30:46.942961;,-105,1.2,44.7507297160461,5.1649363040924
2025-01-02 16:30:59.400,1;2025-01-02 16:30:58.964029;,-91,6.5,22.4404909832251,5.1283836364746
2025-01-02 16:31:09.752,1;2025-01-02 16:31:04.974429;,-103,5.0,22.4103649223044,5.14646315574646
2025-01-02 16:31:40.984,1;2025-01-02 16:31:38.020078;,-99,7.0,7.42837290821246,5.14526867866516
2025-01-02 16:32:07.127,1;2025-01-02 16:32:02.062533;,-102,3.0,8.87416440821601,5.39346837997436
2025-01-02 16:33:04.233,1;2025-01-02 16:32:59.144248;,-94,0.0,4.06263255539252,5.13015604019165
2025-01-02 16:33:51.002,1;2025-01-02 16:33:47.229217;,-105,1.8,4.96049287802585,5.13861274719238
2025-01-02 16:34:22.342,1;2025-01-02 16:34:20.269132;,-104,-0.2,7.4028967289323,5.13960027694702
2025-01-02 16:34:32.650,1;2025-01-02 16:34:32.291414;,-101,6.2,22.5055554053507,5.12912678718566
2025-01-02 16:34:48.250,1;2025-01-02 16:34:44.313645;,-104,-0.5,14.8722859236905,5.18347358703613
2025-01-02 16:34:53.415,1;2025-01-02 16:34:50.325154;,-104,-1.2,44.9163327947654,5.14344978332519
2025-01-02 16:34:58.579,1;2025-01-02 16:34:56.335707;,-94,-9.0,44.9249282390267,5.15307021141052
2025-01-02 16:35:55.779,1;2025-01-02 16:35:53.424956;,-109,-1.0,4.05595186306284,5.15132069587707
2025-01-02 16:36:00.977,1;2025-01-02 16:35:59.436401;,-105,2.5,44.6291328493351,5.13670468330383
2025-01-02 16:36:22.054,1;2025-01-02 16:36:17.467473;,-101,4.8,11.0071685045552,5.14601945877075
2025-01-02 16:36:32.431,1;2025-01-02 16:36:29.488223;,-95,-7.5,22.3581647013518,5.14697742462158
2025-01-02 16:36:58.535,1;2025-01-02 16:36:56.524029;,-99,6.2,8.88764270182847,5.13910937309265
2025-01-02 16:37:03.690,1;2025-01-02 16:37:02.535879;,-99,1.8,44.9996405868626,5.14757299423217
2025-01-02 16:37:29.650,1;2025-01-02 16:37:26.578123;,-110,-1.2,8.93697870185843,5.15585756301879
2025-01-02 16:37:34.846,1;2025-01-02 16:37:32.588671;,-104,-4.8,44.6446268471485,5.14370250701904
2025-01-02 16:39:18.542,1;2025-01-02 16:39:17.736694;,-102,-3.0,2.23731383906883,5.22604846954345
2025-01-02 16:39:28.904,1;2025-01-02 16:39:23.748213;,-103,2.5,22.3899163770746,5.14087891578674
2025-01-02 16:39:39.267,1;2025-01-02 16:39:35.769225;,-102,2.2,22.3867459073578,5.13735604286193
2025-01-02 16:39:59.992,1;2025-01-02 16:39:56.794666;,-105,-3.5,11.1943258436337,5.20741653442382
2025-01-02 16:40:05.169,1;2025-01-02 16:40:02.806082;,-103,3.2,44.8109401709401,5.15619254112243
2025-01-02 16:40:25.810,1;2025-01-02 16:40:20.835017;,-102,1.2,11.2397754943046,5.14616131782531
2025-01-02 16:40:30.967,1;2025-01-02 16:40:26.844668;,-100,-4.8,44.9927431591003,5.14594841003418
2025-01-02 16:40:36.186,1;2025-01-02 16:40:32.854307;,-107,-0.8,44.4525147494606,5.16481065750122
2025-01-02 16:41:38.385,1;2025-01-02 16:41:35.949864;,-97,-4.2,3.72991878916352,5.14896345138549
2025-01-02 16:43:22.225,1;2025-01-02 16:43:21.110509;,-104,1.8,2.2342173126186,5.17066597938537
2025-01-02 16:43:37.786,1;2025-01-02 16:43:33.131003;,-109,-4.2,14.9088460911348,5.15117120742797
2025-01-02 16:44:14.115,1;2025-01-02 16:44:12.177651;,-98,-3.2,6.3861333306662,5.16460490226745
2025-01-02 16:44:34.844,1;2025-01-02 16:44:30.209620;,-102,1.5,11.1920690450535,5.20939135551452
2025-01-02 16:44:45.178,1;2025-01-02 16:44:42.231405;,-104,-4.5,22.4493428202644,5.16716766357421
2025-01-02 16:44:50.350,1;2025-01-02 16:44:48.242668;,-101,4.2,44.8615052222323,5.14803814888
2025-01-02 16:45:52.635,1;2025-01-02 16:45:48.316607;,-104,-0.2,3.72478058803169,5.19989299774169
2025-01-02 16:45:57.790,1;2025-01-02 16:45:54.328270;,-96,-4.8,45.0036718275191,5.14644789695739
2025-01-02 16:46:28.904,1;2025-01-02 16:46:24.379864;,-101,5.5,7.45648833473286,5.14744138717651
2025-01-02 16:47:05.240,1;2025-01-02 16:47:03.436685;,-99,6.0,6.38498111169232,5.15249061584472
2025-01-02 16:47:25.954,1;2025-01-02 16:47:21.469417;,-97,-1.0,11.2000477523208,5.14608120918273
2025-01-02 16:47:52.232,1;2025-01-02 16:47:51.523498;,-101,1.0,8.8284662379336,5.19847512245178
2024-12-17 20:51:17.814,1;2024-12-17 20:51:14.394717;,-107,-5.5,0.0549695587000308,5.14808225631713
2024-12-17 20:54:35.358,1;2024-12-17 20:54:32.684710;,-107,-0.8,1.17442492343654,5.15775108337402
2024-12-17 20:54:45.823,1;2024-12-17 20:54:44.707644;,-109,-1.2,22.1680162208487,5.23207879066467
2024-12-17 22:01:29.107,1;2024-12-17 22:01:25.303669;,-107,0.8,0.0579524273450159,5.16482496261596
2024-12-17 22:02:46.998,1;2024-12-17 22:02:46.427961;,-104,1.5,2.97850556621083,5.1437439918518
2024-12-17 22:02:57.489,1;2024-12-17 22:02:52.439697;,-106,-2.0,22.1140530351735,5.14249300956726
2024-12-17 22:04:04.959,1;2024-12-17 22:04:01.534546;,-105,-2.8,3.4386088360161,5.20667910575866
2024-12-17 22:04:20.534,1;2024-12-17 22:04:19.566707;,-106,-6.0,14.8955607417586,5.1574900150299
2024-12-17 22:05:38.912,1;2024-12-17 22:05:34.676577;,-110,-2.2,2.9600051227987,5.1560726165771396
2024-12-17 22:11:33.056,1;2024-12-17 22:11:29.221369;,-104,-2.5,0.655100487906801,5.17114043235778
2024-12-17 22:12:46.273,1;2024-12-17 22:12:44.333071;,-109,-3.0,3.16865172701191,5.15236401557922
2024-12-17 23:15:23.107,1;2024-12-17 23:15:21.610718;,-107,-3.8,0.0617541272233413,5.15903401374816
2024-12-17 23:15:54.501,1;2024-12-17 23:15:51.664691;,-109,-1.5,7.39000968787778,5.14751744270324
2024-12-17 23:17:22.889,1;2024-12-17 23:17:18.795021;,-105,-0.2,2.62477209584994,5.14524817466735
2024-12-17 23:23:27.888,1;2024-12-17 23:23:25.348926;,-107,1.5,0.635618794543553,5.14392280578613
2024-12-17 23:24:35.723,1;2024-12-17 23:24:34.451028;,-109,-5.2,3.4200593002374,5.13757109642028
2024-12-17 23:28:35.224,1;2024-12-17 23:28:31.810976;,-104,-0.2,0.968681086870464,5.2060477733612
2024-12-17 23:31:32.491,1;2024-12-17 23:31:32.066676;,-109,-5.5,1.30876397432097,5.1424081325531
2024-12-18 00:34:44.721,1;2024-12-18 00:34:42.362422;,-100,2.0,0.0611777207168837,5.15261268615722
2024-12-18 00:35:47.044,1;2024-12-18 00:35:45.454802;,-111,-4.8,3.7225388388323,5.155193567276
2024-12-18 00:36:07.753,1;2024-12-18 00:36:03.487589;,-109,-1.8,11.2029325045321,5.140878200531
2024-12-18 00:36:18.297,1;2024-12-18 00:36:15.509730;,-110,-3.0,22.002381853918,5.31094527244567
2024-12-18 00:37:26.374,1;2024-12-18 00:37:24.611985;,-109,-3.0,3.40789315519449,5.31184816360473
2024-12-18 00:37:57.427,1;2024-12-18 00:37:54.664794;,-109,-1.8,7.47113646885062,5.1336224079132
2024-12-18 00:43:35.969,1;2024-12-18 00:43:31.157586;,-105,-1.0,0.685292825863927,5.15005493164062
2024-12-18 00:44:59.197,1;2024-12-18 00:44:58.290216;,-106,-3.5,2.78751749108425,5.18985342979431
2024-12-18 00:46:22.281,1;2024-12-18 00:46:19.408348;,-107,-5.2,2.79233625986923,5.21652579307556
2024-12-18 00:47:45.387,1;2024-12-18 00:47:40.528035;,-109,-4.8,2.79163397316503,5.14812731742858
2024-12-18 00:49:03.552,1;2024-12-18 00:49:01.652154;,-105,-3.8,2.96807162608085,5.28528380393981
2024-12-18 00:50:47.889,1;2024-12-18 00:50:46.819974;,-104,-3.5,2.22355999605047,5.1492805480957
2024-12-18 00:56:15.266,1;2024-12-18 00:56:11.313394;,-107,-4.5,0.708664221198013,5.13601398468017
2024-12-18 00:58:04.438,1;2024-12-18 00:58:02.491261;,-103,-3.8,2.1250866394294,5.19114971160888
2024-12-18 00:59:02.140,1;2024-12-18 00:58:59.573020;,-109,-2.5,4.0206496295919,5.16616630554199
2024-12-18 01:02:14.795,1;2024-12-18 01:02:11.855340;,-104,0.2,1.20422088647708,5.19310808181762
2024-12-18 01:02:45.965,1;2024-12-18 01:02:41.908700;,-108,-0.5,7.44314626034763,5.19057607650756
2024-12-18 02:06:36.164,1;2024-12-18 02:06:31.283856;,-103,-4.0,0.0605712729300297,5.16601634025573
2024-12-18 02:06:57.262,1;2024-12-18 02:06:55.326586;,-105,-1.2,10.9961377968173,5.55782055854797
2024-12-18 02:07:02.423,1;2024-12-18 02:07:01.337685;,-105,-1.8,44.9523810227749,5.14486742019653
2024-12-18 02:07:59.811,1;2024-12-18 02:07:58.417551;,-108,-3.5,4.0426588649287,5.15298557281494
2024-12-18 02:11:27.891,1;2024-12-18 02:11:22.735674;,-95,1.5,1.11495386653696,5.1369822025299
2024-12-18 02:13:11.832,1;2024-12-18 02:13:07.870532;,-103,-1.8,2.2320506725907,5.14669966697692
2024-12-18 02:13:17.024,1;2024-12-18 02:13:13.882155;,-103,-2.5,44.6773393885143,5.14731693267822
2024-12-18 02:15:17.036,1;2024-12-18 02:15:14.050876;,-107,-1.0,1.93314721111316,5.23360061645507
2024-12-18 02:19:26.826,1;2024-12-18 02:19:23.403350;,-105,-1.2,0.928780460941722,5.14655351638793
2024-12-18 02:19:42.440,1;2024-12-18 02:19:41.435685;,-104,-1.8,14.858342300426,5.19331192970275
2024-12-18 02:23:36.783,1;2024-12-18 02:23:32.782819;,-110,-5.5,0.990001786844625,5.21073269844055
2024-12-18 02:23:57.532,1;2024-12-18 02:23:56.823557;,-105,1.8,11.1814916914776,5.1620488166809
2024-12-18 02:24:07.975,1;2024-12-18 02:24:02.834953;,-105,1.2,22.2147934155552,5.14114022254943
2024-12-18 02:24:54.801,1;2024-12-18 02:24:53.906852;,-107,-3.0,4.95450407784642,5.14820003509521
2024-12-18 02:29:51.679,1;2024-12-18 02:29:51.369723;,-104,0.0,0.781466304995234,5.15436911582946
2024-12-18 02:32:38.884,1;2024-12-18 02:32:33.611514;,-107,-1.2,1.38751965392023,5.29455137252807
2024-12-18 02:36:53.387,1;2024-12-18 02:36:48.997209;,-107,-3.5,0.911579407589382,5.14362573623657
2024-12-18 02:37:03.864,1;2024-12-18 02:37:01.020005;,-105,-2.5,22.1440473047885,5.20342564582824
2024-12-18 02:37:09.022,1;2024-12-18 02:37:07.030725;,-105,-2.2,44.9821504151984,5.14790940284729
2024-12-18 02:38:32.064,1;2024-12-18 02:38:28.154567;,-107,-0.2,2.79374092331772,5.15265941619873
2024-12-18 02:38:37.255,1;2024-12-18 02:38:34.165198;,-107,-0.5,44.6930680490974,5.18268489837646
2024-12-18 02:38:47.708,1;2024-12-18 02:38:46.187998;,-109,-8.5,22.1961798735444,5.18876075744628
2024-12-18 02:41:18.614,1;2024-12-18 02:41:16.414512;,-105,-0.2,1.53737997629605,5.15203142166137
2024-12-18 02:42:57.349,1;2024-12-18 02:42:55.570950;,-91,-2.0,2.34970465183474,5.15789604187011
2024-12-18 02:44:04.989,1;2024-12-18 02:44:04.655097;,-105,-0.8,3.42996712470868,5.14659690856933
2024-12-18 02:45:38.896,1;2024-12-18 02:45:37.800020;,-105,-0.8,2.47050737359011,5.14204859733581
2024-12-18 02:46:10.418,1;2024-12-18 02:46:07.850986;,-104,-2.0,7.36006616354601,5.49904084205627
2024-12-18 02:47:54.348,1;2024-12-18 02:47:53.018332;,-89,-0.2,2.23226947696547,5.15832138061523
2024-12-18 02:49:17.473,1;2024-12-18 02:49:14.140679;,-104,-0.8,2.79098819445027,5.14020800590515
2024-12-18 02:50:50.859,1;2024-12-18 02:50:47.249488;,-103,-1.0,2.48429564358717,5.14657568931579
2024-12-18 02:51:11.609,1;2024-12-18 02:51:11.292852;,-104,-1.5,11.180937307247,5.17868137359619
2024-12-18 02:52:34.602,1;2024-12-18 02:52:32.412889;,-107,-0.8,2.79541071395893,5.14837217330932
2024-12-18 02:52:39.794,1;2024-12-18 02:52:38.423846;,-105,-3.0,44.6837752070429,5.1804039478302
2024-12-18 02:54:34.746,1;2024-12-18 02:54:29.586351;,-107,-1.5,2.01823340204811,5.14379096031189
2024-12-18 02:54:55.548,1;2024-12-18 02:54:53.627537;,-110,-3.0,11.1527893419571,5.1483154296875
2024-12-18 02:55:42.162,1;2024-12-18 02:55:38.687842;,-105,-5.2,4.9769992858301,5.16665983200073
2024-12-18 02:57:21.194,1;2024-12-18 02:57:17.843333;,-90,-1.0,2.34268323796003,5.46405053138732
2024-12-18 02:57:31.543,1;2024-12-18 02:57:29.865855;,-108,-3.0,22.4182880869108,5.14370203018188
2024-12-18 02:57:36.707,1;2024-12-18 02:57:35.876203;,-103,-4.2,44.9272285188882,5.14640688896179
2024-12-18 02:58:59.990,1;2024-12-18 02:58:57.002361;,-103,1.0,2.78567016783407,5.34754514694213
2024-12-18 02:59:05.255,1;2024-12-18 02:59:03.013822;,-105,-5.2,44.0694837701521,5.22173166275024
2024-12-18 03:02:54.199,1;2024-12-18 03:02:51.326928;,-105,-4.5,1.01334522106918,5.16943216323852
2024-12-18 03:03:25.486,1;2024-12-18 03:03:21.379478;,-110,-3.0,7.41534222361369,5.14815425872802
2024-12-18 03:04:22.806,1;2024-12-18 03:04:18.459149;,-108,-1.8,4.04746569545311,5.14818382263183
2024-12-18 03:05:35.606,1;2024-12-18 03:05:33.572869;,-103,-2.0,3.18677649370655,5.17578935623168
2024-12-18 03:05:45.963,1;2024-12-18 03:05:45.594936;,-105,-3.0,22.401536055033,5.14372110366821
2024-12-18 03:05:56.325,1;2024-12-18 03:05:51.606391;,-103,2.0,22.3891838183578,5.14120531082153
2024-12-18 03:07:04.008,1;2024-12-18 03:07:00.706744;,-103,0.0,3.42775300900635,5.16226148605346
2024-12-18 03:07:14.418,1;2024-12-18 03:07:12.728512;,-105,0.0,22.2854489365454,5.15642046928405
2024-12-18 03:07:35.169,1;2024-12-18 03:07:30.759994;,-96,-1.5,11.1803164364779,5.17350554466247
2024-12-18 04:08:59.255,1;2024-12-18 04:08:55.899523;,-107,-1.8,0.0629735621398722,5.49678897857666
2024-12-18 04:10:01.634,1;2024-12-18 04:09:58.992097;,-109,-5.5,3.71919802949322,5.20315766334533
2024-12-18 04:13:03.333,1;2024-12-18 04:12:59.272103;,-108,-3.0,1.27683538251979,5.15496754646301
2024-12-18 04:14:06.452,1;2024-12-18 04:14:02.362876;,-107,1.2,3.6755863669822,5.18598103523254
2024-12-18 04:14:47.901,1;2024-12-18 04:14:44.437150;,-109,-3.2,5.59732406227438,5.14945006370544
2024-12-18 04:18:46.607,1;2024-12-18 04:18:44.780657;,-106,-2.8,0.971903932530436,5.14470648765564
2024-12-18 04:19:18.134,1;2024-12-18 04:19:14.833449;,-93,-0.2,7.35893124210746,5.16990709304809
2024-12-18 04:20:51.614,1;2024-12-18 04:20:47.973221;,-109,-1.5,2.48179244733877,5.14455389976501
2024-12-18 04:26:45.729,1;2024-12-18 04:26:42.504270;,-109,-3.0,0.655155329704445,5.30555748939514
2024-12-18 05:28:30.271,1;2024-12-18 05:28:25.563435;,-107,-2.0,0.0626258183977696,5.23610067367553
2024-12-18 05:30:09.172,1;2024-12-18 05:30:04.717141;,-108,-1.5,2.34579523872225,5.22592377662658
2024-12-18 05:32:19.102,1;2024-12-18 05:32:16.910905;,-108,-4.0,1.78556526255219,5.23598289489746
2024-12-18 05:34:18.891,1;2024-12-18 05:34:14.095897;,-105,-1.8,1.93673959387563,5.1767041683197
2024-12-18 05:36:54.490,1;2024-12-18 05:36:50.333712;,-107,-6.5,1.49101334354307,5.1461443901062
2024-12-18 05:36:59.693,1;2024-12-18 05:36:56.345055;,-109,-1.8,44.5935049416889,5.1926999092102
2024-12-18 05:38:07.392,1;2024-12-18 05:38:05.447725;,-109,-1.5,3.42693681855133,5.26535177230835
2024-12-18 05:41:25.740,1;2024-12-18 05:41:23.756004;,-107,-0.8,1.16965827605509,5.15216946601867
2024-12-18 05:41:30.927,1;2024-12-18 05:41:29.766703;,-105,-2.0,44.7347486241037,5.16381359100341
2024-12-18 05:42:23.010,1;2024-12-18 05:42:20.830540;,-107,-5.0,4.4543558411409,5.30641341209411
2024-12-18 05:45:40.376,1;2024-12-18 05:45:39.139385;,-104,-4.8,1.17548453400707,5.16618871688842
2024-12-18 05:49:44.784,1;2024-12-18 05:49:42.509222;,-109,-3.0,0.94923215973728,5.13946413993835
2024-12-18 05:51:07.902,1;2024-12-18 05:51:03.634536;,-102,-4.0,2.79119449376017,5.16026067733764
2024-12-18 05:51:13.108,1;2024-12-18 05:51:09.644925;,-109,-3.5,44.5637026563181,5.16075849533081
2024-12-18 05:51:44.265,1;2024-12-18 05:51:39.697227;,-108,-3.8,7.44618801780213,5.1416220664978
2024-12-18 05:52:46.572,1;2024-12-18 05:52:42.788633;,-107,-4.0,3.72351841353967,5.1423499584198
2024-12-18 05:53:07.404,1;2024-12-18 05:53:06.830764;,-107,-1.8,11.1366235207497,5.14086866378784
2024-12-18 05:54:15.157,1;2024-12-18 05:54:09.920529;,-109,0.5,3.42418185601592,5.20207452774047
2024-12-18 05:54:30.681,1;2024-12-18 05:54:27.952522;,-110,-4.5,14.944587973947,5.14511585235595
2024-12-18 05:56:09.569,1;2024-12-18 05:56:07.083657;,-110,-3.0,2.34608949942343,5.14267921447753
2024-12-18 05:57:11.963,1;2024-12-18 05:57:10.175044;,-107,1.5,3.71832372051629,5.15511178970336
2024-12-18 05:57:17.370,1;2024-12-18 05:57:16.186920;,-104,-2.5,42.9068309922997,5.35155224800109
2024-12-18 05:57:59.026,1;2024-12-18 05:57:58.261818;,-105,-0.8,5.56949696802852,5.18828797340393
2024-12-18 05:58:09.404,1;2024-12-18 05:58:04.273211;,-105,-5.2,22.3556626631357,5.14056754112243
2024-12-18 05:58:45.849,1;2024-12-18 05:58:43.323037;,-104,1.5,6.36567750865578,5.19796776771545
2024-12-18 05:59:17.229,1;2024-12-18 05:59:13.374054;,-107,-3.5,7.39312544357072,5.26237750053405
2024-12-18 06:00:24.681,1;2024-12-18 06:00:22.473539;,-109,-5.8,3.43951339952435,5.16617131233215
2024-12-18 06:04:28.496,1;2024-12-18 06:04:25.813321;,-87,-0.8,0.951539389136642,5.15854406356811
2024-12-18 06:06:12.682,1;2024-12-18 06:06:10.979457;,-107,-4.2,2.2267947675919,5.14433860778808
2024-12-18 06:07:30.759,1;2024-12-18 06:07:26.093121;,-96,-7.0,2.97142037583852,5.17115807533264
2024-12-18 06:07:46.295,1;2024-12-18 06:07:44.124330;,-107,-2.5,14.9333579859647,5.14638233184814
2024-12-18 06:07:51.453,1;2024-12-18 06:07:50.135032;,-105,-3.2,44.9742190034434,5.14088630676269
2024-12-18 06:08:48.990,1;2024-12-18 06:08:47.214338;,-109,-3.2,4.03219644197284,5.18017506599426
2024-12-18 06:09:20.545,1;2024-12-18 06:09:17.267423;,-99,-4.2,7.35234892746726,5.2034420967102
2024-12-18 06:10:17.923,1;2024-12-18 06:10:14.350757;,-102,-1.0,4.04333444890717,5.15202522277832
2024-12-18 06:12:01.946,1;2024-12-18 06:11:59.517090;,-107,-0.5,2.23027334362027,5.20061802864074
2024-12-18 06:13:25.610,1;2024-12-18 06:13:20.637515;,-105,-5.0,2.77299169823311,5.16667485237121
2024-12-18 06:14:59.000,1;2024-12-18 06:14:53.784105;,-107,-0.8,2.48421393618758,5.18127250671386
2024-12-18 06:18:16.479,1;2024-12-18 06:18:12.062563;,-109,-0.8,1.17480560069653,5.27368021011352
2024-12-18 06:18:21.671,1;2024-12-18 06:18:18.073191;,-105,-1.5,44.6896895061232,5.14456534385681
2024-12-18 06:18:26.836,1;2024-12-18 06:18:24.082968;,-103,-0.5,44.9194782005776,5.14259624481201
2024-12-18 06:18:57.951,1;2024-12-18 06:18:54.130434;,-99,-0.5,7.4560052118251,5.15978741645813
2024-12-18 06:19:50.002,1;2024-12-18 06:19:45.197758;,-107,-5.5,4.45716348760974,5.13832879066467
2024-12-18 06:20:10.821,1;2024-12-18 06:20:09.240629;,-108,-1.8,11.1436924907903,5.14381217956543
2024-12-18 06:21:29.014,1;2024-12-18 06:21:24.331338;,-107,-0.8,2.96705503136477,5.19073581695556
2024-12-18 06:22:15.708,1;2024-12-18 06:22:12.411058;,-109,-3.0,4.96842310315336,5.14015650749206
2024-12-18 06:24:04.823,1;2024-12-18 06:24:03.552734;,-109,-4.2,2.12620246001044,5.15404248237609
2024-12-18 06:24:36.120,1;2024-12-18 06:24:33.606269;,-105,1.5,7.41294392713601,5.30095911026001
2024-12-18 06:25:33.268,1;2024-12-18 06:25:30.688824;,-109,-1.8,4.05962094802789,5.14815759658813
2024-12-18 06:26:04.400,1;2024-12-18 06:26:00.741935;,-104,-4.8,7.45217855014272,5.15334415435791
2024-12-18 06:28:56.131,1;2024-12-18 06:28:55.008686;,-104,1.5,1.35095062916607,5.20407128334045
2024-12-18 06:32:49.821,1;2024-12-18 06:32:46.355641;,-107,-1.5,0.99276756998358,5.1975257396698
2024-12-18 06:33:00.186,1;2024-12-18 06:32:58.376403;,-104,-5.2,22.3830264506918,5.1878809928894
2024-12-18 06:33:05.374,1;2024-12-18 06:33:04.387410;,-105,-2.2,44.7162718664108,5.14471817016601
2024-12-18 06:34:38.734,1;2024-12-18 06:34:37.531542;,-104,-2.0,2.48501397780339,5.14059805870056
2024-12-18 06:36:12.318,1;2024-12-18 06:36:10.673136;,-96,-1.2,2.47904267353035,5.14401483535766
2024-12-18 07:37:39.411,1;2024-12-18 07:37:38.841796;,-104,0.5,0.0629222012544912,5.14066529273986
2024-12-18 07:37:49.775,1;2024-12-18 07:37:44.852901;,-107,-2.0,22.3854990847991,5.16406083106994
2024-12-18 07:38:57.281,1;2024-12-18 07:38:53.952982;,-104,-1.5,3.43670553634257,5.21980333328247
2024-12-18 07:39:12.774,1;2024-12-18 07:39:11.984063;,-105,-6.0,14.9745405341487,5.16071557998657
2024-12-18 07:41:38.469,1;2024-12-18 07:41:36.200788;,-107,-3.0,1.59236817304496,5.20235013961792
2024-12-18 07:43:16.886,1;2024-12-18 07:43:15.338904;,-108,-4.2,2.3573278630298,5.14727568626403
2024-12-18 07:45:21.356,1;2024-12-18 07:45:18.537430;,-105,-0.5,1.86389707502948,5.14884519577026
2024-12-18 07:48:28.106,1;2024-12-18 07:48:24.783012;,-105,-3.0,1.24230518581134,5.14857745170593
2024-12-18 07:55:24.176,1;2024-12-18 07:55:19.407028;,-105,-3.5,0.557597796388145,5.22978949546814
2024-12-18 07:57:44.639,1;2024-12-18 07:57:43.621012;,-108,-3.2,1.65168872459546,5.14490604400634
2024-12-18 08:01:02.490,1;2024-12-18 08:01:01.929616;,-116,0.0,1.17259702168991,5.14403581619262
2024-12-18 08:01:12.880,1;2024-12-18 08:01:07.939619;,-104,0.5,22.3284845652866,5.1833643913269
2024-12-18 09:04:09.325,1;2024-12-18 09:04:06.273853;,-104,-2.5,0.061433445862171,5.13969945907592
2024-12-18 09:05:01.218,1;2024-12-18 09:04:57.340842;,-104,-3.8,4.47073703198755,5.16079115867614
2024-12-18 09:05:21.993,1;2024-12-18 09:05:21.383851;,-113,-6.5,11.1672791935685,5.14091157913208
2024-12-18 09:05:32.374,1;2024-12-18 09:05:27.395576;,-103,1.0,22.3473022862568,5.15294575691223
2024-12-18 09:08:23.848,1;2024-12-18 09:08:21.650631;,-99,-8.0,1.35297867044558,5.13904881477356
2024-12-18 09:10:23.810,1;2024-12-18 09:10:18.821707;,-98,-4.5,1.93393746823905,5.14342546463012
2024-12-18 09:15:09.292,1;2024-12-18 09:15:04.210931;,-104,-3.8,0.812661617198246,5.36742210388183
2024-12-18 09:15:35.293,1;2024-12-18 09:15:34.263025;,-103,0.2,8.92274268403544,5.25872254371643
2024-12-18 09:15:56.029,1;2024-12-18 09:15:52.295144;,-91,-0.5,11.1882472589827,5.15067672729492
2024-12-18 09:17:08.748,1;2024-12-18 09:17:07.408927;,-108,0.0,3.19036775279933,5.15113353729248
2024-12-18 09:19:34.669,1;2024-12-18 09:19:31.624690;,-105,-4.0,1.58990253834333,5.16108512878418
2024-12-18 10:24:09.831,1;2024-12-18 10:24:09.063476;,-105,-6.5,0.0598684615912816,5.17845368385314
2024-12-18 10:26:04.703,1;2024-12-18 10:26:00.235618;,-103,-3.0,2.01964759271343,5.14423108100891
2024-12-18 10:27:07.277,1;2024-12-18 10:27:03.326656;,-109,-3.5,3.70760337336636,5.14754676818847
2024-12-18 10:28:56.237,1;2024-12-18 10:28:54.499034;,-105,2.2,2.12922084678848,5.1487238407135
2024-12-18 10:30:14.351,1;2024-12-18 10:30:09.608108;,-105,-4.0,2.97002743995373,5.19918227195739
2024-12-18 10:38:53.932,1;2024-12-18 10:38:49.343013;,-110,-4.2,0.446513526685399,5.14132952690124
2024-12-18 10:40:16.947,1;2024-12-18 10:40:16.475849;,-107,-4.2,2.7946706169915,5.14770054817199
2024-12-18 10:40:42.892,1;2024-12-18 10:40:40.519691;,-104,-3.8,8.94184241084374,5.13673257827758
2024-12-18 10:40:48.126,1;2024-12-18 10:40:46.530715;,-107,-0.2,44.3313069987744,5.1846125125885
2024-12-18 10:42:06.295,1;2024-12-18 10:42:01.645078;,-109,-4.0,2.96792876481942,5.29548335075378
2024-12-18 10:42:16.670,1;2024-12-18 10:42:13.666724;,-104,-1.8,22.3599366536438,5.14052295684814
2024-12-18 10:43:24.179,1;2024-12-18 10:43:22.770132;,-103,-1.0,3.43660865587278,5.1637020111083896
2024-12-18 10:43:29.341,1;2024-12-18 10:43:28.780610;,-108,-3.0,44.9436878867044,5.15166902542114
2024-12-18 10:46:26.510,1;2024-12-18 10:46:23.048825;,-105,-6.2,1.30948574618545,5.15716242790222
