Variable 1,Variable 2,Variable 3,Variable 4,Variable 5,Variable 6,Variable 7,Variable 8,Variable 9,Variable 10,Correlation (r),R²
AverageParticleSpeed,KineticEnergy,Pressure,RainAbsolute,RainAccumulated,RainIntensity,RainRate,SnowDepthIntensity,VolumeEquivalentDiameter,WindSpeed,0.3705480104412621,0.1373058280419777
AverageParticleSpeed,KineticEnergy,Pressure,RainAbsolute,RainAccumulated,RainIntensity,RainRate,Temperature,VolumeEquivalentDiameter,WindSpeed,0.36986615942876283,0.13680097589058302
AverageParticleSpeed,KineticEnergy,Pressure,RainAbsolute,RainAccumulated,RainIntensity,RainRate,SnowDepthIntensity,Temperature,VolumeEquivalentDiameter,0.36390628681986625,0.13242778558702276
AverageParticleSpeed,Pressure,RainAbsolute,RainAccumulated,RainIntensity,RainRate,SnowDepthIntensity,Temperature,VolumeEquivalentDiameter,WindSpeed,0.3605763808979065,0.13001532646143216
AverageParticleSpeed,KineticEnergy,Pressure,RainAbsolute,RainAccumulated,RainRate,SnowDepthIntensity,Temperature,VolumeEquivalentDiameter,WindSpeed,0.36013898166423924,0.12970008611415526
AverageParticleSpeed,KineticEnergy,RainAbsolute,RainAccumulated,RainIntensity,RainRate,SnowDepthIntensity,Temperature,VolumeEquivalentDiameter,WindSpeed,0.359015876661379,0.12889239969493851
AverageParticleSpeed,KineticEnergy,Pressure,RainAbsolute,RainAccumulated,RainIntensity,RainRate,SnowDepthIntensity,Temperature,WindSpeed,0.358879420521546,0.12879443847388064
KineticEnergy,Pressure,RainAbsolute,RainAccumulated,RainIntensity,RainRate,SnowDepthIntensity,Temperature,VolumeEquivalentDiameter,WindSpeed,0.358879420521546,0.12879443847388064
AverageParticleSpeed,KineticEnergy,Pressure,RainAbsolute,RainAccumulated,RainIntensity,SnowDepthIntensity,Temperature,VolumeEquivalentDiameter,WindSpeed,0.3588794205215454,0.12879443847388022
AverageParticleSpeed,Humidity,KineticEnergy,Pressure,RainAbsolute,RainAccumulated,RainIntensity,RainRate,VolumeEquivalentDiameter,WindSpeed,0.3496472476484519,0.12225319778813785
AverageParticleSpeed,Humidity,KineticEnergy,Pressure,RainAbsolute,RainAccumulated,RainIntensity,RainRate,SnowDepthIntensity,VolumeEquivalentDiameter,0.34146376895749647,0.11659750551065853
AverageParticleSpeed,Humidity,Pressure,RainAbsolute,RainAccumulated,RainIntensity,RainRate,SnowDepthIntensity,VolumeEquivalentDiameter,WindSpeed,0.33819362878192655,0.11437493054868754
AverageParticleSpeed,Humidity,KineticEnergy,Pressure,RainAbsolute,RainAccumulated,RainRate,SnowDepthIntensity,VolumeEquivalentDiameter,WindSpeed,0.3376676153876943,0.11401941848161185
AverageParticleSpeed,Humidity,KineticEnergy,Pressure,RainAbsolute,RainAccumulated,RainIntensity,RainRate,Temperature,VolumeEquivalentDiameter,0.33732355688862903,0.11378718203199614
AverageParticleSpeed,Humidity,KineticEnergy,RainAbsolute,RainAccumulated,RainIntensity,RainRate,SnowDepthIntensity,VolumeEquivalentDiameter,WindSpeed,0.3363120560753631,0.11310579906163816
AverageParticleSpeed,Humidity,KineticEnergy,Pressure,RainAbsolute,RainAccumulated,RainIntensity,RainRate,SnowDepthIntensity,WindSpeed,0.3361408617848481,0.11299067896146035
Humidity,KineticEnergy,Pressure,RainAbsolute,RainAccumulated,RainIntensity,RainRate,SnowDepthIntensity,VolumeEquivalentDiameter,WindSpeed,0.3361408617848481,0.11299067896146035
AverageParticleSpeed,Humidity,KineticEnergy,Pressure,RainAbsolute,RainAccumulated,RainIntensity,SnowDepthIntensity,VolumeEquivalentDiameter,WindSpeed,0.33614086178484787,0.1129906789614602
AverageParticleSpeed,Humidity,Pressure,RainAbsolute,RainAccumulated,RainIntensity,RainRate,Temperature,VolumeEquivalentDiameter,WindSpeed,0.3339785157400203,0.11154164897590699
AverageParticleSpeed,Humidity,KineticEnergy,Pressure,RainAbsolute,RainAccumulated,RainRate,Temperature,VolumeEquivalentDiameter,WindSpeed,0.3334772617884015,0.11120708412989005
AverageParticleSpeed,Humidity,KineticEnergy,RainAbsolute,RainAccumulated,RainIntensity,RainRate,Temperature,VolumeEquivalentDiameter,WindSpeed,0.33225184668906155,0.11039128962829166
AverageParticleSpeed,Humidity,KineticEnergy,Pressure,RainAbsolute,RainAccumulated,RainIntensity,RainRate,Temperature,WindSpeed,0.3320672000215431,0.11026862533014752
Humidity,KineticEnergy,Pressure,RainAbsolute,RainAccumulated,RainIntensity,RainRate,Temperature,VolumeEquivalentDiameter,WindSpeed,0.33206720002154305,0.11026862533014749
AverageParticleSpeed,Humidity,KineticEnergy,Pressure,RainAbsolute,RainAccumulated,RainIntensity,Temperature,VolumeEquivalentDiameter,WindSpeed,0.3320672000215429,0.11026862533014738
AverageParticleSpeed,Humidity,Pressure,RainAbsolute,RainAccumulated,RainIntensity,RainRate,SnowDepthIntensity,Temperature,VolumeEquivalentDiameter,0.326747996260921,0.10676425306052684
AverageParticleSpeed,Humidity,KineticEnergy,Pressure,RainAbsolute,RainAccumulated,RainRate,SnowDepthIntensity,Temperature,VolumeEquivalentDiameter,0.32627848119535297,0.1064576472911463
AverageParticleSpeed,Humidity,KineticEnergy,RainAbsolute,RainAccumulated,RainIntensity,RainRate,SnowDepthIntensity,Temperature,VolumeEquivalentDiameter,0.32505347582727134,0.10565976214739048
AverageParticleSpeed,Humidity,KineticEnergy,Pressure,RainAbsolute,RainAccumulated,RainIntensity,RainRate,SnowDepthIntensity,Temperature,0.3248847821795238,0.10555012169183664
Humidity,KineticEnergy,Pressure,RainAbsolute,RainAccumulated,RainIntensity,RainRate,SnowDepthIntensity,Temperature,VolumeEquivalentDiameter,0.3248847821795238,0.10555012169183664
AverageParticleSpeed,Humidity,KineticEnergy,Pressure,RainAbsolute,RainAccumulated,RainIntensity,SnowDepthIntensity,Temperature,VolumeEquivalentDiameter,0.32488478217952355,0.10555012169183646
AverageParticleSpeed,Humidity,Pressure,RainAbsolute,RainAccumulated,RainRate,SnowDepthIntensity,Temperature,VolumeEquivalentDiameter,WindSpeed,0.32184510054387183,0.10358426874409497
AverageParticleSpeed,Humidity,RainAbsolute,RainAccumulated,RainIntensity,RainRate,SnowDepthIntensity,Temperature,VolumeEquivalentDiameter,WindSpeed,0.3205508176076028,0.10275282666890263
AverageParticleSpeed,Humidity,Pressure,RainAbsolute,RainAccumulated,RainIntensity,RainRate,SnowDepthIntensity,Temperature,WindSpeed,0.3203315531782664,0.10261230396160051
Humidity,Pressure,RainAbsolute,RainAccumulated,RainIntensity,RainRate,SnowDepthIntensity,Temperature,VolumeEquivalentDiameter,WindSpeed,0.3203315531782664,0.10261230396160051
AverageParticleSpeed,Humidity,Pressure,RainAbsolute,RainAccumulated,RainIntensity,SnowDepthIntensity,Temperature,VolumeEquivalentDiameter,WindSpeed,0.3203315531782662,0.1026123039616004
AverageParticleSpeed,Humidity,KineticEnergy,RainAbsolute,RainAccumulated,RainRate,SnowDepthIntensity,Temperature,VolumeEquivalentDiameter,WindSpeed,0.32001285416133834,0.10240822682848601
AverageParticleSpeed,Humidity,KineticEnergy,Pressure,RainAbsolute,RainAccumulated,RainRate,SnowDepthIntensity,Temperature,WindSpeed,0.31979202688019703,0.10226694045614466
Humidity,KineticEnergy,Pressure,RainAbsolute,RainAccumulated,RainRate,SnowDepthIntensity,Temperature,VolumeEquivalentDiameter,WindSpeed,0.31979202688019703,0.10226694045614466
AverageParticleSpeed,Humidity,KineticEnergy,Pressure,RainAbsolute,RainAccumulated,SnowDepthIntensity,Temperature,VolumeEquivalentDiameter,WindSpeed,0.31979202688019676,0.10226694045614448
AverageParticleSpeed,Humidity,KineticEnergy,RainAbsolute,RainAccumulated,RainIntensity,RainRate,SnowDepthIntensity,Temperature,WindSpeed,0.3184642055677326,0.10141945022788704
Humidity,KineticEnergy,RainAbsolute,RainAccumulated,RainIntensity,RainRate,SnowDepthIntensity,Temperature,VolumeEquivalentDiameter,WindSpeed,0.3184642055677326,0.10141945022788704
AverageParticleSpeed,Humidity,KineticEnergy,RainAbsolute,RainAccumulated,RainIntensity,SnowDepthIntensity,Temperature,VolumeEquivalentDiameter,WindSpeed,0.3184642055677324,0.10141945022788693
AverageParticleSpeed,Humidity,KineticEnergy,Pressure,RainAbsolute,RainAccumulated,RainIntensity,SnowDepthIntensity,Temperature,WindSpeed,0.31823920912919784,0.10127619422717732
Humidity,KineticEnergy,Pressure,RainAbsolute,RainAccumulated,RainIntensity,RainRate,SnowDepthIntensity,Temperature,WindSpeed,0.31823920912919784,0.10127619422717732
Humidity,KineticEnergy,Pressure,RainAbsolute,RainAccumulated,RainIntensity,SnowDepthIntensity,Temperature,VolumeEquivalentDiameter,WindSpeed,0.31823920912919784,0.10127619422717732
AverageParticleSpeed,KineticEnergy,Pressure,RadarReflectivity,RainAbsolute,RainAccumulated,RainIntensity,RainRate,VolumeEquivalentDiameter,WindSpeed,0.3163953239124797,0.10010600099368296
AverageParticleSpeed,KineticEnergy,Pressure,RadarReflectivity,RainAbsolute,RainAccumulated,RainIntensity,RainRate,SnowDepthIntensity,VolumeEquivalentDiameter,0.3116116312129135,0.09710180870717282
AverageParticleSpeed,KineticEnergy,Pressure,RainAbsolute,RainIntensity,RainRate,SnowDepthIntensity,Temperature,VolumeEquivalentDiameter,WindSpeed,0.31160431590912735,0.09709724969319523
AverageParticleSpeed,KineticEnergy,Pressure,RainAccumulated,RainIntensity,RainRate,SnowDepthIntensity,Temperature,VolumeEquivalentDiameter,WindSpeed,0.31160431590912735,0.09709724969319523
AverageParticleSpeed,KineticEnergy,Pressure,RadarReflectivity,RainAbsolute,RainAccumulated,RainIntensity,RainRate,Temperature,VolumeEquivalentDiameter,0.311164617443707,0.09682341914888852
AverageParticleSpeed,KineticEnergy,ParticlesDetected,Pressure,RainAbsolute,RainAccumulated,RainIntensity,RainRate,VolumeEquivalentDiameter,WindSpeed,0.30683787355922854,0.09414948065034912
AverageParticleSpeed,Pressure,RadarReflectivity,RainAbsolute,RainAccumulated,RainIntensity,RainRate,SnowDepthIntensity,VolumeEquivalentDiameter,WindSpeed,0.30468442028963444,0.0928325959672306
AverageParticleSpeed,Pressure,RadarReflectivity,RainAbsolute,RainAccumulated,RainIntensity,RainRate,Temperature,VolumeEquivalentDiameter,WindSpeed,0.30441035186006066,0.09266566231956594
AverageParticleSpeed,KineticEnergy,Pressure,RadarReflectivity,RainAbsolute,RainAccumulated,RainRate,SnowDepthIntensity,VolumeEquivalentDiameter,WindSpeed,0.3040711967449,0.0924592926898757
AverageParticleSpeed,KineticEnergy,Pressure,RadarReflectivity,RainAbsolute,RainAccumulated,RainRate,Temperature,VolumeEquivalentDiameter,WindSpeed,0.30379489986713787,0.09229134118528433
AverageParticleSpeed,KineticEnergy,ParticlesDetected,Pressure,RainAbsolute,RainAccumulated,RainIntensity,RainRate,SnowDepthIntensity,VolumeEquivalentDiameter,0.3032140905993099,0.09193878473796653
AverageParticleSpeed,KineticEnergy,ParticlesDetected,Pressure,RainAbsolute,RainAccumulated,RainIntensity,RainRate,Temperature,VolumeEquivalentDiameter,0.3030482122851201,0.0918382189692072
AverageParticleSpeed,KineticEnergy,RadarReflectivity,RainAbsolute,RainAccumulated,RainIntensity,RainRate,SnowDepthIntensity,VolumeEquivalentDiameter,WindSpeed,0.30275182017388813,0.0916586646186023
AverageParticleSpeed,KineticEnergy,RadarReflectivity,RainAbsolute,RainAccumulated,RainIntensity,RainRate,Temperature,VolumeEquivalentDiameter,WindSpeed,0.30250583175497875,0.09150977824577151
AverageParticleSpeed,KineticEnergy,Pressure,RadarReflectivity,RainAbsolute,RainAccumulated,RainIntensity,RainRate,SnowDepthIntensity,WindSpeed,0.3024952458571132,0.09150337376615535
AverageParticleSpeed,KineticEnergy,Pressure,RadarReflectivity,RainAbsolute,RainAccumulated,RainIntensity,SnowDepthIntensity,VolumeEquivalentDiameter,WindSpeed,0.3024952458571132,0.09150337376615535
KineticEnergy,Pressure,RadarReflectivity,RainAbsolute,RainAccumulated,RainIntensity,RainRate,SnowDepthIntensity,VolumeEquivalentDiameter,WindSpeed,0.3024952458571132,0.09150337376615535
AverageParticleSpeed,KineticEnergy,Pressure,RadarReflectivity,RainAbsolute,RainAccumulated,RainIntensity,Temperature,VolumeEquivalentDiameter,WindSpeed,0.30224801111627797,0.0913538602237457
AverageParticleSpeed,KineticEnergy,Pressure,RadarReflectivity,RainAbsolute,RainAccumulated,RainIntensity,RainRate,Temperature,WindSpeed,0.3022480111162779,0.09135386022374566
KineticEnergy,Pressure,RadarReflectivity,RainAbsolute,RainAccumulated,RainIntensity,RainRate,Temperature,VolumeEquivalentDiameter,WindSpeed,0.3022480111162779,0.09135386022374566
AverageParticleSpeed,Pressure,RadarReflectivity,RainAbsolute,RainAccumulated,RainIntensity,RainRate,SnowDepthIntensity,Temperature,VolumeEquivalentDiameter,0.3002103311268715,0.09012624291530584
AverageParticleSpeed,KineticEnergy,Pressure,RadarReflectivity,RainAbsolute,RainAccumulated,RainRate,SnowDepthIntensity,Temperature,VolumeEquivalentDiameter,0.29965060467802274,0.08979048488390466
AverageParticleSpeed,KineticEnergy,RadarReflectivity,RainAbsolute,RainAccumulated,RainIntensity,RainRate,SnowDepthIntensity,Temperature,VolumeEquivalentDiameter,0.2984183931507983,0.08905353737070444
AverageParticleSpeed,KineticEnergy,Pressure,RadarReflectivity,RainAbsolute,RainAccumulated,RainIntensity,RainRate,SnowDepthIntensity,Temperature,0.2981854297123139,0.08891455049271728
KineticEnergy,Pressure,RadarReflectivity,RainAbsolute,RainAccumulated,RainIntensity,RainRate,SnowDepthIntensity,Temperature,VolumeEquivalentDiameter,0.2981854297123138,0.08891455049271725
AverageParticleSpeed,KineticEnergy,Pressure,RadarReflectivity,RainAbsolute,RainAccumulated,RainIntensity,SnowDepthIntensity,Temperature,VolumeEquivalentDiameter,0.2981854297123135,0.08891455049271704
AverageParticleSpeed,ParticlesDetected,Pressure,RainAbsolute,RainAccumulated,RainIntensity,RainRate,SnowDepthIntensity,VolumeEquivalentDiameter,WindSpeed,0.29550587992003047,0.08732372506731147
AverageParticleSpeed,ParticlesDetected,Pressure,RainAbsolute,RainAccumulated,RainIntensity,RainRate,Temperature,VolumeEquivalentDiameter,WindSpeed,0.295504468635326,0.08732289098344635
AverageParticleSpeed,KineticEnergy,ParticlesDetected,Pressure,RainAbsolute,RainAccumulated,RainRate,SnowDepthIntensity,VolumeEquivalentDiameter,WindSpeed,0.2948307183499533,0.08692515248274947
AverageParticleSpeed,KineticEnergy,ParticlesDetected,Pressure,RainAbsolute,RainAccumulated,RainRate,Temperature,VolumeEquivalentDiameter,WindSpeed,0.29482239094536794,0.08692024220274337
AverageParticleSpeed,KineticEnergy,ParticlesDetected,RainAbsolute,RainAccumulated,RainIntensity,RainRate,Temperature,VolumeEquivalentDiameter,WindSpeed,0.29346215170641093,0.08612003448415655
AverageParticleSpeed,KineticEnergy,ParticlesDetected,RainAbsolute,RainAccumulated,RainIntensity,RainRate,SnowDepthIntensity,VolumeEquivalentDiameter,WindSpeed,0.29345124390089067,0.08611363254698003
AverageParticleSpeed,KineticEnergy,ParticlesDetected,Pressure,RainAbsolute,RainAccumulated,RainIntensity,Temperature,VolumeEquivalentDiameter,WindSpeed,0.2931837504700852,0.08595671153970519
KineticEnergy,ParticlesDetected,Pressure,RainAbsolute,RainAccumulated,RainIntensity,RainRate,Temperature,VolumeEquivalentDiameter,WindSpeed,0.2931837504700851,0.08595671153970513
AverageParticleSpeed,KineticEnergy,ParticlesDetected,Pressure,RainAbsolute,RainAccumulated,RainIntensity,RainRate,Temperature,WindSpeed,0.29318375047008505,0.08595671153970509
AverageParticleSpeed,KineticEnergy,ParticlesDetected,Pressure,RainAbsolute,RainAccumulated,RainIntensity,SnowDepthIntensity,VolumeEquivalentDiameter,WindSpeed,0.2931739785230708,0.08595098168304599
AverageParticleSpeed,KineticEnergy,ParticlesDetected,Pressure,RainAbsolute,RainAccumulated,RainIntensity,RainRate,SnowDepthIntensity,WindSpeed,0.2931739785230707,0.08595098168304592
KineticEnergy,ParticlesDetected,Pressure,RainAbsolute,RainAccumulated,RainIntensity,RainRate,SnowDepthIntensity,VolumeEquivalentDiameter,WindSpeed,0.2931739785230707,0.08595098168304592
AverageParticleSpeed,ParticlesDetected,Pressure,RainAbsolute,RainAccumulated,RainIntensity,RainRate,SnowDepthIntensity,Temperature,VolumeEquivalentDiameter,0.29236220372221294,0.08547565816530875
AverageParticleSpeed,Pressure,RadarReflectivity,RainAbsolute,RainAccumulated,RainRate,SnowDepthIntensity,Temperature,VolumeEquivalentDiameter,WindSpeed,0.29219805079331396,0.08537970088741208
AverageParticleSpeed,KineticEnergy,ParticlesDetected,Pressure,RainAbsolute,RainAccumulated,RainRate,SnowDepthIntensity,Temperature,VolumeEquivalentDiameter,0.29174364214447235,0.08511435273172194
AverageParticleSpeed,RadarReflectivity,RainAbsolute,RainAccumulated,RainIntensity,RainRate,SnowDepthIntensity,Temperature,VolumeEquivalentDiameter,WindSpeed,0.2909371979201649,0.08464445313363722
AverageParticleSpeed,Pressure,RadarReflectivity,RainAbsolute,RainAccumulated,RainIntensity,RainRate,SnowDepthIntensity,Temperature,WindSpeed,0.2906570390620196,0.0844815143563004
Pressure,RadarReflectivity,RainAbsolute,RainAccumulated,RainIntensity,RainRate,SnowDepthIntensity,Temperature,VolumeEquivalentDiameter,WindSpeed,0.2906570390620196,0.0844815143563004
AverageParticleSpeed,Pressure,RadarReflectivity,RainAbsolute,RainAccumulated,RainIntensity,SnowDepthIntensity,Temperature,VolumeEquivalentDiameter,WindSpeed,0.2906570390620195,0.08448151435630033
AverageParticleSpeed,KineticEnergy,ParticlesDetected,RainAbsolute,RainAccumulated,RainIntensity,RainRate,SnowDepthIntensity,Temperature,VolumeEquivalentDiameter,0.29044823109360335,0.08436017494540321
AverageParticleSpeed,KineticEnergy,RadarReflectivity,RainAbsolute,RainAccumulated,RainRate,SnowDepthIntensity,Temperature,VolumeEquivalentDiameter,WindSpeed,0.29033729643134243,0.0842957456990612
AverageParticleSpeed,KineticEnergy,ParticlesDetected,Pressure,RainAbsolute,RainAccumulated,RainIntensity,RainRate,SnowDepthIntensity,Temperature,0.29019799029891596,0.08421487357352972
KineticEnergy,ParticlesDetected,Pressure,RainAbsolute,RainAccumulated,RainIntensity,RainRate,SnowDepthIntensity,Temperature,VolumeEquivalentDiameter,0.29019799029891596,0.08421487357352972
AverageParticleSpeed,KineticEnergy,ParticlesDetected,Pressure,RainAbsolute,RainAccumulated,RainIntensity,SnowDepthIntensity,Temperature,VolumeEquivalentDiameter,0.29019799029891585,0.08421487357352966
AverageParticleSpeed,KineticEnergy,Pressure,RadarReflectivity,RainAbsolute,RainAccumulated,RainRate,SnowDepthIntensity,Temperature,WindSpeed,0.2900560296342797,0.08413250032720213
KineticEnergy,Pressure,RadarReflectivity,RainAbsolute,RainAccumulated,RainRate,SnowDepthIntensity,Temperature,VolumeEquivalentDiameter,WindSpeed,0.29005602963427957,0.08413250032720207
AverageParticleSpeed,KineticEnergy,Pressure,RadarReflectivity,RainAbsolute,RainAccumulated,SnowDepthIntensity,Temperature,VolumeEquivalentDiameter,WindSpeed,0.2900560296342793,0.0841325003272019
AverageParticleSpeed,KineticEnergy,RadarReflectivity,RainAbsolute,RainAccumulated,RainIntensity,RainRate,SnowDepthIntensity,Temperature,WindSpeed,0.28878902391272426,0.08339910033246403
AverageParticleSpeed,KineticEnergy,RadarReflectivity,RainAbsolute,RainAccumulated,RainIntensity,SnowDepthIntensity,Temperature,VolumeEquivalentDiameter,WindSpeed,0.28878902391272426,0.08339910033246403
KineticEnergy,RadarReflectivity,RainAbsolute,RainAccumulated,RainIntensity,RainRate,SnowDepthIntensity,Temperature,VolumeEquivalentDiameter,WindSpeed,0.28878902391272426,0.08339910033246403
KineticEnergy,Pressure,RadarReflectivity,RainAbsolute,RainAccumulated,RainIntensity,RainRate,SnowDepthIntensity,Temperature,WindSpeed,0.28850510695992154,0.08323519674195577
AverageParticleSpeed,KineticEnergy,Pressure,RadarReflectivity,RainAbsolute,RainAccumulated,RainIntensity,SnowDepthIntensity,Temperature,WindSpeed,0.2885051069599213,0.08323519674195565
KineticEnergy,Pressure,RadarReflectivity,RainAbsolute,RainAccumulated,RainIntensity,SnowDepthIntensity,Temperature,VolumeEquivalentDiameter,WindSpeed,0.28850510695992126,0.0832351967419556
AverageParticleSpeed,ParticlesDetected,Pressure,RainAbsolute,RainAccumulated,RainRate,SnowDepthIntensity,Temperature,VolumeEquivalentDiameter,WindSpeed,0.2835832121825226,0.08041943823175762
AverageParticleSpeed,ParticlesDetected,RainAbsolute,RainAccumulated,RainIntensity,RainRate,SnowDepthIntensity,Temperature,VolumeEquivalentDiameter,WindSpeed,0.2822630604084054,0.0796724352711191
AverageParticleSpeed,Humidity,KineticEnergy,Pressure,RadarReflectivity,RainAbsolute,RainAccumulated,RainIntensity,RainRate,VolumeEquivalentDiameter,0.282170165879261,0.07962000251232969
AverageParticleSpeed,ParticlesDetected,Pressure,RainAbsolute,RainAccumulated,RainIntensity,SnowDepthIntensity,Temperature,VolumeEquivalentDiameter,WindSpeed,0.28196481167606996,0.0795041550235216
AverageParticleSpeed,ParticlesDetected,Pressure,RainAbsolute,RainAccumulated,RainIntensity,RainRate,SnowDepthIntensity,Temperature,WindSpeed,0.2819648116760698,0.07950415502352151
ParticlesDetected,Pressure,RainAbsolute,RainAccumulated,RainIntensity,RainRate,SnowDepthIntensity,Temperature,VolumeEquivalentDiameter,WindSpeed,0.2819648116760698,0.07950415502352151
AverageParticleSpeed,KineticEnergy,ParticlesDetected,RainAbsolute,RainAccumulated,RainRate,SnowDepthIntensity,Temperature,VolumeEquivalentDiameter,WindSpeed,0.2816074607053519,0.07930276192491632
AverageParticleSpeed,KineticEnergy,ParticlesDetected,Pressure,RainAbsolute,RainAccumulated,RainRate,SnowDepthIntensity,Temperature,WindSpeed,0.28130809055395223,0.07913424181111059
KineticEnergy,ParticlesDetected,Pressure,RainAbsolute,RainAccumulated,RainRate,SnowDepthIntensity,Temperature,VolumeEquivalentDiameter,WindSpeed,0.28130809055395223,0.07913424181111059
AverageParticleSpeed,KineticEnergy,ParticlesDetected,Pressure,RainAbsolute,RainAccumulated,SnowDepthIntensity,Temperature,VolumeEquivalentDiameter,WindSpeed,0.2813080905539521,0.07913424181111052
AverageParticleSpeed,KineticEnergy,ParticlesDetected,RainAbsolute,RainAccumulated,RainIntensity,SnowDepthIntensity,Temperature,VolumeEquivalentDiameter,WindSpeed,0.2799879882652274,0.07839327357280912
AverageParticleSpeed,KineticEnergy,ParticlesDetected,RainAbsolute,RainAccumulated,RainIntensity,RainRate,SnowDepthIntensity,Temperature,WindSpeed,0.2799879882652272,0.07839327357280901
KineticEnergy,ParticlesDetected,RainAbsolute,RainAccumulated,RainIntensity,RainRate,SnowDepthIntensity,Temperature,VolumeEquivalentDiameter,WindSpeed,0.2799879882652272,0.07839327357280901
AverageParticleSpeed,KineticEnergy,ParticlesDetected,Pressure,RainAbsolute,RainAccumulated,RainIntensity,SnowDepthIntensity,Temperature,WindSpeed,0.2796860552110533,0.07822428947952034
KineticEnergy,ParticlesDetected,Pressure,RainAbsolute,RainAccumulated,RainIntensity,SnowDepthIntensity,Temperature,VolumeEquivalentDiameter,WindSpeed,0.2796860552110533,0.07822428947952034
KineticEnergy,ParticlesDetected,Pressure,RainAbsolute,RainAccumulated,RainIntensity,RainRate,SnowDepthIntensity,Temperature,WindSpeed,0.2796860552110531,0.07822428947952025
AverageParticleSpeed,Humidity,Pressure,RadarReflectivity,RainAbsolute,RainAccumulated,RainIntensity,RainRate,VolumeEquivalentDiameter,WindSpeed,0.27433567435945594,0.07526006222625745
AverageParticleSpeed,Humidity,KineticEnergy,ParticlesDetected,Pressure,RainAbsolute,RainAccumulated,RainIntensity,RainRate,VolumeEquivalentDiameter,0.27424479253651857,0.07521020623339811
AverageParticleSpeed,Humidity,KineticEnergy,Pressure,RadarReflectivity,RainAbsolute,RainAccumulated,RainRate,VolumeEquivalentDiameter,WindSpeed,0.2737108802874944,0.07491764598775509
AverageParticleSpeed,Humidity,KineticEnergy,RadarReflectivity,RainAbsolute,RainAccumulated,RainIntensity,RainRate,VolumeEquivalentDiameter,WindSpeed,0.27242627769218447,0.07421607677721921
AverageParticleSpeed,Humidity,KineticEnergy,Pressure,RadarReflectivity,RainAbsolute,RainAccumulated,RainIntensity,VolumeEquivalentDiameter,WindSpeed,0.2721098799183893,0.07404378674920024
AverageParticleSpeed,Humidity,KineticEnergy,Pressure,RadarReflectivity,RainAbsolute,RainAccumulated,RainIntensity,RainRate,WindSpeed,0.27210987991838914,0.07404378674920016
Humidity,KineticEnergy,Pressure,RadarReflectivity,RainAbsolute,RainAccumulated,RainIntensity,RainRate,VolumeEquivalentDiameter,WindSpeed,0.27210987991838914,0.07404378674920016
AverageParticleSpeed,Humidity,Pressure,RadarReflectivity,RainAbsolute,RainAccumulated,RainIntensity,RainRate,SnowDepthIntensity,VolumeEquivalentDiameter,0.2709034894494597,0.07338870059589352
AverageParticleSpeed,Humidity,KineticEnergy,Pressure,RadarReflectivity,RainAbsolute,RainAccumulated,RainRate,SnowDepthIntensity,VolumeEquivalentDiameter,0.27034417474690525,0.07308597281958525
AverageParticleSpeed,Humidity,KineticEnergy,RadarReflectivity,RainAbsolute,RainAccumulated,RainIntensity,RainRate,SnowDepthIntensity,VolumeEquivalentDiameter,0.2691431179257463,0.07243801792679218
Humidity,KineticEnergy,Pressure,RadarReflectivity,RainAbsolute,RainAccumulated,RainIntensity,RainRate,SnowDepthIntensity,VolumeEquivalentDiameter,0.2688562044221141,0.07228365865626561
AverageParticleSpeed,Humidity,KineticEnergy,Pressure,RadarReflectivity,RainAbsolute,RainAccumulated,RainIntensity,RainRate,SnowDepthIntensity,0.26885620442211405,0.07228365865626558
AverageParticleSpeed,Humidity,KineticEnergy,Pressure,RadarReflectivity,RainAbsolute,RainAccumulated,RainIntensity,SnowDepthIntensity,VolumeEquivalentDiameter,0.26885620442211405,0.07228365865626558
AverageParticleSpeed,Humidity,Pressure,RadarReflectivity,RainAbsolute,RainAccumulated,RainIntensity,RainRate,Temperature,VolumeEquivalentDiameter,0.26833418933746805,0.07200323716739615
AverageParticleSpeed,Humidity,KineticEnergy,Pressure,RadarReflectivity,RainAbsolute,RainAccumulated,RainRate,Temperature,VolumeEquivalentDiameter,0.2677833535756197,0.07170792445220536
AverageParticleSpeed,Humidity,KineticEnergy,RadarReflectivity,RainAbsolute,RainAccumulated,RainIntensity,RainRate,Temperature,VolumeEquivalentDiameter,0.2666359264536733,0.07109471727580867
AverageParticleSpeed,Humidity,KineticEnergy,Pressure,RadarReflectivity,RainAbsolute,RainAccumulated,RainIntensity,Temperature,VolumeEquivalentDiameter,0.2663424959993553,0.07093832517516659
AverageParticleSpeed,Humidity,KineticEnergy,Pressure,RadarReflectivity,RainAbsolute,RainAccumulated,RainIntensity,RainRate,Temperature,0.26634249599935517,0.07093832517516652
Humidity,KineticEnergy,Pressure,RadarReflectivity,RainAbsolute,RainAccumulated,RainIntensity,RainRate,Temperature,VolumeEquivalentDiameter,0.26634249599935517,0.07093832517516652
AverageParticleSpeed,Humidity,ParticlesDetected,Pressure,RainAbsolute,RainAccumulated,RainIntensity,RainRate,VolumeEquivalentDiameter,WindSpeed,0.2656370703718251,0.07056305315572596
AverageParticleSpeed,Humidity,KineticEnergy,ParticlesDetected,Pressure,RainAbsolute,RainAccumulated,RainRate,VolumeEquivalentDiameter,WindSpeed,0.2649527941441645,0.07019998312480001
AverageParticleSpeed,Humidity,KineticEnergy,ParticlesDetected,RainAbsolute,RainAccumulated,RainIntensity,RainRate,VolumeEquivalentDiameter,WindSpeed,0.2636105633273256,0.06949052909774993
AverageParticleSpeed,Humidity,ParticlesDetected,Pressure,RainAbsolute,RainAccumulated,RainIntensity,RainRate,SnowDepthIntensity,VolumeEquivalentDiameter,0.2632826998499316,0.06931778004026916
AverageParticleSpeed,Humidity,KineticEnergy,ParticlesDetected,Pressure,RainAbsolute,RainAccumulated,RainIntensity,VolumeEquivalentDiameter,WindSpeed,0.2632750535945534,0.06931375384521496
Humidity,KineticEnergy,ParticlesDetected,Pressure,RainAbsolute,RainAccumulated,RainIntensity,RainRate,VolumeEquivalentDiameter,WindSpeed,0.26327505359455333,0.06931375384521493
AverageParticleSpeed,Humidity,KineticEnergy,ParticlesDetected,Pressure,RainAbsolute,RainAccumulated,RainIntensity,RainRate,WindSpeed,0.2632750535945533,0.0693137538452149
AverageParticleSpeed,Humidity,KineticEnergy,ParticlesDetected,Pressure,RainAbsolute,RainAccumulated,RainRate,SnowDepthIntensity,VolumeEquivalentDiameter,0.262670795643633,0.0689959468840592
AverageParticleSpeed,Humidity,Pressure,RadarReflectivity,RainAbsolute,RainAccumulated,RainRate,SnowDepthIntensity,VolumeEquivalentDiameter,WindSpeed,0.261780054114452,0.06852879673216541
AverageParticleSpeed,Humidity,KineticEnergy,ParticlesDetected,RainAbsolute,RainAccumulated,RainIntensity,RainRate,SnowDepthIntensity,VolumeEquivalentDiameter,0.26141734397246186,0.06833902772961643
AverageParticleSpeed,Humidity,KineticEnergy,ParticlesDetected,Pressure,RainAbsolute,RainAccumulated,RainIntensity,RainRate,SnowDepthIntensity,0.26111459293070843,0.06818083064136957
Humidity,KineticEnergy,ParticlesDetected,Pressure,RainAbsolute,RainAccumulated,RainIntensity,RainRate,SnowDepthIntensity,VolumeEquivalentDiameter,0.26111459293070843,0.06818083064136957
AverageParticleSpeed,Humidity,KineticEnergy,ParticlesDetected,Pressure,RainAbsolute,RainAccumulated,RainIntensity,SnowDepthIntensity,VolumeEquivalentDiameter,0.2611145929307083,0.06818083064136951
AverageParticleSpeed,Humidity,ParticlesDetected,Pressure,RainAbsolute,RainAccumulated,RainIntensity,RainRate,Temperature,VolumeEquivalentDiameter,0.26103628439236226,0.06813994176937023
AverageParticleSpeed,Humidity,RadarReflectivity,RainAbsolute,RainAccumulated,RainIntensity,RainRate,SnowDepthIntensity,VolumeEquivalentDiameter,WindSpeed,0.2605519017464312,0.06788729350368194
AverageParticleSpeed,Humidity,KineticEnergy,ParticlesDetected,Pressure,RainAbsolute,RainAccumulated,RainRate,Temperature,VolumeEquivalentDiameter,0.2604300518111608,0.0678238118863639
AverageParticleSpeed,Humidity,Pressure,RadarReflectivity,RainAbsolute,RainAccumulated,RainIntensity,SnowDepthIntensity,VolumeEquivalentDiameter,WindSpeed,0.2602146089921401,0.06771164273293236
AverageParticleSpeed,Humidity,Pressure,RadarReflectivity,RainAbsolute,RainAccumulated,RainIntensity,RainRate,SnowDepthIntensity,WindSpeed,0.26021460899214,0.0677116427329323
Humidity,Pressure,RadarReflectivity,RainAbsolute,RainAccumulated,RainIntensity,RainRate,SnowDepthIntensity,VolumeEquivalentDiameter,WindSpeed,0.26021460899213994,0.06771164273293227
AverageParticleSpeed,Humidity,KineticEnergy,RadarReflectivity,RainAbsolute,RainAccumulated,RainRate,SnowDepthIntensity,VolumeEquivalentDiameter,WindSpeed,0.25995509772770026,0.0675766528346182
AverageParticleSpeed,Humidity,KineticEnergy,Pressure,RadarReflectivity,RainAbsolute,RainAccumulated,SnowDepthIntensity,VolumeEquivalentDiameter,WindSpeed,0.25961684419487235,0.06740090578970463
AverageParticleSpeed,Humidity,KineticEnergy,Pressure,RadarReflectivity,RainAbsolute,RainAccumulated,RainRate,SnowDepthIntensity,WindSpeed,0.2596168441948723,0.0674009057897046
Humidity,KineticEnergy,Pressure,RadarReflectivity,RainAbsolute,RainAccumulated,RainRate,SnowDepthIntensity,VolumeEquivalentDiameter,WindSpeed,0.2596168441948723,0.0674009057897046
AverageParticleSpeed,Humidity,KineticEnergy,ParticlesDetected,RainAbsolute,RainAccumulated,RainIntensity,RainRate,Temperature,VolumeEquivalentDiameter,0.25922198236169697,0.06719603613952793
AverageParticleSpeed,Humidity,Pressure,RadarReflectivity,RainAbsolute,RainAccumulated,RainRate,Temperature,VolumeEquivalentDiameter,WindSpeed,0.2591923672321925,0.06718068323142774
AverageParticleSpeed,Humidity,KineticEnergy,ParticlesDetected,Pressure,RainAbsolute,RainAccumulated,RainIntensity,Temperature,VolumeEquivalentDiameter,0.25891330571254323,0.06703609987499687
Humidity,KineticEnergy,ParticlesDetected,Pressure,RainAbsolute,RainAccumulated,RainIntensity,RainRate,Temperature,VolumeEquivalentDiameter,0.2589133057125432,0.06703609987499684
AverageParticleSpeed,Humidity,KineticEnergy,ParticlesDetected,Pressure,RainAbsolute,RainAccumulated,RainIntensity,RainRate,Temperature,0.2589133057125431,0.06703609987499681
AverageParticleSpeed,Humidity,KineticEnergy,RadarReflectivity,RainAbsolute,RainAccumulated,RainIntensity,RainRate,SnowDepthIntensity,WindSpeed,0.2583880671969444,0.06676439326977265
AverageParticleSpeed,Humidity,KineticEnergy,RadarReflectivity,RainAbsolute,RainAccumulated,RainIntensity,SnowDepthIntensity,VolumeEquivalentDiameter,WindSpeed,0.2583880671969443,0.0667643932697726
Humidity,KineticEnergy,RadarReflectivity,RainAbsolute,RainAccumulated,RainIntensity,RainRate,SnowDepthIntensity,VolumeEquivalentDiameter,WindSpeed,0.2583880671969442,0.06676439326977254
AverageParticleSpeed,Humidity,KineticEnergy,Pressure,RadarReflectivity,RainAbsolute,RainAccumulated,RainIntensity,SnowDepthIntensity,WindSpeed,0.25804744900580306,0.06658848593840254
Humidity,KineticEnergy,Pressure,RadarReflectivity,RainAbsolute,RainAccumulated,RainIntensity,SnowDepthIntensity,VolumeEquivalentDiameter,WindSpeed,0.258047449005803,0.0665884859384025
Humidity,KineticEnergy,Pressure,RadarReflectivity,RainAbsolute,RainAccumulated,RainIntensity,RainRate,SnowDepthIntensity,WindSpeed,0.2580474490058029,0.06658848593840244
AverageParticleSpeed,Humidity,RadarReflectivity,RainAbsolute,RainAccumulated,RainIntensity,RainRate,Temperature,VolumeEquivalentDiameter,WindSpeed,0.25801961402941986,0.0665741212238908
AverageParticleSpeed,Humidity,Pressure,RadarReflectivity,RainAbsolute,RainAccumulated,RainIntensity,RainRate,Temperature,WindSpeed,0.25767510222895323,0.0663964583087015
Humidity,Pressure,RadarReflectivity,RainAbsolute,RainAccumulated,RainIntensity,RainRate,Temperature,VolumeEquivalentDiameter,WindSpeed,0.2576751022289532,0.06639645830870147
AverageParticleSpeed,Humidity,Pressure,RadarReflectivity,RainAbsolute,RainAccumulated,RainIntensity,Temperature,VolumeEquivalentDiameter,WindSpeed,0.25767510222895296,0.06639645830870136
AverageParticleSpeed,Humidity,KineticEnergy,RadarReflectivity,RainAbsolute,RainAccumulated,RainRate,Temperature,VolumeEquivalentDiameter,WindSpeed,0.25743040312163606,0.06627041245136805
AverageParticleSpeed,Humidity,KineticEnergy,Pressure,RadarReflectivity,RainAbsolute,RainAccumulated,RainRate,Temperature,WindSpeed,0.25708495263793046,0.06609267287284695
Humidity,KineticEnergy,Pressure,RadarReflectivity,RainAbsolute,RainAccumulated,RainRate,Temperature,VolumeEquivalentDiameter,WindSpeed,0.2570849526379304,0.06609267287284692
AverageParticleSpeed,Humidity,KineticEnergy,Pressure,RadarReflectivity,RainAbsolute,RainAccumulated,Temperature,VolumeEquivalentDiameter,WindSpeed,0.25708495263793035,0.0660926728728469
AverageParticleSpeed,Humidity,Pressure,RadarReflectivity,RainAbsolute,RainAccumulated,RainRate,SnowDepthIntensity,Temperature,VolumeEquivalentDiameter,0.2569770668758162,0.0660372129000977
AverageParticleSpeed,Humidity,KineticEnergy,RadarReflectivity,RainAbsolute,RainAccumulated,RainIntensity,Temperature,VolumeEquivalentDiameter,WindSpeed,0.255909536434193,0.06548969083796356
AverageParticleSpeed,Humidity,KineticEnergy,RadarReflectivity,RainAbsolute,RainAccumulated,RainIntensity,RainRate,Temperature,WindSpeed,0.2559095364341928,0.06548969083796345
Humidity,KineticEnergy,RadarReflectivity,RainAbsolute,RainAccumulated,RainIntensity,RainRate,Temperature,VolumeEquivalentDiameter,WindSpeed,0.2559095364341928,0.06548969083796345
AverageParticleSpeed,Humidity,RadarReflectivity,RainAbsolute,RainAccumulated,RainIntensity,RainRate,SnowDepthIntensity,Temperature,VolumeEquivalentDiameter,0.2558746938448585,0.06547185895020007
AverageParticleSpeed,Humidity,Pressure,RadarReflectivity,RainAbsolute,RainAccumulated,RainIntensity,RainRate,SnowDepthIntensity,Temperature,0.25556321317329417,0.0653125559274586
Humidity,Pressure,RadarReflectivity,RainAbsolute,RainAccumulated,RainIntensity,RainRate,SnowDepthIntensity,Temperature,VolumeEquivalentDiameter,0.2555632131732941,0.06531255592745856
AverageParticleSpeed,Humidity,Pressure,RadarReflectivity,RainAbsolute,RainAccumulated,RainIntensity,SnowDepthIntensity,Temperature,VolumeEquivalentDiameter,0.25556321317329406,0.06531255592745853
Humidity,KineticEnergy,Pressure,RadarReflectivity,RainAbsolute,RainAccumulated,RainIntensity,RainRate,Temperature,WindSpeed,0.2555618232568005,0.06531184550634013
AverageParticleSpeed,Humidity,KineticEnergy,Pressure,RadarReflectivity,RainAbsolute,RainAccumulated,RainIntensity,Temperature,WindSpeed,0.2555618232568003,0.06531184550634005
Humidity,KineticEnergy,Pressure,RadarReflectivity,RainAbsolute,RainAccumulated,RainIntensity,Temperature,VolumeEquivalentDiameter,WindSpeed,0.2555618232568003,0.06531184550634005
AverageParticleSpeed,Humidity,KineticEnergy,RadarReflectivity,RainAbsolute,RainAccumulated,RainRate,SnowDepthIntensity,Temperature,VolumeEquivalentDiameter,0.25534480478674965,0.06520096933158329
AverageParticleSpeed,Humidity,KineticEnergy,Pressure,RadarReflectivity,RainAbsolute,RainAccumulated,RainRate,SnowDepthIntensity,Temperature,0.25503250591111926,0.06504157907130508
AverageParticleSpeed,Humidity,KineticEnergy,Pressure,RadarReflectivity,RainAbsolute,RainAccumulated,SnowDepthIntensity,Temperature,VolumeEquivalentDiameter,0.25503250591111926,0.06504157907130508
Humidity,KineticEnergy,Pressure,RadarReflectivity,RainAbsolute,RainAccumulated,RainRate,SnowDepthIntensity,Temperature,VolumeEquivalentDiameter,0.25503250591111926,0.06504157907130508
AverageParticleSpeed,Humidity,KineticEnergy,RadarReflectivity,RainAbsolute,RainAccumulated,RainIntensity,SnowDepthIntensity,Temperature,VolumeEquivalentDiameter,0.2539287503936914,0.06447981027650163
AverageParticleSpeed,Humidity,KineticEnergy,RadarReflectivity,RainAbsolute,RainAccumulated,RainIntensity,RainRate,SnowDepthIntensity,Temperature,0.2539287503936913,0.06447981027650157
Humidity,KineticEnergy,RadarReflectivity,RainAbsolute,RainAccumulated,RainIntensity,RainRate,SnowDepthIntensity,Temperature,VolumeEquivalentDiameter,0.2539287503936912,0.06447981027650154
Humidity,KineticEnergy,Pressure,RadarReflectivity,RainAbsolute,RainAccumulated,RainIntensity,RainRate,SnowDepthIntensity,Temperature,0.25361439378782236,0.06432026073636463
AverageParticleSpeed,Humidity,KineticEnergy,Pressure,RadarReflectivity,RainAbsolute,RainAccumulated,RainIntensity,SnowDepthIntensity,Temperature,0.25361439378782225,0.06432026073636457
Humidity,KineticEnergy,Pressure,RadarReflectivity,RainAbsolute,RainAccumulated,RainIntensity,SnowDepthIntensity,Temperature,VolumeEquivalentDiameter,0.25361439378782225,0.06432026073636457
AverageParticleSpeed,Humidity,ParticlesDetected,Pressure,RainAbsolute,RainAccumulated,RainRate,SnowDepthIntensity,VolumeEquivalentDiameter,WindSpeed,0.25342669314076427,0.0642250887962631
AverageParticleSpeed,Humidity,ParticlesDetected,RainAbsolute,RainAccumulated,RainIntensity,RainRate,SnowDepthIntensity,VolumeEquivalentDiameter,WindSpeed,0.25215175518881394,0.06358050764479956
AverageParticleSpeed,Humidity,ParticlesDetected,Pressure,RainAbsolute,RainAccumulated,RainIntensity,RainRate,SnowDepthIntensity,WindSpeed,0.2517980498150522,0.06340225789066352
Humidity,ParticlesDetected,Pressure,RainAbsolute,RainAccumulated,RainIntensity,RainRate,SnowDepthIntensity,VolumeEquivalentDiameter,WindSpeed,0.2517980498150522,0.06340225789066352
AverageParticleSpeed,Humidity,ParticlesDetected,Pressure,RainAbsolute,RainAccumulated,RainIntensity,SnowDepthIntensity,VolumeEquivalentDiameter,WindSpeed,0.25179804981505216,0.06340225789066349
AverageParticleSpeed,Humidity,KineticEnergy,ParticlesDetected,RainAbsolute,RainAccumulated,RainRate,SnowDepthIntensity,VolumeEquivalentDiameter,WindSpeed,0.25150629353305953,0.06325541568673751
AverageParticleSpeed,Humidity,ParticlesDetected,Pressure,RainAbsolute,RainAccumulated,RainRate,Temperature,VolumeEquivalentDiameter,WindSpeed,0.25116817557470866,0.06308545242152767
AverageParticleSpeed,Humidity,KineticEnergy,ParticlesDetected,Pressure,RainAbsolute,RainAccumulated,SnowDepthIntensity,VolumeEquivalentDiameter,WindSpeed,0.25115165125858563,0.06307715192991421
Humidity,KineticEnergy,ParticlesDetected,Pressure,RainAbsolute,RainAccumulated,RainRate,SnowDepthIntensity,VolumeEquivalentDiameter,WindSpeed,0.25115165125858563,0.06307715192991421
AverageParticleSpeed,Humidity,KineticEnergy,ParticlesDetected,Pressure,RainAbsolute,RainAccumulated,RainRate,SnowDepthIntensity,WindSpeed,0.2511516512585856,0.06307715192991419
AverageParticleSpeed,Humidity,ParticlesDetected,RainAbsolute,RainAccumulated,RainIntensity,RainRate,Temperature,VolumeEquivalentDiameter,WindSpeed,0.2499392517102543,0.06246962954548186
AverageParticleSpeed,Humidity,ParticlesDetected,Pressure,RainAbsolute,RainAccumulated,RainRate,SnowDepthIntensity,Temperature,VolumeEquivalentDiameter,0.24989585746392085,0.062447939577628245
AverageParticleSpeed,Humidity,KineticEnergy,ParticlesDetected,RainAbsolute,RainAccumulated,RainIntensity,RainRate,SnowDepthIntensity,WindSpeed,0.24988208675638796,0.062441057281727
Humidity,KineticEnergy,ParticlesDetected,RainAbsolute,RainAccumulated,RainIntensity,RainRate,SnowDepthIntensity,VolumeEquivalentDiameter,WindSpeed,0.24988208675638796,0.062441057281727
AverageParticleSpeed,Humidity,KineticEnergy,ParticlesDetected,RainAbsolute,RainAccumulated,RainIntensity,SnowDepthIntensity,VolumeEquivalentDiameter,WindSpeed,0.2498820867563876,0.06244105728172682
AverageParticleSpeed,Humidity,ParticlesDetected,Pressure,RainAbsolute,RainAccumulated,RainIntensity,Temperature,VolumeEquivalentDiameter,WindSpeed,0.24957883831775468,0.06228959653603993
AverageParticleSpeed,Humidity,ParticlesDetected,Pressure,RainAbsolute,RainAccumulated,RainIntensity,RainRate,Temperature,WindSpeed,0.24957883831775446,0.06228959653603982
Humidity,ParticlesDetected,Pressure,RainAbsolute,RainAccumulated,RainIntensity,RainRate,Temperature,VolumeEquivalentDiameter,WindSpeed,0.2495788383177544,0.06228959653603979
AverageParticleSpeed,KineticEnergy,ParticlesDetected,Pressure,RadarReflectivity,RainAbsolute,RainAccumulated,RainIntensity,RainRate,VolumeEquivalentDiameter,0.24957710135933253,0.06228872952292654
AverageParticleSpeed,Humidity,KineticEnergy,ParticlesDetected,Pressure,RainAbsolute,RainAccumulated,RainIntensity,SnowDepthIntensity,WindSpeed,0.24952523796653123,0.06226284438225404
Humidity,KineticEnergy,ParticlesDetected,Pressure,RainAbsolute,RainAccumulated,RainIntensity,RainRate,SnowDepthIntensity,WindSpeed,0.24952523796653123,0.06226284438225404
Humidity,KineticEnergy,ParticlesDetected,Pressure,RainAbsolute,RainAccumulated,RainIntensity,SnowDepthIntensity,VolumeEquivalentDiameter,WindSpeed,0.24952523796653117,0.06226284438225401
AverageParticleSpeed,Humidity,KineticEnergy,ParticlesDetected,RainAbsolute,RainAccumulated,RainRate,Temperature,VolumeEquivalentDiameter,WindSpeed,0.24929818353914726,0.062149584315918355
Humidity,KineticEnergy,ParticlesDetected,Pressure,RainAbsolute,RainAccumulated,RainRate,Temperature,VolumeEquivalentDiameter,WindSpeed,0.24893684434541738,0.06196955247265456
AverageParticleSpeed,Humidity,KineticEnergy,ParticlesDetected,Pressure,RainAbsolute,RainAccumulated,RainRate,Temperature,WindSpeed,0.24893684434541732,0.06196955247265453
AverageParticleSpeed,Humidity,KineticEnergy,ParticlesDetected,Pressure,RainAbsolute,RainAccumulated,Temperature,VolumeEquivalentDiameter,WindSpeed,0.24893684434541719,0.06196955247265446
AverageParticleSpeed,Humidity,ParticlesDetected,RainAbsolute,RainAccumulated,RainIntensity,RainRate,SnowDepthIntensity,Temperature,VolumeEquivalentDiameter,0.24874262460841248,0.061872893297081615
AverageParticleSpeed,Humidity,ParticlesDetected,Pressure,RainAbsolute,RainAccumulated,RainIntensity,SnowDepthIntensity,Temperature,VolumeEquivalentDiameter,0.24841774439576772,0.06171137573068099
AverageParticleSpeed,Humidity,ParticlesDetected,Pressure,RainAbsolute,RainAccumulated,RainIntensity,RainRate,SnowDepthIntensity,Temperature,0.24841774439576753,0.06171137573068089
Humidity,ParticlesDetected,Pressure,RainAbsolute,RainAccumulated,RainIntensity,RainRate,SnowDepthIntensity,Temperature,VolumeEquivalentDiameter,0.24841774439576741,0.061711375730680834
AverageParticleSpeed,Humidity,KineticEnergy,ParticlesDetected,RainAbsolute,RainAccumulated,RainRate,SnowDepthIntensity,Temperature,VolumeEquivalentDiameter,0.24816645642518825,0.06158659009463486
Humidity,KineticEnergy,ParticlesDetected,Pressure,RainAbsolute,RainAccumulated,RainRate,SnowDepthIntensity,Temperature,VolumeEquivalentDiameter,0.24784075413978493,0.06142503941257732
AverageParticleSpeed,Humidity,KineticEnergy,ParticlesDetected,Pressure,RainAbsolute,RainAccumulated,RainRate,SnowDepthIntensity,Temperature,0.2478407541397849,0.061425039412577306
AverageParticleSpeed,Humidity,KineticEnergy,ParticlesDetected,Pressure,RainAbsolute,RainAccumulated,SnowDepthIntensity,Temperature,VolumeEquivalentDiameter,0.24784075413978474,0.06142503941257722
AverageParticleSpeed,Humidity,KineticEnergy,ParticlesDetected,RainAbsolute,RainAccumulated,RainIntensity,RainRate,Temperature,WindSpeed,0.2477114298048184,0.06136095245594747
Humidity,KineticEnergy,ParticlesDetected,RainAbsolute,RainAccumulated,RainIntensity,RainRate,Temperature,VolumeEquivalentDiameter,WindSpeed,0.2477114298048184,0.06136095245594747
AverageParticleSpeed,Humidity,KineticEnergy,ParticlesDetected,RainAbsolute,RainAccumulated,RainIntensity,Temperature,VolumeEquivalentDiameter,WindSpeed,0.24771142980481814,0.061360952455947346
AverageParticleSpeed,Humidity,KineticEnergy,ParticlesDetected,Pressure,RainAbsolute,RainAccumulated,RainIntensity,Temperature,WindSpeed,0.2473479522982872,0.061181009506155765
Humidity,KineticEnergy,ParticlesDetected,Pressure,RainAbsolute,RainAccumulated,RainIntensity,Temperature,VolumeEquivalentDiameter,WindSpeed,0.2473479522982872,0.061181009506155765
Humidity,KineticEnergy,ParticlesDetected,Pressure,RainAbsolute,RainAccumulated,RainIntensity,RainRate,Temperature,WindSpeed,0.24734795229828715,0.06118100950615574
Humidity,KineticEnergy,ParticlesDetected,RainAbsolute,RainAccumulated,RainIntensity,RainRate,SnowDepthIntensity,Temperature,VolumeEquivalentDiameter,0.24669105852325776,0.060856478355325386
AverageParticleSpeed,Humidity,KineticEnergy,ParticlesDetected,RainAbsolute,RainAccumulated,RainIntensity,RainRate,SnowDepthIntensity,Temperature,0.24669105852325773,0.06085647835532537
AverageParticleSpeed,Humidity,KineticEnergy,ParticlesDetected,RainAbsolute,RainAccumulated,RainIntensity,SnowDepthIntensity,Temperature,VolumeEquivalentDiameter,0.24669105852325762,0.060856478355325316
Humidity,KineticEnergy,ParticlesDetected,Pressure,RainAbsolute,RainAccumulated,RainIntensity,SnowDepthIntensity,Temperature,VolumeEquivalentDiameter,0.24636337883165277,0.060694914429348455
AverageParticleSpeed,Humidity,KineticEnergy,ParticlesDetected,Pressure,RainAbsolute,RainAccumulated,RainIntensity,SnowDepthIntensity,Temperature,0.24636337883165274,0.06069491442934844
Humidity,KineticEnergy,ParticlesDetected,Pressure,RainAbsolute,RainAccumulated,RainIntensity,RainRate,SnowDepthIntensity,Temperature,0.24636337883165227,0.06069491442934821
AverageParticleSpeed,Humidity,RadarReflectivity,RainAbsolute,RainAccumulated,RainRate,SnowDepthIntensity,Temperature,VolumeEquivalentDiameter,WindSpeed,0.24611878847994523,0.06057445804283602
AverageParticleSpeed,Humidity,Pressure,RadarReflectivity,RainAbsolute,RainAccumulated,RainRate,SnowDepthIntensity,Temperature,WindSpeed,0.24575665909786537,0.06039633549094441
Humidity,Pressure,RadarReflectivity,RainAbsolute,RainAccumulated,RainRate,SnowDepthIntensity,Temperature,VolumeEquivalentDiameter,WindSpeed,0.24575665909786537,0.06039633549094441
AverageParticleSpeed,Humidity,Pressure,RadarReflectivity,RainAbsolute,RainAccumulated,SnowDepthIntensity,Temperature,VolumeEquivalentDiameter,WindSpeed,0.24575665909786532,0.060396335490944385
AverageParticleSpeed,Humidity,RadarReflectivity,RainAbsolute,RainAccumulated,RainIntensity,SnowDepthIntensity,Temperature,VolumeEquivalentDiameter,WindSpeed,0.24463934845325092,0.05984841081163112
Humidity,RadarReflectivity,RainAbsolute,RainAccumulated,RainIntensity,RainRate,SnowDepthIntensity,Temperature,VolumeEquivalentDiameter,WindSpeed,0.24463934845325086,0.05984841081163109
AverageParticleSpeed,Humidity,RadarReflectivity,RainAbsolute,RainAccumulated,RainIntensity,RainRate,SnowDepthIntensity,Temperature,WindSpeed,0.24463934845325067,0.059848410811630996
Humidity,Pressure,RadarReflectivity,RainAbsolute,RainAccumulated,RainIntensity,RainRate,SnowDepthIntensity,Temperature,WindSpeed,0.2442753840361742,0.059670463246020385
Humidity,Pressure,RadarReflectivity,RainAbsolute,RainAccumulated,RainIntensity,SnowDepthIntensity,Temperature,VolumeEquivalentDiameter,WindSpeed,0.24427538403617413,0.05967046324602036
AverageParticleSpeed,Humidity,Pressure,RadarReflectivity,RainAbsolute,RainAccumulated,RainIntensity,SnowDepthIntensity,Temperature,WindSpeed,0.24427538403617402,0.0596704632460203
AverageParticleSpeed,Humidity,KineticEnergy,RadarReflectivity,RainAbsolute,RainAccumulated,SnowDepthIntensity,Temperature,VolumeEquivalentDiameter,WindSpeed,0.2440785026843523,0.05957431547263537
AverageParticleSpeed,Humidity,KineticEnergy,RadarReflectivity,RainAbsolute,RainAccumulated,RainRate,SnowDepthIntensity,Temperature,WindSpeed,0.24407850268435208,0.05957431547263527
Humidity,KineticEnergy,RadarReflectivity,RainAbsolute,RainAccumulated,RainRate,SnowDepthIntensity,Temperature,VolumeEquivalentDiameter,WindSpeed,0.24407850268435205,0.05957431547263525
Humidity,KineticEnergy,Pressure,RadarReflectivity,RainAbsolute,RainAccumulated,RainRate,SnowDepthIntensity,Temperature,WindSpeed,0.2437138288807721,0.05939643038772626
Humidity,KineticEnergy,Pressure,RadarReflectivity,RainAbsolute,RainAccumulated,SnowDepthIntensity,Temperature,VolumeEquivalentDiameter,WindSpeed,0.24371382888077203,0.05939643038772623
AverageParticleSpeed,Humidity,KineticEnergy,Pressure,RadarReflectivity,RainAbsolute,RainAccumulated,SnowDepthIntensity,Temperature,WindSpeed,0.243713828880772,0.05939643038772622
AverageParticleSpeed,Humidity,KineticEnergy,RadarReflectivity,RainAbsolute,RainAccumulated,RainIntensity,SnowDepthIntensity,Temperature,WindSpeed,0.2425973227306034,0.05885346099605653
Humidity,KineticEnergy,RadarReflectivity,RainAbsolute,RainAccumulated,RainIntensity,SnowDepthIntensity,Temperature,VolumeEquivalentDiameter,WindSpeed,0.24259732273060336,0.05885346099605652
Humidity,KineticEnergy,RadarReflectivity,RainAbsolute,RainAccumulated,RainIntensity,RainRate,SnowDepthIntensity,Temperature,WindSpeed,0.2425973227306033,0.0588534609960565
Humidity,KineticEnergy,Pressure,RadarReflectivity,RainAbsolute,RainAccumulated,RainIntensity,SnowDepthIntensity,Temperature,WindSpeed,0.24223087619677036,0.05867579738305509
AverageParticleSpeed,ParticlesDetected,Pressure,RadarReflectivity,RainAbsolute,RainAccumulated,RainIntensity,RainRate,SnowDepthIntensity,VolumeEquivalentDiameter,0.24033744372531582,0.05776208685641935
AverageParticleSpeed,Humidity,KineticEnergy,Pressure,RainAbsolute,RainIntensity,RainRate,SnowDepthIntensity,VolumeEquivalentDiameter,WindSpeed,0.24007303801588084,0.057635063582174566
AverageParticleSpeed,Humidity,KineticEnergy,Pressure,RainAccumulated,RainIntensity,RainRate,SnowDepthIntensity,VolumeEquivalentDiameter,WindSpeed,0.24007303801588084,0.057635063582174566
AverageParticleSpeed,ParticlesDetected,Pressure,RadarReflectivity,RainAbsolute,RainAccumulated,RainIntensity,RainRate,VolumeEquivalentDiameter,WindSpeed,0.24004506502626163,0.05762163324346218
AverageParticleSpeed,KineticEnergy,ParticlesDetected,Pressure,RadarReflectivity,RainAbsolute,RainAccumulated,RainRate,SnowDepthIntensity,VolumeEquivalentDiameter,0.23981291575564856,0.05751023456322579
AverageParticleSpeed,ParticlesDetected,Pressure,RadarReflectivity,RainAbsolute,RainAccumulated,RainIntensity,RainRate,Temperature,VolumeEquivalentDiameter,0.23969004408832567,0.057451317235063505
AverageParticleSpeed,KineticEnergy,ParticlesDetected,Pressure,RadarReflectivity,RainAbsolute,RainAccumulated,RainRate,VolumeEquivalentDiameter,WindSpeed,0.23947461675014606,0.057348092067629336
AverageParticleSpeed,KineticEnergy,ParticlesDetected,Pressure,RadarReflectivity,RainAbsolute,RainAccumulated,RainRate,Temperature,VolumeEquivalentDiameter,0.2391608724804697,0.05719792292561948
AverageParticleSpeed,KineticEnergy,ParticlesDetected,RadarReflectivity,RainAbsolute,RainAccumulated,RainIntensity,RainRate,SnowDepthIntensity,VolumeEquivalentDiameter,0.23882129117146383,0.05703560911680511
AverageParticleSpeed,KineticEnergy,ParticlesDetected,Pressure,RadarReflectivity,RainAbsolute,RainAccumulated,RainIntensity,RainRate,SnowDepthIntensity,0.23851287785572267,0.056888392903018885
AverageParticleSpeed,KineticEnergy,ParticlesDetected,Pressure,RadarReflectivity,RainAbsolute,RainAccumulated,RainIntensity,SnowDepthIntensity,VolumeEquivalentDiameter,0.23851287785572267,0.056888392903018885
KineticEnergy,ParticlesDetected,Pressure,RadarReflectivity,RainAbsolute,RainAccumulated,RainIntensity,RainRate,SnowDepthIntensity,VolumeEquivalentDiameter,0.23851287785572267,0.056888392903018885
AverageParticleSpeed,KineticEnergy,ParticlesDetected,RadarReflectivity,RainAbsolute,RainAccumulated,RainIntensity,RainRate,VolumeEquivalentDiameter,WindSpeed,0.23843694759663744,0.05685217797920163
AverageParticleSpeed,Humidity,ParticlesDetected,RainAbsolute,RainAccumulated,RainRate,SnowDepthIntensity,Temperature,VolumeEquivalentDiameter,WindSpeed,0.2383552916074218,0.05681324503725908
AverageParticleSpeed,KineticEnergy,ParticlesDetected,RadarReflectivity,RainAbsolute,RainAccumulated,RainIntensity,RainRate,Temperature,VolumeEquivalentDiameter,0.23817840732886872,0.0567289537177165
AverageParticleSpeed,KineticEnergy,ParticlesDetected,Pressure,RadarReflectivity,RainAbsolute,RainAccumulated,RainIntensity,VolumeEquivalentDiameter,WindSpeed,0.23809851937331963,0.056690904927767065
KineticEnergy,ParticlesDetected,Pressure,RadarReflectivity,RainAbsolute,RainAccumulated,RainIntensity,RainRate,VolumeEquivalentDiameter,WindSpeed,0.23809851937331952,0.05669090492776701
AverageParticleSpeed,KineticEnergy,ParticlesDetected,Pressure,RadarReflectivity,RainAbsolute,RainAccumulated,RainIntensity,RainRate,WindSpeed,0.23809851937331947,0.05669090492776699
AverageParticleSpeed,Humidity,ParticlesDetected,Pressure,RainAbsolute,RainAccumulated,RainRate,SnowDepthIntensity,Temperature,WindSpeed,0.23797951324930186,0.05663424872637464
Humidity,ParticlesDetected,Pressure,RainAbsolute,RainAccumulated,RainRate,SnowDepthIntensity,Temperature,VolumeEquivalentDiameter,WindSpeed,0.23797951324930186,0.05663424872637464
AverageParticleSpeed,Humidity,ParticlesDetected,Pressure,RainAbsolute,RainAccumulated,SnowDepthIntensity,Temperature,VolumeEquivalentDiameter,WindSpeed,0.2379795132493017,0.05663424872637456
AverageParticleSpeed,KineticEnergy,ParticlesDetected,Pressure,RadarReflectivity,RainAbsolute,RainAccumulated,RainIntensity,Temperature,VolumeEquivalentDiameter,0.23786669917676628,0.056580566577250226
AverageParticleSpeed,KineticEnergy,ParticlesDetected,Pressure,RadarReflectivity,RainAbsolute,RainAccumulated,RainIntensity,RainRate,Temperature,0.23786669917676623,0.0565805665772502
KineticEnergy,ParticlesDetected,Pressure,RadarReflectivity,RainAbsolute,RainAccumulated,RainIntensity,RainRate,Temperature,VolumeEquivalentDiameter,0.23786669917676623,0.0565805665772502
AverageParticleSpeed,Humidity,ParticlesDetected,RainAbsolute,RainAccumulated,RainIntensity,RainRate,SnowDepthIntensity,Temperature,WindSpeed,0.23682159148820062,0.05608446619500417
Humidity,ParticlesDetected,RainAbsolute,RainAccumulated,RainIntensity,RainRate,SnowDepthIntensity,Temperature,VolumeEquivalentDiameter,WindSpeed,0.23682159148820062,0.05608446619500417
AverageParticleSpeed,Humidity,ParticlesDetected,RainAbsolute,RainAccumulated,RainIntensity,SnowDepthIntensity,Temperature,VolumeEquivalentDiameter,WindSpeed,0.2368215914882005,0.05608446619500412
Humidity,ParticlesDetected,Pressure,RainAbsolute,RainAccumulated,RainIntensity,SnowDepthIntensity,Temperature,VolumeEquivalentDiameter,WindSpeed,0.23644412262428305,0.055905823123567
AverageParticleSpeed,Humidity,ParticlesDetected,Pressure,RainAbsolute,RainAccumulated,RainIntensity,SnowDepthIntensity,Temperature,WindSpeed,0.236444122624283,0.05590582312356697
Humidity,ParticlesDetected,Pressure,RainAbsolute,RainAccumulated,RainIntensity,RainRate,SnowDepthIntensity,Temperature,WindSpeed,0.23644412262428294,0.05590582312356695
Humidity,KineticEnergy,ParticlesDetected,RainAbsolute,RainAccumulated,RainRate,SnowDepthIntensity,Temperature,VolumeEquivalentDiameter,WindSpeed,0.2362183399269421,0.05579910411784037
AverageParticleSpeed,Humidity,KineticEnergy,ParticlesDetected,RainAbsolute,RainAccumulated,RainRate,SnowDepthIntensity,Temperature,WindSpeed,0.23621833992694205,0.055799104117840344
AverageParticleSpeed,Humidity,KineticEnergy,ParticlesDetected,RainAbsolute,RainAccumulated,SnowDepthIntensity,Temperature,VolumeEquivalentDiameter,WindSpeed,0.23621833992694188,0.05579910411784027
Humidity,KineticEnergy,ParticlesDetected,Pressure,RainAbsolute,RainAccumulated,RainRate,SnowDepthIntensity,Temperature,WindSpeed,0.23584019923667843,0.055620599575996174
Humidity,KineticEnergy,ParticlesDetected,Pressure,RainAbsolute,RainAccumulated,SnowDepthIntensity,Temperature,VolumeEquivalentDiameter,WindSpeed,0.23584019923667837,0.055620599575996146
AverageParticleSpeed,Humidity,KineticEnergy,ParticlesDetected,Pressure,RainAbsolute,RainAccumulated,SnowDepthIntensity,Temperature,WindSpeed,0.23584019923667832,0.055620599575996126
Humidity,KineticEnergy,ParticlesDetected,RainAbsolute,RainAccumulated,RainIntensity,RainRate,SnowDepthIntensity,Temperature,WindSpeed,0.23468825412167435,0.0550785766226796
AverageParticleSpeed,Humidity,KineticEnergy,ParticlesDetected,RainAbsolute,RainAccumulated,RainIntensity,SnowDepthIntensity,Temperature,WindSpeed,0.2346882541216742,0.05507857662267953
Humidity,KineticEnergy,ParticlesDetected,RainAbsolute,RainAccumulated,RainIntensity,SnowDepthIntensity,Temperature,VolumeEquivalentDiameter,WindSpeed,0.2346882541216742,0.05507857662267953
Humidity,KineticEnergy,ParticlesDetected,Pressure,RainAbsolute,RainAccumulated,RainIntensity,SnowDepthIntensity,Temperature,WindSpeed,0.23430850115488924,0.054900473713450734
AverageParticleSpeed,Humidity,KineticEnergy,Pressure,RainAbsolute,RainIntensity,RainRate,SnowDepthIntensity,Temperature,VolumeEquivalentDiameter,0.2312997848745415,0.05349959048300918
AverageParticleSpeed,Humidity,KineticEnergy,Pressure,RainAccumulated,RainIntensity,RainRate,SnowDepthIntensity,Temperature,VolumeEquivalentDiameter,0.2312997848745415,0.05349959048300918
AverageParticleSpeed,ParticlesDetected,Pressure,RadarReflectivity,RainAbsolute,RainAccumulated,RainRate,SnowDepthIntensity,Temperature,VolumeEquivalentDiameter,0.23022644791577507,0.05300421731991509
AverageParticleSpeed,ParticlesDetected,Pressure,RadarReflectivity,RainAbsolute,RainAccumulated,RainRate,SnowDepthIntensity,VolumeEquivalentDiameter,WindSpeed,0.23004399327218727,0.05292023884061414
AverageParticleSpeed,ParticlesDetected,Pressure,RadarReflectivity,RainAbsolute,RainAccumulated,RainRate,Temperature,VolumeEquivalentDiameter,WindSpeed,0.2293820478184497,0.05261612386138555
AverageParticleSpeed,ParticlesDetected,RadarReflectivity,RainAbsolute,RainAccumulated,RainIntensity,RainRate,SnowDepthIntensity,Temperature,VolumeEquivalentDiameter,0.22929736363622855,0.052577280970524824
AverageParticleSpeed,ParticlesDetected,RadarReflectivity,RainAbsolute,RainAccumulated,RainIntensity,RainRate,SnowDepthIntensity,VolumeEquivalentDiameter,WindSpeed,0.2290662080024792,0.05247132764863507
AverageParticleSpeed,ParticlesDetected,Pressure,RadarReflectivity,RainAbsolute,RainAccumulated,RainIntensity,SnowDepthIntensity,Temperature,VolumeEquivalentDiameter,0.22897827825382422,0.05243105191208575
AverageParticleSpeed,ParticlesDetected,Pressure,RadarReflectivity,RainAbsolute,RainAccumulated,RainIntensity,RainRate,SnowDepthIntensity,Temperature,0.22897827825382397,0.052431051912085636
ParticlesDetected,Pressure,RadarReflectivity,RainAbsolute,RainAccumulated,RainIntensity,RainRate,SnowDepthIntensity,Temperature,VolumeEquivalentDiameter,0.2289782782538239,0.05243105191208561
AverageParticleSpeed,KineticEnergy,ParticlesDetected,RadarReflectivity,RainAbsolute,RainAccumulated,RainRate,SnowDepthIntensity,Temperature,VolumeEquivalentDiameter,0.2287993158410789,0.05234912692934578
AverageParticleSpeed,ParticlesDetected,Pressure,RadarReflectivity,RainAbsolute,RainAccumulated,RainIntensity,RainRate,SnowDepthIntensity,WindSpeed,0.22872066473008304,0.05231314247457105
ParticlesDetected,Pressure,RadarReflectivity,RainAbsolute,RainAccumulated,RainIntensity,RainRate,SnowDepthIntensity,VolumeEquivalentDiameter,WindSpeed,0.22872066473008304,0.05231314247457105
AverageParticleSpeed,ParticlesDetected,Pressure,RadarReflectivity,RainAbsolute,RainAccumulated,RainIntensity,SnowDepthIntensity,VolumeEquivalentDiameter,WindSpeed,0.22872066473008293,0.052313142474571
AverageParticleSpeed,KineticEnergy,ParticlesDetected,RadarReflectivity,RainAbsolute,RainAccumulated,RainRate,SnowDepthIntensity,VolumeEquivalentDiameter,WindSpeed,0.2285320163246985,0.05222688248543226
AverageParticleSpeed,KineticEnergy,ParticlesDetected,Pressure,RadarReflectivity,RainAbsolute,RainAccumulated,RainRate,SnowDepthIntensity,Temperature,0.22847988604252098,0.052203058326003374
KineticEnergy,ParticlesDetected,Pressure,RadarReflectivity,RainAbsolute,RainAccumulated,RainRate,SnowDepthIntensity,Temperature,VolumeEquivalentDiameter,0.22847988604252092,0.052203058326003346
AverageParticleSpeed,KineticEnergy,ParticlesDetected,Pressure,RadarReflectivity,RainAbsolute,RainAccumulated,SnowDepthIntensity,Temperature,VolumeEquivalentDiameter,0.22847988604252087,0.052203058326003325
AverageParticleSpeed,ParticlesDetected,RadarReflectivity,RainAbsolute,RainAccumulated,RainIntensity,RainRate,Temperature,VolumeEquivalentDiameter,WindSpeed,0.22841232585445295,0.0521721906022408
AverageParticleSpeed,KineticEnergy,ParticlesDetected,Pressure,RadarReflectivity,RainAbsolute,RainAccumulated,SnowDepthIntensity,VolumeEquivalentDiameter,WindSpeed,0.22818615194444902,0.052068919939215176
KineticEnergy,ParticlesDetected,Pressure,RadarReflectivity,RainAbsolute,RainAccumulated,RainRate,SnowDepthIntensity,VolumeEquivalentDiameter,WindSpeed,0.22818615194444888,0.052068919939215114
AverageParticleSpeed,KineticEnergy,ParticlesDetected,Pressure,RadarReflectivity,RainAbsolute,RainAccumulated,RainRate,SnowDepthIntensity,WindSpeed,0.22818615194444877,0.052068919939215065
AverageParticleSpeed,ParticlesDetected,Pressure,RadarReflectivity,RainAbsolute,RainAccumulated,RainIntensity,Temperature,VolumeEquivalentDiameter,WindSpeed,0.22806263614847763,0.052012566006992896
AverageParticleSpeed,ParticlesDetected,Pressure,RadarReflectivity,RainAbsolute,RainAccumulated,RainIntensity,RainRate,Temperature,WindSpeed,0.2280626361484776,0.05201256600699288
ParticlesDetected,Pressure,RadarReflectivity,RainAbsolute,RainAccumulated,RainIntensity,RainRate,Temperature,VolumeEquivalentDiameter,WindSpeed,0.2280626361484776,0.05201256600699288
AverageParticleSpeed,Humidity,KineticEnergy,Pressure,RainAbsolute,RainIntensity,RainRate,Temperature,VolumeEquivalentDiameter,WindSpeed,0.22792886978514607,0.05195156968153407
AverageParticleSpeed,Humidity,KineticEnergy,Pressure,RainAccumulated,RainIntensity,RainRate,Temperature,VolumeEquivalentDiameter,WindSpeed,0.22792886978514607,0.05195156968153407
AverageParticleSpeed,KineticEnergy,ParticlesDetected,RadarReflectivity,RainAbsolute,RainAccumulated,RainRate,Temperature,VolumeEquivalentDiameter,WindSpeed,0.22787233044154617,0.051925798980861214
AverageParticleSpeed,KineticEnergy,ParticlesDetected,RadarReflectivity,RainAbsolute,RainAccumulated,RainIntensity,RainRate,SnowDepthIntensity,Temperature,0.22755672247694014,0.05178206194444716
KineticEnergy,ParticlesDetected,RadarReflectivity,RainAbsolute,RainAccumulated,RainIntensity,RainRate,SnowDepthIntensity,Temperature,VolumeEquivalentDiameter,0.22755672247694014,0.05178206194444716
AverageParticleSpeed,KineticEnergy,ParticlesDetected,RadarReflectivity,RainAbsolute,RainAccumulated,RainIntensity,SnowDepthIntensity,Temperature,VolumeEquivalentDiameter,0.22755672247693995,0.051782061944447066
KineticEnergy,ParticlesDetected,Pressure,RadarReflectivity,RainAbsolute,RainAccumulated,RainRate,Temperature,VolumeEquivalentDiameter,WindSpeed,0.22752230595891335,0.05176639970886138
AverageParticleSpeed,KineticEnergy,ParticlesDetected,Pressure,RadarReflectivity,RainAbsolute,RainAccumulated,RainRate,Temperature,WindSpeed,0.2275223059589133,0.05176639970886135
AverageParticleSpeed,KineticEnergy,ParticlesDetected,Pressure,RadarReflectivity,RainAbsolute,RainAccumulated,Temperature,VolumeEquivalentDiameter,WindSpeed,0.2275223059589132,0.051766399708861315
KineticEnergy,ParticlesDetected,Pressure,RadarReflectivity,RainAbsolute,RainAccumulated,RainIntensity,RainRate,SnowDepthIntensity,Temperature,0.22723646857475469,0.051636412650325474
AverageParticleSpeed,KineticEnergy,ParticlesDetected,Pressure,RadarReflectivity,RainAbsolute,RainAccumulated,RainIntensity,SnowDepthIntensity,Temperature,0.22723646857475446,0.05163641265032537
KineticEnergy,ParticlesDetected,Pressure,RadarReflectivity,RainAbsolute,RainAccumulated,RainIntensity,SnowDepthIntensity,Temperature,VolumeEquivalentDiameter,0.22723646857475444,0.05163641265032536
AverageParticleSpeed,KineticEnergy,ParticlesDetected,RadarReflectivity,RainAbsolute,RainAccumulated,RainIntensity,SnowDepthIntensity,VolumeEquivalentDiameter,WindSpeed,0.22721536190182862,0.05162682068417895
AverageParticleSpeed,KineticEnergy,ParticlesDetected,RadarReflectivity,RainAbsolute,RainAccumulated,RainIntensity,RainRate,SnowDepthIntensity,WindSpeed,0.22721536190182856,0.051626820684178926
KineticEnergy,ParticlesDetected,RadarReflectivity,RainAbsolute,RainAccumulated,RainIntensity,RainRate,SnowDepthIntensity,VolumeEquivalentDiameter,WindSpeed,0.22721536190182853,0.05162682068417891
KineticEnergy,ParticlesDetected,Pressure,RadarReflectivity,RainAbsolute,RainAccumulated,RainIntensity,SnowDepthIntensity,VolumeEquivalentDiameter,WindSpeed,0.2268687359551953,0.051469423353908125
AverageParticleSpeed,KineticEnergy,ParticlesDetected,Pressure,RadarReflectivity,RainAbsolute,RainAccumulated,RainIntensity,SnowDepthIntensity,WindSpeed,0.22686873595519524,0.0514694233539081
KineticEnergy,ParticlesDetected,Pressure,RadarReflectivity,RainAbsolute,RainAccumulated,RainIntensity,RainRate,SnowDepthIntensity,WindSpeed,0.22686873595519494,0.05146942335390796
AverageParticleSpeed,KineticEnergy,ParticlesDetected,RadarReflectivity,RainAbsolute,RainAccumulated,RainIntensity,Temperature,VolumeEquivalentDiameter,WindSpeed,0.2265590699631291,0.05132901218255803
AverageParticleSpeed,KineticEnergy,ParticlesDetected,RadarReflectivity,RainAbsolute,RainAccumulated,RainIntensity,RainRate,Temperature,WindSpeed,0.22655906996312905,0.051329012182558004
KineticEnergy,ParticlesDetected,RadarReflectivity,RainAbsolute,RainAccumulated,RainIntensity,RainRate,Temperature,VolumeEquivalentDiameter,WindSpeed,0.22655906996312902,0.05132901218255799
KineticEnergy,ParticlesDetected,Pressure,RadarReflectivity,RainAbsolute,RainAccumulated,RainIntensity,RainRate,Temperature,WindSpeed,0.22620826400045185,0.05117017870209812
KineticEnergy,ParticlesDetected,Pressure,RadarReflectivity,RainAbsolute,RainAccumulated,RainIntensity,Temperature,VolumeEquivalentDiameter,WindSpeed,0.2262082640004518,0.0511701787020981
AverageParticleSpeed,KineticEnergy,ParticlesDetected,Pressure,RadarReflectivity,RainAbsolute,RainAccumulated,RainIntensity,Temperature,WindSpeed,0.22620826400045177,0.051170178702098085
AverageParticleSpeed,Humidity,KineticEnergy,Pressure,RainIntensity,RainRate,SnowDepthIntensity,Temperature,VolumeEquivalentDiameter,WindSpeed,-0.22359110602132234,0.04999298269183821
AverageParticleSpeed,ParticlesDetected,RadarReflectivity,RainAbsolute,RainAccumulated,RainRate,SnowDepthIntensity,Temperature,VolumeEquivalentDiameter,WindSpeed,0.21884175458888036,0.04789171355153974
AverageParticleSpeed,ParticlesDetected,Pressure,RadarReflectivity,RainAbsolute,RainAccumulated,RainRate,SnowDepthIntensity,Temperature,WindSpeed,0.21848629778501585,0.04773626231980262
ParticlesDetected,Pressure,RadarReflectivity,RainAbsolute,RainAccumulated,RainRate,SnowDepthIntensity,Temperature,VolumeEquivalentDiameter,WindSpeed,0.21848629778501583,0.04773626231980261
AverageParticleSpeed,ParticlesDetected,Pressure,RadarReflectivity,RainAbsolute,RainAccumulated,SnowDepthIntensity,Temperature,VolumeEquivalentDiameter,WindSpeed,0.21848629778501566,0.04773626231980254
ParticlesDetected,RadarReflectivity,RainAbsolute,RainAccumulated,RainIntensity,RainRate,SnowDepthIntensity,Temperature,VolumeEquivalentDiameter,WindSpeed,0.21758158615883208,0.04734174663539327
AverageParticleSpeed,ParticlesDetected,RadarReflectivity,RainAbsolute,RainAccumulated,RainIntensity,RainRate,SnowDepthIntensity,Temperature,WindSpeed,0.21758158615883202,0.04734174663539324
AverageParticleSpeed,ParticlesDetected,RadarReflectivity,RainAbsolute,RainAccumulated,RainIntensity,SnowDepthIntensity,Temperature,VolumeEquivalentDiameter,WindSpeed,0.21758158615883186,0.04734174663539317
ParticlesDetected,Pressure,RadarReflectivity,RainAbsolute,RainAccumulated,RainIntensity,RainRate,SnowDepthIntensity,Temperature,WindSpeed,0.21722558895506744,0.04718695649687592
AverageParticleSpeed,ParticlesDetected,Pressure,RadarReflectivity,RainAbsolute,RainAccumulated,RainIntensity,SnowDepthIntensity,Temperature,WindSpeed,0.21722558895506738,0.04718695649687589
ParticlesDetected,Pressure,RadarReflectivity,RainAbsolute,RainAccumulated,RainIntensity,SnowDepthIntensity,Temperature,VolumeEquivalentDiameter,WindSpeed,0.21722558895506733,0.04718695649687587
AverageParticleSpeed,KineticEnergy,ParticlesDetected,RadarReflectivity,RainAbsolute,RainAccumulated,SnowDepthIntensity,Temperature,VolumeEquivalentDiameter,WindSpeed,0.21707652882615228,0.04712221936721132
KineticEnergy,ParticlesDetected,RadarReflectivity,RainAbsolute,RainAccumulated,RainRate,SnowDepthIntensity,Temperature,VolumeEquivalentDiameter,WindSpeed,0.21707652882615214,0.04712221936721126
AverageParticleSpeed,KineticEnergy,ParticlesDetected,RadarReflectivity,RainAbsolute,RainAccumulated,RainRate,SnowDepthIntensity,Temperature,WindSpeed,0.21707652882615208,0.047122219367211234
AverageParticleSpeed,KineticEnergy,ParticlesDetected,Pressure,RadarReflectivity,RainAbsolute,RainAccumulated,SnowDepthIntensity,Temperature,WindSpeed,0.21672033116674422,0.04696770194102329
KineticEnergy,ParticlesDetected,Pressure,RadarReflectivity,RainAbsolute,RainAccumulated,SnowDepthIntensity,Temperature,VolumeEquivalentDiameter,WindSpeed,0.21672033116674422,0.04696770194102329
KineticEnergy,ParticlesDetected,Pressure,RadarReflectivity,RainAbsolute,RainAccumulated,RainRate,SnowDepthIntensity,Temperature,WindSpeed,0.2167203311667441,0.04696770194102324
AverageParticleSpeed,KineticEnergy,ParticlesDetected,RadarReflectivity,RainAbsolute,RainAccumulated,RainIntensity,SnowDepthIntensity,Temperature,WindSpeed,0.2158226134196657,0.04657940046329446
KineticEnergy,ParticlesDetected,RadarReflectivity,RainAbsolute,RainAccumulated,RainIntensity,RainRate,SnowDepthIntensity,Temperature,WindSpeed,0.2158226134196657,0.04657940046329446
KineticEnergy,ParticlesDetected,RadarReflectivity,RainAbsolute,RainAccumulated,RainIntensity,SnowDepthIntensity,Temperature,VolumeEquivalentDiameter,WindSpeed,0.2158226134196657,0.04657940046329446
KineticEnergy,ParticlesDetected,Pressure,RadarReflectivity,RainAbsolute,RainAccumulated,RainIntensity,SnowDepthIntensity,Temperature,WindSpeed,0.2154659194467643,0.04642556244303952
AverageParticleSpeed,Humidity,ParticlesDetected,Pressure,RadarReflectivity,RainAbsolute,RainAccumulated,RainIntensity,RainRate,VolumeEquivalentDiameter,0.21139674309759507,0.04468858299227061
AverageParticleSpeed,Humidity,KineticEnergy,ParticlesDetected,Pressure,RadarReflectivity,RainAbsolute,RainAccumulated,RainRate,VolumeEquivalentDiameter,0.2109061180540427,0.044481390632625795
AverageParticleSpeed,Humidity,KineticEnergy,ParticlesDetected,RadarReflectivity,RainAbsolute,RainAccumulated,RainIntensity,RainRate,VolumeEquivalentDiameter,0.2100324515011532,0.04411363068358427
AverageParticleSpeed,Humidity,KineticEnergy,ParticlesDetected,Pressure,RadarReflectivity,RainAbsolute,RainAccumulated,RainIntensity,VolumeEquivalentDiameter,0.20968243078892565,0.043966721781552594
AverageParticleSpeed,Humidity,KineticEnergy,ParticlesDetected,Pressure,RadarReflectivity,RainAbsolute,RainAccumulated,RainIntensity,RainRate,0.20968243078892548,0.043966721781552524
Humidity,KineticEnergy,ParticlesDetected,Pressure,RadarReflectivity,RainAbsolute,RainAccumulated,RainIntensity,RainRate,VolumeEquivalentDiameter,0.20968243078892548,0.043966721781552524
AverageParticleSpeed,KineticEnergy,Pressure,RadarReflectivity,RainAbsolute,RainIntensity,RainRate,SnowDepthIntensity,Temperature,VolumeEquivalentDiameter,0.20815987240931083,0.043330532481460564
AverageParticleSpeed,KineticEnergy,Pressure,RadarReflectivity,RainAccumulated,RainIntensity,RainRate,SnowDepthIntensity,Temperature,VolumeEquivalentDiameter,0.20815987240931083,0.043330532481460564
AverageParticleSpeed,Humidity,Pressure,RainAbsolute,RainIntensity,RainRate,SnowDepthIntensity,Temperature,VolumeEquivalentDiameter,WindSpeed,0.20507941324297724,0.04205756573608383
AverageParticleSpeed,Humidity,Pressure,RainAccumulated,RainIntensity,RainRate,SnowDepthIntensity,Temperature,VolumeEquivalentDiameter,WindSpeed,0.20507941324297724,0.04205756573608383
AverageParticleSpeed,KineticEnergy,Pressure,RadarReflectivity,RainAbsolute,RainIntensity,RainRate,SnowDepthIntensity,VolumeEquivalentDiameter,WindSpeed,0.20470810558421432,0.041905408491877835
AverageParticleSpeed,KineticEnergy,Pressure,RadarReflectivity,RainAccumulated,RainIntensity,RainRate,SnowDepthIntensity,VolumeEquivalentDiameter,WindSpeed,0.20470810558421432,0.041905408491877835
AverageParticleSpeed,Humidity,KineticEnergy,Pressure,RainAbsolute,RainRate,SnowDepthIntensity,Temperature,VolumeEquivalentDiameter,WindSpeed,0.20409177188670768,0.04165345135185593
AverageParticleSpeed,Humidity,KineticEnergy,Pressure,RainAccumulated,RainRate,SnowDepthIntensity,Temperature,VolumeEquivalentDiameter,WindSpeed,0.20409177188670768,0.04165345135185593
AverageParticleSpeed,KineticEnergy,Pressure,RadarReflectivity,RainAbsolute,RainIntensity,RainRate,Temperature,VolumeEquivalentDiameter,WindSpeed,0.20264701169554658,0.04106581134913499
AverageParticleSpeed,KineticEnergy,Pressure,RadarReflectivity,RainAccumulated,RainIntensity,RainRate,Temperature,VolumeEquivalentDiameter,WindSpeed,0.20264701169554658,0.04106581134913499
AverageParticleSpeed,Humidity,ParticlesDetected,Pressure,RadarReflectivity,RainAbsolute,RainAccumulated,RainRate,SnowDepthIntensity,VolumeEquivalentDiameter,0.20241697689981186,0.04097263253725897
AverageParticleSpeed,Humidity,KineticEnergy,RainAbsolute,RainIntensity,RainRate,SnowDepthIntensity,Temperature,VolumeEquivalentDiameter,WindSpeed,0.202316712803384,0.04093205227956696
AverageParticleSpeed,Humidity,KineticEnergy,RainAccumulated,RainIntensity,RainRate,SnowDepthIntensity,Temperature,VolumeEquivalentDiameter,WindSpeed,0.202316712803384,0.04093205227956696
AverageParticleSpeed,Humidity,ParticlesDetected,RadarReflectivity,RainAbsolute,RainAccumulated,RainIntensity,RainRate,SnowDepthIntensity,VolumeEquivalentDiameter,0.2016000666061186,0.04064258685559145
AverageParticleSpeed,Humidity,KineticEnergy,Pressure,RainAbsolute,RainIntensity,RainRate,SnowDepthIntensity,Temperature,WindSpeed,0.20128688518898064,0.040516410149081875
AverageParticleSpeed,Humidity,KineticEnergy,Pressure,RainAccumulated,RainIntensity,RainRate,SnowDepthIntensity,Temperature,WindSpeed,0.20128688518898064,0.040516410149081875
Humidity,KineticEnergy,Pressure,RainAbsolute,RainIntensity,RainRate,SnowDepthIntensity,Temperature,VolumeEquivalentDiameter,WindSpeed,0.20128688518898064,0.040516410149081875
Humidity,KineticEnergy,Pressure,RainAccumulated,RainIntensity,RainRate,SnowDepthIntensity,Temperature,VolumeEquivalentDiameter,WindSpeed,0.20128688518898064,0.040516410149081875
AverageParticleSpeed,Humidity,KineticEnergy,Pressure,RainAbsolute,RainIntensity,SnowDepthIntensity,Temperature,VolumeEquivalentDiameter,WindSpeed,0.20128688518898058,0.04051641014908185
AverageParticleSpeed,Humidity,KineticEnergy,Pressure,RainAccumulated,RainIntensity,SnowDepthIntensity,Temperature,VolumeEquivalentDiameter,WindSpeed,0.20128688518898058,0.04051641014908185
Humidity,ParticlesDetected,Pressure,RadarReflectivity,RainAbsolute,RainAccumulated,RainIntensity,RainRate,SnowDepthIntensity,VolumeEquivalentDiameter,0.20124555450491527,0.04049977320799082
AverageParticleSpeed,Humidity,ParticlesDetected,Pressure,RadarReflectivity,RainAbsolute,RainAccumulated,RainIntensity,RainRate,SnowDepthIntensity,0.2012455545049152,0.04049977320799079
AverageParticleSpeed,Humidity,ParticlesDetected,Pressure,RadarReflectivity,RainAbsolute,RainAccumulated,RainIntensity,SnowDepthIntensity,VolumeEquivalentDiameter,0.20124555450491505,0.04049977320799073
AverageParticleSpeed,Humidity,KineticEnergy,ParticlesDetected,RadarReflectivity,RainAbsolute,RainAccumulated,RainRate,SnowDepthIntensity,VolumeEquivalentDiameter,0.2011419040834077,0.040458065578298785
Humidity,KineticEnergy,ParticlesDetected,Pressure,RadarReflectivity,RainAbsolute,RainAccumulated,RainRate,SnowDepthIntensity,VolumeEquivalentDiameter,0.20078724085765998,0.04031551609123196
AverageParticleSpeed,Humidity,KineticEnergy,ParticlesDetected,Pressure,RadarReflectivity,RainAbsolute,RainAccumulated,RainRate,SnowDepthIntensity,0.20078724085765992,0.040315516091231934
AverageParticleSpeed,Humidity,KineticEnergy,ParticlesDetected,Pressure,RadarReflectivity,RainAbsolute,RainAccumulated,SnowDepthIntensity,VolumeEquivalentDiameter,0.20078724085765978,0.04031551609123188
AverageParticleSpeed,Humidity,ParticlesDetected,Pressure,RadarReflectivity,RainAbsolute,RainAccumulated,RainRate,Temperature,VolumeEquivalentDiameter,0.2005069253854264,0.040203027127516944
AverageParticleSpeed,Humidity,ParticlesDetected,Pressure,RadarReflectivity,RainAbsolute,RainAccumulated,RainRate,VolumeEquivalentDiameter,WindSpeed,0.20025305254950368,0.04010128505539428
AverageParticleSpeed,Humidity,KineticEnergy,ParticlesDetected,RadarReflectivity,RainAbsolute,RainAccumulated,RainIntensity,SnowDepthIntensity,VolumeEquivalentDiameter,0.19997712887051713,0.039990852071295414
Humidity,KineticEnergy,ParticlesDetected,RadarReflectivity,RainAbsolute,RainAccumulated,RainIntensity,RainRate,SnowDepthIntensity,VolumeEquivalentDiameter,0.19997712887051683,0.039990852071295296
AverageParticleSpeed,Humidity,KineticEnergy,ParticlesDetected,RadarReflectivity,RainAbsolute,RainAccumulated,RainIntensity,RainRate,SnowDepthIntensity,0.19997712887051672,0.03999085207129525
AverageParticleSpeed,Humidity,ParticlesDetected,RadarReflectivity,RainAbsolute,RainAccumulated,RainIntensity,RainRate,Temperature,VolumeEquivalentDiameter,0.1997123177932931,0.03988500987836929
Humidity,KineticEnergy,ParticlesDetected,Pressure,RadarReflectivity,RainAbsolute,RainAccumulated,RainIntensity,RainRate,SnowDepthIntensity,0.19962206359366774,0.039848968273394327
AverageParticleSpeed,Humidity,KineticEnergy,ParticlesDetected,Pressure,RadarReflectivity,RainAbsolute,RainAccumulated,RainIntensity,SnowDepthIntensity,0.19962206359366752,0.039848968273394236
Humidity,KineticEnergy,ParticlesDetected,Pressure,RadarReflectivity,RainAbsolute,RainAccumulated,RainIntensity,SnowDepthIntensity,VolumeEquivalentDiameter,0.19962206359366752,0.039848968273394236
AverageParticleSpeed,Humidity,ParticlesDetected,RadarReflectivity,RainAbsolute,RainAccumulated,RainIntensity,RainRate,VolumeEquivalentDiameter,WindSpeed,0.19940149577016553,0.03976095651537934
AverageParticleSpeed,Humidity,ParticlesDetected,Pressure,RadarReflectivity,RainAbsolute,RainAccumulated,RainIntensity,Temperature,VolumeEquivalentDiameter,0.19935284803049352,0.03974155801786904
AverageParticleSpeed,Humidity,ParticlesDetected,Pressure,RadarReflectivity,RainAbsolute,RainAccumulated,RainIntensity,RainRate,Temperature,0.1993528480304934,0.039741558017869
Humidity,ParticlesDetected,Pressure,RadarReflectivity,RainAbsolute,RainAccumulated,RainIntensity,RainRate,Temperature,VolumeEquivalentDiameter,0.1993528480304934,0.039741558017869
AverageParticleSpeed,Humidity,KineticEnergy,ParticlesDetected,RadarReflectivity,RainAbsolute,RainAccumulated,RainRate,Temperature,VolumeEquivalentDiameter,0.19925591295546638,0.039702918847716394
AverageParticleSpeed,KineticEnergy,Pressure,RainAbsolute,RainAccumulated,RainIntensity,RainRate,SnowDepthIntensity,VolumeEquivalentDiameter,WeatherCode4680,0.19923980054182047,0.039696498119944405
AverageParticleSpeed,Humidity,ParticlesDetected,Pressure,RadarReflectivity,RainAbsolute,RainAccumulated,RainIntensity,VolumeEquivalentDiameter,WindSpeed,0.19901303102979748,0.03960618651966713
AverageParticleSpeed,Humidity,ParticlesDetected,Pressure,RadarReflectivity,RainAbsolute,RainAccumulated,RainIntensity,RainRate,WindSpeed,0.19901303102979734,0.039606186519667075
Humidity,ParticlesDetected,Pressure,RadarReflectivity,RainAbsolute,RainAccumulated,RainIntensity,RainRate,VolumeEquivalentDiameter,WindSpeed,0.1990130310297973,0.03960618651966707
AverageParticleSpeed,Humidity,KineticEnergy,ParticlesDetected,RadarReflectivity,RainAbsolute,RainAccumulated,RainRate,VolumeEquivalentDiameter,WindSpeed,0.19890519924302608,0.0395632782859079
AverageParticleSpeed,Humidity,KineticEnergy,ParticlesDetected,Pressure,RadarReflectivity,RainAbsolute,RainAccumulated,Temperature,VolumeEquivalentDiameter,0.19889630071501446,0.03955973843811746
AverageParticleSpeed,Humidity,KineticEnergy,ParticlesDetected,Pressure,RadarReflectivity,RainAbsolute,RainAccumulated,RainRate,Temperature,0.19889630071501435,0.03955973843811742
Humidity,KineticEnergy,ParticlesDetected,Pressure,RadarReflectivity,RainAbsolute,RainAccumulated,RainRate,Temperature,VolumeEquivalentDiameter,0.19889630071501435,0.03955973843811742
AverageParticleSpeed,Humidity,KineticEnergy,ParticlesDetected,Pressure,RadarReflectivity,RainAbsolute,RainAccumulated,VolumeEquivalentDiameter,WindSpeed,0.19851662618851804,0.039408850873271804
AverageParticleSpeed,Humidity,KineticEnergy,ParticlesDetected,Pressure,RadarReflectivity,RainAbsolute,RainAccumulated,RainRate,WindSpeed,0.19851662618851798,0.039408850873271783
Humidity,KineticEnergy,ParticlesDetected,Pressure,RadarReflectivity,RainAbsolute,RainAccumulated,RainRate,VolumeEquivalentDiameter,WindSpeed,0.19851662618851798,0.039408850873271783
AverageParticleSpeed,Humidity,KineticEnergy,ParticlesDetected,RadarReflectivity,RainAbsolute,RainAccumulated,RainIntensity,Temperature,VolumeEquivalentDiameter,0.1981078403412417,0.039246716404670916
Humidity,KineticEnergy,ParticlesDetected,RadarReflectivity,RainAbsolute,RainAccumulated,RainIntensity,RainRate,Temperature,VolumeEquivalentDiameter,0.1981078403412417,0.039246716404670916
AverageParticleSpeed,Humidity,KineticEnergy,ParticlesDetected,RadarReflectivity,RainAbsolute,RainAccumulated,RainIntensity,RainRate,Temperature,0.19810784034124154,0.039246716404670846
Humidity,KineticEnergy,ParticlesDetected,Pressure,RadarReflectivity,RainAbsolute,RainAccumulated,RainIntensity,RainRate,Temperature,0.19774784824995045,0.039104211487485434
AverageParticleSpeed,Humidity,KineticEnergy,ParticlesDetected,Pressure,RadarReflectivity,RainAbsolute,RainAccumulated,RainIntensity,Temperature,0.19774784824995023,0.039104211487485344
Humidity,KineticEnergy,ParticlesDetected,Pressure,RadarReflectivity,RainAbsolute,RainAccumulated,RainIntensity,Temperature,VolumeEquivalentDiameter,0.19774784824995023,0.039104211487485344
AverageParticleSpeed,Humidity,KineticEnergy,ParticlesDetected,RadarReflectivity,RainAbsolute,RainAccumulated,RainIntensity,RainRate,WindSpeed,0.19767277364263344,0.0390745254395718
Humidity,KineticEnergy,ParticlesDetected,RadarReflectivity,RainAbsolute,RainAccumulated,RainIntensity,RainRate,VolumeEquivalentDiameter,WindSpeed,0.19767277364263341,0.03907452543957179
AverageParticleSpeed,Humidity,KineticEnergy,ParticlesDetected,RadarReflectivity,RainAbsolute,RainAccumulated,RainIntensity,VolumeEquivalentDiameter,WindSpeed,0.19767277364263328,0.03907452543957173
AverageParticleSpeed,KineticEnergy,Pressure,RainAbsolute,RainAccumulated,RainIntensity,RainRate,Temperature,VolumeEquivalentDiameter,WeatherCode4680,0.1975493168119443,0.039025732572865936
Humidity,KineticEnergy,ParticlesDetected,Pressure,RadarReflectivity,RainAbsolute,RainAccumulated,RainIntensity,RainRate,WindSpeed,0.19728389932279483,0.03892093693200665
AverageParticleSpeed,Humidity,KineticEnergy,ParticlesDetected,Pressure,RadarReflectivity,RainAbsolute,RainAccumulated,RainIntensity,WindSpeed,0.19728389932279472,0.0389209369320066
Humidity,KineticEnergy,ParticlesDetected,Pressure,RadarReflectivity,RainAbsolute,RainAccumulated,RainIntensity,VolumeEquivalentDiameter,WindSpeed,0.19728389932279472,0.0389209369320066
AverageParticleSpeed,KineticEnergy,Pressure,RainAbsolute,RainAccumulated,RainIntensity,RainRate,VolumeEquivalentDiameter,WeatherCode4680,WindSpeed,0.19641598112612102,0.03857923764173673
AverageParticleSpeed,KineticEnergy,ParticlesDetected,Pressure,RainAbsolute,RainIntensity,RainRate,SnowDepthIntensity,Temperature,VolumeEquivalentDiameter,0.1947210590800388,0.037916290849251966
AverageParticleSpeed,KineticEnergy,ParticlesDetected,Pressure,RainAccumulated,RainIntensity,RainRate,SnowDepthIntensity,Temperature,VolumeEquivalentDiameter,0.1947210590800388,0.037916290849251966
AverageParticleSpeed,Humidity,ParticlesDetected,RadarReflectivity,RainAbsolute,RainAccumulated,RainRate,SnowDepthIntensity,Temperature,VolumeEquivalentDiameter,0.19125959140408402,0.03658023130405717
AverageParticleSpeed,Humidity,ParticlesDetected,Pressure,RadarReflectivity,RainAbsolute,RainAccumulated,SnowDepthIntensity,Temperature,VolumeEquivalentDiameter,0.190897181563201,0.036441733928773735
AverageParticleSpeed,Humidity,ParticlesDetected,Pressure,RadarReflectivity,RainAbsolute,RainAccumulated,RainRate,SnowDepthIntensity,Temperature,0.1908971815632008,0.036441733928773645
Humidity,ParticlesDetected,Pressure,RadarReflectivity,RainAbsolute,RainAccumulated,RainRate,SnowDepthIntensity,Temperature,VolumeEquivalentDiameter,0.1908971815632008,0.036441733928773645
AverageParticleSpeed,Pressure,RainAbsolute,RainAccumulated,RainIntensity,RainRate,SnowDepthIntensity,Temperature,VolumeEquivalentDiameter,WeatherCode4680,0.1908861932196634,0.03643753876189467
AverageParticleSpeed,KineticEnergy,Pressure,RainAbsolute,RainAccumulated,RainRate,SnowDepthIntensity,Temperature,VolumeEquivalentDiameter,WeatherCode4680,0.1905879836318458,0.036323779504852716
AverageParticleSpeed,Humidity,ParticlesDetected,RadarReflectivity,RainAbsolute,RainAccumulated,RainRate,SnowDepthIntensity,VolumeEquivalentDiameter,WindSpeed,0.19038477312742105,0.036246361838779585
AverageParticleSpeed,Humidity,ParticlesDetected,RadarReflectivity,RainAbsolute,RainAccumulated,RainIntensity,RainRate,SnowDepthIntensity,Temperature,0.1901612960394801,0.03616131851141479
AverageParticleSpeed,Humidity,ParticlesDetected,RadarReflectivity,RainAbsolute,RainAccumulated,RainIntensity,SnowDepthIntensity,Temperature,VolumeEquivalentDiameter,0.19016129603948,0.036161318511414756
Humidity,ParticlesDetected,RadarReflectivity,RainAbsolute,RainAccumulated,RainIntensity,RainRate,SnowDepthIntensity,Temperature,VolumeEquivalentDiameter,0.1901612960394799,0.036161318511414714
AverageParticleSpeed,KineticEnergy,RainAbsolute,RainAccumulated,RainIntensity,RainRate,SnowDepthIntensity,Temperature,VolumeEquivalentDiameter,WeatherCode4680,0.19002340500447368,0.03610889444949423
AverageParticleSpeed,Humidity,ParticlesDetected,Pressure,RadarReflectivity,RainAbsolute,RainAccumulated,RainRate,SnowDepthIntensity,WindSpeed,0.18999394180980533,0.03609769792442769
AverageParticleSpeed,Humidity,ParticlesDetected,Pressure,RadarReflectivity,RainAbsolute,RainAccumulated,SnowDepthIntensity,VolumeEquivalentDiameter,WindSpeed,0.18999394180980528,0.03609769792442767
Humidity,ParticlesDetected,Pressure,RadarReflectivity,RainAbsolute,RainAccumulated,RainRate,SnowDepthIntensity,VolumeEquivalentDiameter,WindSpeed,0.18999394180980528,0.03609769792442767
AverageParticleSpeed,Humidity,ParticlesDetected,Pressure,RadarReflectivity,RainAbsolute,RainAccumulated,RainIntensity,SnowDepthIntensity,Temperature,0.189798698603029,0.03602354599140344
Humidity,ParticlesDetected,Pressure,RadarReflectivity,RainAbsolute,RainAccumulated,RainIntensity,RainRate,SnowDepthIntensity,Temperature,0.189798698603029,0.03602354599140344
Humidity,ParticlesDetected,Pressure,RadarReflectivity,RainAbsolute,RainAccumulated,RainIntensity,SnowDepthIntensity,Temperature,VolumeEquivalentDiameter,0.18979869860302898,0.036023545991403436
Humidity,KineticEnergy,ParticlesDetected,RadarReflectivity,RainAbsolute,RainAccumulated,RainRate,SnowDepthIntensity,Temperature,VolumeEquivalentDiameter,0.1897350186345054,0.03599937729623611
AverageParticleSpeed,Humidity,KineticEnergy,ParticlesDetected,RadarReflectivity,RainAbsolute,RainAccumulated,RainRate,SnowDepthIntensity,Temperature,0.18973501863450526,0.035999377296236056
AverageParticleSpeed,Humidity,KineticEnergy,ParticlesDetected,RadarReflectivity,RainAbsolute,RainAccumulated,SnowDepthIntensity,Temperature,VolumeEquivalentDiameter,0.18973501863450512,0.03599937729623601
KineticEnergy,Pressure,RainAbsolute,RainAccumulated,RainIntensity,RainRate,SnowDepthIntensity,Temperature,VolumeEquivalentDiameter,WeatherCode4680,0.18970062204743957,0.03598632600518551
AverageParticleSpeed,KineticEnergy,Pressure,RainAbsolute,RainAccumulated,RainIntensity,RainRate,SnowDepthIntensity,Temperature,WeatherCode4680,0.1897006220474395,0.03598632600518549
AverageParticleSpeed,KineticEnergy,Pressure,RainAbsolute,RainAccumulated,RainIntensity,SnowDepthIntensity,Temperature,VolumeEquivalentDiameter,WeatherCode4680,0.1897006220474395,0.03598632600518549
AverageParticleSpeed,Pressure,RainAbsolute,RainAccumulated,RainIntensity,RainRate,SnowDepthIntensity,VolumeEquivalentDiameter,WeatherCode4680,WindSpeed,0.18945062195869092,0.03589153816053482
Humidity,KineticEnergy,ParticlesDetected,Pressure,RadarReflectivity,RainAbsolute,RainAccumulated,RainRate,SnowDepthIntensity,Temperature,0.18937237942357873,0.03586189808854787
AverageParticleSpeed,Humidity,KineticEnergy,ParticlesDetected,Pressure,RadarReflectivity,RainAbsolute,RainAccumulated,SnowDepthIntensity,Temperature,0.1893723794235786,0.03586189808854781
Humidity,KineticEnergy,ParticlesDetected,Pressure,RadarReflectivity,RainAbsolute,RainAccumulated,SnowDepthIntensity,Temperature,VolumeEquivalentDiameter,0.18937237942357857,0.035861898088547804
AverageParticleSpeed,Humidity,ParticlesDetected,RadarReflectivity,RainAbsolute,RainAccumulated,RainIntensity,RainRate,SnowDepthIntensity,WindSpeed,0.18921130723185936,0.035800918784389076
Humidity,ParticlesDetected,RadarReflectivity,RainAbsolute,RainAccumulated,RainIntensity,RainRate,SnowDepthIntensity,VolumeEquivalentDiameter,WindSpeed,0.18921130723185925,0.035800918784389034
AverageParticleSpeed,Humidity,ParticlesDetected,RadarReflectivity,RainAbsolute,RainAccumulated,RainIntensity,SnowDepthIntensity,VolumeEquivalentDiameter,WindSpeed,0.1892113072318591,0.03580091878438898
AverageParticleSpeed,KineticEnergy,Pressure,RainAbsolute,RainAccumulated,RainRate,SnowDepthIntensity,VolumeEquivalentDiameter,WeatherCode4680,WindSpeed,0.18913643282438472,0.03577259022153299
Humidity,ParticlesDetected,Pressure,RadarReflectivity,RainAbsolute,RainAccumulated,RainIntensity,RainRate,SnowDepthIntensity,WindSpeed,0.1888203946345614,0.035653141429951504
AverageParticleSpeed,Humidity,ParticlesDetected,Pressure,RadarReflectivity,RainAbsolute,RainAccumulated,RainIntensity,SnowDepthIntensity,WindSpeed,0.18882039463456127,0.035653141429951456
Humidity,ParticlesDetected,Pressure,RadarReflectivity,RainAbsolute,RainAccumulated,RainIntensity,SnowDepthIntensity,VolumeEquivalentDiameter,WindSpeed,0.18882039463456127,0.035653141429951456
AverageParticleSpeed,KineticEnergy,ParticlesDetected,Pressure,RainAbsolute,RainIntensity,RainRate,SnowDepthIntensity,VolumeEquivalentDiameter,WindSpeed,0.18876700545200054,0.0356329823473156
AverageParticleSpeed,KineticEnergy,ParticlesDetected,Pressure,RainAccumulated,RainIntensity,RainRate,SnowDepthIntensity,VolumeEquivalentDiameter,WindSpeed,0.18876700545200054,0.0356329823473156
Humidity,KineticEnergy,ParticlesDetected,RadarReflectivity,RainAbsolute,RainAccumulated,RainRate,SnowDepthIntensity,VolumeEquivalentDiameter,WindSpeed,0.18875110634916475,0.035626980148033706
AverageParticleSpeed,Humidity,KineticEnergy,ParticlesDetected,RadarReflectivity,RainAbsolute,RainAccumulated,RainRate,SnowDepthIntensity,WindSpeed,0.1887511063491647,0.035626980148033685
AverageParticleSpeed,Humidity,KineticEnergy,ParticlesDetected,RadarReflectivity,RainAbsolute,RainAccumulated,SnowDepthIntensity,VolumeEquivalentDiameter,WindSpeed,0.1887511063491647,0.035626980148033685
Humidity,KineticEnergy,ParticlesDetected,RadarReflectivity,RainAbsolute,RainAccumulated,RainIntensity,RainRate,SnowDepthIntensity,Temperature,0.18864280320948434,0.03558610720273224
Humidity,KineticEnergy,ParticlesDetected,RadarReflectivity,RainAbsolute,RainAccumulated,RainIntensity,SnowDepthIntensity,Temperature,VolumeEquivalentDiameter,0.1886428032094843,0.03558610720273222
AverageParticleSpeed,Humidity,KineticEnergy,ParticlesDetected,RadarReflectivity,RainAbsolute,RainAccumulated,RainIntensity,SnowDepthIntensity,Temperature,0.18864280320948415,0.03558610720273216
AverageParticleSpeed,KineticEnergy,RainAbsolute,RainAccumulated,RainIntensity,RainRate,SnowDepthIntensity,VolumeEquivalentDiameter,WeatherCode4680,WindSpeed,0.18855178823642427,0.03555177684715338
AverageParticleSpeed,Humidity,ParticlesDetected,RadarReflectivity,RainAbsolute,RainAccumulated,RainRate,Temperature,VolumeEquivalentDiameter,WindSpeed,0.18842523292658747,0.03550406840343874
Humidity,KineticEnergy,ParticlesDetected,Pressure,RadarReflectivity,RainAbsolute,RainAccumulated,RainRate,SnowDepthIntensity,WindSpeed,0.18836020151215327,0.035479565513698984
AverageParticleSpeed,Humidity,KineticEnergy,ParticlesDetected,Pressure,RadarReflectivity,RainAbsolute,RainAccumulated,SnowDepthIntensity,WindSpeed,0.18836020151215313,0.035479565513698935
Humidity,KineticEnergy,ParticlesDetected,Pressure,RadarReflectivity,RainAbsolute,RainAccumulated,SnowDepthIntensity,VolumeEquivalentDiameter,WindSpeed,0.1883602015121531,0.03547956551369892
Humidity,KineticEnergy,ParticlesDetected,Pressure,RadarReflectivity,RainAbsolute,RainAccumulated,RainIntensity,SnowDepthIntensity,Temperature,0.1882800115383971,0.035449362744898946
AverageParticleSpeed,KineticEnergy,Pressure,RainAbsolute,RainAccumulated,RainIntensity,RainRate,SnowDepthIntensity,WeatherCode4680,WindSpeed,0.18820718994600605,0.035421946347372
AverageParticleSpeed,KineticEnergy,Pressure,RainAbsolute,RainAccumulated,RainIntensity,SnowDepthIntensity,VolumeEquivalentDiameter,WeatherCode4680,WindSpeed,0.18820718994600605,0.035421946347372
KineticEnergy,Pressure,RainAbsolute,RainAccumulated,RainIntensity,RainRate,SnowDepthIntensity,VolumeEquivalentDiameter,WeatherCode4680,WindSpeed,0.18820718994600605,0.035421946347372
AverageParticleSpeed,Humidity,ParticlesDetected,Pressure,RadarReflectivity,RainAbsolute,RainAccumulated,Temperature,VolumeEquivalentDiameter,WindSpeed,0.18802880109798153,0.035354830042344305
Humidity,ParticlesDetected,Pressure,RadarReflectivity,RainAbsolute,RainAccumulated,RainRate,Temperature,VolumeEquivalentDiameter,WindSpeed,0.18802880109798142,0.035354830042344264
AverageParticleSpeed,Humidity,ParticlesDetected,Pressure,RadarReflectivity,RainAbsolute,RainAccumulated,RainRate,Temperature,WindSpeed,0.18802880109798134,0.03535483004234423
AverageParticleSpeed,Pressure,RainAbsolute,RainAccumulated,RainIntensity,RainRate,Temperature,VolumeEquivalentDiameter,WeatherCode4680,WindSpeed,0.1877009902783932,0.035231661751489465
Humidity,KineticEnergy,ParticlesDetected,RadarReflectivity,RainAbsolute,RainAccumulated,RainIntensity,SnowDepthIntensity,VolumeEquivalentDiameter,WindSpeed,0.1875852995230497,0.03518824459715227
AverageParticleSpeed,Humidity,KineticEnergy,ParticlesDetected,RadarReflectivity,RainAbsolute,RainAccumulated,RainIntensity,SnowDepthIntensity,WindSpeed,0.18758529952304964,0.03518824459715225
Humidity,KineticEnergy,ParticlesDetected,RadarReflectivity,RainAbsolute,RainAccumulated,RainIntensity,RainRate,SnowDepthIntensity,WindSpeed,0.18758529952304923,0.03518824459715209
AverageParticleSpeed,KineticEnergy,Pressure,RainAbsolute,RainAccumulated,RainRate,Temperature,VolumeEquivalentDiameter,WeatherCode4680,WindSpeed,0.18738876901058824,0.0351145507513036
AverageParticleSpeed,Humidity,ParticlesDetected,RadarReflectivity,RainAbsolute,RainAccumulated,RainIntensity,RainRate,Temperature,WindSpeed,0.1872679510962322,0.035069285507780816
Humidity,ParticlesDetected,RadarReflectivity,RainAbsolute,RainAccumulated,RainIntensity,RainRate,Temperature,VolumeEquivalentDiameter,WindSpeed,0.1872679510962321,0.035069285507780774
AverageParticleSpeed,Humidity,ParticlesDetected,RadarReflectivity,RainAbsolute,RainAccumulated,RainIntensity,Temperature,VolumeEquivalentDiameter,WindSpeed,0.18726795109623204,0.035069285507780754
Humidity,KineticEnergy,ParticlesDetected,Pressure,RadarReflectivity,RainAbsolute,RainAccumulated,RainIntensity,SnowDepthIntensity,WindSpeed,0.18719435399357529,0.035041726167071977
Humidity,ParticlesDetected,Pressure,RadarReflectivity,RainAbsolute,RainAccumulated,RainIntensity,Temperature,VolumeEquivalentDiameter,WindSpeed,0.1868714609794622,0.03492094292859866
Humidity,ParticlesDetected,Pressure,RadarReflectivity,RainAbsolute,RainAccumulated,RainIntensity,RainRate,Temperature,WindSpeed,0.18687146097946217,0.03492094292859865
AverageParticleSpeed,Humidity,ParticlesDetected,Pressure,RadarReflectivity,RainAbsolute,RainAccumulated,RainIntensity,Temperature,WindSpeed,0.18687146097946214,0.03492094292859864
AverageParticleSpeed,KineticEnergy,ParticlesDetected,Pressure,RainAbsolute,RainIntensity,RainRate,Temperature,VolumeEquivalentDiameter,WindSpeed,0.18685992985301733,0.03491663338467456
AverageParticleSpeed,KineticEnergy,ParticlesDetected,Pressure,RainAccumulated,RainIntensity,RainRate,Temperature,VolumeEquivalentDiameter,WindSpeed,0.18685992985301733,0.03491663338467456
AverageParticleSpeed,KineticEnergy,RainAbsolute,RainAccumulated,RainIntensity,RainRate,Temperature,VolumeEquivalentDiameter,WeatherCode4680,WindSpeed,0.18682148544876487,0.034902267425283066
Humidity,KineticEnergy,ParticlesDetected,RadarReflectivity,RainAbsolute,RainAccumulated,RainRate,Temperature,VolumeEquivalentDiameter,WindSpeed,0.1868091168249841,0.03489764612893056
AverageParticleSpeed,Humidity,KineticEnergy,ParticlesDetected,RadarReflectivity,RainAbsolute,RainAccumulated,RainRate,Temperature,WindSpeed,0.18680911682498405,0.03489764612893054
AverageParticleSpeed,Humidity,KineticEnergy,ParticlesDetected,RadarReflectivity,RainAbsolute,RainAccumulated,Temperature,VolumeEquivalentDiameter,WindSpeed,0.1868091168249839,0.03489764612893049
AverageParticleSpeed,KineticEnergy,Pressure,RainAbsolute,RainAccumulated,RainIntensity,RainRate,Temperature,WeatherCode4680,WindSpeed,0.18647270987401351,0.03477207152775802
KineticEnergy,Pressure,RainAbsolute,RainAccumulated,RainIntensity,RainRate,Temperature,VolumeEquivalentDiameter,WeatherCode4680,WindSpeed,0.1864727098740135,0.034772071527758006
AverageParticleSpeed,KineticEnergy,Pressure,RainAbsolute,RainAccumulated,RainIntensity,Temperature,VolumeEquivalentDiameter,WeatherCode4680,WindSpeed,0.18647270987401338,0.034772071527757964
Humidity,KineticEnergy,ParticlesDetected,Pressure,RadarReflectivity,RainAbsolute,RainAccumulated,RainRate,Temperature,WindSpeed,0.18641264579415673,0.03474967451197774
Humidity,KineticEnergy,ParticlesDetected,Pressure,RadarReflectivity,RainAbsolute,RainAccumulated,Temperature,VolumeEquivalentDiameter,WindSpeed,0.18641264579415673,0.03474967451197774
AverageParticleSpeed,Humidity,KineticEnergy,ParticlesDetected,Pressure,RadarReflectivity,RainAbsolute,RainAccumulated,Temperature,WindSpeed,0.18641264579415665,0.034749674511977705
AverageParticleSpeed,Pressure,RadarReflectivity,RainAbsolute,RainIntensity,RainRate,SnowDepthIntensity,Temperature,VolumeEquivalentDiameter,WindSpeed,0.18567807143209766,0.034476346210743164
AverageParticleSpeed,Pressure,RadarReflectivity,RainAccumulated,RainIntensity,RainRate,SnowDepthIntensity,Temperature,VolumeEquivalentDiameter,WindSpeed,0.18567807143209766,0.034476346210743164
Humidity,KineticEnergy,ParticlesDetected,RadarReflectivity,RainAbsolute,RainAccumulated,RainIntensity,RainRate,Temperature,WindSpeed,0.1856588953375107,0.034469225417944754
Humidity,KineticEnergy,ParticlesDetected,RadarReflectivity,RainAbsolute,RainAccumulated,RainIntensity,Temperature,VolumeEquivalentDiameter,WindSpeed,0.18565889533751062,0.03446922541794472
AverageParticleSpeed,Humidity,KineticEnergy,ParticlesDetected,RadarReflectivity,RainAbsolute,RainAccumulated,RainIntensity,Temperature,WindSpeed,0.1856588953375105,0.034469225417944685
Humidity,KineticEnergy,ParticlesDetected,Pressure,RadarReflectivity,RainAbsolute,RainAccumulated,RainIntensity,Temperature,WindSpeed,0.1852624060084453,0.03432215908003802
AverageParticleSpeed,KineticEnergy,Pressure,RadarReflectivity,RainAbsolute,RainRate,SnowDepthIntensity,Temperature,VolumeEquivalentDiameter,WindSpeed,0.18484402026966953,0.034167311829454004
AverageParticleSpeed,KineticEnergy,Pressure,RadarReflectivity,RainAccumulated,RainRate,SnowDepthIntensity,Temperature,VolumeEquivalentDiameter,WindSpeed,0.18484402026966953,0.034167311829454004
AverageParticleSpeed,KineticEnergy,RadarReflectivity,RainAbsolute,RainIntensity,RainRate,SnowDepthIntensity,Temperature,VolumeEquivalentDiameter,WindSpeed,0.1834943177895,0.03367016466103402
AverageParticleSpeed,KineticEnergy,RadarReflectivity,RainAccumulated,RainIntensity,RainRate,SnowDepthIntensity,Temperature,VolumeEquivalentDiameter,WindSpeed,0.1834943177895,0.03367016466103402
AverageParticleSpeed,KineticEnergy,Pressure,RadarReflectivity,RainAbsolute,RainIntensity,SnowDepthIntensity,Temperature,VolumeEquivalentDiameter,WindSpeed,0.18270409360307208,0.03338078581932012
AverageParticleSpeed,KineticEnergy,Pressure,RadarReflectivity,RainAccumulated,RainIntensity,SnowDepthIntensity,Temperature,VolumeEquivalentDiameter,WindSpeed,0.18270409360307208,0.03338078581932012
AverageParticleSpeed,KineticEnergy,Pressure,RadarReflectivity,RainAbsolute,RainIntensity,RainRate,SnowDepthIntensity,Temperature,WindSpeed,0.1827040936030719,0.03338078581932006
AverageParticleSpeed,KineticEnergy,Pressure,RadarReflectivity,RainAccumulated,RainIntensity,RainRate,SnowDepthIntensity,Temperature,WindSpeed,0.1827040936030719,0.03338078581932006
KineticEnergy,Pressure,RadarReflectivity,RainAbsolute,RainIntensity,RainRate,SnowDepthIntensity,Temperature,VolumeEquivalentDiameter,WindSpeed,0.18270409360307188,0.03338078581932005
KineticEnergy,Pressure,RadarReflectivity,RainAccumulated,RainIntensity,RainRate,SnowDepthIntensity,Temperature,VolumeEquivalentDiameter,WindSpeed,0.18270409360307188,0.03338078581932005
AverageParticleSpeed,Pressure,RainAbsolute,RainAccumulated,RainRate,SnowDepthIntensity,Temperature,VolumeEquivalentDiameter,WeatherCode4680,WindSpeed,0.18072172032705897,0.03266034019797172
AverageParticleSpeed,RainAbsolute,RainAccumulated,RainIntensity,RainRate,SnowDepthIntensity,Temperature,VolumeEquivalentDiameter,WeatherCode4680,WindSpeed,0.18018540217226706,0.032466779155981625
AverageParticleSpeed,KineticEnergy,RainAbsolute,RainAccumulated,RainRate,SnowDepthIntensity,Temperature,VolumeEquivalentDiameter,WeatherCode4680,WindSpeed,0.17988730525882224,0.0323594425932807
AverageParticleSpeed,Pressure,RainAbsolute,RainAccumulated,RainIntensity,RainRate,SnowDepthIntensity,Temperature,WeatherCode4680,WindSpeed,0.1798368464687023,0.0323412913478076
Pressure,RainAbsolute,RainAccumulated,RainIntensity,RainRate,SnowDepthIntensity,Temperature,VolumeEquivalentDiameter,WeatherCode4680,WindSpeed,0.17983684646870227,0.03234129134780759
AverageParticleSpeed,Pressure,RainAbsolute,RainAccumulated,RainIntensity,SnowDepthIntensity,Temperature,VolumeEquivalentDiameter,WeatherCode4680,WindSpeed,0.17983684646870213,0.03234129134780754
AverageParticleSpeed,KineticEnergy,Pressure,RainAbsolute,RainAccumulated,RainRate,SnowDepthIntensity,Temperature,WeatherCode4680,WindSpeed,0.17953883030368,0.03223419158681361
AverageParticleSpeed,KineticEnergy,Pressure,RainAbsolute,RainAccumulated,SnowDepthIntensity,Temperature,VolumeEquivalentDiameter,WeatherCode4680,WindSpeed,0.17953883030368,0.03223419158681361
KineticEnergy,Pressure,RainAbsolute,RainAccumulated,RainRate,SnowDepthIntensity,Temperature,VolumeEquivalentDiameter,WeatherCode4680,WindSpeed,0.17953883030367998,0.0322341915868136
AverageParticleSpeed,KineticEnergy,RainAbsolute,RainAccumulated,RainIntensity,RainRate,SnowDepthIntensity,Temperature,WeatherCode4680,WindSpeed,0.17900454130117344,0.03204262580644351
KineticEnergy,RainAbsolute,RainAccumulated,RainIntensity,RainRate,SnowDepthIntensity,Temperature,VolumeEquivalentDiameter,WeatherCode4680,WindSpeed,0.17900454130117344,0.03204262580644351
AverageParticleSpeed,KineticEnergy,RainAbsolute,RainAccumulated,RainIntensity,SnowDepthIntensity,Temperature,VolumeEquivalentDiameter,WeatherCode4680,WindSpeed,0.17900454130117321,0.032042625806443424
AverageParticleSpeed,Humidity,ParticlesDetected,RadarReflectivity,RainAbsolute,RainAccumulated,RainRate,SnowDepthIntensity,Temperature,WindSpeed,0.1788210367757165,0.03197696319354216
AverageParticleSpeed,Humidity,ParticlesDetected,RadarReflectivity,RainAbsolute,RainAccumulated,SnowDepthIntensity,Temperature,VolumeEquivalentDiameter,WindSpeed,0.17882103677571648,0.031976963193542145
Humidity,ParticlesDetected,RadarReflectivity,RainAbsolute,RainAccumulated,RainRate,SnowDepthIntensity,Temperature,VolumeEquivalentDiameter,WindSpeed,0.17882103677571645,0.03197696319354214
AverageParticleSpeed,KineticEnergy,Pressure,RainAbsolute,RainAccumulated,RainIntensity,SnowDepthIntensity,Temperature,WeatherCode4680,WindSpeed,0.17865623662726682,0.03191805088581796
KineticEnergy,Pressure,RainAbsolute,RainAccumulated,RainIntensity,SnowDepthIntensity,Temperature,VolumeEquivalentDiameter,WeatherCode4680,WindSpeed,0.17865623662726682,0.03191805088581796
KineticEnergy,Pressure,RainAbsolute,RainAccumulated,RainIntensity,RainRate,SnowDepthIntensity,Temperature,WeatherCode4680,WindSpeed,0.17865623662726676,0.031918050885817936
AverageParticleSpeed,Humidity,ParticlesDetected,Pressure,RadarReflectivity,RainAbsolute,RainAccumulated,SnowDepthIntensity,Temperature,WindSpeed,0.1784241617445429,0.031835181494242804
Humidity,ParticlesDetected,Pressure,RadarReflectivity,RainAbsolute,RainAccumulated,SnowDepthIntensity,Temperature,VolumeEquivalentDiameter,WindSpeed,0.1784241617445429,0.031835181494242804
Humidity,ParticlesDetected,Pressure,RadarReflectivity,RainAbsolute,RainAccumulated,RainRate,SnowDepthIntensity,Temperature,WindSpeed,0.17842416174454284,0.03183518149424278
AverageParticleSpeed,Humidity,ParticlesDetected,RadarReflectivity,RainAbsolute,RainAccumulated,RainIntensity,SnowDepthIntensity,Temperature,WindSpeed,0.17772640610232443,0.031586675426048344
Humidity,ParticlesDetected,RadarReflectivity,RainAbsolute,RainAccumulated,RainIntensity,SnowDepthIntensity,Temperature,VolumeEquivalentDiameter,WindSpeed,0.17772640610232437,0.03158667542604832
Humidity,ParticlesDetected,RadarReflectivity,RainAbsolute,RainAccumulated,RainIntensity,RainRate,SnowDepthIntensity,Temperature,WindSpeed,0.17772640610232424,0.031586675426048275
Humidity,ParticlesDetected,Pressure,RadarReflectivity,RainAbsolute,RainAccumulated,RainIntensity,SnowDepthIntensity,Temperature,WindSpeed,0.1773296922380538,0.03144581974924288
Humidity,KineticEnergy,ParticlesDetected,RadarReflectivity,RainAbsolute,RainAccumulated,SnowDepthIntensity,Temperature,VolumeEquivalentDiameter,WindSpeed,0.1773009265454617,0.031435618553879205
AverageParticleSpeed,Humidity,KineticEnergy,ParticlesDetected,RadarReflectivity,RainAbsolute,RainAccumulated,SnowDepthIntensity,Temperature,WindSpeed,0.17730092654546162,0.03143561855387918
Humidity,KineticEnergy,ParticlesDetected,RadarReflectivity,RainAbsolute,RainAccumulated,RainRate,SnowDepthIntensity,Temperature,WindSpeed,0.1773009265454616,0.03143561855387916
Humidity,KineticEnergy,ParticlesDetected,Pressure,RadarReflectivity,RainAbsolute,RainAccumulated,SnowDepthIntensity,Temperature,WindSpeed,0.1769043238301716,0.03129513978981022
Humidity,KineticEnergy,ParticlesDetected,RadarReflectivity,RainAbsolute,RainAccumulated,RainIntensity,SnowDepthIntensity,Temperature,WindSpeed,0.17621361643264627,0.031051238616271782
AverageParticleSpeed,Humidity,KineticEnergy,Pressure,RainAbsolute,RainAccumulated,RainIntensity,RainRate,VolumeEquivalentDiameter,WeatherCode4680,0.17216942612761493,0.029642311293112254
AverageParticleSpeed,ParticlesDetected,Pressure,RainAbsolute,RainIntensity,RainRate,SnowDepthIntensity,Temperature,VolumeEquivalentDiameter,WindSpeed,0.17166065207544515,0.02946737947096703
AverageParticleSpeed,ParticlesDetected,Pressure,RainAccumulated,RainIntensity,RainRate,SnowDepthIntensity,Temperature,VolumeEquivalentDiameter,WindSpeed,0.17166065207544515,0.02946737947096703
AverageParticleSpeed,KineticEnergy,ParticlesDetected,Pressure,RainAbsolute,RainRate,SnowDepthIntensity,Temperature,VolumeEquivalentDiameter,WindSpeed,0.1708173077159175,0.029178552615314445
AverageParticleSpeed,KineticEnergy,ParticlesDetected,Pressure,RainAccumulated,RainRate,SnowDepthIntensity,Temperature,VolumeEquivalentDiameter,WindSpeed,0.1708173077159175,0.029178552615314445
AverageParticleSpeed,KineticEnergy,ParticlesDetected,RainAbsolute,RainIntensity,RainRate,SnowDepthIntensity,Temperature,VolumeEquivalentDiameter,WindSpeed,0.169535876735676,0.028742413500534324
AverageParticleSpeed,KineticEnergy,ParticlesDetected,RainAccumulated,RainIntensity,RainRate,SnowDepthIntensity,Temperature,VolumeEquivalentDiameter,WindSpeed,0.169535876735676,0.028742413500534324
AverageParticleSpeed,KineticEnergy,ParticlesDetected,Pressure,RainAbsolute,RainIntensity,SnowDepthIntensity,Temperature,VolumeEquivalentDiameter,WindSpeed,0.168737381536921,0.028472303927936447
AverageParticleSpeed,KineticEnergy,ParticlesDetected,Pressure,RainAccumulated,RainIntensity,SnowDepthIntensity,Temperature,VolumeEquivalentDiameter,WindSpeed,0.168737381536921,0.028472303927936447
KineticEnergy,ParticlesDetected,Pressure,RainAbsolute,RainIntensity,RainRate,SnowDepthIntensity,Temperature,VolumeEquivalentDiameter,WindSpeed,0.168737381536921,0.028472303927936447
KineticEnergy,ParticlesDetected,Pressure,RainAccumulated,RainIntensity,RainRate,SnowDepthIntensity,Temperature,VolumeEquivalentDiameter,WindSpeed,0.168737381536921,0.028472303927936447
AverageParticleSpeed,KineticEnergy,ParticlesDetected,Pressure,RainAbsolute,RainIntensity,RainRate,SnowDepthIntensity,Temperature,WindSpeed,0.16873738153692097,0.028472303927936437
AverageParticleSpeed,KineticEnergy,ParticlesDetected,Pressure,RainAccumulated,RainIntensity,RainRate,SnowDepthIntensity,Temperature,WindSpeed,0.16873738153692097,0.028472303927936437
AverageParticleSpeed,Humidity,Pressure,RainAbsolute,RainAccumulated,RainIntensity,RainRate,SnowDepthIntensity,VolumeEquivalentDiameter,WeatherCode4680,0.16600802953608942,0.027558665870455138
AverageParticleSpeed,Humidity,KineticEnergy,Pressure,RainAbsolute,RainAccumulated,RainRate,SnowDepthIntensity,VolumeEquivalentDiameter,WeatherCode4680,0.1657383696572438,0.027469207176641197
AverageParticleSpeed,Humidity,KineticEnergy,RainAbsolute,RainAccumulated,RainIntensity,RainRate,SnowDepthIntensity,VolumeEquivalentDiameter,WeatherCode4680,0.16526969780785689,0.027314073013500334
AverageParticleSpeed,KineticEnergy,Pressure,RadarReflectivity,RainAbsolute,RainAccumulated,RainIntensity,RainRate,VolumeEquivalentDiameter,WeatherCode4680,0.1651399839026814,0.027271214283377868
Humidity,KineticEnergy,Pressure,RainAbsolute,RainAccumulated,RainIntensity,RainRate,SnowDepthIntensity,VolumeEquivalentDiameter,WeatherCode4680,0.1649249221984805,0.02720022996217485
AverageParticleSpeed,Humidity,KineticEnergy,Pressure,RainAbsolute,RainAccumulated,RainIntensity,RainRate,SnowDepthIntensity,WeatherCode4680,0.16492492219848048,0.02720022996217484
AverageParticleSpeed,Humidity,KineticEnergy,Pressure,RainAbsolute,RainAccumulated,RainIntensity,SnowDepthIntensity,VolumeEquivalentDiameter,WeatherCode4680,0.16492492219848026,0.027200229962174766
AverageParticleSpeed,Humidity,Pressure,RainAbsolute,RainAccumulated,RainIntensity,RainRate,Temperature,VolumeEquivalentDiameter,WeatherCode4680,0.1636653784201905,0.026786356093424155
AverageParticleSpeed,Humidity,KineticEnergy,Pressure,RainAbsolute,RainAccumulated,RainRate,Temperature,VolumeEquivalentDiameter,WeatherCode4680,0.16339990050038433,0.0266995274835355
AverageParticleSpeed,Humidity,KineticEnergy,RainAbsolute,RainAccumulated,RainIntensity,RainRate,Temperature,VolumeEquivalentDiameter,WeatherCode4680,0.1629525521433867,0.02655353425004316
Humidity,KineticEnergy,Pressure,RainAbsolute,RainAccumulated,RainIntensity,RainRate,Temperature,VolumeEquivalentDiameter,WeatherCode4680,0.1626039863486207,0.026440056376462424
AverageParticleSpeed,Humidity,KineticEnergy,Pressure,RainAbsolute,RainAccumulated,RainIntensity,RainRate,Temperature,WeatherCode4680,0.16260398634862067,0.026440056376462417
AverageParticleSpeed,Humidity,KineticEnergy,Pressure,RainAbsolute,RainAccumulated,RainIntensity,Temperature,VolumeEquivalentDiameter,WeatherCode4680,0.16260398634862056,0.02644005637646238
AverageParticleSpeed,Humidity,Pressure,RainAbsolute,RainAccumulated,RainIntensity,RainRate,VolumeEquivalentDiameter,WeatherCode4680,WindSpeed,0.16175580008675083,0.0261649388617049
AverageParticleSpeed,KineticEnergy,ParticlesDetected,Pressure,RainAbsolute,RainAccumulated,RainIntensity,RainRate,VolumeEquivalentDiameter,WeatherCode4680,0.16174494854879287,0.026161428381051652
AverageParticleSpeed,Humidity,KineticEnergy,Pressure,RainAbsolute,RainAccumulated,RainRate,VolumeEquivalentDiameter,WeatherCode4680,WindSpeed,0.16147482208060185,0.026074118165962022
AverageParticleSpeed,Humidity,KineticEnergy,RainAbsolute,RainAccumulated,RainIntensity,RainRate,VolumeEquivalentDiameter,WeatherCode4680,WindSpeed,0.1610096635949694,0.025924111770965215
AverageParticleSpeed,Humidity,KineticEnergy,Pressure,RainAbsolute,RainAccumulated,RainIntensity,VolumeEquivalentDiameter,WeatherCode4680,WindSpeed,0.16063759432982136,0.025804436712072255
Humidity,KineticEnergy,Pressure,RainAbsolute,RainAccumulated,RainIntensity,RainRate,VolumeEquivalentDiameter,WeatherCode4680,WindSpeed,0.16063759432982122,0.02580443671207221
AverageParticleSpeed,Humidity,KineticEnergy,Pressure,RainAbsolute,RainAccumulated,RainIntensity,RainRate,WeatherCode4680,WindSpeed,0.1606375943298212,0.025804436712072203
AverageParticleSpeed,Pressure,RadarReflectivity,RainAbsolute,RainAccumulated,RainIntensity,RainRate,SnowDepthIntensity,VolumeEquivalentDiameter,WeatherCode4680,0.15986248318489463,0.02555601353004072
AverageParticleSpeed,KineticEnergy,Pressure,RadarReflectivity,RainAbsolute,RainAccumulated,RainRate,SnowDepthIntensity,VolumeEquivalentDiameter,WeatherCode4680,0.159619350206223,0.025478336960256864
AverageParticleSpeed,KineticEnergy,RadarReflectivity,RainAbsolute,RainAccumulated,RainIntensity,RainRate,SnowDepthIntensity,VolumeEquivalentDiameter,WeatherCode4680,0.15922498857936493,0.025352596988098892
AverageParticleSpeed,KineticEnergy,Pressure,RadarReflectivity,RainAbsolute,RainAccumulated,RainIntensity,RainRate,SnowDepthIntensity,WeatherCode4680,0.1589169505978303,0.02525459718731323
KineticEnergy,Pressure,RadarReflectivity,RainAbsolute,RainAccumulated,RainIntensity,RainRate,SnowDepthIntensity,VolumeEquivalentDiameter,WeatherCode4680,0.15891695059783026,0.025254597187313224
AverageParticleSpeed,KineticEnergy,Pressure,RadarReflectivity,RainAbsolute,RainAccumulated,RainIntensity,SnowDepthIntensity,VolumeEquivalentDiameter,WeatherCode4680,0.15891695059783018,0.025254597187313196
AverageParticleSpeed,Pressure,RadarReflectivity,RainAbsolute,RainAccumulated,RainIntensity,RainRate,Temperature,VolumeEquivalentDiameter,WeatherCode4680,0.1582930753685145,0.02505669770962221
AverageParticleSpeed,KineticEnergy,Pressure,RadarReflectivity,RainAbsolute,RainAccumulated,RainRate,Temperature,VolumeEquivalentDiameter,WeatherCode4680,0.158051242137142,0.02498019514109349
AverageParticleSpeed,KineticEnergy,RadarReflectivity,RainAbsolute,RainAccumulated,RainIntensity,RainRate,Temperature,VolumeEquivalentDiameter,WeatherCode4680,0.15766784668527262,0.02485914987837063
AverageParticleSpeed,Humidity,Pressure,RainAbsolute,RainAccumulated,RainRate,SnowDepthIntensity,Temperature,VolumeEquivalentDiameter,WeatherCode4680,0.15755739198031685,0.02482433176763921
AverageParticleSpeed,KineticEnergy,Pressure,RadarReflectivity,RainAbsolute,RainAccumulated,RainIntensity,Temperature,VolumeEquivalentDiameter,WeatherCode4680,0.15735673080699736,0.02476114073026583
AverageParticleSpeed,KineticEnergy,Pressure,RadarReflectivity,RainAbsolute,RainAccumulated,RainIntensity,RainRate,Temperature,WeatherCode4680,0.15735673080699733,0.02476114073026582
KineticEnergy,Pressure,RadarReflectivity,RainAbsolute,RainAccumulated,RainIntensity,RainRate,Temperature,VolumeEquivalentDiameter,WeatherCode4680,0.15735673080699733,0.02476114073026582
AverageParticleSpeed,Humidity,RainAbsolute,RainAccumulated,RainIntensity,RainRate,SnowDepthIntensity,Temperature,VolumeEquivalentDiameter,WeatherCode4680,0.15713662728855776,0.024691919635623116
AverageParticleSpeed,Humidity,KineticEnergy,RainAbsolute,RainAccumulated,RainRate,SnowDepthIntensity,Temperature,VolumeEquivalentDiameter,WeatherCode4680,0.15688328818524752,0.024612366111815425
Humidity,Pressure,RainAbsolute,RainAccumulated,RainIntensity,RainRate,SnowDepthIntensity,Temperature,VolumeEquivalentDiameter,WeatherCode4680,0.1567895220129239,0.024582954213041148
AverageParticleSpeed,Humidity,Pressure,RainAbsolute,RainAccumulated,RainIntensity,RainRate,SnowDepthIntensity,Temperature,WeatherCode4680,0.15678952201292387,0.024582954213041137
AverageParticleSpeed,Humidity,Pressure,RainAbsolute,RainAccumulated,RainIntensity,SnowDepthIntensity,Temperature,VolumeEquivalentDiameter,WeatherCode4680,0.15678952201292365,0.024582954213041068
AverageParticleSpeed,ParticlesDetected,Pressure,RainAbsolute,RainAccumulated,RainIntensity,RainRate,SnowDepthIntensity,VolumeEquivalentDiameter,WeatherCode4680,0.15654573311119369,0.024506566555321085
AverageParticleSpeed,Humidity,KineticEnergy,Pressure,RainAbsolute,RainAccumulated,RainRate,SnowDepthIntensity,Temperature,WeatherCode4680,0.15653631754158093,0.024503618709478658
AverageParticleSpeed,Humidity,KineticEnergy,Pressure,RainAbsolute,RainAccumulated,SnowDepthIntensity,Temperature,VolumeEquivalentDiameter,WeatherCode4680,0.15653631754158093,0.024503618709478658
Humidity,KineticEnergy,Pressure,RainAbsolute,RainAccumulated,RainRate,SnowDepthIntensity,Temperature,VolumeEquivalentDiameter,WeatherCode4680,0.15653631754158093,0.024503618709478658
AverageParticleSpeed,KineticEnergy,ParticlesDetected,Pressure,RainAbsolute,RainAccumulated,RainRate,SnowDepthIntensity,VolumeEquivalentDiameter,WeatherCode4680,0.15629298707872935,0.02442749780999186
AverageParticleSpeed,Humidity,KineticEnergy,RainAbsolute,RainAccumulated,RainIntensity,RainRate,SnowDepthIntensity,Temperature,WeatherCode4680,0.15611741778723637,0.024372648136554508
AverageParticleSpeed,Humidity,KineticEnergy,RainAbsolute,RainAccumulated,RainIntensity,SnowDepthIntensity,Temperature,VolumeEquivalentDiameter,WeatherCode4680,0.15611741778723637,0.024372648136554508
Humidity,KineticEnergy,RainAbsolute,RainAccumulated,RainIntensity,RainRate,SnowDepthIntensity,Temperature,VolumeEquivalentDiameter,WeatherCode4680,0.15611741778723634,0.024372648136554497
AverageParticleSpeed,KineticEnergy,ParticlesDetected,RainAbsolute,RainAccumulated,RainIntensity,RainRate,SnowDepthIntensity,VolumeEquivalentDiameter,WeatherCode4680,0.15588971546442,0.024301603387577825
Humidity,KineticEnergy,Pressure,RainAbsolute,RainAccumulated,RainIntensity,SnowDepthIntensity,Temperature,VolumeEquivalentDiameter,WeatherCode4680,0.15577076545981333,0.024264531371936175
AverageParticleSpeed,Humidity,KineticEnergy,Pressure,RainAbsolute,RainAccumulated,RainIntensity,SnowDepthIntensity,Temperature,WeatherCode4680,0.15577076545981328,0.024264531371936158
Humidity,KineticEnergy,Pressure,RainAbsolute,RainAccumulated,RainIntensity,RainRate,SnowDepthIntensity,Temperature,WeatherCode4680,0.15577076545981297,0.02426453137193606
AverageParticleSpeed,Pressure,RadarReflectivity,RainAbsolute,RainAccumulated,RainIntensity,RainRate,VolumeEquivalentDiameter,WeatherCode4680,WindSpeed,0.15570834088740626,0.02424508742190871
AverageParticleSpeed,KineticEnergy,ParticlesDetected,Pressure,RainAbsolute,RainAccumulated,RainIntensity,SnowDepthIntensity,VolumeEquivalentDiameter,WeatherCode4680,0.15557976579909646,0.024205063526101706
AverageParticleSpeed,KineticEnergy,ParticlesDetected,Pressure,RainAbsolute,RainAccumulated,RainIntensity,RainRate,SnowDepthIntensity,WeatherCode4680,0.15557976579909633,0.02420506352610166
KineticEnergy,ParticlesDetected,Pressure,RainAbsolute,RainAccumulated,RainIntensity,RainRate,SnowDepthIntensity,VolumeEquivalentDiameter,WeatherCode4680,0.15557976579909627,0.024205063526101644
AverageParticleSpeed,KineticEnergy,Pressure,RadarReflectivity,RainAbsolute,RainAccumulated,RainRate,VolumeEquivalentDiameter,WeatherCode4680,WindSpeed,0.1554575155460155,0.02416703913973965
AverageParticleSpeed,Humidity,Pressure,RainAbsolute,RainAccumulated,RainRate,SnowDepthIntensity,VolumeEquivalentDiameter,WeatherCode4680,WindSpeed,0.1553541493634405,0.024134911724438178
AverageParticleSpeed,KineticEnergy,RadarReflectivity,RainAbsolute,RainAccumulated,RainIntensity,RainRate,VolumeEquivalentDiameter,WeatherCode4680,WindSpeed,0.1550691738283612,0.024046448671810498
AverageParticleSpeed,ParticlesDetected,Pressure,RainAbsolute,RainAccumulated,RainIntensity,RainRate,Temperature,VolumeEquivalentDiameter,WeatherCode4680,0.15502959607587075,0.024034175659447637
AverageParticleSpeed,Humidity,RainAbsolute,RainAccumulated,RainIntensity,RainRate,SnowDepthIntensity,VolumeEquivalentDiameter,WeatherCode4680,WindSpeed,0.15491889725948305,0.023999864728094265
AverageParticleSpeed,KineticEnergy,ParticlesDetected,Pressure,RainAbsolute,RainAccumulated,RainRate,Temperature,VolumeEquivalentDiameter,WeatherCode4680,0.15477782914204868,0.023956176393925215
AverageParticleSpeed,KineticEnergy,Pressure,RadarReflectivity,RainAbsolute,RainAccumulated,RainIntensity,RainRate,WeatherCode4680,WindSpeed,0.15474067667306513,0.02394467701723808
AverageParticleSpeed,KineticEnergy,Pressure,RadarReflectivity,RainAbsolute,RainAccumulated,RainIntensity,VolumeEquivalentDiameter,WeatherCode4680,WindSpeed,0.15474067667306513,0.02394467701723808
KineticEnergy,Pressure,RadarReflectivity,RainAbsolute,RainAccumulated,RainIntensity,RainRate,VolumeEquivalentDiameter,WeatherCode4680,WindSpeed,0.15474067667306507,0.023944677017238063
AverageParticleSpeed,Humidity,KineticEnergy,RainAbsolute,RainAccumulated,RainRate,SnowDepthIntensity,VolumeEquivalentDiameter,WeatherCode4680,WindSpeed,0.15465195501698367,0.02391722719057514
AverageParticleSpeed,Humidity,Pressure,RainAbsolute,RainAccumulated,RainIntensity,SnowDepthIntensity,VolumeEquivalentDiameter,WeatherCode4680,WindSpeed,0.15454904386616633,0.023885406959946204
AverageParticleSpeed,Humidity,Pressure,RainAbsolute,RainAccumulated,RainIntensity,RainRate,SnowDepthIntensity,WeatherCode4680,WindSpeed,0.1545490438661661,0.023885406959946134
Humidity,Pressure,RainAbsolute,RainAccumulated,RainIntensity,RainRate,SnowDepthIntensity,VolumeEquivalentDiameter,WeatherCode4680,WindSpeed,0.1545490438661661,0.023885406959946134
AverageParticleSpeed,KineticEnergy,ParticlesDetected,RainAbsolute,RainAccumulated,RainIntensity,RainRate,Temperature,VolumeEquivalentDiameter,WeatherCode4680,0.1543846614042655,0.0238346236769097
AverageParticleSpeed,Humidity,KineticEnergy,Pressure,RainAbsolute,RainAccumulated,RainRate,SnowDepthIntensity,WeatherCode4680,WindSpeed,0.15428228134442848,0.023803022336841385
Humidity,KineticEnergy,Pressure,RainAbsolute,RainAccumulated,RainRate,SnowDepthIntensity,VolumeEquivalentDiameter,WeatherCode4680,WindSpeed,0.15428228134442842,0.023803022336841367
AverageParticleSpeed,Humidity,KineticEnergy,Pressure,RainAbsolute,RainAccumulated,SnowDepthIntensity,VolumeEquivalentDiameter,WeatherCode4680,WindSpeed,0.15428228134442834,0.02380302233684134
AverageParticleSpeed,KineticEnergy,ParticlesDetected,Pressure,RainAbsolute,RainAccumulated,RainIntensity,RainRate,Temperature,WeatherCode4680,0.15407157222966622,0.023738049369321255
AverageParticleSpeed,KineticEnergy,ParticlesDetected,Pressure,RainAbsolute,RainAccumulated,RainIntensity,Temperature,VolumeEquivalentDiameter,WeatherCode4680,0.15407157222966622,0.023738049369321255
KineticEnergy,ParticlesDetected,Pressure,RainAbsolute,RainAccumulated,RainIntensity,RainRate,Temperature,VolumeEquivalentDiameter,WeatherCode4680,0.15407157222966622,0.023738049369321255
AverageParticleSpeed,Humidity,KineticEnergy,RainAbsolute,RainAccumulated,RainIntensity,SnowDepthIntensity,VolumeEquivalentDiameter,WeatherCode4680,WindSpeed,0.15384929578822745,0.023669605814533503
Humidity,KineticEnergy,RainAbsolute,RainAccumulated,RainIntensity,RainRate,SnowDepthIntensity,VolumeEquivalentDiameter,WeatherCode4680,WindSpeed,0.15384929578822745,0.023669605814533503
AverageParticleSpeed,Humidity,KineticEnergy,RainAbsolute,RainAccumulated,RainIntensity,RainRate,SnowDepthIntensity,WeatherCode4680,WindSpeed,0.15384929578822742,0.023669605814533493
AverageParticleSpeed,Humidity,KineticEnergy,Pressure,RainAbsolute,RainAccumulated,RainIntensity,SnowDepthIntensity,WeatherCode4680,WindSpeed,0.15348005704459905,0.02355612791041338
Humidity,KineticEnergy,Pressure,RainAbsolute,RainAccumulated,RainIntensity,RainRate,SnowDepthIntensity,WeatherCode4680,WindSpeed,0.153480057044599,0.023556127910413362
Humidity,KineticEnergy,Pressure,RainAbsolute,RainAccumulated,RainIntensity,SnowDepthIntensity,VolumeEquivalentDiameter,WeatherCode4680,WindSpeed,0.15348005704459897,0.023556127910413352
AverageParticleSpeed,Pressure,RadarReflectivity,RainAbsolute,RainAccumulated,RainRate,SnowDepthIntensity,Temperature,VolumeEquivalentDiameter,WeatherCode4680,0.15299301626576736,0.023406863026097357
AverageParticleSpeed,Humidity,Pressure,RainAbsolute,RainAccumulated,RainRate,Temperature,VolumeEquivalentDiameter,WeatherCode4680,WindSpeed,0.1529439535069219,0.023391852914327483
AverageParticleSpeed,RadarReflectivity,RainAbsolute,RainAccumulated,RainIntensity,RainRate,SnowDepthIntensity,Temperature,VolumeEquivalentDiameter,WeatherCode4680,0.15263139032186865,0.02329634131158662
AverageParticleSpeed,Humidity,KineticEnergy,Pressure,RadarReflectivity,RainAbsolute,RainIntensity,RainRate,SnowDepthIntensity,VolumeEquivalentDiameter,0.15256862186549125,0.023277184377935255
AverageParticleSpeed,Humidity,KineticEnergy,Pressure,RadarReflectivity,RainAccumulated,RainIntensity,RainRate,SnowDepthIntensity,VolumeEquivalentDiameter,0.15256862186549125,0.023277184377935255
AverageParticleSpeed,Humidity,RainAbsolute,RainAccumulated,RainIntensity,RainRate,Temperature,VolumeEquivalentDiameter,WeatherCode4680,WindSpeed,0.1525302815057482,0.023265486776222796
AverageParticleSpeed,KineticEnergy,RadarReflectivity,RainAbsolute,RainAccumulated,RainRate,SnowDepthIntensity,Temperature,VolumeEquivalentDiameter,WeatherCode4680,0.152400679617536,0.023225967147886856
Pressure,RadarReflectivity,RainAbsolute,RainAccumulated,RainIntensity,RainRate,SnowDepthIntensity,Temperature,VolumeEquivalentDiameter,WeatherCode4680,0.15232219720025494,0.023202051759913356
AverageParticleSpeed,Pressure,RadarReflectivity,RainAbsolute,RainAccumulated,RainIntensity,RainRate,SnowDepthIntensity,Temperature,WeatherCode4680,0.15232219720025492,0.023202051759913345
AverageParticleSpeed,Pressure,RadarReflectivity,RainAbsolute,RainAccumulated,RainIntensity,SnowDepthIntensity,Temperature,VolumeEquivalentDiameter,WeatherCode4680,0.15232219720025486,0.023202051759913328
AverageParticleSpeed,Humidity,KineticEnergy,RainAbsolute,RainAccumulated,RainRate,Temperature,VolumeEquivalentDiameter,WeatherCode4680,WindSpeed,0.15226749387992602,0.02318538969247331
AverageParticleSpeed,ParticlesDetected,Pressure,RainAbsolute,RainAccumulated,RainIntensity,RainRate,VolumeEquivalentDiameter,WeatherCode4680,WindSpeed,0.1522167423840557,0.023169936662013977
AverageParticleSpeed,Humidity,Pressure,RainAbsolute,RainAccumulated,RainIntensity,RainRate,Temperature,WeatherCode4680,WindSpeed,0.15215641399538282,0.02315157431993433
Humidity,Pressure,RainAbsolute,RainAccumulated,RainIntensity,RainRate,Temperature,VolumeEquivalentDiameter,WeatherCode4680,WindSpeed,0.15215641399538282,0.02315157431993433
AverageParticleSpeed,Humidity,Pressure,RainAbsolute,RainAccumulated,RainIntensity,Temperature,VolumeEquivalentDiameter,WeatherCode4680,WindSpeed,0.15215641399538274,0.023151574319934306
AverageParticleSpeed,KineticEnergy,Pressure,RadarReflectivity,RainAbsolute,RainAccumulated,RainRate,SnowDepthIntensity,Temperature,WeatherCode4680,0.15209163478796103,0.023131865372474518
KineticEnergy,Pressure,RadarReflectivity,RainAbsolute,RainAccumulated,RainRate,SnowDepthIntensity,Temperature,VolumeEquivalentDiameter,WeatherCode4680,0.15209163478796103,0.023131865372474518
AverageParticleSpeed,KineticEnergy,Pressure,RadarReflectivity,RainAbsolute,RainAccumulated,SnowDepthIntensity,Temperature,VolumeEquivalentDiameter,WeatherCode4680,0.15209163478796078,0.02313186537247444
AverageParticleSpeed,KineticEnergy,ParticlesDetected,Pressure,RainAbsolute,RainAccumulated,RainRate,VolumeEquivalentDiameter,WeatherCode4680,WindSpeed,0.15195613285788875,0.023090666313124338
AverageParticleSpeed,Humidity,KineticEnergy,Pressure,RainAbsolute,RainAccumulated,Temperature,VolumeEquivalentDiameter,WeatherCode4680,WindSpeed,0.15189381516440273,0.02307173108519774
AverageParticleSpeed,Humidity,KineticEnergy,Pressure,RainAbsolute,RainAccumulated,RainRate,Temperature,WeatherCode4680,WindSpeed,0.15189381516440256,0.02307173108519769
Humidity,KineticEnergy,Pressure,RainAbsolute,RainAccumulated,RainRate,Temperature,VolumeEquivalentDiameter,WeatherCode4680,WindSpeed,0.15189381516440253,0.02307173108519768
AverageParticleSpeed,KineticEnergy,RadarReflectivity,RainAbsolute,RainAccumulated,RainIntensity,SnowDepthIntensity,Temperature,VolumeEquivalentDiameter,WeatherCode4680,0.15173196209477371,0.02302258832112985
AverageParticleSpeed,KineticEnergy,RadarReflectivity,RainAbsolute,RainAccumulated,RainIntensity,RainRate,SnowDepthIntensity,Temperature,WeatherCode4680,0.1517319620947737,0.023022588321129838
KineticEnergy,RadarReflectivity,RainAbsolute,RainAccumulated,RainIntensity,RainRate,SnowDepthIntensity,Temperature,VolumeEquivalentDiameter,WeatherCode4680,0.1517319620947737,0.023022588321129838
AverageParticleSpeed,KineticEnergy,ParticlesDetected,RainAbsolute,RainAccumulated,RainIntensity,RainRate,VolumeEquivalentDiameter,WeatherCode4680,WindSpeed,0.15155898771273216,0.022970126756508096
AverageParticleSpeed,Humidity,KineticEnergy,RainAbsolute,RainAccumulated,RainIntensity,RainRate,Temperature,WeatherCode4680,WindSpeed,0.1514820097796251,0.02294679928687443
AverageParticleSpeed,Humidity,KineticEnergy,RainAbsolute,RainAccumulated,RainIntensity,Temperature,VolumeEquivalentDiameter,WeatherCode4680,WindSpeed,0.15148200977962506,0.022946799286874424
Humidity,KineticEnergy,RainAbsolute,RainAccumulated,RainIntensity,RainRate,Temperature,VolumeEquivalentDiameter,WeatherCode4680,WindSpeed,0.15148200977962503,0.022946799286874413
AverageParticleSpeed,KineticEnergy,Pressure,RadarReflectivity,RainAbsolute,RainAccumulated,RainIntensity,SnowDepthIntensity,Temperature,WeatherCode4680,0.15142326630959035,0.02292900557986512
KineticEnergy,Pressure,RadarReflectivity,RainAbsolute,RainAccumulated,RainIntensity,SnowDepthIntensity,Temperature,VolumeEquivalentDiameter,WeatherCode4680,0.15142326630959035,0.02292900557986512
KineticEnergy,Pressure,RadarReflectivity,RainAbsolute,RainAccumulated,RainIntensity,RainRate,SnowDepthIntensity,Temperature,WeatherCode4680,0.1514232663095902,0.02292900557986507
AverageParticleSpeed,KineticEnergy,ParticlesDetected,Pressure,RainAbsolute,RainAccumulated,RainIntensity,VolumeEquivalentDiameter,WeatherCode4680,WindSpeed,0.15122862129103534,0.022870095897587386
AverageParticleSpeed,KineticEnergy,ParticlesDetected,Pressure,RainAbsolute,RainAccumulated,RainIntensity,RainRate,WeatherCode4680,WindSpeed,0.1512286212910353,0.022870095897587372
KineticEnergy,ParticlesDetected,Pressure,RainAbsolute,RainAccumulated,RainIntensity,RainRate,VolumeEquivalentDiameter,WeatherCode4680,WindSpeed,0.15122862129103526,0.022870095897587362
Humidity,KineticEnergy,Pressure,RainAbsolute,RainAccumulated,RainIntensity,RainRate,Temperature,WeatherCode4680,WindSpeed,0.15110878353801835,0.022833864462339686
AverageParticleSpeed,Humidity,KineticEnergy,Pressure,RainAbsolute,RainAccumulated,RainIntensity,Temperature,WeatherCode4680,WindSpeed,0.1511087835380183,0.02283386446233967
Humidity,KineticEnergy,Pressure,RainAbsolute,RainAccumulated,RainIntensity,Temperature,VolumeEquivalentDiameter,WeatherCode4680,WindSpeed,0.15110878353801827,0.02283386446233966
AverageParticleSpeed,Humidity,KineticEnergy,ParticlesDetected,Pressure,RainIntensity,RainRate,Temperature,VolumeEquivalentDiameter,WindSpeed,-0.15053573302848502,0.022661006918423317
AverageParticleSpeed,Pressure,RadarReflectivity,RainAbsolute,RainAccumulated,RainRate,SnowDepthIntensity,VolumeEquivalentDiameter,WeatherCode4680,WindSpeed,0.15025200284678963,0.02257566435947168
AverageParticleSpeed,RadarReflectivity,RainAbsolute,RainAccumulated,RainIntensity,RainRate,SnowDepthIntensity,VolumeEquivalentDiameter,WeatherCode4680,WindSpeed,0.14988703575550752,0.02246612348757279
AverageParticleSpeed,ParticlesDetected,Pressure,RainAbsolute,RainAccumulated,RainRate,SnowDepthIntensity,Temperature,VolumeEquivalentDiameter,WeatherCode4680,0.14979244633700095,0.02243777697962331
AverageParticleSpeed,Humidity,KineticEnergy,Pressure,RadarReflectivity,RainIntensity,RainRate,Temperature,VolumeEquivalentDiameter,WindSpeed,-0.14972448105549302,0.022417420227336688
AverageParticleSpeed,KineticEnergy,RadarReflectivity,RainAbsolute,RainAccumulated,RainRate,SnowDepthIntensity,VolumeEquivalentDiameter,WeatherCode4680,WindSpeed,0.1496484549853859,0.02239466007951307
Pressure,RadarReflectivity,RainAbsolute,RainAccumulated,RainIntensity,RainRate,SnowDepthIntensity,VolumeEquivalentDiameter,WeatherCode4680,WindSpeed,0.14956107729296353,0.022368515841031812
AverageParticleSpeed,Pressure,RadarReflectivity,RainAbsolute,RainAccumulated,RainIntensity,RainRate,SnowDepthIntensity,WeatherCode4680,WindSpeed,0.1495610772929635,0.022368515841031802
AverageParticleSpeed,Pressure,RadarReflectivity,RainAbsolute,RainAccumulated,RainIntensity,SnowDepthIntensity,VolumeEquivalentDiameter,WeatherCode4680,WindSpeed,0.14956107729296336,0.02236851584103176
AverageParticleSpeed,ParticlesDetected,RainAbsolute,RainAccumulated,RainIntensity,RainRate,SnowDepthIntensity,Temperature,VolumeEquivalentDiameter,WeatherCode4680,0.14942238073137093,0.02232704786343077
AverageParticleSpeed,KineticEnergy,Pressure,RadarReflectivity,RainAbsolute,RainAccumulated,SnowDepthIntensity,VolumeEquivalentDiameter,WeatherCode4680,WindSpeed,0.1493226818940823,0.022297263328041293
AverageParticleSpeed,KineticEnergy,Pressure,RadarReflectivity,RainAbsolute,RainAccumulated,RainRate,SnowDepthIntensity,WeatherCode4680,WindSpeed,0.14932268189408224,0.022297263328041276
KineticEnergy,Pressure,RadarReflectivity,RainAbsolute,RainAccumulated,RainRate,SnowDepthIntensity,VolumeEquivalentDiameter,WeatherCode4680,WindSpeed,0.1493226818940822,0.022297263328041265
AverageParticleSpeed,KineticEnergy,ParticlesDetected,RainAbsolute,RainAccumulated,RainRate,SnowDepthIntensity,Temperature,VolumeEquivalentDiameter,WeatherCode4680,0.1491830005369892,0.022255567649219325
AverageParticleSpeed,ParticlesDetected,Pressure,RainAbsolute,RainAccumulated,RainIntensity,RainRate,SnowDepthIntensity,Temperature,WeatherCode4680,0.14911139969603024,0.022234209519309288
ParticlesDetected,Pressure,RainAbsolute,RainAccumulated,RainIntensity,RainRate,SnowDepthIntensity,Temperature,VolumeEquivalentDiameter,WeatherCode4680,0.14911139969603024,0.022234209519309288
AverageParticleSpeed,ParticlesDetected,Pressure,RainAbsolute,RainAccumulated,RainIntensity,SnowDepthIntensity,Temperature,VolumeEquivalentDiameter,WeatherCode4680,0.14911139969603007,0.022234209519309236
AverageParticleSpeed,KineticEnergy,RadarReflectivity,RainAbsolute,RainAccumulated,RainIntensity,SnowDepthIntensity,VolumeEquivalentDiameter,WeatherCode4680,WindSpeed,0.14895988050364373,0.022189045999659818
AverageParticleSpeed,KineticEnergy,RadarReflectivity,RainAbsolute,RainAccumulated,RainIntensity,RainRate,SnowDepthIntensity,WeatherCode4680,WindSpeed,0.1489598805036437,0.02218904599965981
KineticEnergy,RadarReflectivity,RainAbsolute,RainAccumulated,RainIntensity,RainRate,SnowDepthIntensity,VolumeEquivalentDiameter,WeatherCode4680,WindSpeed,0.1489598805036437,0.02218904599965981
AverageParticleSpeed,KineticEnergy,ParticlesDetected,Pressure,RainAbsolute,RainAccumulated,RainRate,SnowDepthIntensity,Temperature,WeatherCode4680,0.14887218807932312,0.022162928383525356
KineticEnergy,ParticlesDetected,Pressure,RainAbsolute,RainAccumulated,RainRate,SnowDepthIntensity,Temperature,VolumeEquivalentDiameter,WeatherCode4680,0.14887218807932312,0.022162928383525356
AverageParticleSpeed,KineticEnergy,ParticlesDetected,Pressure,RainAbsolute,RainAccumulated,SnowDepthIntensity,Temperature,VolumeEquivalentDiameter,WeatherCode4680,0.14887218807932304,0.02216292838352533
AverageParticleSpeed,KineticEnergy,Pressure,RadarReflectivity,RainAbsolute,RainAccumulated,RainIntensity,SnowDepthIntensity,WeatherCode4680,WindSpeed,0.14863454814894705,0.02209222890344166
KineticEnergy,Pressure,RadarReflectivity,RainAbsolute,RainAccumulated,RainIntensity,SnowDepthIntensity,VolumeEquivalentDiameter,WeatherCode4680,WindSpeed,0.14863454814894705,0.02209222890344166
KineticEnergy,Pressure,RadarReflectivity,RainAbsolute,RainAccumulated,RainIntensity,RainRate,SnowDepthIntensity,WeatherCode4680,WindSpeed,0.14863454814894694,0.022092228903441626
AverageParticleSpeed,Pressure,RadarReflectivity,RainAbsolute,RainAccumulated,RainRate,Temperature,VolumeEquivalentDiameter,WeatherCode4680,WindSpeed,0.14862142301309322,0.022088327378436797
AverageParticleSpeed,KineticEnergy,ParticlesDetected,RainAbsolute,RainAccumulated,RainIntensity,SnowDepthIntensity,Temperature,VolumeEquivalentDiameter,WeatherCode4680,0.14850470727294904,0.02205364808222428
KineticEnergy,ParticlesDetected,RainAbsolute,RainAccumulated,RainIntensity,RainRate,SnowDepthIntensity,Temperature,VolumeEquivalentDiameter,WeatherCode4680,0.148504707272949,0.022053648082224275
AverageParticleSpeed,KineticEnergy,ParticlesDetected,RainAbsolute,RainAccumulated,RainIntensity,RainRate,SnowDepthIntensity,Temperature,WeatherCode4680,0.14850470727294895,0.022053648082224257
AverageParticleSpeed,RadarReflectivity,RainAbsolute,RainAccumulated,RainIntensity,RainRate,Temperature,VolumeEquivalentDiameter,WeatherCode4680,WindSpeed,0.14826757008302321,0.0219832723383242
KineticEnergy,ParticlesDetected,Pressure,RainAbsolute,RainAccumulated,RainIntensity,SnowDepthIntensity,Temperature,VolumeEquivalentDiameter,WeatherCode4680,0.1481942857766443,0.021961546336849724
AverageParticleSpeed,KineticEnergy,ParticlesDetected,Pressure,RainAbsolute,RainAccumulated,RainIntensity,SnowDepthIntensity,Temperature,WeatherCode4680,0.14819428577664423,0.0219615463368497
KineticEnergy,ParticlesDetected,Pressure,RainAbsolute,RainAccumulated,RainIntensity,RainRate,SnowDepthIntensity,Temperature,WeatherCode4680,0.14819428577664417,0.021961546336849682
AverageParticleSpeed,KineticEnergy,RadarReflectivity,RainAbsolute,RainAccumulated,RainRate,Temperature,VolumeEquivalentDiameter,WeatherCode4680,WindSpeed,0.14803026214211368,0.021912958509862895
AverageParticleSpeed,Pressure,RadarReflectivity,RainAbsolute,RainAccumulated,RainIntensity,RainRate,Temperature,WeatherCode4680,WindSpeed,0.14793828589394897,0.02188573643323978
Pressure,RadarReflectivity,RainAbsolute,RainAccumulated,RainIntensity,RainRate,Temperature,VolumeEquivalentDiameter,WeatherCode4680,WindSpeed,0.14793828589394897,0.02188573643323978
AverageParticleSpeed,Pressure,RadarReflectivity,RainAbsolute,RainAccumulated,RainIntensity,Temperature,VolumeEquivalentDiameter,WeatherCode4680,WindSpeed,0.1479382858939489,0.021885736433239756
AverageParticleSpeed,KineticEnergy,Pressure,RadarReflectivity,RainAbsolute,RainAccumulated,RainRate,Temperature,WeatherCode4680,WindSpeed,0.14770116902221792,0.021815635330529784
KineticEnergy,Pressure,RadarReflectivity,RainAbsolute,RainAccumulated,RainRate,Temperature,VolumeEquivalentDiameter,WeatherCode4680,WindSpeed,0.1477011690222179,0.021815635330529777
AverageParticleSpeed,KineticEnergy,Pressure,RadarReflectivity,RainAbsolute,RainAccumulated,Temperature,VolumeEquivalentDiameter,WeatherCode4680,WindSpeed,0.14770116902221772,0.02181563533052973
AverageParticleSpeed,KineticEnergy,RadarReflectivity,RainAbsolute,RainAccumulated,RainIntensity,Temperature,VolumeEquivalentDiameter,WeatherCode4680,WindSpeed,0.14734929471287572,0.021711814652381905
AverageParticleSpeed,KineticEnergy,RadarReflectivity,RainAbsolute,RainAccumulated,RainIntensity,RainRate,Temperature,WeatherCode4680,WindSpeed,0.14734929471287556,0.021711814652381856
KineticEnergy,RadarReflectivity,RainAbsolute,RainAccumulated,RainIntensity,RainRate,Temperature,VolumeEquivalentDiameter,WeatherCode4680,WindSpeed,0.14734929471287556,0.021711814652381856
AverageParticleSpeed,Humidity,KineticEnergy,Pressure,RadarReflectivity,RainAbsolute,RainIntensity,RainRate,Temperature,VolumeEquivalentDiameter,0.14717106100491506,0.02165932119731243
AverageParticleSpeed,Humidity,KineticEnergy,Pressure,RadarReflectivity,RainAccumulated,RainIntensity,RainRate,Temperature,VolumeEquivalentDiameter,0.14717106100491506,0.02165932119731243
AverageParticleSpeed,KineticEnergy,Pressure,RadarReflectivity,RainAbsolute,RainAccumulated,RainIntensity,Temperature,WeatherCode4680,WindSpeed,0.1470206512488451,0.02161507189363454
KineticEnergy,Pressure,RadarReflectivity,RainAbsolute,RainAccumulated,RainIntensity,Temperature,VolumeEquivalentDiameter,WeatherCode4680,WindSpeed,0.14702065124884509,0.021615071893634534
KineticEnergy,Pressure,RadarReflectivity,RainAbsolute,RainAccumulated,RainIntensity,RainRate,Temperature,WeatherCode4680,WindSpeed,0.14702065124884492,0.021615071893634485
AverageParticleSpeed,ParticlesDetected,Pressure,RainAbsolute,RainAccumulated,RainRate,SnowDepthIntensity,VolumeEquivalentDiameter,WeatherCode4680,WindSpeed,0.14683852632920077,0.021561552814531388
AverageParticleSpeed,Humidity,RainAbsolute,RainAccumulated,RainRate,SnowDepthIntensity,Temperature,VolumeEquivalentDiameter,WeatherCode4680,WindSpeed,0.14651101656690732,0.02146547797546859
AverageParticleSpeed,ParticlesDetected,RainAbsolute,RainAccumulated,RainIntensity,RainRate,SnowDepthIntensity,VolumeEquivalentDiameter,WeatherCode4680,WindSpeed,0.14646608622641336,0.021452314414483153
AverageParticleSpeed,KineticEnergy,ParticlesDetected,RainAbsolute,RainAccumulated,RainRate,SnowDepthIntensity,VolumeEquivalentDiameter,WeatherCode4680,WindSpeed,0.14621904205879033,0.021380008260590295
AverageParticleSpeed,Humidity,Pressure,RainAbsolute,RainAccumulated,SnowDepthIntensity,Temperature,VolumeEquivalentDiameter,WeatherCode4680,WindSpeed,0.14614024223013275,0.021356970399081875
Humidity,Pressure,RainAbsolute,RainAccumulated,RainRate,SnowDepthIntensity,Temperature,VolumeEquivalentDiameter,WeatherCode4680,WindSpeed,0.14614024223013275,0.021356970399081875
AverageParticleSpeed,Humidity,Pressure,RainAbsolute,RainAccumulated,RainRate,SnowDepthIntensity,Temperature,WeatherCode4680,WindSpeed,0.14614024223013272,0.021356970399081868
AverageParticleSpeed,ParticlesDetected,Pressure,RainAbsolute,RainAccumulated,RainIntensity,RainRate,SnowDepthIntensity,WeatherCode4680,WindSpeed,0.146138459600134,0.021356449374299997
AverageParticleSpeed,ParticlesDetected,Pressure,RainAbsolute,RainAccumulated,RainIntensity,SnowDepthIntensity,VolumeEquivalentDiameter,WeatherCode4680,WindSpeed,0.14613845960013394,0.02135644937429998
ParticlesDetected,Pressure,RainAbsolute,RainAccumulated,RainIntensity,RainRate,SnowDepthIntensity,VolumeEquivalentDiameter,WeatherCode4680,WindSpeed,0.14613845960013394,0.02135644937429998
AverageParticleSpeed,KineticEnergy,ParticlesDetected,Pressure,RainAbsolute,RainAccumulated,RainRate,SnowDepthIntensity,WeatherCode4680,WindSpeed,0.14589162460395794,0.021284366129582184
KineticEnergy,ParticlesDetected,Pressure,RainAbsolute,RainAccumulated,RainRate,SnowDepthIntensity,VolumeEquivalentDiameter,WeatherCode4680,WindSpeed,0.14589162460395794,0.021284366129582184
AverageParticleSpeed,KineticEnergy,ParticlesDetected,Pressure,RainAbsolute,RainAccumulated,SnowDepthIntensity,VolumeEquivalentDiameter,WeatherCode4680,WindSpeed,0.14589162460395771,0.02128436612958212
AverageParticleSpeed,Humidity,RainAbsolute,RainAccumulated,RainIntensity,SnowDepthIntensity,Temperature,VolumeEquivalentDiameter,WeatherCode4680,WindSpeed,0.1457557705376962,0.021244744645037547
Humidity,RainAbsolute,RainAccumulated,RainIntensity,RainRate,SnowDepthIntensity,Temperature,VolumeEquivalentDiameter,WeatherCode4680,WindSpeed,0.1457557705376961,0.021244744645037516
AverageParticleSpeed,Humidity,RainAbsolute,RainAccumulated,RainIntensity,RainRate,SnowDepthIntensity,Temperature,WeatherCode4680,WindSpeed,0.14575577053769606,0.021244744645037505
AverageParticleSpeed,KineticEnergy,ParticlesDetected,RainAbsolute,RainAccumulated,RainIntensity,SnowDepthIntensity,VolumeEquivalentDiameter,WeatherCode4680,WindSpeed,0.1455220187207602,0.021176657932565283
AverageParticleSpeed,KineticEnergy,ParticlesDetected,RainAbsolute,RainAccumulated,RainIntensity,RainRate,SnowDepthIntensity,WeatherCode4680,WindSpeed,0.14552201872076,0.021176657932565228
KineticEnergy,ParticlesDetected,RainAbsolute,RainAccumulated,RainIntensity,RainRate,SnowDepthIntensity,VolumeEquivalentDiameter,WeatherCode4680,WindSpeed,0.14552201872076,0.021176657932565228
AverageParticleSpeed,Humidity,KineticEnergy,RainAbsolute,RainAccumulated,SnowDepthIntensity,Temperature,VolumeEquivalentDiameter,WeatherCode4680,WindSpeed,0.1455063395527745,0.02117209485004731
AverageParticleSpeed,Humidity,KineticEnergy,RainAbsolute,RainAccumulated,RainRate,SnowDepthIntensity,Temperature,WeatherCode4680,WindSpeed,0.1455063395527744,0.021172094850047278
Humidity,KineticEnergy,RainAbsolute,RainAccumulated,RainRate,SnowDepthIntensity,Temperature,VolumeEquivalentDiameter,WeatherCode4680,WindSpeed,0.1455063395527744,0.021172094850047278
Humidity,Pressure,RainAbsolute,RainAccumulated,RainIntensity,RainRate,SnowDepthIntensity,Temperature,WeatherCode4680,WindSpeed,0.14538550928191143,0.021136946309160756
Humidity,Pressure,RainAbsolute,RainAccumulated,RainIntensity,SnowDepthIntensity,Temperature,VolumeEquivalentDiameter,WeatherCode4680,WindSpeed,0.14538550928191132,0.021136946309160725
AverageParticleSpeed,Humidity,Pressure,RainAbsolute,RainAccumulated,RainIntensity,SnowDepthIntensity,Temperature,WeatherCode4680,WindSpeed,0.1453855092819113,0.021136946309160715
AverageParticleSpeed,ParticlesDetected,Pressure,RainAbsolute,RainAccumulated,RainRate,Temperature,VolumeEquivalentDiameter,WeatherCode4680,WindSpeed,0.14525783530561223,0.02109983871767237
KineticEnergy,ParticlesDetected,Pressure,RainAbsolute,RainAccumulated,RainIntensity,SnowDepthIntensity,VolumeEquivalentDiameter,WeatherCode4680,WindSpeed,0.1451950901462556,0.02108161420257929
AverageParticleSpeed,KineticEnergy,ParticlesDetected,Pressure,RainAbsolute,RainAccumulated,RainIntensity,SnowDepthIntensity,WeatherCode4680,WindSpeed,0.14519509014625556,0.021081614202579278
KineticEnergy,ParticlesDetected,Pressure,RainAbsolute,RainAccumulated,RainIntensity,RainRate,SnowDepthIntensity,WeatherCode4680,WindSpeed,0.14519509014625548,0.021081614202579254
Humidity,KineticEnergy,Pressure,RainAbsolute,RainAccumulated,RainRate,SnowDepthIntensity,Temperature,WeatherCode4680,WindSpeed,0.1451362914896439,0.021064543107366884
Humidity,KineticEnergy,Pressure,RainAbsolute,RainAccumulated,SnowDepthIntensity,Temperature,VolumeEquivalentDiameter,WeatherCode4680,WindSpeed,0.1451362914896439,0.021064543107366884
AverageParticleSpeed,Humidity,KineticEnergy,Pressure,RainAbsolute,RainAccumulated,SnowDepthIntensity,Temperature,WeatherCode4680,WindSpeed,0.14513629148964385,0.021064543107366867
AverageParticleSpeed,ParticlesDetected,RainAbsolute,RainAccumulated,RainIntensity,RainRate,Temperature,VolumeEquivalentDiameter,WeatherCode4680,WindSpeed,0.144895674122176,0.020994756379319822
AverageParticleSpeed,Humidity,KineticEnergy,RainAbsolute,RainAccumulated,RainIntensity,SnowDepthIntensity,Temperature,WeatherCode4680,WindSpeed,0.14475392750839744,0.02095369952910638
Humidity,KineticEnergy,RainAbsolute,RainAccumulated,RainIntensity,SnowDepthIntensity,Temperature,VolumeEquivalentDiameter,WeatherCode4680,WindSpeed,0.14475392750839744,0.02095369952910638
Humidity,KineticEnergy,RainAbsolute,RainAccumulated,RainIntensity,RainRate,SnowDepthIntensity,Temperature,WeatherCode4680,WindSpeed,0.14475392750839738,0.020953699529106366
AverageParticleSpeed,KineticEnergy,ParticlesDetected,RainAbsolute,RainAccumulated,RainRate,Temperature,VolumeEquivalentDiameter,WeatherCode4680,WindSpeed,0.1446495991837955,0.020923506544032692
AverageParticleSpeed,ParticlesDetected,Pressure,RainAbsolute,RainAccumulated,RainIntensity,RainRate,Temperature,WeatherCode4680,WindSpeed,0.1445646454271556,0.020898936707479224
ParticlesDetected,Pressure,RainAbsolute,RainAccumulated,RainIntensity,RainRate,Temperature,VolumeEquivalentDiameter,WeatherCode4680,WindSpeed,0.1445646454271556,0.020898936707479224
AverageParticleSpeed,ParticlesDetected,Pressure,RainAbsolute,RainAccumulated,RainIntensity,Temperature,VolumeEquivalentDiameter,WeatherCode4680,WindSpeed,0.1445646454271555,0.02089893670747919
AverageParticleSpeed,Humidity,ParticlesDetected,Pressure,RainIntensity,RainRate,SnowDepthIntensity,Temperature,VolumeEquivalentDiameter,WindSpeed,-0.1444233796372385,0.020858112585841918
Humidity,KineticEnergy,Pressure,RainAbsolute,RainAccumulated,RainIntensity,SnowDepthIntensity,Temperature,WeatherCode4680,WindSpeed,0.14438440501581967,0.020846856411772252
KineticEnergy,ParticlesDetected,Pressure,RainAbsolute,RainAccumulated,RainRate,Temperature,VolumeEquivalentDiameter,WeatherCode4680,WindSpeed,0.14431878599033413,0.020827911989723863
AverageParticleSpeed,KineticEnergy,ParticlesDetected,Pressure,RainAbsolute,RainAccumulated,RainRate,Temperature,WeatherCode4680,WindSpeed,0.1443187859903341,0.020827911989723853
AverageParticleSpeed,KineticEnergy,ParticlesDetected,Pressure,RainAbsolute,RainAccumulated,Temperature,VolumeEquivalentDiameter,WeatherCode4680,WindSpeed,0.14431878599033401,0.020827911989723828
AverageParticleSpeed,KineticEnergy,ParticlesDetected,RainAbsolute,RainAccumulated,RainIntensity,Temperature,VolumeEquivalentDiameter,WeatherCode4680,WindSpeed,0.1439592873060585,0.020724276401668296
AverageParticleSpeed,KineticEnergy,ParticlesDetected,RainAbsolute,RainAccumulated,RainIntensity,RainRate,Temperature,WeatherCode4680,WindSpeed,0.1439592873060584,0.020724276401668264
KineticEnergy,ParticlesDetected,RainAbsolute,RainAccumulated,RainIntensity,RainRate,Temperature,VolumeEquivalentDiameter,WeatherCode4680,WindSpeed,0.14395928730605834,0.02072427640166825
AverageParticleSpeed,Humidity,KineticEnergy,ParticlesDetected,Pressure,RainRate,SnowDepthIntensity,Temperature,VolumeEquivalentDiameter,WindSpeed,-0.14384055914698354,0.02069010645571687
KineticEnergy,ParticlesDetected,Pressure,RainAbsolute,RainAccumulated,RainIntensity,Temperature,VolumeEquivalentDiameter,WeatherCode4680,WindSpeed,0.1436289727163294,0.020629281803548095
AverageParticleSpeed,KineticEnergy,ParticlesDetected,Pressure,RainAbsolute,RainAccumulated,RainIntensity,Temperature,WeatherCode4680,WindSpeed,0.14362897271632935,0.02062928180354808
KineticEnergy,ParticlesDetected,Pressure,RainAbsolute,RainAccumulated,RainIntensity,RainRate,Temperature,WeatherCode4680,WindSpeed,0.1436289727163292,0.02062928180354804
AverageParticleSpeed,RadarReflectivity,RainAbsolute,RainAccumulated,RainRate,SnowDepthIntensity,Temperature,VolumeEquivalentDiameter,WeatherCode4680,WindSpeed,0.14307388696292522,0.020470137130679904
AverageParticleSpeed,Humidity,Pressure,RadarReflectivity,RainIntensity,RainRate,SnowDepthIntensity,Temperature,VolumeEquivalentDiameter,WindSpeed,-0.1430559295454724,0.02046499897811916
Humidity,KineticEnergy,ParticlesDetected,Pressure,RainIntensity,RainRate,SnowDepthIntensity,Temperature,VolumeEquivalentDiameter,WindSpeed,-0.14280368164417895,0.02039289149113201
AverageParticleSpeed,Humidity,KineticEnergy,ParticlesDetected,Pressure,RainIntensity,RainRate,SnowDepthIntensity,Temperature,WindSpeed,-0.14280368164417892,0.020392891491132003
AverageParticleSpeed,Humidity,KineticEnergy,ParticlesDetected,Pressure,RainIntensity,SnowDepthIntensity,Temperature,VolumeEquivalentDiameter,WindSpeed,-0.14280368164417878,0.020392891491131965
AverageParticleSpeed,Pressure,RadarReflectivity,RainAbsolute,RainAccumulated,RainRate,SnowDepthIntensity,Temperature,WeatherCode4680,WindSpeed,0.14274769335215673,0.02037690395736137
AverageParticleSpeed,Pressure,RadarReflectivity,RainAbsolute,RainAccumulated,SnowDepthIntensity,Temperature,VolumeEquivalentDiameter,WeatherCode4680,WindSpeed,0.14274769335215673,0.02037690395736137
Pressure,RadarReflectivity,RainAbsolute,RainAccumulated,RainRate,SnowDepthIntensity,Temperature,VolumeEquivalentDiameter,WeatherCode4680,WindSpeed,0.14274769335215673,0.02037690395736137
AverageParticleSpeed,Humidity,KineticEnergy,Pressure,RadarReflectivity,RainRate,SnowDepthIntensity,Temperature,VolumeEquivalentDiameter,WindSpeed,-0.1425313147407652,0.02031517568173107
AverageParticleSpeed,RadarReflectivity,RainAbsolute,RainAccumulated,RainIntensity,SnowDepthIntensity,Temperature,VolumeEquivalentDiameter,WeatherCode4680,WindSpeed,0.14241763372192134,0.02028278239495135
RadarReflectivity,RainAbsolute,RainAccumulated,RainIntensity,RainRate,SnowDepthIntensity,Temperature,VolumeEquivalentDiameter,WeatherCode4680,WindSpeed,0.14241763372192134,0.02028278239495135
AverageParticleSpeed,RadarReflectivity,RainAbsolute,RainAccumulated,RainIntensity,RainRate,SnowDepthIntensity,Temperature,WeatherCode4680,WindSpeed,0.14241763372192132,0.020282782394951338
AverageParticleSpeed,KineticEnergy,RadarReflectivity,RainAbsolute,RainAccumulated,SnowDepthIntensity,Temperature,VolumeEquivalentDiameter,WeatherCode4680,WindSpeed,0.142192116685761,0.020218598047577075
AverageParticleSpeed,KineticEnergy,RadarReflectivity,RainAbsolute,RainAccumulated,RainRate,SnowDepthIntensity,Temperature,WeatherCode4680,WindSpeed,0.14219211668576098,0.020218598047577068
KineticEnergy,RadarReflectivity,RainAbsolute,RainAccumulated,RainRate,SnowDepthIntensity,Temperature,VolumeEquivalentDiameter,WeatherCode4680,WindSpeed,0.14219211668576093,0.02021859804757705
AverageParticleSpeed,Humidity,KineticEnergy,ParticlesDetected,Pressure,RainIntensity,RainRate,SnowDepthIntensity,VolumeEquivalentDiameter,WindSpeed,-0.1421465100091112,0.020205630307770346
Pressure,RadarReflectivity,RainAbsolute,RainAccumulated,RainIntensity,RainRate,SnowDepthIntensity,Temperature,WeatherCode4680,WindSpeed,0.1420919216092512,0.020190114186609584
AverageParticleSpeed,Pressure,RadarReflectivity,RainAbsolute,RainAccumulated,RainIntensity,SnowDepthIntensity,Temperature,WeatherCode4680,WindSpeed,0.14209192160925108,0.020190114186609553
Pressure,RadarReflectivity,RainAbsolute,RainAccumulated,RainIntensity,SnowDepthIntensity,Temperature,VolumeEquivalentDiameter,WeatherCode4680,WindSpeed,0.14209192160925105,0.020190114186609546
KineticEnergy,Pressure,RadarReflectivity,RainAbsolute,RainAccumulated,SnowDepthIntensity,Temperature,VolumeEquivalentDiameter,WeatherCode4680,WindSpeed,0.14186660834671308,0.02012613456379968
KineticEnergy,Pressure,RadarReflectivity,RainAbsolute,RainAccumulated,RainRate,SnowDepthIntensity,Temperature,WeatherCode4680,WindSpeed,0.14186660834671305,0.020126134563799674
AverageParticleSpeed,KineticEnergy,Pressure,RadarReflectivity,RainAbsolute,RainAccumulated,SnowDepthIntensity,Temperature,WeatherCode4680,WindSpeed,0.14186660834671302,0.020126134563799667
AverageParticleSpeed,Humidity,KineticEnergy,ParticlesDetected,RainIntensity,RainRate,SnowDepthIntensity,Temperature,VolumeEquivalentDiameter,WindSpeed,-0.14173369981221376,0.020088441662458722
Humidity,KineticEnergy,Pressure,RadarReflectivity,RainIntensity,RainRate,SnowDepthIntensity,Temperature,VolumeEquivalentDiameter,WindSpeed,-0.14157184156659688,0.02004258632455761
AverageParticleSpeed,Humidity,KineticEnergy,Pressure,RadarReflectivity,RainIntensity,SnowDepthIntensity,Temperature,VolumeEquivalentDiameter,WindSpeed,-0.14157184156659686,0.0200425863245576
AverageParticleSpeed,Humidity,KineticEnergy,Pressure,RadarReflectivity,RainIntensity,RainRate,SnowDepthIntensity,Temperature,WindSpeed,-0.14157184156659683,0.020042586324557594
AverageParticleSpeed,KineticEnergy,RadarReflectivity,RainAbsolute,RainAccumulated,RainIntensity,SnowDepthIntensity,Temperature,WeatherCode4680,WindSpeed,0.1415385916436479,0.020033172924467317
KineticEnergy,RadarReflectivity,RainAbsolute,RainAccumulated,RainIntensity,SnowDepthIntensity,Temperature,VolumeEquivalentDiameter,WeatherCode4680,WindSpeed,0.14153859164364785,0.0200331729244673
KineticEnergy,RadarReflectivity,RainAbsolute,RainAccumulated,RainIntensity,RainRate,SnowDepthIntensity,Temperature,WeatherCode4680,WindSpeed,0.14153859164364782,0.020033172924467293
AverageParticleSpeed,Humidity,KineticEnergy,Pressure,RadarReflectivity,RainIntensity,RainRate,SnowDepthIntensity,VolumeEquivalentDiameter,WindSpeed,-0.14147996679793745,0.020016581005145483
AverageParticleSpeed,Humidity,KineticEnergy,Pressure,RadarReflectivity,RainAbsolute,RainIntensity,RainRate,VolumeEquivalentDiameter,WindSpeed,0.1413958913737264,0.01999279809737064
AverageParticleSpeed,Humidity,KineticEnergy,Pressure,RadarReflectivity,RainAccumulated,RainIntensity,RainRate,VolumeEquivalentDiameter,WindSpeed,0.1413958913737264,0.01999279809737064
AverageParticleSpeed,Humidity,KineticEnergy,ParticlesDetected,Pressure,RainAbsolute,RainIntensity,RainRate,SnowDepthIntensity,VolumeEquivalentDiameter,0.14134182399326833,0.019977511209744045
AverageParticleSpeed,Humidity,KineticEnergy,ParticlesDetected,Pressure,RainAccumulated,RainIntensity,RainRate,SnowDepthIntensity,VolumeEquivalentDiameter,0.14134182399326833,0.019977511209744045
KineticEnergy,Pressure,RadarReflectivity,RainAbsolute,RainAccumulated,RainIntensity,SnowDepthIntensity,Temperature,WeatherCode4680,WindSpeed,0.1412135718723086,0.019941272880935664
AverageParticleSpeed,Humidity,KineticEnergy,RadarReflectivity,RainIntensity,RainRate,SnowDepthIntensity,Temperature,VolumeEquivalentDiameter,WindSpeed,-0.14044990927276194,0.01972617701472706
AverageParticleSpeed,ParticlesDetected,RainAbsolute,RainAccumulated,RainRate,SnowDepthIntensity,Temperature,VolumeEquivalentDiameter,WeatherCode4680,WindSpeed,0.13977616362330417,0.0195373759172487
AverageParticleSpeed,ParticlesDetected,Pressure,RainAbsolute,RainAccumulated,SnowDepthIntensity,Temperature,VolumeEquivalentDiameter,WeatherCode4680,WindSpeed,0.1394484322540616,0.019445865258115605
AverageParticleSpeed,ParticlesDetected,Pressure,RainAbsolute,RainAccumulated,RainRate,SnowDepthIntensity,Temperature,WeatherCode4680,WindSpeed,0.13944843225406145,0.019445865258115567
ParticlesDetected,Pressure,RainAbsolute,RainAccumulated,RainRate,SnowDepthIntensity,Temperature,VolumeEquivalentDiameter,WeatherCode4680,WindSpeed,0.13944843225406145,0.019445865258115567
AverageParticleSpeed,ParticlesDetected,RainAbsolute,RainAccumulated,RainIntensity,SnowDepthIntensity,Temperature,VolumeEquivalentDiameter,WeatherCode4680,WindSpeed,0.13911194194613294,0.01935213239202426
AverageParticleSpeed,ParticlesDetected,RainAbsolute,RainAccumulated,RainIntensity,RainRate,SnowDepthIntensity,Temperature,WeatherCode4680,WindSpeed,0.13911194194613288,0.019352132392024244
ParticlesDetected,RainAbsolute,RainAccumulated,RainIntensity,RainRate,SnowDepthIntensity,Temperature,VolumeEquivalentDiameter,WeatherCode4680,WindSpeed,0.13911194194613288,0.019352132392024244
KineticEnergy,ParticlesDetected,RainAbsolute,RainAccumulated,RainRate,SnowDepthIntensity,Temperature,VolumeEquivalentDiameter,WeatherCode4680,WindSpeed,0.1388788688696006,0.01928734021849972
AverageParticleSpeed,KineticEnergy,ParticlesDetected,RainAbsolute,RainAccumulated,RainRate,SnowDepthIntensity,Temperature,WeatherCode4680,WindSpeed,0.13887886886960057,0.01928734021849971
AverageParticleSpeed,KineticEnergy,ParticlesDetected,RainAbsolute,RainAccumulated,SnowDepthIntensity,Temperature,VolumeEquivalentDiameter,WeatherCode4680,WindSpeed,0.13887886886960046,0.01928734021849968
ParticlesDetected,Pressure,RainAbsolute,RainAccumulated,RainIntensity,RainRate,SnowDepthIntensity,Temperature,WeatherCode4680,WindSpeed,0.13878473904262056,0.01926120379112829
AverageParticleSpeed,ParticlesDetected,Pressure,RainAbsolute,RainAccumulated,RainIntensity,SnowDepthIntensity,Temperature,WeatherCode4680,WindSpeed,0.13878473904262034,0.019261203791128226
ParticlesDetected,Pressure,RainAbsolute,RainAccumulated,RainIntensity,SnowDepthIntensity,Temperature,VolumeEquivalentDiameter,WeatherCode4680,WindSpeed,0.13878473904262031,0.01926120379112822
KineticEnergy,ParticlesDetected,Pressure,RainAbsolute,RainAccumulated,SnowDepthIntensity,Temperature,VolumeEquivalentDiameter,WeatherCode4680,WindSpeed,0.13855189328746947,0.019196627133542327
KineticEnergy,ParticlesDetected,Pressure,RainAbsolute,RainAccumulated,RainRate,SnowDepthIntensity,Temperature,WeatherCode4680,WindSpeed,0.13855189328746945,0.01919662713354232
AverageParticleSpeed,KineticEnergy,ParticlesDetected,Pressure,RainAbsolute,RainAccumulated,SnowDepthIntensity,Temperature,WeatherCode4680,WindSpeed,0.13855189328746942,0.019196627133542313
AverageParticleSpeed,KineticEnergy,ParticlesDetected,RainAbsolute,RainAccumulated,RainIntensity,SnowDepthIntensity,Temperature,WeatherCode4680,WindSpeed,0.13821804268869073,0.019104227324692732
KineticEnergy,ParticlesDetected,RainAbsolute,RainAccumulated,RainIntensity,SnowDepthIntensity,Temperature,VolumeEquivalentDiameter,WeatherCode4680,WindSpeed,0.13821804268869073,0.019104227324692732
KineticEnergy,ParticlesDetected,RainAbsolute,RainAccumulated,RainIntensity,RainRate,SnowDepthIntensity,Temperature,WeatherCode4680,WindSpeed,0.13821804268869062,0.0191042273246927
KineticEnergy,ParticlesDetected,Pressure,RainAbsolute,RainAccumulated,RainIntensity,SnowDepthIntensity,Temperature,WeatherCode4680,WindSpeed,0.13789160231452846,0.01901409398886807
AverageParticleSpeed,KineticEnergy,ParticlesDetected,Pressure,RadarReflectivity,RainAbsolute,RainIntensity,RainRate,SnowDepthIntensity,VolumeEquivalentDiameter,0.13749515245182162,0.018904916947749668
AverageParticleSpeed,KineticEnergy,ParticlesDetected,Pressure,RadarReflectivity,RainAccumulated,RainIntensity,RainRate,SnowDepthIntensity,VolumeEquivalentDiameter,0.13749515245182162,0.018904916947749668
AverageParticleSpeed,Humidity,Pressure,RadarReflectivity,RainAbsolute,RainAccumulated,RainIntensity,RainRate,VolumeEquivalentDiameter,WeatherCode4680,0.1365897319547798,0.018656754875478593
AverageParticleSpeed,Humidity,KineticEnergy,Pressure,RadarReflectivity,RainAbsolute,RainAccumulated,RainRate,VolumeEquivalentDiameter,WeatherCode4680,0.1363750478888985,0.018598153686699363
AverageParticleSpeed,Humidity,KineticEnergy,ParticlesDetected,Pressure,RainAbsolute,RainIntensity,RainRate,Temperature,VolumeEquivalentDiameter,0.136369701241766,0.018596695416768515
AverageParticleSpeed,Humidity,KineticEnergy,ParticlesDetected,Pressure,RainAccumulated,RainIntensity,RainRate,Temperature,VolumeEquivalentDiameter,0.136369701241766,0.018596695416768515
AverageParticleSpeed,Humidity,KineticEnergy,RadarReflectivity,RainAbsolute,RainAccumulated,RainIntensity,RainRate,VolumeEquivalentDiameter,WeatherCode4680,0.1360716367496161,0.018515490327719472
AverageParticleSpeed,Humidity,KineticEnergy,Pressure,RadarReflectivity,RainAbsolute,RainAccumulated,RainIntensity,VolumeEquivalentDiameter,WeatherCode4680,0.13574751810405503,0.018427388671410746
Humidity,KineticEnergy,Pressure,RadarReflectivity,RainAbsolute,RainAccumulated,RainIntensity,RainRate,VolumeEquivalentDiameter,WeatherCode4680,0.13574751810405472,0.018427388671410663
AverageParticleSpeed,Humidity,KineticEnergy,Pressure,RadarReflectivity,RainAbsolute,RainAccumulated,RainIntensity,RainRate,WeatherCode4680,0.1357475181040547,0.018427388671410656
AverageParticleSpeed,KineticEnergy,ParticlesDetected,Pressure,RadarReflectivity,RainAbsolute,RainIntensity,RainRate,Temperature,VolumeEquivalentDiameter,0.1350646772701638,0.018242467046093502
AverageParticleSpeed,KineticEnergy,ParticlesDetected,Pressure,RadarReflectivity,RainAccumulated,RainIntensity,RainRate,Temperature,VolumeEquivalentDiameter,0.1350646772701638,0.018242467046093502
AverageParticleSpeed,Humidity,Pressure,RadarReflectivity,RainAbsolute,RainIntensity,RainRate,SnowDepthIntensity,Temperature,VolumeEquivalentDiameter,0.13498658858633145,0.01822137909817551
AverageParticleSpeed,Humidity,Pressure,RadarReflectivity,RainAccumulated,RainIntensity,RainRate,SnowDepthIntensity,Temperature,VolumeEquivalentDiameter,0.13498658858633145,0.01822137909817551
AverageParticleSpeed,Humidity,KineticEnergy,Pressure,RadarReflectivity,RainAbsolute,RainRate,SnowDepthIntensity,Temperature,VolumeEquivalentDiameter,0.13443474436198172,0.018072700491671374
AverageParticleSpeed,Humidity,KineticEnergy,Pressure,RadarReflectivity,RainAccumulated,RainRate,SnowDepthIntensity,Temperature,VolumeEquivalentDiameter,0.13443474436198172,0.018072700491671374
AverageParticleSpeed,Humidity,KineticEnergy,RadarReflectivity,RainAbsolute,RainIntensity,RainRate,SnowDepthIntensity,Temperature,VolumeEquivalentDiameter,0.13369196674841033,0.017873541973058054
AverageParticleSpeed,Humidity,KineticEnergy,RadarReflectivity,RainAccumulated,RainIntensity,RainRate,SnowDepthIntensity,Temperature,VolumeEquivalentDiameter,0.13369196674841033,0.017873541973058054
AverageParticleSpeed,Humidity,ParticlesDetected,Pressure,RainAbsolute,RainAccumulated,RainIntensity,RainRate,VolumeEquivalentDiameter,WeatherCode4680,0.13344536895455938,0.01780766649541848
AverageParticleSpeed,Humidity,KineticEnergy,ParticlesDetected,Pressure,RainAbsolute,RainAccumulated,RainRate,VolumeEquivalentDiameter,WeatherCode4680,0.13322281742930467,0.017748319083801842
AverageParticleSpeed,Humidity,KineticEnergy,Pressure,RadarReflectivity,RainAbsolute,RainIntensity,SnowDepthIntensity,Temperature,VolumeEquivalentDiameter,0.1329210967880347,0.01766801797133409
AverageParticleSpeed,Humidity,KineticEnergy,Pressure,RadarReflectivity,RainAccumulated,RainIntensity,SnowDepthIntensity,Temperature,VolumeEquivalentDiameter,0.1329210967880347,0.01766801797133409
AverageParticleSpeed,Humidity,KineticEnergy,Pressure,RadarReflectivity,RainAbsolute,RainIntensity,RainRate,SnowDepthIntensity,Temperature,0.13292109678803454,0.017668017971334046
AverageParticleSpeed,Humidity,KineticEnergy,Pressure,RadarReflectivity,RainAccumulated,RainIntensity,RainRate,SnowDepthIntensity,Temperature,0.13292109678803454,0.017668017971334046
Humidity,KineticEnergy,Pressure,RadarReflectivity,RainAbsolute,RainIntensity,RainRate,SnowDepthIntensity,Temperature,VolumeEquivalentDiameter,0.13292109678803443,0.017668017971334018
Humidity,KineticEnergy,Pressure,RadarReflectivity,RainAccumulated,RainIntensity,RainRate,SnowDepthIntensity,Temperature,VolumeEquivalentDiameter,0.13292109678803443,0.017668017971334018
AverageParticleSpeed,Humidity,KineticEnergy,ParticlesDetected,RainAbsolute,RainAccumulated,RainIntensity,RainRate,VolumeEquivalentDiameter,WeatherCode4680,0.13291256004882057,0.017665748618731335
Humidity,KineticEnergy,ParticlesDetected,Pressure,RainAbsolute,RainAccumulated,RainIntensity,RainRate,VolumeEquivalentDiameter,WeatherCode4680,0.13258674676458493,0.01757924541761617
AverageParticleSpeed,Humidity,KineticEnergy,ParticlesDetected,Pressure,RainAbsolute,RainAccumulated,RainIntensity,RainRate,WeatherCode4680,0.13258674676458487,0.017579245417616157
AverageParticleSpeed,Humidity,KineticEnergy,ParticlesDetected,Pressure,RainAbsolute,RainAccumulated,RainIntensity,VolumeEquivalentDiameter,WeatherCode4680,0.13258674676458482,0.017579245417616143
AverageParticleSpeed,Humidity,Pressure,RadarReflectivity,RainAbsolute,RainAccumulated,RainRate,SnowDepthIntensity,VolumeEquivalentDiameter,WeatherCode4680,0.13177771693368712,0.017365366680254967
AverageParticleSpeed,ParticlesDetected,Pressure,RadarReflectivity,RainAbsolute,RainAccumulated,RainIntensity,RainRate,VolumeEquivalentDiameter,WeatherCode4680,0.13175662587809842,0.017359808462781193
AverageParticleSpeed,KineticEnergy,ParticlesDetected,Pressure,RadarReflectivity,RainAbsolute,RainAccumulated,RainRate,VolumeEquivalentDiameter,WeatherCode4680,0.13155609074571692,0.017307005012295304
AverageParticleSpeed,Humidity,RadarReflectivity,RainAbsolute,RainAccumulated,RainIntensity,RainRate,SnowDepthIntensity,VolumeEquivalentDiameter,WeatherCode4680,0.13149403291882084,0.017290680693255938
AverageParticleSpeed,Humidity,KineticEnergy,RadarReflectivity,RainAbsolute,RainAccumulated,RainRate,SnowDepthIntensity,VolumeEquivalentDiameter,WeatherCode4680,0.13128968708836694,0.017236981935761304
AverageParticleSpeed,KineticEnergy,ParticlesDetected,RadarReflectivity,RainAbsolute,RainAccumulated,RainIntensity,RainRate,VolumeEquivalentDiameter,WeatherCode4680,0.1312859938764803,0.01723601218813522
AverageParticleSpeed,Humidity,Pressure,RadarReflectivity,RainAbsolute,RainAccumulated,RainIntensity,RainRate,SnowDepthIntensity,WeatherCode4680,0.13117292773376327,0.01720633697024708
Humidity,Pressure,RadarReflectivity,RainAbsolute,RainAccumulated,RainIntensity,RainRate,SnowDepthIntensity,VolumeEquivalentDiameter,WeatherCode4680,0.13117292773376324,0.017206336970247073
AverageParticleSpeed,Humidity,Pressure,RadarReflectivity,RainAbsolute,RainAccumulated,RainIntensity,SnowDepthIntensity,VolumeEquivalentDiameter,WeatherCode4680,0.13117292773376307,0.01720633697024703
KineticEnergy,ParticlesDetected,Pressure,RadarReflectivity,RainAbsolute,RainAccumulated,RainIntensity,RainRate,VolumeEquivalentDiameter,WeatherCode4680,0.1309961943261517,0.0171600029279349
AverageParticleSpeed,KineticEnergy,ParticlesDetected,Pressure,RadarReflectivity,RainAbsolute,RainAccumulated,RainIntensity,RainRate,WeatherCode4680,0.13099619432615164,0.017160002927934886
AverageParticleSpeed,KineticEnergy,ParticlesDetected,Pressure,RadarReflectivity,RainAbsolute,RainAccumulated,RainIntensity,VolumeEquivalentDiameter,WeatherCode4680,0.13099619432615153,0.017160002927934855
AverageParticleSpeed,Humidity,KineticEnergy,Pressure,RadarReflectivity,RainAbsolute,RainAccumulated,SnowDepthIntensity,VolumeEquivalentDiameter,WeatherCode4680,0.13096878514854476,0.01715282268328568
Humidity,KineticEnergy,Pressure,RadarReflectivity,RainAbsolute,RainAccumulated,RainRate,SnowDepthIntensity,VolumeEquivalentDiameter,WeatherCode4680,0.13096878514854446,0.0171528226832856
AverageParticleSpeed,Humidity,KineticEnergy,Pressure,RadarReflectivity,RainAbsolute,RainAccumulated,RainRate,SnowDepthIntensity,WeatherCode4680,0.13096878514854443,0.017152822683285593
AverageParticleSpeed,Humidity,KineticEnergy,RadarReflectivity,RainAbsolute,RainAccumulated,RainIntensity,SnowDepthIntensity,VolumeEquivalentDiameter,WeatherCode4680,0.13068693023880712,0.01707907373524284
AverageParticleSpeed,Humidity,KineticEnergy,RadarReflectivity,RainAbsolute,RainAccumulated,RainIntensity,RainRate,SnowDepthIntensity,WeatherCode4680,0.13068693023880704,0.017079073735242818
Humidity,KineticEnergy,RadarReflectivity,RainAbsolute,RainAccumulated,RainIntensity,RainRate,SnowDepthIntensity,VolumeEquivalentDiameter,WeatherCode4680,0.130686930238807,0.01707907373524281
Humidity,KineticEnergy,Pressure,RadarReflectivity,RainAbsolute,RainAccumulated,RainIntensity,RainRate,SnowDepthIntensity,WeatherCode4680,0.13036652053986844,0.01699542967767194
AverageParticleSpeed,Humidity,KineticEnergy,Pressure,RadarReflectivity,RainAbsolute,RainAccumulated,RainIntensity,SnowDepthIntensity,WeatherCode4680,0.13036652053986825,0.01699542967767189
Humidity,KineticEnergy,Pressure,RadarReflectivity,RainAbsolute,RainAccumulated,RainIntensity,SnowDepthIntensity,VolumeEquivalentDiameter,WeatherCode4680,0.13036652053986822,0.016995429677671883
AverageParticleSpeed,Humidity,Pressure,RadarReflectivity,RainAbsolute,RainAccumulated,RainRate,Temperature,VolumeEquivalentDiameter,WeatherCode4680,0.12981423514864,0.016851735647226397
AverageParticleSpeed,Humidity,RadarReflectivity,RainAbsolute,RainAccumulated,RainIntensity,RainRate,Temperature,VolumeEquivalentDiameter,WeatherCode4680,0.1295435381436646,0.016781528274779082
AverageParticleSpeed,Humidity,KineticEnergy,RadarReflectivity,RainAbsolute,RainAccumulated,RainRate,Temperature,VolumeEquivalentDiameter,WeatherCode4680,0.12934171912027523,0.01672928030498817
Humidity,Pressure,RadarReflectivity,RainAbsolute,RainAccumulated,RainIntensity,RainRate,Temperature,VolumeEquivalentDiameter,WeatherCode4680,0.1292196309794137,0.01669771303045585
AverageParticleSpeed,Humidity,Pressure,RadarReflectivity,RainAbsolute,RainAccumulated,RainIntensity,RainRate,Temperature,WeatherCode4680,0.12921963097941366,0.016697713030455842
AverageParticleSpeed,Humidity,Pressure,RadarReflectivity,RainAbsolute,RainAccumulated,RainIntensity,Temperature,VolumeEquivalentDiameter,WeatherCode4680,0.12921963097941355,0.016697713030455814
AverageParticleSpeed,Humidity,KineticEnergy,Pressure,RadarReflectivity,RainAbsolute,RainAccumulated,RainRate,Temperature,WeatherCode4680,0.1290180206294739,0.01664564964714735
Humidity,KineticEnergy,Pressure,RadarReflectivity,RainAbsolute,RainAccumulated,RainRate,Temperature,VolumeEquivalentDiameter,WeatherCode4680,0.12901802062947385,0.016645649647147338
AverageParticleSpeed,Humidity,KineticEnergy,Pressure,RadarReflectivity,RainAbsolute,RainAccumulated,Temperature,VolumeEquivalentDiameter,WeatherCode4680,0.1290180206294738,0.016645649647147324
AverageParticleSpeed,Humidity,KineticEnergy,RadarReflectivity,RainAbsolute,RainAccumulated,RainIntensity,RainRate,Temperature,WeatherCode4680,0.1287489658946576,0.016576296218943704
Humidity,KineticEnergy,RadarReflectivity,RainAbsolute,RainAccumulated,RainIntensity,RainRate,Temperature,VolumeEquivalentDiameter,WeatherCode4680,0.12874896589465754,0.01657629621894369
AverageParticleSpeed,Humidity,KineticEnergy,RadarReflectivity,RainAbsolute,RainAccumulated,RainIntensity,Temperature,VolumeEquivalentDiameter,WeatherCode4680,0.12874896589465745,0.01657629621894367
AverageParticleSpeed,Humidity,ParticlesDetected,Pressure,RainAbsolute,RainAccumulated,RainRate,SnowDepthIntensity,VolumeEquivalentDiameter,WeatherCode4680,0.12869618615900452,0.016562708331873146
AverageParticleSpeed,Humidity,KineticEnergy,ParticlesDetected,Pressure,RainAbsolute,RainIntensity,RainRate,VolumeEquivalentDiameter,WindSpeed,0.1285428862867851,0.016523273614937363
AverageParticleSpeed,Humidity,KineticEnergy,ParticlesDetected,Pressure,RainAccumulated,RainIntensity,RainRate,VolumeEquivalentDiameter,WindSpeed,0.1285428862867851,0.016523273614937363
Humidity,KineticEnergy,Pressure,RadarReflectivity,RainAbsolute,RainAccumulated,RainIntensity,Temperature,VolumeEquivalentDiameter,WeatherCode4680,0.1284257680652352,0.016493177903145587
AverageParticleSpeed,Humidity,KineticEnergy,Pressure,RadarReflectivity,RainAbsolute,RainAccumulated,RainIntensity,Temperature,WeatherCode4680,0.12842576806523517,0.01649317790314558
Humidity,KineticEnergy,Pressure,RadarReflectivity,RainAbsolute,RainAccumulated,RainIntensity,RainRate,Temperature,WeatherCode4680,0.12842576806523506,0.01649317790314555
AverageParticleSpeed,Humidity,ParticlesDetected,RainAbsolute,RainAccumulated,RainIntensity,RainRate,SnowDepthIntensity,VolumeEquivalentDiameter,WeatherCode4680,0.12840675435360088,0.016488294563626
AverageParticleSpeed,Humidity,KineticEnergy,ParticlesDetected,RainAbsolute,RainAccumulated,RainRate,SnowDepthIntensity,VolumeEquivalentDiameter,WeatherCode4680,0.12819560505261876,0.01643411315480701
AverageParticleSpeed,Humidity,ParticlesDetected,Pressure,RainAbsolute,RainAccumulated,RainIntensity,RainRate,SnowDepthIntensity,WeatherCode4680,0.12808412081287576,0.016405542004407355
Humidity,ParticlesDetected,Pressure,RainAbsolute,RainAccumulated,RainIntensity,RainRate,SnowDepthIntensity,VolumeEquivalentDiameter,WeatherCode4680,0.1280841208128757,0.01640554200440734
AverageParticleSpeed,Humidity,ParticlesDetected,Pressure,RainAbsolute,RainAccumulated,RainIntensity,SnowDepthIntensity,VolumeEquivalentDiameter,WeatherCode4680,0.12808412081287568,0.016405542004407334
AverageParticleSpeed,Humidity,Pressure,RadarReflectivity,RainAbsolute,RainIntensity,RainRate,SnowDepthIntensity,VolumeEquivalentDiameter,WindSpeed,0.12794523722552092,0.016369983728694824
AverageParticleSpeed,Humidity,Pressure,RadarReflectivity,RainAccumulated,RainIntensity,RainRate,SnowDepthIntensity,VolumeEquivalentDiameter,WindSpeed,0.12794523722552092,0.016369983728694824
AverageParticleSpeed,Humidity,KineticEnergy,ParticlesDetected,Pressure,RainAbsolute,RainAccumulated,RainRate,SnowDepthIntensity,WeatherCode4680,0.1278731973938965,0.016351554611738418
Humidity,KineticEnergy,ParticlesDetected,Pressure,RainAbsolute,RainAccumulated,RainRate,SnowDepthIntensity,VolumeEquivalentDiameter,WeatherCode4680,0.1278731973938965,0.016351554611738418
AverageParticleSpeed,Humidity,KineticEnergy,ParticlesDetected,Pressure,RainAbsolute,RainAccumulated,SnowDepthIntensity,VolumeEquivalentDiameter,WeatherCode4680,0.12787319739389647,0.01635155461173841
AverageParticleSpeed,Humidity,KineticEnergy,ParticlesDetected,RainAbsolute,RainAccumulated,RainIntensity,RainRate,SnowDepthIntensity,WeatherCode4680,0.1275861158067569,0.016278216946655186
Humidity,KineticEnergy,ParticlesDetected,RainAbsolute,RainAccumulated,RainIntensity,RainRate,SnowDepthIntensity,VolumeEquivalentDiameter,WeatherCode4680,0.1275861158067569,0.016278216946655186
AverageParticleSpeed,Humidity,KineticEnergy,ParticlesDetected,RainAbsolute,RainAccumulated,RainIntensity,SnowDepthIntensity,VolumeEquivalentDiameter,WeatherCode4680,0.12758611580675683,0.016278216946655166
AverageParticleSpeed,ParticlesDetected,Pressure,RadarReflectivity,RainAbsolute,RainAccumulated,RainRate,SnowDepthIntensity,VolumeEquivalentDiameter,WeatherCode4680,0.1275726845895087,0.016274789853374272
AverageParticleSpeed,Humidity,KineticEnergy,Pressure,RadarReflectivity,RainAbsolute,RainRate,SnowDepthIntensity,VolumeEquivalentDiameter,WindSpeed,0.1273324691436926,0.016213557698229426
AverageParticleSpeed,Humidity,KineticEnergy,Pressure,RadarReflectivity,RainAccumulated,RainRate,SnowDepthIntensity,VolumeEquivalentDiameter,WindSpeed,0.1273324691436926,0.016213557698229426
AverageParticleSpeed,ParticlesDetected,RadarReflectivity,RainAbsolute,RainAccumulated,RainIntensity,RainRate,SnowDepthIntensity,VolumeEquivalentDiameter,WeatherCode4680,0.12731912883566188,0.016210160567471866
AverageParticleSpeed,KineticEnergy,ParticlesDetected,Pressure,RadarReflectivity,RainAbsolute,RainIntensity,RainRate,VolumeEquivalentDiameter,WindSpeed,0.1272917101033502,0.016203179461035347
AverageParticleSpeed,KineticEnergy,ParticlesDetected,Pressure,RadarReflectivity,RainAccumulated,RainIntensity,RainRate,VolumeEquivalentDiameter,WindSpeed,0.1272917101033502,0.016203179461035347
AverageParticleSpeed,Humidity,KineticEnergy,ParticlesDetected,Pressure,RainAbsolute,RainAccumulated,RainIntensity,SnowDepthIntensity,WeatherCode4680,0.12726424501419073,0.01619618805903197
Humidity,KineticEnergy,ParticlesDetected,Pressure,RainAbsolute,RainAccumulated,RainIntensity,SnowDepthIntensity,VolumeEquivalentDiameter,WeatherCode4680,0.1272642450141907,0.016196188059031964
Humidity,KineticEnergy,ParticlesDetected,Pressure,RainAbsolute,RainAccumulated,RainIntensity,RainRate,SnowDepthIntensity,WeatherCode4680,0.12726424501419062,0.016196188059031943
AverageParticleSpeed,KineticEnergy,ParticlesDetected,RadarReflectivity,RainAbsolute,RainAccumulated,RainRate,SnowDepthIntensity,VolumeEquivalentDiameter,WeatherCode4680,0.12712813708009038,0.01616156323745425
AverageParticleSpeed,ParticlesDetected,Pressure,RadarReflectivity,RainAbsolute,RainAccumulated,RainIntensity,SnowDepthIntensity,VolumeEquivalentDiameter,WeatherCode4680,0.12703213753790185,0.016137163967448413
AverageParticleSpeed,ParticlesDetected,Pressure,RadarReflectivity,RainAbsolute,RainAccumulated,RainIntensity,RainRate,SnowDepthIntensity,WeatherCode4680,0.12703213753790174,0.016137163967448385
ParticlesDetected,Pressure,RadarReflectivity,RainAbsolute,RainAccumulated,RainIntensity,RainRate,SnowDepthIntensity,VolumeEquivalentDiameter,WeatherCode4680,0.12703213753790174,0.016137163967448385
KineticEnergy,ParticlesDetected,Pressure,RadarReflectivity,RainAbsolute,RainAccumulated,RainRate,SnowDepthIntensity,VolumeEquivalentDiameter,WeatherCode4680,0.12684134417845144,0.01608872659299638
AverageParticleSpeed,KineticEnergy,ParticlesDetected,Pressure,RadarReflectivity,RainAbsolute,RainAccumulated,RainRate,SnowDepthIntensity,WeatherCode4680,0.12684134417845142,0.016088726592996372
AverageParticleSpeed,KineticEnergy,ParticlesDetected,Pressure,RadarReflectivity,RainAbsolute,RainAccumulated,SnowDepthIntensity,VolumeEquivalentDiameter,WeatherCode4680,0.12684134417845142,0.016088726592996372
AverageParticleSpeed,Humidity,ParticlesDetected,Pressure,RainAbsolute,RainAccumulated,RainRate,Temperature,VolumeEquivalentDiameter,WeatherCode4680,0.12677921000406178,0.016072968089254
AverageParticleSpeed,Humidity,Pressure,RadarReflectivity,RainAbsolute,RainAccumulated,RainRate,VolumeEquivalentDiameter,WeatherCode4680,WindSpeed,0.12664174213125953,0.016038130850040435
AverageParticleSpeed,KineticEnergy,ParticlesDetected,RadarReflectivity,RainAbsolute,RainAccumulated,RainIntensity,SnowDepthIntensity,VolumeEquivalentDiameter,WeatherCode4680,0.1265897574873601,0.016024966700708642
AverageParticleSpeed,KineticEnergy,ParticlesDetected,RadarReflectivity,RainAbsolute,RainAccumulated,RainIntensity,RainRate,SnowDepthIntensity,WeatherCode4680,0.12658975748735932,0.016024966700708444
KineticEnergy,ParticlesDetected,RadarReflectivity,RainAbsolute,RainAccumulated,RainIntensity,RainRate,SnowDepthIntensity,VolumeEquivalentDiameter,WeatherCode4680,0.1265897574873593,0.016024966700708437
AverageParticleSpeed,Humidity,KineticEnergy,RadarReflectivity,RainAbsolute,RainIntensity,RainRate,SnowDepthIntensity,VolumeEquivalentDiameter,WindSpeed,0.12655898194281004,0.016017175910400517
AverageParticleSpeed,Humidity,KineticEnergy,RadarReflectivity,RainAccumulated,RainIntensity,RainRate,SnowDepthIntensity,VolumeEquivalentDiameter,WindSpeed,0.12655898194281004,0.016017175910400517
AverageParticleSpeed,Humidity,ParticlesDetected,RainAbsolute,RainAccumulated,RainIntensity,RainRate,Temperature,VolumeEquivalentDiameter,WeatherCode4680,0.12650220973313075,0.016002809067365002
AverageParticleSpeed,Humidity,RadarReflectivity,RainAbsolute,RainAccumulated,RainIntensity,RainRate,VolumeEquivalentDiameter,WeatherCode4680,WindSpeed,0.12637064205387769,0.015969539173109278
KineticEnergy,ParticlesDetected,Pressure,RadarReflectivity,RainAbsolute,RainAccumulated,RainIntensity,RainRate,SnowDepthIntensity,WeatherCode4680,0.12630342713221673,0.015952555705343183
AverageParticleSpeed,KineticEnergy,ParticlesDetected,Pressure,RadarReflectivity,RainAbsolute,RainAccumulated,RainIntensity,SnowDepthIntensity,WeatherCode4680,0.12630342713221662,0.015952555705343156
KineticEnergy,ParticlesDetected,Pressure,RadarReflectivity,RainAbsolute,RainAccumulated,RainIntensity,SnowDepthIntensity,VolumeEquivalentDiameter,WeatherCode4680,0.12630342713221662,0.015952555705343156
AverageParticleSpeed,Humidity,KineticEnergy,ParticlesDetected,RainAbsolute,RainAccumulated,RainRate,Temperature,VolumeEquivalentDiameter,WeatherCode4680,0.12629342132210283,0.01595002826924218
AverageParticleSpeed,ParticlesDetected,Pressure,RadarReflectivity,RainAbsolute,RainIntensity,RainRate,SnowDepthIntensity,Temperature,VolumeEquivalentDiameter,0.1262552164794548,0.015940379688273998
AverageParticleSpeed,ParticlesDetected,Pressure,RadarReflectivity,RainAccumulated,RainIntensity,RainRate,SnowDepthIntensity,Temperature,VolumeEquivalentDiameter,0.1262552164794548,0.015940379688273998
AverageParticleSpeed,Humidity,ParticlesDetected,Pressure,RainAbsolute,RainAccumulated,RainIntensity,Temperature,VolumeEquivalentDiameter,WeatherCode4680,0.12617670538989365,0.015920560983048015
Humidity,ParticlesDetected,Pressure,RainAbsolute,RainAccumulated,RainIntensity,RainRate,Temperature,VolumeEquivalentDiameter,WeatherCode4680,0.12617670538989362,0.015920560983048008
AverageParticleSpeed,Humidity,ParticlesDetected,Pressure,RainAbsolute,RainAccumulated,RainIntensity,RainRate,Temperature,WeatherCode4680,0.1261767053898936,0.015920560983048
AverageParticleSpeed,Humidity,KineticEnergy,RadarReflectivity,RainAbsolute,RainAccumulated,RainRate,VolumeEquivalentDiameter,WeatherCode4680,WindSpeed,0.12616202467829707,0.015916856470927238
AverageParticleSpeed,ParticlesDetected,Pressure,RadarReflectivity,RainAbsolute,RainAccumulated,RainRate,Temperature,VolumeEquivalentDiameter,WeatherCode4680,0.12613569402825078,0.0159102133079885
AverageParticleSpeed,Humidity,Pressure,RadarReflectivity,RainAbsolute,RainAccumulated,RainIntensity,VolumeEquivalentDiameter,WeatherCode4680,WindSpeed,0.12602917968688523,0.015883354132549207
Humidity,Pressure,RadarReflectivity,RainAbsolute,RainAccumulated,RainIntensity,RainRate,VolumeEquivalentDiameter,WeatherCode4680,WindSpeed,0.12602917968688515,0.015883354132549186
AverageParticleSpeed,Humidity,Pressure,RadarReflectivity,RainAbsolute,RainAccumulated,RainIntensity,RainRate,WeatherCode4680,WindSpeed,0.12602917968688512,0.01588335413254918
AverageParticleSpeed,Humidity,KineticEnergy,ParticlesDetected,Pressure,RainAbsolute,RainAccumulated,RainRate,Temperature,WeatherCode4680,0.1259681488581146,0.01586797452674012
AverageParticleSpeed,Humidity,KineticEnergy,ParticlesDetected,Pressure,RainAbsolute,RainAccumulated,Temperature,VolumeEquivalentDiameter,WeatherCode4680,0.1259681488581146,0.01586797452674012
Humidity,KineticEnergy,ParticlesDetected,Pressure,RainAbsolute,RainAccumulated,RainRate,Temperature,VolumeEquivalentDiameter,WeatherCode4680,0.1259681488581146,0.01586797452674012
AverageParticleSpeed,ParticlesDetected,RadarReflectivity,RainAbsolute,RainAccumulated,RainIntensity,RainRate,Temperature,VolumeEquivalentDiameter,WeatherCode4680,0.125889506670489,0.015848167889739098
AverageParticleSpeed,Humidity,KineticEnergy,Pressure,RadarReflectivity,RainAbsolute,RainAccumulated,VolumeEquivalentDiameter,WeatherCode4680,WindSpeed,0.12582081305414836,0.01583087699760695
Humidity,KineticEnergy,Pressure,RadarReflectivity,RainAbsolute,RainAccumulated,RainRate,VolumeEquivalentDiameter,WeatherCode4680,WindSpeed,0.12582081305414833,0.015830876997606942
AverageParticleSpeed,Humidity,KineticEnergy,Pressure,RadarReflectivity,RainAbsolute,RainAccumulated,RainRate,WeatherCode4680,WindSpeed,0.1258208130541483,0.015830876997606935
AverageParticleSpeed,KineticEnergy,ParticlesDetected,Pressure,RadarReflectivity,RainAbsolute,RainRate,SnowDepthIntensity,Temperature,VolumeEquivalentDiameter,0.1257974290636448,0.015824993159022745
AverageParticleSpeed,KineticEnergy,ParticlesDetected,Pressure,RadarReflectivity,RainAccumulated,RainRate,SnowDepthIntensity,Temperature,VolumeEquivalentDiameter,0.1257974290636448,0.015824993159022745
AverageParticleSpeed,KineticEnergy,ParticlesDetected,RadarReflectivity,RainAbsolute,RainAccumulated,RainRate,Temperature,VolumeEquivalentDiameter,WeatherCode4680,0.12569940040069633,0.015800339261094577
Humidity,KineticEnergy,ParticlesDetected,RainAbsolute,RainAccumulated,RainIntensity,RainRate,Temperature,VolumeEquivalentDiameter,WeatherCode4680,0.12569331678304263,0.015798809883922307
AverageParticleSpeed,Humidity,KineticEnergy,ParticlesDetected,RainAbsolute,RainAccumulated,RainIntensity,RainRate,Temperature,WeatherCode4680,0.1256933167830426,0.0157988098839223
AverageParticleSpeed,Humidity,KineticEnergy,ParticlesDetected,RainAbsolute,RainAccumulated,RainIntensity,Temperature,VolumeEquivalentDiameter,WeatherCode4680,0.1256933167830424,0.015798809883922252
AverageParticleSpeed,Humidity,KineticEnergy,Pressure,RadarReflectivity,RainAbsolute,RainIntensity,SnowDepthIntensity,VolumeEquivalentDiameter,WindSpeed,0.1256765894864941,0.015794605144956758
AverageParticleSpeed,Humidity,KineticEnergy,Pressure,RadarReflectivity,RainAccumulated,RainIntensity,SnowDepthIntensity,VolumeEquivalentDiameter,WindSpeed,0.1256765894864941,0.015794605144956758
AverageParticleSpeed,Humidity,KineticEnergy,Pressure,RadarReflectivity,RainAbsolute,RainIntensity,RainRate,SnowDepthIntensity,WindSpeed,0.12567658948649388,0.015794605144956703
AverageParticleSpeed,Humidity,KineticEnergy,Pressure,RadarReflectivity,RainAccumulated,RainIntensity,RainRate,SnowDepthIntensity,WindSpeed,0.12567658948649388,0.015794605144956703
Humidity,KineticEnergy,Pressure,RadarReflectivity,RainAbsolute,RainIntensity,RainRate,SnowDepthIntensity,VolumeEquivalentDiameter,WindSpeed,0.12567658948649385,0.015794605144956696
Humidity,KineticEnergy,Pressure,RadarReflectivity,RainAccumulated,RainIntensity,RainRate,SnowDepthIntensity,VolumeEquivalentDiameter,WindSpeed,0.12567658948649385,0.015794605144956696
AverageParticleSpeed,ParticlesDetected,Pressure,RadarReflectivity,RainAbsolute,RainAccumulated,RainIntensity,Temperature,VolumeEquivalentDiameter,WeatherCode4680,0.12560000386375622,0.015775360970575577
AverageParticleSpeed,ParticlesDetected,Pressure,RadarReflectivity,RainAbsolute,RainAccumulated,RainIntensity,RainRate,Temperature,WeatherCode4680,0.12560000386375605,0.015775360970575535
ParticlesDetected,Pressure,RadarReflectivity,RainAbsolute,RainAccumulated,RainIntensity,RainRate,Temperature,VolumeEquivalentDiameter,WeatherCode4680,0.12560000386375603,0.01577536097057553
AverageParticleSpeed,Humidity,KineticEnergy,RadarReflectivity,RainAbsolute,RainAccumulated,RainIntensity,VolumeEquivalentDiameter,WeatherCode4680,WindSpeed,0.1255515671741978,0.0157631960198971
AverageParticleSpeed,Humidity,KineticEnergy,RadarReflectivity,RainAbsolute,RainAccumulated,RainIntensity,RainRate,WeatherCode4680,WindSpeed,0.12555156717419766,0.015763196019897067
Humidity,KineticEnergy,RadarReflectivity,RainAbsolute,RainAccumulated,RainIntensity,RainRate,VolumeEquivalentDiameter,WeatherCode4680,WindSpeed,0.12555156717419755,0.01576319601989704
AverageParticleSpeed,KineticEnergy,ParticlesDetected,Pressure,RadarReflectivity,RainAbsolute,RainAccumulated,RainRate,Temperature,WeatherCode4680,0.12541010056571755,0.01572769332390339
KineticEnergy,ParticlesDetected,Pressure,RadarReflectivity,RainAbsolute,RainAccumulated,RainRate,Temperature,VolumeEquivalentDiameter,WeatherCode4680,0.12541010056571752,0.015727693323903384
AverageParticleSpeed,KineticEnergy,ParticlesDetected,Pressure,RadarReflectivity,RainAbsolute,RainAccumulated,Temperature,VolumeEquivalentDiameter,WeatherCode4680,0.12541010056571741,0.015727693323903356
AverageParticleSpeed,Humidity,KineticEnergy,ParticlesDetected,Pressure,RainAbsolute,RainAccumulated,RainIntensity,Temperature,WeatherCode4680,0.12536859033874467,0.015717283443523983
Humidity,KineticEnergy,ParticlesDetected,Pressure,RainAbsolute,RainAccumulated,RainIntensity,RainRate,Temperature,WeatherCode4680,0.12536859033874467,0.015717283443523983
Humidity,KineticEnergy,ParticlesDetected,Pressure,RainAbsolute,RainAccumulated,RainIntensity,Temperature,VolumeEquivalentDiameter,WeatherCode4680,0.12536859033874467,0.015717283443523983
AverageParticleSpeed,KineticEnergy,ParticlesDetected,RadarReflectivity,RainAbsolute,RainIntensity,RainRate,SnowDepthIntensity,Temperature,VolumeEquivalentDiameter,0.1252210025012382,0.0156802994674151
AverageParticleSpeed,KineticEnergy,ParticlesDetected,RadarReflectivity,RainAccumulated,RainIntensity,RainRate,SnowDepthIntensity,Temperature,VolumeEquivalentDiameter,0.1252210025012382,0.0156802994674151
AverageParticleSpeed,Humidity,KineticEnergy,Pressure,RadarReflectivity,RainAbsolute,RainAccumulated,RainIntensity,WeatherCode4680,WindSpeed,0.12521095886157393,0.01567778421903476
Humidity,KineticEnergy,Pressure,RadarReflectivity,RainAbsolute,RainAccumulated,RainIntensity,VolumeEquivalentDiameter,WeatherCode4680,WindSpeed,0.1252109588615739,0.015677784219034752
Humidity,KineticEnergy,Pressure,RadarReflectivity,RainAbsolute,RainAccumulated,RainIntensity,RainRate,WeatherCode4680,WindSpeed,0.1252109588615738,0.015677784219034725
KineticEnergy,ParticlesDetected,RadarReflectivity,RainAbsolute,RainAccumulated,RainIntensity,RainRate,Temperature,VolumeEquivalentDiameter,WeatherCode4680,0.12516579029790195,0.015666475060898365
AverageParticleSpeed,KineticEnergy,ParticlesDetected,RadarReflectivity,RainAbsolute,RainAccumulated,RainIntensity,RainRate,Temperature,WeatherCode4680,0.12516579029790192,0.01566647506089836
AverageParticleSpeed,KineticEnergy,ParticlesDetected,RadarReflectivity,RainAbsolute,RainAccumulated,RainIntensity,Temperature,VolumeEquivalentDiameter,WeatherCode4680,0.12516579029790176,0.015666475060898317
AverageParticleSpeed,Humidity,ParticlesDetected,Pressure,RainAbsolute,RainIntensity,RainRate,SnowDepthIntensity,Temperature,VolumeEquivalentDiameter,0.1251478641149216,0.01566198789252688
AverageParticleSpeed,Humidity,ParticlesDetected,Pressure,RainAccumulated,RainIntensity,RainRate,SnowDepthIntensity,Temperature,VolumeEquivalentDiameter,0.1251478641149216,0.01566198789252688
AverageParticleSpeed,Humidity,RadarReflectivity,RainAbsolute,RainAccumulated,RainRate,SnowDepthIntensity,Temperature,VolumeEquivalentDiameter,WeatherCode4680,0.12498778041449694,0.015621945252942505
KineticEnergy,ParticlesDetected,Pressure,RadarReflectivity,RainAbsolute,RainAccumulated,RainIntensity,RainRate,Temperature,WeatherCode4680,0.12487695969886849,0.015594255063632824
AverageParticleSpeed,KineticEnergy,ParticlesDetected,Pressure,RadarReflectivity,RainAbsolute,RainAccumulated,RainIntensity,Temperature,WeatherCode4680,0.12487695969886836,0.015594255063632793
KineticEnergy,ParticlesDetected,Pressure,RadarReflectivity,RainAbsolute,RainAccumulated,RainIntensity,Temperature,VolumeEquivalentDiameter,WeatherCode4680,0.12487695969886836,0.015594255063632793
AverageParticleSpeed,Humidity,Pressure,RadarReflectivity,RainAbsolute,RainAccumulated,RainRate,SnowDepthIntensity,Temperature,WeatherCode4680,0.1246673743885556,0.015541954236936288
Humidity,Pressure,RadarReflectivity,RainAbsolute,RainAccumulated,RainRate,SnowDepthIntensity,Temperature,VolumeEquivalentDiameter,WeatherCode4680,0.12466737438855557,0.015541954236936282
AverageParticleSpeed,Humidity,Pressure,RadarReflectivity,RainAbsolute,RainAccumulated,SnowDepthIntensity,Temperature,VolumeEquivalentDiameter,WeatherCode4680,0.12466737438855553,0.015541954236936271
KineticEnergy,ParticlesDetected,Pressure,RadarReflectivity,RainAbsolute,RainIntensity,RainRate,SnowDepthIntensity,Temperature,VolumeEquivalentDiameter,0.12461901952231699,0.015529900026703623
KineticEnergy,ParticlesDetected,Pressure,RadarReflectivity,RainAccumulated,RainIntensity,RainRate,SnowDepthIntensity,Temperature,VolumeEquivalentDiameter,0.12461901952231699,0.015529900026703623
AverageParticleSpeed,KineticEnergy,ParticlesDetected,Pressure,RadarReflectivity,RainAbsolute,RainIntensity,RainRate,SnowDepthIntensity,Temperature,0.12461901952231694,0.015529900026703609
AverageParticleSpeed,KineticEnergy,ParticlesDetected,Pressure,RadarReflectivity,RainAbsolute,RainIntensity,SnowDepthIntensity,Temperature,VolumeEquivalentDiameter,0.12461901952231694,0.015529900026703609
AverageParticleSpeed,KineticEnergy,ParticlesDetected,Pressure,RadarReflectivity,RainAccumulated,RainIntensity,RainRate,SnowDepthIntensity,Temperature,0.12461901952231694,0.015529900026703609
AverageParticleSpeed,KineticEnergy,ParticlesDetected,Pressure,RadarReflectivity,RainAccumulated,RainIntensity,SnowDepthIntensity,Temperature,VolumeEquivalentDiameter,0.12461901952231694,0.015529900026703609
AverageParticleSpeed,Humidity,KineticEnergy,ParticlesDetected,Pressure,RainAbsolute,RainRate,SnowDepthIntensity,Temperature,VolumeEquivalentDiameter,0.12458491027831028,0.015521399869054623
AverageParticleSpeed,Humidity,KineticEnergy,ParticlesDetected,Pressure,RainAccumulated,RainRate,SnowDepthIntensity,Temperature,VolumeEquivalentDiameter,0.12458491027831028,0.015521399869054623
Humidity,RadarReflectivity,RainAbsolute,RainAccumulated,RainIntensity,RainRate,SnowDepthIntensity,Temperature,VolumeEquivalentDiameter,WeatherCode4680,0.12441638410544309,0.015479436633873151
AverageParticleSpeed,Humidity,RadarReflectivity,RainAbsolute,RainAccumulated,RainIntensity,RainRate,SnowDepthIntensity,Temperature,WeatherCode4680,0.124416384105443,0.015479436633873132
AverageParticleSpeed,Humidity,RadarReflectivity,RainAbsolute,RainAccumulated,RainIntensity,SnowDepthIntensity,Temperature,VolumeEquivalentDiameter,WeatherCode4680,0.12441638410544288,0.0154794366338731
AverageParticleSpeed,Humidity,KineticEnergy,RadarReflectivity,RainAbsolute,RainAccumulated,RainRate,SnowDepthIntensity,Temperature,WeatherCode4680,0.12422442183354662,0.015431706979878935
AverageParticleSpeed,Humidity,KineticEnergy,RadarReflectivity,RainAbsolute,RainAccumulated,SnowDepthIntensity,Temperature,VolumeEquivalentDiameter,WeatherCode4680,0.1242244218335466,0.015431706979878928
Humidity,KineticEnergy,RadarReflectivity,RainAbsolute,RainAccumulated,RainRate,SnowDepthIntensity,Temperature,VolumeEquivalentDiameter,WeatherCode4680,0.12422442183354654,0.015431706979878914
Humidity,Pressure,RadarReflectivity,RainAbsolute,RainAccumulated,RainIntensity,RainRate,SnowDepthIntensity,Temperature,WeatherCode4680,0.12409650036572148,0.01539994140301951
Humidity,Pressure,RadarReflectivity,RainAbsolute,RainAccumulated,RainIntensity,SnowDepthIntensity,Temperature,VolumeEquivalentDiameter,WeatherCode4680,0.12409650036572142,0.015399941403019498
AverageParticleSpeed,Humidity,Pressure,RadarReflectivity,RainAbsolute,RainAccumulated,RainIntensity,SnowDepthIntensity,Temperature,WeatherCode4680,0.1240965003657214,0.015399941403019491
Humidity,KineticEnergy,Pressure,RadarReflectivity,RainAbsolute,RainAccumulated,RainRate,SnowDepthIntensity,Temperature,WeatherCode4680,0.12390475467547021,0.015352388231188457
AverageParticleSpeed,Humidity,KineticEnergy,Pressure,RadarReflectivity,RainAbsolute,RainAccumulated,SnowDepthIntensity,Temperature,WeatherCode4680,0.12390475467547009,0.015352388231188428
Humidity,KineticEnergy,Pressure,RadarReflectivity,RainAbsolute,RainAccumulated,SnowDepthIntensity,Temperature,VolumeEquivalentDiameter,WeatherCode4680,0.12390475467547009,0.015352388231188428
AverageParticleSpeed,Humidity,KineticEnergy,ParticlesDetected,RainAbsolute,RainIntensity,RainRate,SnowDepthIntensity,Temperature,VolumeEquivalentDiameter,0.12387156391110721,0.015344164345783517
AverageParticleSpeed,Humidity,KineticEnergy,ParticlesDetected,RainAccumulated,RainIntensity,RainRate,SnowDepthIntensity,Temperature,VolumeEquivalentDiameter,0.12387156391110721,0.015344164345783517
AverageParticleSpeed,Humidity,KineticEnergy,RadarReflectivity,RainAbsolute,RainAccumulated,RainIntensity,SnowDepthIntensity,Temperature,WeatherCode4680,0.12365543828998307,0.015290667418687811
Humidity,KineticEnergy,RadarReflectivity,RainAbsolute,RainAccumulated,RainIntensity,SnowDepthIntensity,Temperature,VolumeEquivalentDiameter,WeatherCode4680,0.12365543828998304,0.015290667418687804
Humidity,KineticEnergy,RadarReflectivity,RainAbsolute,RainAccumulated,RainIntensity,RainRate,SnowDepthIntensity,Temperature,WeatherCode4680,0.12365543828998297,0.015290667418687788
AverageParticleSpeed,Humidity,ParticlesDetected,Pressure,RainAbsolute,RainAccumulated,RainRate,VolumeEquivalentDiameter,WeatherCode4680,WindSpeed,0.12341048827858973,0.015230148617159933
Humidity,KineticEnergy,Pressure,RadarReflectivity,RainAbsolute,RainAccumulated,RainIntensity,SnowDepthIntensity,Temperature,WeatherCode4680,0.1233362987658436,0.015211842593257432
AverageParticleSpeed,Humidity,ParticlesDetected,RainAbsolute,RainAccumulated,RainIntensity,RainRate,VolumeEquivalentDiameter,WeatherCode4680,WindSpeed,0.12313404381161078,0.015161992745399682
AverageParticleSpeed,Humidity,KineticEnergy,ParticlesDetected,Pressure,RainAbsolute,RainIntensity,RainRate,SnowDepthIntensity,Temperature,0.12309830629161055,0.015153193011863164
AverageParticleSpeed,Humidity,KineticEnergy,ParticlesDetected,Pressure,RainAccumulated,RainIntensity,RainRate,SnowDepthIntensity,Temperature,0.12309830629161055,0.015153193011863164
Humidity,KineticEnergy,ParticlesDetected,Pressure,RainAbsolute,RainIntensity,RainRate,SnowDepthIntensity,Temperature,VolumeEquivalentDiameter,0.12309830629161055,0.015153193011863164
Humidity,KineticEnergy,ParticlesDetected,Pressure,RainAccumulated,RainIntensity,RainRate,SnowDepthIntensity,Temperature,VolumeEquivalentDiameter,0.12309830629161055,0.015153193011863164
AverageParticleSpeed,Humidity,KineticEnergy,ParticlesDetected,Pressure,RainAbsolute,RainIntensity,SnowDepthIntensity,Temperature,VolumeEquivalentDiameter,0.1230983062916104,0.015153193011863127
AverageParticleSpeed,Humidity,KineticEnergy,ParticlesDetected,Pressure,RainAccumulated,RainIntensity,SnowDepthIntensity,Temperature,VolumeEquivalentDiameter,0.1230983062916104,0.015153193011863127
AverageParticleSpeed,Humidity,KineticEnergy,ParticlesDetected,RainAbsolute,RainAccumulated,RainRate,VolumeEquivalentDiameter,WeatherCode4680,WindSpeed,0.12291871196545043,0.015109009751245366
AverageParticleSpeed,Humidity,ParticlesDetected,Pressure,RainAbsolute,RainAccumulated,RainIntensity,RainRate,WeatherCode4680,WindSpeed,0.1227911225595506,0.015077659779434578
AverageParticleSpeed,Humidity,ParticlesDetected,Pressure,RainAbsolute,RainAccumulated,RainIntensity,VolumeEquivalentDiameter,WeatherCode4680,WindSpeed,0.12279112255955055,0.015077659779434564
Humidity,ParticlesDetected,Pressure,RainAbsolute,RainAccumulated,RainIntensity,RainRate,VolumeEquivalentDiameter,WeatherCode4680,WindSpeed,0.12279112255955055,0.015077659779434564
AverageParticleSpeed,ParticlesDetected,Pressure,RadarReflectivity,RainAbsolute,RainAccumulated,RainRate,VolumeEquivalentDiameter,WeatherCode4680,WindSpeed,0.12278267814304861,0.015075586051979466
AverageParticleSpeed,Humidity,KineticEnergy,ParticlesDetected,Pressure,RainAbsolute,RainAccumulated,VolumeEquivalentDiameter,WeatherCode4680,WindSpeed,0.12257606836794555,0.015024892536543261
AverageParticleSpeed,Humidity,KineticEnergy,ParticlesDetected,Pressure,RainAbsolute,RainAccumulated,RainRate,WeatherCode4680,WindSpeed,0.12257606836794545,0.015024892536543237
Humidity,KineticEnergy,ParticlesDetected,Pressure,RainAbsolute,RainAccumulated,RainRate,VolumeEquivalentDiameter,WeatherCode4680,WindSpeed,0.12257606836794545,0.015024892536543237
AverageParticleSpeed,ParticlesDetected,RadarReflectivity,RainAbsolute,RainAccumulated,RainIntensity,RainRate,VolumeEquivalentDiameter,WeatherCode4680,WindSpeed,0.12254038648658748,0.01501614632028223
AverageParticleSpeed,KineticEnergy,ParticlesDetected,RadarReflectivity,RainAbsolute,RainAccumulated,RainRate,VolumeEquivalentDiameter,WeatherCode4680,WindSpeed,0.12234661124305188,0.014968693282658468
AverageParticleSpeed,Humidity,KineticEnergy,ParticlesDetected,RainAbsolute,RainAccumulated,RainIntensity,VolumeEquivalentDiameter,WeatherCode4680,WindSpeed,0.12230203533121582,0.014957787846157963
AverageParticleSpeed,Humidity,KineticEnergy,ParticlesDetected,RainAbsolute,RainAccumulated,RainIntensity,RainRate,WeatherCode4680,WindSpeed,0.12230203533121549,0.014957787846157882
Humidity,KineticEnergy,ParticlesDetected,RainAbsolute,RainAccumulated,RainIntensity,RainRate,VolumeEquivalentDiameter,WeatherCode4680,WindSpeed,0.12230203533121549,0.014957787846157882
ParticlesDetected,Pressure,RadarReflectivity,RainAbsolute,RainAccumulated,RainIntensity,RainRate,VolumeEquivalentDiameter,WeatherCode4680,WindSpeed,0.12223796596544108,0.014942120323368332
AverageParticleSpeed,ParticlesDetected,Pressure,RadarReflectivity,RainAbsolute,RainAccumulated,RainIntensity,RainRate,WeatherCode4680,WindSpeed,0.12223796596544105,0.014942120323368325
AverageParticleSpeed,ParticlesDetected,Pressure,RadarReflectivity,RainAbsolute,RainAccumulated,RainIntensity,VolumeEquivalentDiameter,WeatherCode4680,WindSpeed,0.12223796596544086,0.014942120323368276
AverageParticleSpeed,Humidity,Pressure,RadarReflectivity,RainAbsolute,RainIntensity,RainRate,Temperature,VolumeEquivalentDiameter,WindSpeed,0.12217916049048275,0.01492774725815914
AverageParticleSpeed,Humidity,Pressure,RadarReflectivity,RainAccumulated,RainIntensity,RainRate,Temperature,VolumeEquivalentDiameter,WindSpeed,0.12217916049048275,0.01492774725815914
KineticEnergy,ParticlesDetected,Pressure,RadarReflectivity,RainAbsolute,RainAccumulated,RainRate,VolumeEquivalentDiameter,WeatherCode4680,WindSpeed,0.1220444266429926,0.014894842074616802
AverageParticleSpeed,KineticEnergy,ParticlesDetected,Pressure,RadarReflectivity,RainAbsolute,RainAccumulated,RainRate,WeatherCode4680,WindSpeed,0.12204442664299257,0.014894842074616796
AverageParticleSpeed,KineticEnergy,ParticlesDetected,Pressure,RadarReflectivity,RainAbsolute,RainAccumulated,VolumeEquivalentDiameter,WeatherCode4680,WindSpeed,0.12204442664299257,0.014894842074616796
AverageParticleSpeed,Humidity,ParticlesDetected,RainAbsolute,RainAccumulated,RainRate,SnowDepthIntensity,Temperature,VolumeEquivalentDiameter,WeatherCode4680,0.12200618708048086,0.014885509685917295
Humidity,KineticEnergy,ParticlesDetected,Pressure,RainAbsolute,RainAccumulated,RainIntensity,RainRate,WeatherCode4680,WindSpeed,0.12196004677425507,0.014874253009178483
Humidity,KineticEnergy,ParticlesDetected,Pressure,RainAbsolute,RainAccumulated,RainIntensity,VolumeEquivalentDiameter,WeatherCode4680,WindSpeed,0.12196004677425472,0.014874253009178398
AverageParticleSpeed,Humidity,KineticEnergy,ParticlesDetected,Pressure,RainAbsolute,RainAccumulated,RainIntensity,WeatherCode4680,WindSpeed,0.12196004677425469,0.014874253009178391
AverageParticleSpeed,ParticlesDetected,RadarReflectivity,RainAbsolute,RainAccumulated,RainRate,SnowDepthIntensity,Temperature,VolumeEquivalentDiameter,WeatherCode4680,0.12189065262139767,0.014857331196470239
AverageParticleSpeed,KineticEnergy,ParticlesDetected,RadarReflectivity,RainAbsolute,RainAccumulated,RainIntensity,RainRate,WeatherCode4680,WindSpeed,0.12180413543209782,0.014836247408360828
KineticEnergy,ParticlesDetected,RadarReflectivity,RainAbsolute,RainAccumulated,RainIntensity,RainRate,VolumeEquivalentDiameter,WeatherCode4680,WindSpeed,0.12180413543209782,0.014836247408360828
AverageParticleSpeed,KineticEnergy,ParticlesDetected,RadarReflectivity,RainAbsolute,RainAccumulated,RainIntensity,VolumeEquivalentDiameter,WeatherCode4680,WindSpeed,0.12180413543209773,0.014836247408360806
AverageParticleSpeed,Humidity,RadarReflectivity,RainAbsolute,RainAccumulated,RainRate,SnowDepthIntensity,VolumeEquivalentDiameter,WeatherCode4680,WindSpeed,0.12168937699827179,0.014808304474227518
AverageParticleSpeed,Humidity,ParticlesDetected,Pressure,RainAbsolute,RainAccumulated,RainRate,SnowDepthIntensity,Temperature,WeatherCode4680,0.12168435852556894,0.014807083109779203
Humidity,ParticlesDetected,Pressure,RainAbsolute,RainAccumulated,RainRate,SnowDepthIntensity,Temperature,VolumeEquivalentDiameter,WeatherCode4680,0.12168435852556894,0.014807083109779203
AverageParticleSpeed,Humidity,ParticlesDetected,Pressure,RainAbsolute,RainAccumulated,SnowDepthIntensity,Temperature,VolumeEquivalentDiameter,WeatherCode4680,0.12168435852556878,0.014807083109779162
AverageParticleSpeed,ParticlesDetected,Pressure,RadarReflectivity,RainAbsolute,RainAccumulated,SnowDepthIntensity,Temperature,VolumeEquivalentDiameter,WeatherCode4680,0.12160431936604468,0.01478761048847899
AverageParticleSpeed,ParticlesDetected,Pressure,RadarReflectivity,RainAbsolute,RainAccumulated,RainRate,SnowDepthIntensity,Temperature,WeatherCode4680,0.12160431936604466,0.014787610488478983
ParticlesDetected,Pressure,RadarReflectivity,RainAbsolute,RainAccumulated,RainRate,SnowDepthIntensity,Temperature,VolumeEquivalentDiameter,WeatherCode4680,0.12160431936604466,0.014787610488478983
AverageParticleSpeed,Humidity,KineticEnergy,Pressure,RadarReflectivity,RainAbsolute,RainRate,Temperature,VolumeEquivalentDiameter,WindSpeed,0.12159104721015956,0.014784382761663252
AverageParticleSpeed,Humidity,KineticEnergy,Pressure,RadarReflectivity,RainAccumulated,RainRate,Temperature,VolumeEquivalentDiameter,WindSpeed,0.12159104721015956,0.014784382761663252
KineticEnergy,ParticlesDetected,Pressure,RadarReflectivity,RainAbsolute,RainAccumulated,RainIntensity,VolumeEquivalentDiameter,WeatherCode4680,WindSpeed,0.12150249663079232,0.0147628566875157
AverageParticleSpeed,KineticEnergy,ParticlesDetected,Pressure,RadarReflectivity,RainAbsolute,RainAccumulated,RainIntensity,WeatherCode4680,WindSpeed,0.12150249663079227,0.014762856687515686
KineticEnergy,ParticlesDetected,Pressure,RadarReflectivity,RainAbsolute,RainAccumulated,RainIntensity,RainRate,WeatherCode4680,WindSpeed,0.1215024966307922,0.014762856687515669
AverageParticleSpeed,Humidity,ParticlesDetected,RainAbsolute,RainAccumulated,RainIntensity,RainRate,SnowDepthIntensity,Temperature,WeatherCode4680,0.12142856556059144,0.014744896534102853
Humidity,ParticlesDetected,RainAbsolute,RainAccumulated,RainIntensity,RainRate,SnowDepthIntensity,Temperature,VolumeEquivalentDiameter,WeatherCode4680,0.12142856556059144,0.014744896534102853
AverageParticleSpeed,Humidity,ParticlesDetected,RainAbsolute,RainAccumulated,RainIntensity,SnowDepthIntensity,Temperature,VolumeEquivalentDiameter,WeatherCode4680,0.12142856556059137,0.014744896534102835
AverageParticleSpeed,ParticlesDetected,RadarReflectivity,RainAbsolute,RainAccumulated,RainIntensity,SnowDepthIntensity,Temperature,VolumeEquivalentDiameter,WeatherCode4680,0.12137541385554955,0.01473199108860593
ParticlesDetected,RadarReflectivity,RainAbsolute,RainAccumulated,RainIntensity,RainRate,SnowDepthIntensity,Temperature,VolumeEquivalentDiameter,WeatherCode4680,0.12137541385554952,0.014731991088605923
AverageParticleSpeed,ParticlesDetected,RadarReflectivity,RainAbsolute,RainAccumulated,RainIntensity,RainRate,SnowDepthIntensity,Temperature,WeatherCode4680,0.1213754138555495,0.014731991088605916
AverageParticleSpeed,Humidity,Pressure,RadarReflectivity,RainAbsolute,RainAccumulated,SnowDepthIntensity,VolumeEquivalentDiameter,WeatherCode4680,WindSpeed,0.12135214568295233,0.014726343261856486
AverageParticleSpeed,Humidity,Pressure,RadarReflectivity,RainAbsolute,RainAccumulated,RainRate,SnowDepthIntensity,WeatherCode4680,WindSpeed,0.12135214568295206,0.014726343261856421
Humidity,Pressure,RadarReflectivity,RainAbsolute,RainAccumulated,RainRate,SnowDepthIntensity,VolumeEquivalentDiameter,WeatherCode4680,WindSpeed,0.12135214568295205,0.014726343261856418
AverageParticleSpeed,Humidity,KineticEnergy,ParticlesDetected,RainAbsolute,RainAccumulated,SnowDepthIntensity,Temperature,VolumeEquivalentDiameter,WeatherCode4680,0.12123060260327034,0.014696859007552058
Humidity,KineticEnergy,ParticlesDetected,RainAbsolute,RainAccumulated,RainRate,SnowDepthIntensity,Temperature,VolumeEquivalentDiameter,WeatherCode4680,0.12123060260327032,0.01469685900755205
AverageParticleSpeed,Humidity,KineticEnergy,ParticlesDetected,RainAbsolute,RainAccumulated,RainRate,SnowDepthIntensity,Temperature,WeatherCode4680,0.12123060260327029,0.014696859007552045
AverageParticleSpeed,KineticEnergy,ParticlesDetected,RadarReflectivity,RainAbsolute,RainAccumulated,SnowDepthIntensity,Temperature,VolumeEquivalentDiameter,WeatherCode4680,0.12119449835293562,0.014688106431019716
AverageParticleSpeed,KineticEnergy,ParticlesDetected,RadarReflectivity,RainAbsolute,RainAccumulated,RainRate,SnowDepthIntensity,Temperature,WeatherCode4680,0.12119449835293544,0.014688106431019672
KineticEnergy,ParticlesDetected,RadarReflectivity,RainAbsolute,RainAccumulated,RainRate,SnowDepthIntensity,Temperature,VolumeEquivalentDiameter,WeatherCode4680,0.12119449835293544,0.014688106431019672
AverageParticleSpeed,Humidity,ParticlesDetected,Pressure,RainAbsolute,RainAccumulated,RainIntensity,SnowDepthIntensity,Temperature,WeatherCode4680,0.12110730277238152,0.014666978784801289
Humidity,ParticlesDetected,Pressure,RainAbsolute,RainAccumulated,RainIntensity,RainRate,SnowDepthIntensity,Temperature,WeatherCode4680,0.12110730277238152,0.014666978784801289
Humidity,ParticlesDetected,Pressure,RainAbsolute,RainAccumulated,RainIntensity,SnowDepthIntensity,Temperature,VolumeEquivalentDiameter,WeatherCode4680,0.12110730277238152,0.014666978784801289
Humidity,RadarReflectivity,RainAbsolute,RainAccumulated,RainIntensity,RainRate,SnowDepthIntensity,VolumeEquivalentDiameter,WeatherCode4680,WindSpeed,0.12110237470583876,0.014665785159393376
AverageParticleSpeed,Humidity,RadarReflectivity,RainAbsolute,RainAccumulated,RainIntensity,SnowDepthIntensity,VolumeEquivalentDiameter,WeatherCode4680,WindSpeed,0.12110237470583872,0.014665785159393365
AverageParticleSpeed,Humidity,RadarReflectivity,RainAbsolute,RainAccumulated,RainIntensity,RainRate,SnowDepthIntensity,WeatherCode4680,WindSpeed,0.12110237470583858,0.014665785159393332
AverageParticleSpeed,ParticlesDetected,Pressure,RadarReflectivity,RainAbsolute,RainAccumulated,RainIntensity,SnowDepthIntensity,Temperature,WeatherCode4680,0.12108956037850473,0.014662681632659541
ParticlesDetected,Pressure,RadarReflectivity,RainAbsolute,RainAccumulated,RainIntensity,RainRate,SnowDepthIntensity,Temperature,WeatherCode4680,0.12108956037850473,0.014662681632659541
ParticlesDetected,Pressure,RadarReflectivity,RainAbsolute,RainAccumulated,RainIntensity,SnowDepthIntensity,Temperature,VolumeEquivalentDiameter,WeatherCode4680,0.12108956037850473,0.014662681632659541
AverageParticleSpeed,Humidity,KineticEnergy,RadarReflectivity,RainAbsolute,RainIntensity,RainRate,Temperature,VolumeEquivalentDiameter,WindSpeed,0.12092117189195731,0.014621929811724286
AverageParticleSpeed,Humidity,KineticEnergy,RadarReflectivity,RainAccumulated,RainIntensity,RainRate,Temperature,VolumeEquivalentDiameter,WindSpeed,0.12092117189195731,0.014621929811724286
Humidity,KineticEnergy,ParticlesDetected,Pressure,RainAbsolute,RainAccumulated,RainRate,SnowDepthIntensity,Temperature,WeatherCode4680,0.12090957862509807,0.014619126203298773
AverageParticleSpeed,Humidity,KineticEnergy,ParticlesDetected,Pressure,RainAbsolute,RainAccumulated,SnowDepthIntensity,Temperature,WeatherCode4680,0.12090957862509795,0.014619126203298742
Humidity,KineticEnergy,ParticlesDetected,Pressure,RainAbsolute,RainAccumulated,SnowDepthIntensity,Temperature,VolumeEquivalentDiameter,WeatherCode4680,0.12090957862509791,0.014619126203298733
AverageParticleSpeed,KineticEnergy,ParticlesDetected,Pressure,RadarReflectivity,RainAbsolute,RainAccumulated,SnowDepthIntensity,Temperature,WeatherCode4680,0.1209088510689519,0.01461895026681399
KineticEnergy,ParticlesDetected,Pressure,RadarReflectivity,RainAbsolute,RainAccumulated,SnowDepthIntensity,Temperature,VolumeEquivalentDiameter,WeatherCode4680,0.1209088510689519,0.01461895026681399
KineticEnergy,ParticlesDetected,Pressure,RadarReflectivity,RainAbsolute,RainAccumulated,RainRate,SnowDepthIntensity,Temperature,WeatherCode4680,0.12090885106895187,0.014618950266813984
AverageParticleSpeed,Humidity,KineticEnergy,RadarReflectivity,RainAbsolute,RainAccumulated,SnowDepthIntensity,VolumeEquivalentDiameter,WeatherCode4680,WindSpeed,0.12090465378207123,0.01461793530616251
AverageParticleSpeed,Humidity,KineticEnergy,RadarReflectivity,RainAbsolute,RainAccumulated,RainRate,SnowDepthIntensity,WeatherCode4680,WindSpeed,0.12090465378207114,0.01461793530616249
Humidity,KineticEnergy,RadarReflectivity,RainAbsolute,RainAccumulated,RainRate,SnowDepthIntensity,VolumeEquivalentDiameter,WeatherCode4680,WindSpeed,0.12090465378207095,0.014617935306162443
Humidity,Pressure,RadarReflectivity,RainAbsolute,RainAccumulated,RainIntensity,RainRate,SnowDepthIntensity,WeatherCode4680,WindSpeed,0.12076576614362554,0.014584370272256852
AverageParticleSpeed,Humidity,Pressure,RadarReflectivity,RainAbsolute,RainAccumulated,RainIntensity,SnowDepthIntensity,WeatherCode4680,WindSpeed,0.12076576614362544,0.01458437027225683
Humidity,Pressure,RadarReflectivity,RainAbsolute,RainAccumulated,RainIntensity,SnowDepthIntensity,VolumeEquivalentDiameter,WeatherCode4680,WindSpeed,0.12076576614362544,0.01458437027225683
KineticEnergy,ParticlesDetected,RadarReflectivity,RainAbsolute,RainAccumulated,RainIntensity,RainRate,SnowDepthIntensity,Temperature,WeatherCode4680,0.12068177184130296,0.014564090054756305
AverageParticleSpeed,KineticEnergy,ParticlesDetected,RadarReflectivity,RainAbsolute,RainAccumulated,RainIntensity,SnowDepthIntensity,Temperature,WeatherCode4680,0.12068177184130278,0.014564090054756262
KineticEnergy,ParticlesDetected,RadarReflectivity,RainAbsolute,RainAccumulated,RainIntensity,SnowDepthIntensity,Temperature,VolumeEquivalentDiameter,WeatherCode4680,0.12068177184130278,0.014564090054756262
Humidity,KineticEnergy,ParticlesDetected,RainAbsolute,RainAccumulated,RainIntensity,SnowDepthIntensity,Temperature,VolumeEquivalentDiameter,WeatherCode4680,0.12065591935558816,0.014557850875542193
Humidity,KineticEnergy,ParticlesDetected,RainAbsolute,RainAccumulated,RainIntensity,RainRate,SnowDepthIntensity,Temperature,WeatherCode4680,0.12065591935558813,0.014557850875542186
AverageParticleSpeed,Humidity,KineticEnergy,ParticlesDetected,RainAbsolute,RainAccumulated,RainIntensity,SnowDepthIntensity,Temperature,WeatherCode4680,0.1206559193555881,0.01455785087554218
Humidity,KineticEnergy,Pressure,RadarReflectivity,RainAbsolute,RainAccumulated,RainRate,SnowDepthIntensity,WeatherCode4680,WindSpeed,0.12056830251987792,0.0145367155725248
Humidity,KineticEnergy,Pressure,RadarReflectivity,RainAbsolute,RainAccumulated,SnowDepthIntensity,VolumeEquivalentDiameter,WeatherCode4680,WindSpeed,0.1205683025198778,0.014536715572524771
AverageParticleSpeed,Humidity,KineticEnergy,Pressure,RadarReflectivity,RainAbsolute,RainAccumulated,SnowDepthIntensity,WeatherCode4680,WindSpeed,0.1205683025198777,0.014536715572524747
KineticEnergy,ParticlesDetected,Pressure,RadarReflectivity,RainAbsolute,RainAccumulated,RainIntensity,SnowDepthIntensity,Temperature,WeatherCode4680,0.12039660722375659,0.014495343030991516
Humidity,KineticEnergy,ParticlesDetected,Pressure,RainAbsolute,RainAccumulated,RainIntensity,SnowDepthIntensity,Temperature,WeatherCode4680,0.12033546608598313,0.014480624398130795
AverageParticleSpeed,Humidity,KineticEnergy,RadarReflectivity,RainAbsolute,RainAccumulated,RainIntensity,SnowDepthIntensity,WeatherCode4680,WindSpeed,0.1203203990348764,0.014476998423911886
Humidity,KineticEnergy,RadarReflectivity,RainAbsolute,RainAccumulated,RainIntensity,SnowDepthIntensity,VolumeEquivalentDiameter,WeatherCode4680,WindSpeed,0.12032039903487635,0.014476998423911872
Humidity,KineticEnergy,RadarReflectivity,RainAbsolute,RainAccumulated,RainIntensity,RainRate,SnowDepthIntensity,WeatherCode4680,WindSpeed,0.12032039903487607,0.014476998423911806
AverageParticleSpeed,Humidity,KineticEnergy,Pressure,RadarReflectivity,RainAbsolute,RainIntensity,RainRate,Temperature,WindSpeed,0.12001934455906492,0.014404643068387546
AverageParticleSpeed,Humidity,KineticEnergy,Pressure,RadarReflectivity,RainAccumulated,RainIntensity,RainRate,Temperature,WindSpeed,0.12001934455906492,0.014404643068387546
Humidity,KineticEnergy,Pressure,RadarReflectivity,RainAbsolute,RainIntensity,RainRate,Temperature,VolumeEquivalentDiameter,WindSpeed,0.12001934455906486,0.014404643068387533
Humidity,KineticEnergy,Pressure,RadarReflectivity,RainAccumulated,RainIntensity,RainRate,Temperature,VolumeEquivalentDiameter,WindSpeed,0.12001934455906486,0.014404643068387533
AverageParticleSpeed,Humidity,KineticEnergy,Pressure,RadarReflectivity,RainAbsolute,RainIntensity,Temperature,VolumeEquivalentDiameter,WindSpeed,0.12001934455906471,0.014404643068387495
AverageParticleSpeed,Humidity,KineticEnergy,Pressure,RadarReflectivity,RainAccumulated,RainIntensity,Temperature,VolumeEquivalentDiameter,WindSpeed,0.12001934455906471,0.014404643068387495
Humidity,KineticEnergy,Pressure,RadarReflectivity,RainAbsolute,RainAccumulated,RainIntensity,SnowDepthIntensity,WeatherCode4680,WindSpeed,0.11998467576564742,0.01439632241858754
AverageParticleSpeed,Humidity,RadarReflectivity,RainAbsolute,RainAccumulated,RainRate,Temperature,VolumeEquivalentDiameter,WeatherCode4680,WindSpeed,0.11968031358632517,0.014323377460121129
AverageParticleSpeed,Humidity,Pressure,RadarReflectivity,RainAbsolute,RainAccumulated,Temperature,VolumeEquivalentDiameter,WeatherCode4680,WindSpeed,0.11934014447586634,0.014242070083520651
Humidity,Pressure,RadarReflectivity,RainAbsolute,RainAccumulated,RainRate,Temperature,VolumeEquivalentDiameter,WeatherCode4680,WindSpeed,0.11934014447586627,0.014242070083520636
AverageParticleSpeed,Humidity,Pressure,RadarReflectivity,RainAbsolute,RainAccumulated,RainRate,Temperature,WeatherCode4680,WindSpeed,0.11934014447586622,0.014242070083520622
Humidity,RadarReflectivity,RainAbsolute,RainAccumulated,RainIntensity,RainRate,Temperature,VolumeEquivalentDiameter,WeatherCode4680,WindSpeed,0.11910330089758668,0.014185596284701072
AverageParticleSpeed,Humidity,RadarReflectivity,RainAbsolute,RainAccumulated,RainIntensity,RainRate,Temperature,WeatherCode4680,WindSpeed,0.11910330089758665,0.014185596284701065
AverageParticleSpeed,Humidity,RadarReflectivity,RainAbsolute,RainAccumulated,RainIntensity,Temperature,VolumeEquivalentDiameter,WeatherCode4680,WindSpeed,0.11910330089758663,0.01418559628470106
AverageParticleSpeed,Humidity,KineticEnergy,RadarReflectivity,RainAbsolute,RainAccumulated,Temperature,VolumeEquivalentDiameter,WeatherCode4680,WindSpeed,0.11890813582264402,0.014139144764816359
AverageParticleSpeed,Humidity,KineticEnergy,RadarReflectivity,RainAbsolute,RainAccumulated,RainRate,Temperature,WeatherCode4680,WindSpeed,0.11890813582264387,0.014139144764816322
Humidity,KineticEnergy,RadarReflectivity,RainAbsolute,RainAccumulated,RainRate,Temperature,VolumeEquivalentDiameter,WeatherCode4680,WindSpeed,0.11890813582264381,0.014139144764816309
Humidity,Pressure,RadarReflectivity,RainAbsolute,RainAccumulated,RainIntensity,Temperature,VolumeEquivalentDiameter,WeatherCode4680,WindSpeed,0.11876376272992133,0.01410483133776905
AverageParticleSpeed,Humidity,Pressure,RadarReflectivity,RainAbsolute,RainAccumulated,RainIntensity,Temperature,WeatherCode4680,WindSpeed,0.1187637627299213,0.014104831337769044
Humidity,Pressure,RadarReflectivity,RainAbsolute,RainAccumulated,RainIntensity,RainRate,Temperature,WeatherCode4680,WindSpeed,0.11876376272992129,0.01410483133776904
Humidity,KineticEnergy,Pressure,RadarReflectivity,RainAbsolute,RainAccumulated,RainRate,Temperature,WeatherCode4680,WindSpeed,0.11856886083227403,0.014058574759063166
Humidity,KineticEnergy,Pressure,RadarReflectivity,RainAbsolute,RainAccumulated,Temperature,VolumeEquivalentDiameter,WeatherCode4680,WindSpeed,0.11856886083227403,0.014058574759063166
AverageParticleSpeed,Humidity,KineticEnergy,Pressure,RadarReflectivity,RainAbsolute,RainAccumulated,Temperature,WeatherCode4680,WindSpeed,0.11856886083227397,0.014058574759063152
AverageParticleSpeed,Humidity,ParticlesDetected,RainAbsolute,RainAccumulated,RainRate,SnowDepthIntensity,VolumeEquivalentDiameter,WeatherCode4680,WindSpeed,0.11852571976680955,0.014048346246240268
AverageParticleSpeed,ParticlesDetected,RadarReflectivity,RainAbsolute,RainAccumulated,RainRate,SnowDepthIntensity,VolumeEquivalentDiameter,WeatherCode4680,WindSpeed,0.1184822558766436,0.014038044957618448
AverageParticleSpeed,Humidity,KineticEnergy,RadarReflectivity,RainAbsolute,RainAccumulated,RainIntensity,Temperature,WeatherCode4680,WindSpeed,0.11833370353173174,0.014002865391535781
Humidity,KineticEnergy,RadarReflectivity,RainAbsolute,RainAccumulated,RainIntensity,Temperature,VolumeEquivalentDiameter,WeatherCode4680,WindSpeed,0.11833370353173174,0.014002865391535781
Humidity,KineticEnergy,RadarReflectivity,RainAbsolute,RainAccumulated,RainIntensity,RainRate,Temperature,WeatherCode4680,WindSpeed,0.11833370353173171,0.014002865391535774
AverageParticleSpeed,ParticlesDetected,Pressure,RadarReflectivity,RainAbsolute,RainIntensity,RainRate,SnowDepthIntensity,VolumeEquivalentDiameter,WindSpeed,0.11828944210548345,0.01399239211362652
AverageParticleSpeed,ParticlesDetected,Pressure,RadarReflectivity,RainAccumulated,RainIntensity,RainRate,SnowDepthIntensity,VolumeEquivalentDiameter,WindSpeed,0.11828944210548345,0.01399239211362652
Humidity,ParticlesDetected,Pressure,RainAbsolute,RainAccumulated,RainRate,SnowDepthIntensity,VolumeEquivalentDiameter,WeatherCode4680,WindSpeed,0.11818721705061032,0.013968218274168075
AverageParticleSpeed,Humidity,ParticlesDetected,Pressure,RainAbsolute,RainAccumulated,RainRate,SnowDepthIntensity,WeatherCode4680,WindSpeed,0.11818721705061026,0.01396821827416806
AverageParticleSpeed,Humidity,ParticlesDetected,Pressure,RainAbsolute,RainAccumulated,SnowDepthIntensity,VolumeEquivalentDiameter,WeatherCode4680,WindSpeed,0.11818721705061022,0.013968218274168052
AverageParticleSpeed,ParticlesDetected,Pressure,RadarReflectivity,RainAbsolute,RainAccumulated,SnowDepthIntensity,VolumeEquivalentDiameter,WeatherCode4680,WindSpeed,0.11818352769288139,0.013967346217934062
AverageParticleSpeed,ParticlesDetected,Pressure,RadarReflectivity,RainAbsolute,RainAccumulated,RainRate,SnowDepthIntensity,WeatherCode4680,WindSpeed,0.11818352769288132,0.013967346217934046
ParticlesDetected,Pressure,RadarReflectivity,RainAbsolute,RainAccumulated,RainRate,SnowDepthIntensity,VolumeEquivalentDiameter,WeatherCode4680,WindSpeed,0.11818352769288132,0.013967346217934046
Humidity,KineticEnergy,Pressure,RadarReflectivity,RainAbsolute,RainAccumulated,RainIntensity,Temperature,WeatherCode4680,WindSpeed,0.11799506473255085,0.013922835301238865
AverageParticleSpeed,ParticlesDetected,RadarReflectivity,RainAbsolute,RainAccumulated,RainIntensity,SnowDepthIntensity,VolumeEquivalentDiameter,WeatherCode4680,WindSpeed,0.11795932201833643,0.013914401651025591
AverageParticleSpeed,ParticlesDetected,RadarReflectivity,RainAbsolute,RainAccumulated,RainIntensity,RainRate,SnowDepthIntensity,WeatherCode4680,WindSpeed,0.11795932201833641,0.013914401651025584
ParticlesDetected,RadarReflectivity,RainAbsolute,RainAccumulated,RainIntensity,RainRate,SnowDepthIntensity,VolumeEquivalentDiameter,WeatherCode4680,WindSpeed,0.11795932201833641,0.013914401651025584
AverageParticleSpeed,Humidity,ParticlesDetected,RainAbsolute,RainAccumulated,RainIntensity,SnowDepthIntensity,VolumeEquivalentDiameter,WeatherCode4680,WindSpeed,0.11793361733566202,0.01390833809787436
AverageParticleSpeed,Humidity,ParticlesDetected,RainAbsolute,RainAccumulated,RainIntensity,RainRate,SnowDepthIntensity,WeatherCode4680,WindSpeed,0.11793361733566192,0.013908338097874338
Humidity,ParticlesDetected,RainAbsolute,RainAccumulated,RainIntensity,RainRate,SnowDepthIntensity,VolumeEquivalentDiameter,WeatherCode4680,WindSpeed,0.11793361733566192,0.013908338097874338
AverageParticleSpeed,KineticEnergy,ParticlesDetected,Pressure,RadarReflectivity,RainAbsolute,RainRate,SnowDepthIntensity,VolumeEquivalentDiameter,WindSpeed,0.11781981833052206,0.013881509591437222
AverageParticleSpeed,KineticEnergy,ParticlesDetected,Pressure,RadarReflectivity,RainAccumulated,RainRate,SnowDepthIntensity,VolumeEquivalentDiameter,WindSpeed,0.11781981833052206,0.013881509591437222
AverageParticleSpeed,KineticEnergy,ParticlesDetected,RadarReflectivity,RainAbsolute,RainAccumulated,RainRate,SnowDepthIntensity,WeatherCode4680,WindSpeed,0.11777537287838587,0.01387103845664283
KineticEnergy,ParticlesDetected,RadarReflectivity,RainAbsolute,RainAccumulated,RainRate,SnowDepthIntensity,VolumeEquivalentDiameter,WeatherCode4680,WindSpeed,0.11777537287838587,0.01387103845664283
AverageParticleSpeed,KineticEnergy,ParticlesDetected,RadarReflectivity,RainAbsolute,RainAccumulated,SnowDepthIntensity,VolumeEquivalentDiameter,WeatherCode4680,WindSpeed,0.11777537287838581,0.013871038456642816
AverageParticleSpeed,Humidity,KineticEnergy,ParticlesDetected,RainAbsolute,RainAccumulated,SnowDepthIntensity,VolumeEquivalentDiameter,WeatherCode4680,WindSpeed,0.11773018889003208,0.013860397376082632
Humidity,KineticEnergy,ParticlesDetected,RainAbsolute,RainAccumulated,RainRate,SnowDepthIntensity,VolumeEquivalentDiameter,WeatherCode4680,WindSpeed,0.11773018889003208,0.013860397376082632
AverageParticleSpeed,Humidity,KineticEnergy,ParticlesDetected,RainAbsolute,RainAccumulated,RainRate,SnowDepthIntensity,WeatherCode4680,WindSpeed,0.11773018889003202,0.013860397376082618
ParticlesDetected,Pressure,RadarReflectivity,RainAbsolute,RainAccumulated,RainIntensity,RainRate,SnowDepthIntensity,WeatherCode4680,WindSpeed,0.11766114768377098,0.013844145674262164
AverageParticleSpeed,ParticlesDetected,Pressure,RadarReflectivity,RainAbsolute,RainAccumulated,RainIntensity,SnowDepthIntensity,WeatherCode4680,WindSpeed,0.11766114768377092,0.013844145674262152
ParticlesDetected,Pressure,RadarReflectivity,RainAbsolute,RainAccumulated,RainIntensity,SnowDepthIntensity,VolumeEquivalentDiameter,WeatherCode4680,WindSpeed,0.1176611476837709,0.013844145674262145
AverageParticleSpeed,Humidity,ParticlesDetected,Pressure,RainAbsolute,RainAccumulated,RainIntensity,SnowDepthIntensity,WeatherCode4680,WindSpeed,0.11759578655399738,0.013828769015253312
Humidity,ParticlesDetected,Pressure,RainAbsolute,RainAccumulated,RainIntensity,SnowDepthIntensity,VolumeEquivalentDiameter,WeatherCode4680,WindSpeed,0.11759578655399738,0.013828769015253312
Humidity,ParticlesDetected,Pressure,RainAbsolute,RainAccumulated,RainIntensity,RainRate,SnowDepthIntensity,WeatherCode4680,WindSpeed,0.11759578655399731,0.013828769015253296
AverageParticleSpeed,KineticEnergy,ParticlesDetected,Pressure,RadarReflectivity,RainAbsolute,RainAccumulated,SnowDepthIntensity,WeatherCode4680,WindSpeed,0.11747743617926916,0.013800948011254258
KineticEnergy,ParticlesDetected,Pressure,RadarReflectivity,RainAbsolute,RainAccumulated,SnowDepthIntensity,VolumeEquivalentDiameter,WeatherCode4680,WindSpeed,0.11747743617926916,0.013800948011254258
KineticEnergy,ParticlesDetected,Pressure,RadarReflectivity,RainAbsolute,RainAccumulated,RainRate,SnowDepthIntensity,WeatherCode4680,WindSpeed,0.1174774361792691,0.013800948011254246
Humidity,KineticEnergy,ParticlesDetected,Pressure,RainAbsolute,RainAccumulated,RainRate,SnowDepthIntensity,WeatherCode4680,WindSpeed,0.11739264091247253,0.013781032140404721
AverageParticleSpeed,Humidity,KineticEnergy,ParticlesDetected,Pressure,RainAbsolute,RainAccumulated,SnowDepthIntensity,WeatherCode4680,WindSpeed,0.11739264091247235,0.013781032140404678
Humidity,KineticEnergy,ParticlesDetected,Pressure,RainAbsolute,RainAccumulated,SnowDepthIntensity,VolumeEquivalentDiameter,WeatherCode4680,WindSpeed,0.11739264091247235,0.013781032140404678
AverageParticleSpeed,KineticEnergy,ParticlesDetected,RadarReflectivity,RainAbsolute,RainIntensity,RainRate,SnowDepthIntensity,VolumeEquivalentDiameter,WindSpeed,0.11727455496311948,0.013753321241797732
AverageParticleSpeed,KineticEnergy,ParticlesDetected,RadarReflectivity,RainAccumulated,RainIntensity,RainRate,SnowDepthIntensity,VolumeEquivalentDiameter,WindSpeed,0.11727455496311948,0.013753321241797732
AverageParticleSpeed,KineticEnergy,ParticlesDetected,RadarReflectivity,RainAbsolute,RainAccumulated,RainIntensity,SnowDepthIntensity,WeatherCode4680,WindSpeed,0.11725516645225371,0.013748774059745726
KineticEnergy,ParticlesDetected,RadarReflectivity,RainAbsolute,RainAccumulated,RainIntensity,SnowDepthIntensity,VolumeEquivalentDiameter,WeatherCode4680,WindSpeed,0.11725516645225369,0.013748774059745719
KineticEnergy,ParticlesDetected,RadarReflectivity,RainAbsolute,RainAccumulated,RainIntensity,RainRate,SnowDepthIntensity,WeatherCode4680,WindSpeed,0.11725516645225363,0.013748774059745705
Humidity,KineticEnergy,ParticlesDetected,RainAbsolute,RainAccumulated,RainIntensity,SnowDepthIntensity,VolumeEquivalentDiameter,WeatherCode4680,WindSpeed,0.11714139149143794,0.01372210560055033
AverageParticleSpeed,Humidity,KineticEnergy,ParticlesDetected,RainAbsolute,RainAccumulated,RainIntensity,SnowDepthIntensity,WeatherCode4680,WindSpeed,0.11714139149143792,0.013722105600550323
Humidity,KineticEnergy,ParticlesDetected,RainAbsolute,RainAccumulated,RainIntensity,RainRate,SnowDepthIntensity,WeatherCode4680,WindSpeed,0.11714139149143771,0.013722105600550275
AverageParticleSpeed,ParticlesDetected,RadarReflectivity,RainAbsolute,RainAccumulated,RainRate,Temperature,VolumeEquivalentDiameter,WeatherCode4680,WindSpeed,0.11699540951232286,0.013687925846956127
KineticEnergy,ParticlesDetected,Pressure,RadarReflectivity,RainAbsolute,RainAccumulated,RainIntensity,SnowDepthIntensity,WeatherCode4680,WindSpeed,0.11695778615702104,0.013679123742751462
Humidity,KineticEnergy,ParticlesDetected,Pressure,RainAbsolute,RainAccumulated,RainIntensity,SnowDepthIntensity,WeatherCode4680,WindSpeed,0.1168045200842086,0.01364329591210229
AverageParticleSpeed,ParticlesDetected,Pressure,RadarReflectivity,RainAbsolute,RainAccumulated,RainRate,Temperature,WeatherCode4680,WindSpeed,0.11669402019377512,0.013617494348985194
AverageParticleSpeed,ParticlesDetected,Pressure,RadarReflectivity,RainAbsolute,RainAccumulated,Temperature,VolumeEquivalentDiameter,WeatherCode4680,WindSpeed,0.11669402019377503,0.013617494348985175
ParticlesDetected,Pressure,RadarReflectivity,RainAbsolute,RainAccumulated,RainRate,Temperature,VolumeEquivalentDiameter,WeatherCode4680,WindSpeed,0.11669402019377503,0.013617494348985175
AverageParticleSpeed,KineticEnergy,ParticlesDetected,Pressure,RadarReflectivity,RainAbsolute,RainIntensity,RainRate,SnowDepthIntensity,WindSpeed,0.11661790256868475,0.013599735199519248
AverageParticleSpeed,KineticEnergy,ParticlesDetected,Pressure,RadarReflectivity,RainAccumulated,RainIntensity,RainRate,SnowDepthIntensity,WindSpeed,0.11661790256868475,0.013599735199519248
KineticEnergy,ParticlesDetected,Pressure,RadarReflectivity,RainAbsolute,RainIntensity,RainRate,SnowDepthIntensity,VolumeEquivalentDiameter,WindSpeed,0.11661790256868472,0.013599735199519241
KineticEnergy,ParticlesDetected,Pressure,RadarReflectivity,RainAccumulated,RainIntensity,RainRate,SnowDepthIntensity,VolumeEquivalentDiameter,WindSpeed,0.11661790256868472,0.013599735199519241
AverageParticleSpeed,KineticEnergy,ParticlesDetected,Pressure,RadarReflectivity,RainAbsolute,RainIntensity,SnowDepthIntensity,VolumeEquivalentDiameter,WindSpeed,0.11661790256868469,0.013599735199519236
AverageParticleSpeed,KineticEnergy,ParticlesDetected,Pressure,RadarReflectivity,RainAccumulated,RainIntensity,SnowDepthIntensity,VolumeEquivalentDiameter,WindSpeed,0.11661790256868469,0.013599735199519236
AverageParticleSpeed,Humidity,ParticlesDetected,RainAbsolute,RainAccumulated,RainRate,Temperature,VolumeEquivalentDiameter,WeatherCode4680,WindSpeed,0.11655975921061873,0.013586177467237419
AverageParticleSpeed,Humidity,ParticlesDetected,Pressure,RainAbsolute,RainIntensity,RainRate,SnowDepthIntensity,VolumeEquivalentDiameter,WindSpeed,0.11649550978609426,0.013571203800321983
AverageParticleSpeed,Humidity,ParticlesDetected,Pressure,RainAccumulated,RainIntensity,RainRate,SnowDepthIntensity,VolumeEquivalentDiameter,WindSpeed,0.11649550978609426,0.013571203800321983
ParticlesDetected,RadarReflectivity,RainAbsolute,RainAccumulated,RainIntensity,RainRate,Temperature,VolumeEquivalentDiameter,WeatherCode4680,WindSpeed,0.11647726496070272,0.013566953252725746
AverageParticleSpeed,ParticlesDetected,RadarReflectivity,RainAbsolute,RainAccumulated,RainIntensity,RainRate,Temperature,WeatherCode4680,WindSpeed,0.11647726496070271,0.013566953252725743
AverageParticleSpeed,ParticlesDetected,RadarReflectivity,RainAbsolute,RainAccumulated,RainIntensity,Temperature,VolumeEquivalentDiameter,WeatherCode4680,WindSpeed,0.11647726496070256,0.013566953252725708
AverageParticleSpeed,KineticEnergy,ParticlesDetected,RadarReflectivity,RainAbsolute,RainAccumulated,RainRate,Temperature,WeatherCode4680,WindSpeed,0.11629425713767398,0.013524354243203435
AverageParticleSpeed,KineticEnergy,ParticlesDetected,RadarReflectivity,RainAbsolute,RainAccumulated,Temperature,VolumeEquivalentDiameter,WeatherCode4680,WindSpeed,0.11629425713767394,0.013524354243203427
KineticEnergy,ParticlesDetected,RadarReflectivity,RainAbsolute,RainAccumulated,RainRate,Temperature,VolumeEquivalentDiameter,WeatherCode4680,WindSpeed,0.11629425713767394,0.013524354243203427
AverageParticleSpeed,Humidity,ParticlesDetected,Pressure,RainAbsolute,RainAccumulated,RainRate,Temperature,WeatherCode4680,WindSpeed,0.11621823668640699,0.013506678538497716
AverageParticleSpeed,Humidity,ParticlesDetected,Pressure,RainAbsolute,RainAccumulated,Temperature,VolumeEquivalentDiameter,WeatherCode4680,WindSpeed,0.11621823668640693,0.013506678538497702
Humidity,ParticlesDetected,Pressure,RainAbsolute,RainAccumulated,RainRate,Temperature,VolumeEquivalentDiameter,WeatherCode4680,WindSpeed,0.11621823668640693,0.013506678538497702
AverageParticleSpeed,ParticlesDetected,Pressure,RadarReflectivity,RainAbsolute,RainAccumulated,RainIntensity,Temperature,WeatherCode4680,WindSpeed,0.1161764369645411,0.01349696450577599
ParticlesDetected,Pressure,RadarReflectivity,RainAbsolute,RainAccumulated,RainIntensity,Temperature,VolumeEquivalentDiameter,WeatherCode4680,WindSpeed,0.11617643696454107,0.013496964505775984
ParticlesDetected,Pressure,RadarReflectivity,RainAbsolute,RainAccumulated,RainIntensity,RainRate,Temperature,WeatherCode4680,WindSpeed,0.11617643696454104,0.013496964505775977
KineticEnergy,ParticlesDetected,Pressure,RadarReflectivity,RainAbsolute,RainAccumulated,RainRate,Temperature,WeatherCode4680,WindSpeed,0.11599367202600669,0.013454531950076806
KineticEnergy,ParticlesDetected,Pressure,RadarReflectivity,RainAbsolute,RainAccumulated,Temperature,VolumeEquivalentDiameter,WeatherCode4680,WindSpeed,0.11599367202600658,0.013454531950076782
AverageParticleSpeed,KineticEnergy,ParticlesDetected,Pressure,RadarReflectivity,RainAbsolute,RainAccumulated,Temperature,WeatherCode4680,WindSpeed,0.11599367202600656,0.013454531950076778
AverageParticleSpeed,Humidity,ParticlesDetected,RainAbsolute,RainAccumulated,RainIntensity,RainRate,Temperature,WeatherCode4680,WindSpeed,0.11597704585058043,0.013450675164227634
Humidity,ParticlesDetected,RainAbsolute,RainAccumulated,RainIntensity,RainRate,Temperature,VolumeEquivalentDiameter,WeatherCode4680,WindSpeed,0.11597704585058043,0.013450675164227634
AverageParticleSpeed,Humidity,ParticlesDetected,RainAbsolute,RainAccumulated,RainIntensity,Temperature,VolumeEquivalentDiameter,WeatherCode4680,WindSpeed,0.11597704585058036,0.013450675164227618
AverageParticleSpeed,Humidity,KineticEnergy,ParticlesDetected,Pressure,RainAbsolute,RainRate,SnowDepthIntensity,VolumeEquivalentDiameter,WindSpeed,0.1158870922474027,0.013429818149558025
AverageParticleSpeed,Humidity,KineticEnergy,ParticlesDetected,Pressure,RainAccumulated,RainRate,SnowDepthIntensity,VolumeEquivalentDiameter,WindSpeed,0.1158870922474027,0.013429818149558025
KineticEnergy,ParticlesDetected,RadarReflectivity,RainAbsolute,RainAccumulated,RainIntensity,RainRate,Temperature,WeatherCode4680,WindSpeed,0.11577876462279602,0.013404722337580803
AverageParticleSpeed,KineticEnergy,ParticlesDetected,RadarReflectivity,RainAbsolute,RainAccumulated,RainIntensity,Temperature,WeatherCode4680,WindSpeed,0.11577876462279599,0.013404722337580796
KineticEnergy,ParticlesDetected,RadarReflectivity,RainAbsolute,RainAccumulated,RainIntensity,Temperature,VolumeEquivalentDiameter,WeatherCode4680,WindSpeed,0.11577876462279592,0.01340472233758078
AverageParticleSpeed,Humidity,KineticEnergy,ParticlesDetected,RainAbsolute,RainAccumulated,RainRate,Temperature,WeatherCode4680,WindSpeed,0.1157760230487495,0.013404087512984575
Humidity,KineticEnergy,ParticlesDetected,RainAbsolute,RainAccumulated,RainRate,Temperature,VolumeEquivalentDiameter,WeatherCode4680,WindSpeed,0.1157760230487495,0.013404087512984575
AverageParticleSpeed,Humidity,KineticEnergy,ParticlesDetected,RainAbsolute,RainAccumulated,Temperature,VolumeEquivalentDiameter,WeatherCode4680,WindSpeed,0.11577602304874941,0.013404087512984556
AverageParticleSpeed,Humidity,ParticlesDetected,Pressure,RainAbsolute,RainAccumulated,RainIntensity,Temperature,WeatherCode4680,WindSpeed,0.11563620452859705,0.013371731797779528
Humidity,ParticlesDetected,Pressure,RainAbsolute,RainAccumulated,RainIntensity,RainRate,Temperature,WeatherCode4680,WindSpeed,0.11563620452859705,0.013371731797779528
Humidity,ParticlesDetected,Pressure,RainAbsolute,RainAccumulated,RainIntensity,Temperature,VolumeEquivalentDiameter,WeatherCode4680,WindSpeed,0.115636204528597,0.013371731797779519
AverageParticleSpeed,ParticlesDetected,Pressure,RadarReflectivity,RainAbsolute,RainIntensity,RainRate,Temperature,VolumeEquivalentDiameter,WindSpeed,0.11553192274744464,0.013347625173721516
AverageParticleSpeed,ParticlesDetected,Pressure,RadarReflectivity,RainAccumulated,RainIntensity,RainRate,Temperature,VolumeEquivalentDiameter,WindSpeed,0.11553192274744464,0.013347625173721516
KineticEnergy,ParticlesDetected,Pressure,RadarReflectivity,RainAbsolute,RainAccumulated,RainIntensity,Temperature,WeatherCode4680,WindSpeed,0.11547874342046918,0.013335340181970554
AverageParticleSpeed,Humidity,KineticEnergy,ParticlesDetected,Pressure,RainAbsolute,RainAccumulated,Temperature,WeatherCode4680,WindSpeed,0.11543547112699887,0.01332534799431219
Humidity,KineticEnergy,ParticlesDetected,Pressure,RainAbsolute,RainAccumulated,Temperature,VolumeEquivalentDiameter,WeatherCode4680,WindSpeed,0.11543547112699887,0.01332534799431219
Humidity,KineticEnergy,ParticlesDetected,Pressure,RainAbsolute,RainAccumulated,RainRate,Temperature,WeatherCode4680,WindSpeed,0.11543547112699877,0.013325347994312167
Humidity,KineticEnergy,ParticlesDetected,RainAbsolute,RainAccumulated,RainIntensity,Temperature,VolumeEquivalentDiameter,WeatherCode4680,WindSpeed,0.11519645451953842,0.013270223133872083
AverageParticleSpeed,Humidity,KineticEnergy,ParticlesDetected,RainAbsolute,RainAccumulated,RainIntensity,Temperature,WeatherCode4680,WindSpeed,0.11519645451953839,0.013270223133872076
Humidity,KineticEnergy,ParticlesDetected,RainAbsolute,RainAccumulated,RainIntensity,RainRate,Temperature,WeatherCode4680,WindSpeed,0.11519645451953839,0.013270223133872076
AverageParticleSpeed,Humidity,KineticEnergy,ParticlesDetected,RainAbsolute,RainIntensity,RainRate,SnowDepthIntensity,VolumeEquivalentDiameter,WindSpeed,0.1151775344584746,0.013265864443933104
AverageParticleSpeed,Humidity,KineticEnergy,ParticlesDetected,RainAccumulated,RainIntensity,RainRate,SnowDepthIntensity,VolumeEquivalentDiameter,WindSpeed,0.1151775344584746,0.013265864443933104
AverageParticleSpeed,KineticEnergy,ParticlesDetected,Pressure,RadarReflectivity,RainAbsolute,RainRate,Temperature,VolumeEquivalentDiameter,WindSpeed,0.11506124586123417,0.013239090299139378
AverageParticleSpeed,KineticEnergy,ParticlesDetected,Pressure,RadarReflectivity,RainAccumulated,RainRate,Temperature,VolumeEquivalentDiameter,WindSpeed,0.11506124586123417,0.013239090299139378
Humidity,KineticEnergy,ParticlesDetected,Pressure,RainAbsolute,RainAccumulated,RainIntensity,Temperature,WeatherCode4680,WindSpeed,0.1148565884375105,0.013192035907503669
Humidity,RadarReflectivity,RainAbsolute,RainAccumulated,RainRate,SnowDepthIntensity,Temperature,VolumeEquivalentDiameter,WeatherCode4680,WindSpeed,0.11468659658471277,0.01315301543618465
AverageParticleSpeed,Humidity,RadarReflectivity,RainAbsolute,RainAccumulated,RainRate,SnowDepthIntensity,Temperature,WeatherCode4680,WindSpeed,0.11468659658471274,0.013153015436184643
AverageParticleSpeed,Humidity,RadarReflectivity,RainAbsolute,RainAccumulated,SnowDepthIntensity,Temperature,VolumeEquivalentDiameter,WeatherCode4680,WindSpeed,0.1146865965847127,0.013153015436184634
AverageParticleSpeed,KineticEnergy,ParticlesDetected,RadarReflectivity,RainAbsolute,RainIntensity,RainRate,Temperature,VolumeEquivalentDiameter,WindSpeed,0.11454071700077909,0.013119575851052563
AverageParticleSpeed,KineticEnergy,ParticlesDetected,RadarReflectivity,RainAccumulated,RainIntensity,RainRate,Temperature,VolumeEquivalentDiameter,WindSpeed,0.11454071700077909,0.013119575851052563
AverageParticleSpeed,Humidity,Pressure,RadarReflectivity,RainAbsolute,RainAccumulated,SnowDepthIntensity,Temperature,WeatherCode4680,WindSpeed,0.11435154224369597,0.013076275213511783
Humidity,Pressure,RadarReflectivity,RainAbsolute,RainAccumulated,SnowDepthIntensity,Temperature,VolumeEquivalentDiameter,WeatherCode4680,WindSpeed,0.11435154224369597,0.013076275213511783
Humidity,Pressure,RadarReflectivity,RainAbsolute,RainAccumulated,RainRate,SnowDepthIntensity,Temperature,WeatherCode4680,WindSpeed,0.11435154224369587,0.01307627521351176
AverageParticleSpeed,Humidity,KineticEnergy,ParticlesDetected,Pressure,RainAbsolute,RainIntensity,SnowDepthIntensity,VolumeEquivalentDiameter,WindSpeed,0.11429971723480759,0.01306442535995697
AverageParticleSpeed,Humidity,KineticEnergy,ParticlesDetected,Pressure,RainAccumulated,RainIntensity,SnowDepthIntensity,VolumeEquivalentDiameter,WindSpeed,0.11429971723480759,0.01306442535995697
AverageParticleSpeed,Humidity,KineticEnergy,ParticlesDetected,Pressure,RainAbsolute,RainIntensity,RainRate,SnowDepthIntensity,WindSpeed,0.11429971723480753,0.013064425359956958
AverageParticleSpeed,Humidity,KineticEnergy,ParticlesDetected,Pressure,RainAccumulated,RainIntensity,RainRate,SnowDepthIntensity,WindSpeed,0.11429971723480753,0.013064425359956958
Humidity,KineticEnergy,ParticlesDetected,Pressure,RainAbsolute,RainIntensity,RainRate,SnowDepthIntensity,VolumeEquivalentDiameter,WindSpeed,0.1142997172348075,0.01306442535995695
Humidity,KineticEnergy,ParticlesDetected,Pressure,RainAccumulated,RainIntensity,RainRate,SnowDepthIntensity,VolumeEquivalentDiameter,WindSpeed,0.1142997172348075,0.01306442535995695
Humidity,RadarReflectivity,RainAbsolute,RainAccumulated,RainIntensity,RainRate,SnowDepthIntensity,Temperature,WeatherCode4680,WindSpeed,0.11413409605906054,0.013026591883218858
AverageParticleSpeed,Humidity,RadarReflectivity,RainAbsolute,RainAccumulated,RainIntensity,SnowDepthIntensity,Temperature,WeatherCode4680,WindSpeed,0.11413409605906039,0.013026591883218823
Humidity,RadarReflectivity,RainAbsolute,RainAccumulated,RainIntensity,SnowDepthIntensity,Temperature,VolumeEquivalentDiameter,WeatherCode4680,WindSpeed,0.11413409605906039,0.013026591883218823
AverageParticleSpeed,Humidity,KineticEnergy,RadarReflectivity,RainAbsolute,RainAccumulated,SnowDepthIntensity,Temperature,WeatherCode4680,WindSpeed,0.11394906722954787,0.01298438992248402
Humidity,KineticEnergy,RadarReflectivity,RainAbsolute,RainAccumulated,SnowDepthIntensity,Temperature,VolumeEquivalentDiameter,WeatherCode4680,WindSpeed,0.11394906722954785,0.012984389922484017
Humidity,KineticEnergy,RadarReflectivity,RainAbsolute,RainAccumulated,RainRate,SnowDepthIntensity,Temperature,WeatherCode4680,WindSpeed,0.11394906722954774,0.012984389922483991
KineticEnergy,ParticlesDetected,Pressure,RadarReflectivity,RainAbsolute,RainIntensity,RainRate,Temperature,VolumeEquivalentDiameter,WindSpeed,0.11386928552994656,0.012966214187100497
KineticEnergy,ParticlesDetected,Pressure,RadarReflectivity,RainAccumulated,RainIntensity,RainRate,Temperature,VolumeEquivalentDiameter,WindSpeed,0.11386928552994656,0.012966214187100497
AverageParticleSpeed,KineticEnergy,ParticlesDetected,Pressure,RadarReflectivity,RainAbsolute,RainIntensity,RainRate,Temperature,WindSpeed,0.11386928552994646,0.012966214187100474
AverageParticleSpeed,KineticEnergy,ParticlesDetected,Pressure,RadarReflectivity,RainAbsolute,RainIntensity,Temperature,VolumeEquivalentDiameter,WindSpeed,0.11386928552994646,0.012966214187100474
AverageParticleSpeed,KineticEnergy,ParticlesDetected,Pressure,RadarReflectivity,RainAccumulated,RainIntensity,RainRate,Temperature,WindSpeed,0.11386928552994646,0.012966214187100474
AverageParticleSpeed,KineticEnergy,ParticlesDetected,Pressure,RadarReflectivity,RainAccumulated,RainIntensity,Temperature,VolumeEquivalentDiameter,WindSpeed,0.11386928552994646,0.012966214187100474
Humidity,Pressure,RadarReflectivity,RainAbsolute,RainAccumulated,RainIntensity,SnowDepthIntensity,Temperature,WeatherCode4680,WindSpeed,0.11379969157658011,0.012950369802924758
Humidity,KineticEnergy,Pressure,RadarReflectivity,RainAbsolute,RainAccumulated,SnowDepthIntensity,Temperature,WeatherCode4680,WindSpeed,0.11361492983724396,0.012908352281921867
Humidity,KineticEnergy,RadarReflectivity,RainAbsolute,RainAccumulated,RainIntensity,SnowDepthIntensity,Temperature,WeatherCode4680,WindSpeed,0.11339917503404569,0.012859372898402131
AverageParticleSpeed,ParticlesDetected,RadarReflectivity,RainAbsolute,RainAccumulated,RainRate,SnowDepthIntensity,Temperature,WeatherCode4680,WindSpeed,0.11260883108674466,0.01268074883872299
ParticlesDetected,RadarReflectivity,RainAbsolute,RainAccumulated,RainRate,SnowDepthIntensity,Temperature,VolumeEquivalentDiameter,WeatherCode4680,WindSpeed,0.11260883108674466,0.01268074883872299
AverageParticleSpeed,ParticlesDetected,RadarReflectivity,RainAbsolute,RainAccumulated,SnowDepthIntensity,Temperature,VolumeEquivalentDiameter,WeatherCode4680,WindSpeed,0.11260883108674462,0.01268074883872298
AverageParticleSpeed,ParticlesDetected,Pressure,RadarReflectivity,RainAbsolute,RainAccumulated,SnowDepthIntensity,Temperature,WeatherCode4680,WindSpeed,0.1123118360511973,0.01261394851719102
ParticlesDetected,Pressure,RadarReflectivity,RainAbsolute,RainAccumulated,SnowDepthIntensity,Temperature,VolumeEquivalentDiameter,WeatherCode4680,WindSpeed,0.11231183605119727,0.012613948517191014
ParticlesDetected,Pressure,RadarReflectivity,RainAbsolute,RainAccumulated,RainRate,SnowDepthIntensity,Temperature,WeatherCode4680,WindSpeed,0.11231183605119718,0.012613948517190995
AverageParticleSpeed,Humidity,ParticlesDetected,Pressure,RadarReflectivity,RainIntensity,RainRate,Temperature,VolumeEquivalentDiameter,WindSpeed,-0.11227597366308488,0.01260589426199373
AverageParticleSpeed,ParticlesDetected,RadarReflectivity,RainAbsolute,RainAccumulated,RainIntensity,SnowDepthIntensity,Temperature,WeatherCode4680,WindSpeed,0.11211184080040859,0.01256906484765616
ParticlesDetected,RadarReflectivity,RainAbsolute,RainAccumulated,RainIntensity,SnowDepthIntensity,Temperature,VolumeEquivalentDiameter,WeatherCode4680,WindSpeed,0.11211184080040858,0.012569064847656157
ParticlesDetected,RadarReflectivity,RainAbsolute,RainAccumulated,RainIntensity,RainRate,SnowDepthIntensity,Temperature,WeatherCode4680,WindSpeed,0.11211184080040845,0.012569064847656129
AverageParticleSpeed,Humidity,KineticEnergy,ParticlesDetected,Pressure,RainIntensity,RainRate,SnowDepthIntensity,Temperature,VolumeEquivalentDiameter,-0.11210393046267762,0.01256729122518086
AverageParticleSpeed,Humidity,KineticEnergy,ParticlesDetected,Pressure,RadarReflectivity,RainRate,Temperature,VolumeEquivalentDiameter,WindSpeed,-0.11195737992420074,0.012534454919491827
AverageParticleSpeed,KineticEnergy,ParticlesDetected,RadarReflectivity,RainAbsolute,RainAccumulated,SnowDepthIntensity,Temperature,WeatherCode4680,WindSpeed,0.11193807246371498,0.012530132066891906
KineticEnergy,ParticlesDetected,RadarReflectivity,RainAbsolute,RainAccumulated,SnowDepthIntensity,Temperature,VolumeEquivalentDiameter,WeatherCode4680,WindSpeed,0.11193807246371494,0.012530132066891898
KineticEnergy,ParticlesDetected,RadarReflectivity,RainAbsolute,RainAccumulated,RainRate,SnowDepthIntensity,Temperature,WeatherCode4680,WindSpeed,0.11193807246371489,0.012530132066891886
ParticlesDetected,Pressure,RadarReflectivity,RainAbsolute,RainAccumulated,RainIntensity,SnowDepthIntensity,Temperature,WeatherCode4680,WindSpeed,0.11181541465657718,0.012502686954822295
KineticEnergy,ParticlesDetected,Pressure,RadarReflectivity,RainAbsolute,RainAccumulated,SnowDepthIntensity,Temperature,WeatherCode4680,WindSpeed,0.1116418894356101,0.012463911476752989
AverageParticleSpeed,Humidity,ParticlesDetected,RainAbsolute,RainAccumulated,SnowDepthIntensity,Temperature,VolumeEquivalentDiameter,WeatherCode4680,WindSpeed,0.11162939833241649,0.01246112257205731
AverageParticleSpeed,Humidity,ParticlesDetected,RainAbsolute,RainAccumulated,RainRate,SnowDepthIntensity,Temperature,WeatherCode4680,WindSpeed,0.11162939833241642,0.012461122572057294
Humidity,ParticlesDetected,RainAbsolute,RainAccumulated,RainRate,SnowDepthIntensity,Temperature,VolumeEquivalentDiameter,WeatherCode4680,WindSpeed,0.11162939833241642,0.012461122572057294
AverageParticleSpeed,Humidity,KineticEnergy,ParticlesDetected,Pressure,RadarReflectivity,RainIntensity,RainRate,Temperature,WindSpeed,-0.11144860015409193,0.01242079047630666
Humidity,KineticEnergy,ParticlesDetected,Pressure,RadarReflectivity,RainIntensity,RainRate,Temperature,VolumeEquivalentDiameter,WindSpeed,-0.11144860015409193,0.01242079047630666
AverageParticleSpeed,Humidity,KineticEnergy,ParticlesDetected,Pressure,RadarReflectivity,RainIntensity,Temperature,VolumeEquivalentDiameter,WindSpeed,-0.11144860015409187,0.012420790476306648
KineticEnergy,ParticlesDetected,RadarReflectivity,RainAbsolute,RainAccumulated,RainIntensity,SnowDepthIntensity,Temperature,WeatherCode4680,WindSpeed,0.1114436786265542,0.012419693505818693
Humidity,ParticlesDetected,Pressure,RainAbsolute,RainAccumulated,SnowDepthIntensity,Temperature,VolumeEquivalentDiameter,WeatherCode4680,WindSpeed,0.11129321038093683,0.012386178676895464
AverageParticleSpeed,Humidity,ParticlesDetected,Pressure,RainAbsolute,RainAccumulated,SnowDepthIntensity,Temperature,WeatherCode4680,WindSpeed,0.1112932103809368,0.01238617867689546
Humidity,ParticlesDetected,Pressure,RainAbsolute,RainAccumulated,RainRate,SnowDepthIntensity,Temperature,WeatherCode4680,WindSpeed,0.1112932103809368,0.01238617867689546
AverageParticleSpeed,Humidity,ParticlesDetected,Pressure,RainAbsolute,RainIntensity,RainRate,Temperature,VolumeEquivalentDiameter,WindSpeed,0.11113068067431899,0.012350028187137456
AverageParticleSpeed,Humidity,ParticlesDetected,Pressure,RainAccumulated,RainIntensity,RainRate,Temperature,VolumeEquivalentDiameter,WindSpeed,0.11113068067431899,0.012350028187137456
Humidity,ParticlesDetected,RainAbsolute,RainAccumulated,RainIntensity,RainRate,SnowDepthIntensity,Temperature,WeatherCode4680,WindSpeed,0.11107274983682014,0.012337155756312829
AverageParticleSpeed,Humidity,ParticlesDetected,RainAbsolute,RainAccumulated,RainIntensity,SnowDepthIntensity,Temperature,WeatherCode4680,WindSpeed,0.1110727498368201,0.012337155756312819
Humidity,ParticlesDetected,RainAbsolute,RainAccumulated,RainIntensity,SnowDepthIntensity,Temperature,VolumeEquivalentDiameter,WeatherCode4680,WindSpeed,0.11107274983682007,0.012337155756312813
Humidity,KineticEnergy,ParticlesDetected,RainAbsolute,RainAccumulated,RainRate,SnowDepthIntensity,Temperature,WeatherCode4680,WindSpeed,0.11088275488227425,0.012294985330282514
Humidity,KineticEnergy,ParticlesDetected,RainAbsolute,RainAccumulated,SnowDepthIntensity,Temperature,VolumeEquivalentDiameter,WeatherCode4680,WindSpeed,0.11088275488227424,0.012294985330282511
AverageParticleSpeed,Humidity,KineticEnergy,ParticlesDetected,RainAbsolute,RainAccumulated,SnowDepthIntensity,Temperature,WeatherCode4680,WindSpeed,0.1108827548822742,0.012294985330282502
Humidity,ParticlesDetected,Pressure,RainAbsolute,RainAccumulated,RainIntensity,SnowDepthIntensity,Temperature,WeatherCode4680,WindSpeed,0.11073725887347388,0.01226274050281077
AverageParticleSpeed,Humidity,KineticEnergy,ParticlesDetected,RadarReflectivity,RainIntensity,RainRate,Temperature,VolumeEquivalentDiameter,WindSpeed,-0.110664369662032,0.012246602712694867
Humidity,KineticEnergy,ParticlesDetected,Pressure,RainAbsolute,RainAccumulated,SnowDepthIntensity,Temperature,WeatherCode4680,WindSpeed,0.11054755576273774,0.01222076208511561
AverageParticleSpeed,Humidity,KineticEnergy,ParticlesDetected,Pressure,RainAbsolute,RainRate,Temperature,VolumeEquivalentDiameter,WindSpeed,0.11054292586379273,0.012219738458527977
AverageParticleSpeed,Humidity,KineticEnergy,ParticlesDetected,Pressure,RainAccumulated,RainRate,Temperature,VolumeEquivalentDiameter,WindSpeed,0.11054292586379273,0.012219738458527977
Humidity,KineticEnergy,ParticlesDetected,RainAbsolute,RainAccumulated,RainIntensity,SnowDepthIntensity,Temperature,WeatherCode4680,WindSpeed,0.1103292096571619,0.012172534503573989
AverageParticleSpeed,Humidity,Pressure,RadarReflectivity,RainAbsolute,RainRate,SnowDepthIntensity,Temperature,VolumeEquivalentDiameter,WindSpeed,0.11013047694050407,0.012128721951142899
AverageParticleSpeed,Humidity,Pressure,RadarReflectivity,RainAccumulated,RainRate,SnowDepthIntensity,Temperature,VolumeEquivalentDiameter,WindSpeed,0.11013047694050407,0.012128721951142899
AverageParticleSpeed,Humidity,KineticEnergy,ParticlesDetected,RainAbsolute,RainIntensity,RainRate,Temperature,VolumeEquivalentDiameter,WindSpeed,0.10992216584534098,0.012082882544130646
AverageParticleSpeed,Humidity,KineticEnergy,ParticlesDetected,RainAccumulated,RainIntensity,RainRate,Temperature,VolumeEquivalentDiameter,WindSpeed,0.10992216584534098,0.012082882544130646
AverageParticleSpeed,Humidity,RadarReflectivity,RainAbsolute,RainIntensity,RainRate,SnowDepthIntensity,Temperature,VolumeEquivalentDiameter,WindSpeed,0.10959441441936267,0.012010935671923009
AverageParticleSpeed,Humidity,RadarReflectivity,RainAccumulated,RainIntensity,RainRate,SnowDepthIntensity,Temperature,VolumeEquivalentDiameter,WindSpeed,0.10959441441936267,0.012010935671923009
AverageParticleSpeed,Humidity,ParticlesDetected,Pressure,RadarReflectivity,RainRate,SnowDepthIntensity,Temperature,VolumeEquivalentDiameter,WindSpeed,-0.10935395991991365,0.01195828855016608
AverageParticleSpeed,Humidity,KineticEnergy,RadarReflectivity,RainAbsolute,RainRate,SnowDepthIntensity,Temperature,VolumeEquivalentDiameter,WindSpeed,0.10909114966481648,0.011900878935191388
AverageParticleSpeed,Humidity,KineticEnergy,RadarReflectivity,RainAccumulated,RainRate,SnowDepthIntensity,Temperature,VolumeEquivalentDiameter,WindSpeed,0.10909114966481648,0.011900878935191388
AverageParticleSpeed,Humidity,KineticEnergy,ParticlesDetected,Pressure,RadarReflectivity,RainIntensity,RainRate,VolumeEquivalentDiameter,WindSpeed,-0.10902647253020367,0.011886771712379255
Humidity,KineticEnergy,ParticlesDetected,Pressure,RainAbsolute,RainIntensity,RainRate,Temperature,VolumeEquivalentDiameter,WindSpeed,0.10902467755418495,0.011886380315793999
Humidity,KineticEnergy,ParticlesDetected,Pressure,RainAccumulated,RainIntensity,RainRate,Temperature,VolumeEquivalentDiameter,WindSpeed,0.10902467755418495,0.011886380315793999
AverageParticleSpeed,Humidity,KineticEnergy,ParticlesDetected,Pressure,RainAbsolute,RainIntensity,RainRate,Temperature,WindSpeed,0.10902467755418485,0.011886380315793978
AverageParticleSpeed,Humidity,KineticEnergy,ParticlesDetected,Pressure,RainAbsolute,RainIntensity,Temperature,VolumeEquivalentDiameter,WindSpeed,0.10902467755418485,0.011886380315793978
AverageParticleSpeed,Humidity,KineticEnergy,ParticlesDetected,Pressure,RainAccumulated,RainIntensity,RainRate,Temperature,WindSpeed,0.10902467755418485,0.011886380315793978
AverageParticleSpeed,Humidity,KineticEnergy,ParticlesDetected,Pressure,RainAccumulated,RainIntensity,Temperature,VolumeEquivalentDiameter,WindSpeed,0.10902467755418485,0.011886380315793978
AverageParticleSpeed,Humidity,KineticEnergy,Pressure,RadarReflectivity,RainIntensity,RainRate,SnowDepthIntensity,Temperature,VolumeEquivalentDiameter,-0.1090062263461353,0.011882357382224882
AverageParticleSpeed,Humidity,ParticlesDetected,Pressure,RadarReflectivity,RainIntensity,SnowDepthIntensity,Temperature,VolumeEquivalentDiameter,WindSpeed,-0.10888335435618088,0.011855584855853654
AverageParticleSpeed,Humidity,ParticlesDetected,Pressure,RadarReflectivity,RainIntensity,RainRate,SnowDepthIntensity,Temperature,WindSpeed,-0.1088833543561808,0.011855584855853635
Humidity,ParticlesDetected,Pressure,RadarReflectivity,RainIntensity,RainRate,SnowDepthIntensity,Temperature,VolumeEquivalentDiameter,WindSpeed,-0.1088833543561808,0.011855584855853635
Humidity,Pressure,RadarReflectivity,RainAbsolute,RainIntensity,RainRate,SnowDepthIntensity,Temperature,VolumeEquivalentDiameter,WindSpeed,0.10872344465588067,0.011820787417840347
Humidity,Pressure,RadarReflectivity,RainAccumulated,RainIntensity,RainRate,SnowDepthIntensity,Temperature,VolumeEquivalentDiameter,WindSpeed,0.10872344465588067,0.011820787417840347
AverageParticleSpeed,Humidity,Pressure,RadarReflectivity,RainAbsolute,RainIntensity,RainRate,SnowDepthIntensity,Temperature,WindSpeed,0.10872344465588059,0.01182078741784033
AverageParticleSpeed,Humidity,Pressure,RadarReflectivity,RainAccumulated,RainIntensity,RainRate,SnowDepthIntensity,Temperature,WindSpeed,0.10872344465588059,0.01182078741784033
AverageParticleSpeed,Humidity,Pressure,RadarReflectivity,RainAbsolute,RainIntensity,SnowDepthIntensity,Temperature,VolumeEquivalentDiameter,WindSpeed,0.10872344465588053,0.011820787417840317
AverageParticleSpeed,Humidity,Pressure,RadarReflectivity,RainAccumulated,RainIntensity,SnowDepthIntensity,Temperature,VolumeEquivalentDiameter,WindSpeed,0.10872344465588053,0.011820787417840317
Humidity,KineticEnergy,ParticlesDetected,Pressure,RadarReflectivity,RainRate,SnowDepthIntensity,Temperature,VolumeEquivalentDiameter,WindSpeed,-0.10859799582706592,0.011793524697655426
AverageParticleSpeed,Humidity,KineticEnergy,ParticlesDetected,Pressure,RadarReflectivity,RainRate,SnowDepthIntensity,Temperature,WindSpeed,-0.1085979958270659,0.011793524697655424
AverageParticleSpeed,Humidity,KineticEnergy,ParticlesDetected,Pressure,RadarReflectivity,SnowDepthIntensity,Temperature,VolumeEquivalentDiameter,WindSpeed,-0.10859799582706578,0.011793524697655397
AverageParticleSpeed,Humidity,KineticEnergy,Pressure,RadarReflectivity,RainAbsolute,SnowDepthIntensity,Temperature,VolumeEquivalentDiameter,WindSpeed,0.10822224850942148,0.01171205507243498
AverageParticleSpeed,Humidity,KineticEnergy,Pressure,RadarReflectivity,RainAccumulated,SnowDepthIntensity,Temperature,VolumeEquivalentDiameter,WindSpeed,0.10822224850942148,0.01171205507243498
AverageParticleSpeed,Humidity,KineticEnergy,Pressure,RadarReflectivity,RainAbsolute,RainRate,SnowDepthIntensity,Temperature,WindSpeed,0.10822224850942139,0.01171205507243496
AverageParticleSpeed,Humidity,KineticEnergy,Pressure,RadarReflectivity,RainAccumulated,RainRate,SnowDepthIntensity,Temperature,WindSpeed,0.10822224850942139,0.01171205507243496
Humidity,KineticEnergy,Pressure,RadarReflectivity,RainAbsolute,RainRate,SnowDepthIntensity,Temperature,VolumeEquivalentDiameter,WindSpeed,0.10822224850942135,0.011712055072434951
Humidity,KineticEnergy,Pressure,RadarReflectivity,RainAccumulated,RainRate,SnowDepthIntensity,Temperature,VolumeEquivalentDiameter,WindSpeed,0.10822224850942135,0.011712055072434951
AverageParticleSpeed,Humidity,ParticlesDetected,RadarReflectivity,RainIntensity,RainRate,SnowDepthIntensity,Temperature,VolumeEquivalentDiameter,WindSpeed,-0.10813636601348298,0.011693473654601955
AverageParticleSpeed,Humidity,KineticEnergy,ParticlesDetected,Pressure,RadarReflectivity,RainIntensity,SnowDepthIntensity,Temperature,WindSpeed,-0.10813295160636598,0.011692735223104687
Humidity,KineticEnergy,ParticlesDetected,Pressure,RadarReflectivity,RainIntensity,SnowDepthIntensity,Temperature,VolumeEquivalentDiameter,WindSpeed,-0.10813295160636592,0.011692735223104675
Humidity,KineticEnergy,ParticlesDetected,Pressure,RadarReflectivity,RainIntensity,RainRate,SnowDepthIntensity,Temperature,WindSpeed,-0.1081329516063659,0.011692735223104671
AverageParticleSpeed,Humidity,KineticEnergy,ParticlesDetected,RadarReflectivity,RainRate,SnowDepthIntensity,Temperature,VolumeEquivalentDiameter,WindSpeed,-0.10785342117936086,0.011632360460092606
AverageParticleSpeed,Humidity,KineticEnergy,RadarReflectivity,RainAbsolute,RainIntensity,SnowDepthIntensity,Temperature,VolumeEquivalentDiameter,WindSpeed,0.10769925334264857,0.011599129170564
AverageParticleSpeed,Humidity,KineticEnergy,RadarReflectivity,RainAccumulated,RainIntensity,SnowDepthIntensity,Temperature,VolumeEquivalentDiameter,WindSpeed,0.10769925334264857,0.011599129170564
AverageParticleSpeed,Humidity,KineticEnergy,RadarReflectivity,RainAbsolute,RainIntensity,RainRate,SnowDepthIntensity,Temperature,WindSpeed,0.10769925334264838,0.011599129170563957
AverageParticleSpeed,Humidity,KineticEnergy,RadarReflectivity,RainAccumulated,RainIntensity,RainRate,SnowDepthIntensity,Temperature,WindSpeed,0.10769925334264838,0.011599129170563957
Humidity,KineticEnergy,RadarReflectivity,RainAbsolute,RainIntensity,RainRate,SnowDepthIntensity,Temperature,VolumeEquivalentDiameter,WindSpeed,0.10769925334264836,0.011599129170563955
Humidity,KineticEnergy,RadarReflectivity,RainAccumulated,RainIntensity,RainRate,SnowDepthIntensity,Temperature,VolumeEquivalentDiameter,WindSpeed,0.10769925334264836,0.011599129170563955
AverageParticleSpeed,Humidity,ParticlesDetected,Pressure,RadarReflectivity,RainAbsolute,RainAccumulated,RainRate,VolumeEquivalentDiameter,WeatherCode4680,0.10768571232319087,0.011596212638553021
AverageParticleSpeed,Humidity,ParticlesDetected,RadarReflectivity,RainAbsolute,RainAccumulated,RainIntensity,RainRate,VolumeEquivalentDiameter,WeatherCode4680,0.10750330762857499,0.01155696115108403
AverageParticleSpeed,Humidity,KineticEnergy,ParticlesDetected,RadarReflectivity,RainIntensity,SnowDepthIntensity,Temperature,VolumeEquivalentDiameter,WindSpeed,-0.107393678577896,0.011533402198492438
Humidity,KineticEnergy,ParticlesDetected,RadarReflectivity,RainIntensity,RainRate,SnowDepthIntensity,Temperature,VolumeEquivalentDiameter,WindSpeed,-0.107393678577896,0.011533402198492438
AverageParticleSpeed,Humidity,KineticEnergy,ParticlesDetected,RadarReflectivity,RainIntensity,RainRate,SnowDepthIntensity,Temperature,WindSpeed,-0.10739367857789597,0.011533402198492432
AverageParticleSpeed,Humidity,KineticEnergy,ParticlesDetected,RadarReflectivity,RainAbsolute,RainAccumulated,RainRate,VolumeEquivalentDiameter,WeatherCode4680,0.10733699333567939,0.011521230138343682
Humidity,ParticlesDetected,Pressure,RadarReflectivity,RainAbsolute,RainAccumulated,RainIntensity,RainRate,VolumeEquivalentDiameter,WeatherCode4680,0.10720692524416012,0.011493324820306936
AverageParticleSpeed,Humidity,ParticlesDetected,Pressure,RadarReflectivity,RainAbsolute,RainAccumulated,RainIntensity,RainRate,WeatherCode4680,0.10720692524416006,0.011493324820306924
AverageParticleSpeed,Humidity,ParticlesDetected,Pressure,RadarReflectivity,RainAbsolute,RainAccumulated,RainIntensity,VolumeEquivalentDiameter,WeatherCode4680,0.10720692524415998,0.011493324820306907
AverageParticleSpeed,Humidity,KineticEnergy,ParticlesDetected,Pressure,RadarReflectivity,RainAbsolute,RainAccumulated,VolumeEquivalentDiameter,WeatherCode4680,0.10704084779667226,0.011457743097030357
Humidity,KineticEnergy,ParticlesDetected,Pressure,RadarReflectivity,RainAbsolute,RainAccumulated,RainRate,VolumeEquivalentDiameter,WeatherCode4680,0.10704084779667217,0.011457743097030336
AverageParticleSpeed,Humidity,KineticEnergy,ParticlesDetected,Pressure,RadarReflectivity,RainAbsolute,RainAccumulated,RainRate,WeatherCode4680,0.10704084779667215,0.011457743097030335
Humidity,KineticEnergy,ParticlesDetected,RadarReflectivity,RainAbsolute,RainAccumulated,RainIntensity,RainRate,VolumeEquivalentDiameter,WeatherCode4680,0.10686007195915802,0.01141907497911643
AverageParticleSpeed,Humidity,KineticEnergy,ParticlesDetected,RadarReflectivity,RainAbsolute,RainAccumulated,RainIntensity,RainRate,WeatherCode4680,0.10686007195915799,0.011419074979116423
AverageParticleSpeed,Humidity,KineticEnergy,ParticlesDetected,RadarReflectivity,RainAbsolute,RainAccumulated,RainIntensity,VolumeEquivalentDiameter,WeatherCode4680,0.10686007195915795,0.011419074979116414
AverageParticleSpeed,ParticlesDetected,Pressure,RadarReflectivity,RainAbsolute,RainRate,SnowDepthIntensity,Temperature,VolumeEquivalentDiameter,WindSpeed,0.10685727248625775,0.011418476683202337
AverageParticleSpeed,ParticlesDetected,Pressure,RadarReflectivity,RainAccumulated,RainRate,SnowDepthIntensity,Temperature,VolumeEquivalentDiameter,WindSpeed,0.10685727248625775,0.011418476683202337
Humidity,KineticEnergy,Pressure,RadarReflectivity,RainAbsolute,RainIntensity,RainRate,SnowDepthIntensity,Temperature,WindSpeed,0.10683501487676811,0.011413720403719263
Humidity,KineticEnergy,Pressure,RadarReflectivity,RainAccumulated,RainIntensity,RainRate,SnowDepthIntensity,Temperature,WindSpeed,0.10683501487676811,0.011413720403719263
AverageParticleSpeed,Humidity,KineticEnergy,Pressure,RadarReflectivity,RainAbsolute,RainIntensity,SnowDepthIntensity,Temperature,WindSpeed,0.10683501487676796,0.01141372040371923
AverageParticleSpeed,Humidity,KineticEnergy,Pressure,RadarReflectivity,RainAccumulated,RainIntensity,SnowDepthIntensity,Temperature,WindSpeed,0.10683501487676796,0.01141372040371923
Humidity,KineticEnergy,Pressure,RadarReflectivity,RainAbsolute,RainIntensity,SnowDepthIntensity,Temperature,VolumeEquivalentDiameter,WindSpeed,0.10683501487676793,0.011413720403719225
Humidity,KineticEnergy,Pressure,RadarReflectivity,RainAccumulated,RainIntensity,SnowDepthIntensity,Temperature,VolumeEquivalentDiameter,WindSpeed,0.10683501487676793,0.011413720403719225
Humidity,KineticEnergy,ParticlesDetected,Pressure,RadarReflectivity,RainAbsolute,RainAccumulated,RainIntensity,RainRate,WeatherCode4680,0.1065644807948283,0.01135598856707133
AverageParticleSpeed,Humidity,KineticEnergy,ParticlesDetected,Pressure,RadarReflectivity,RainAbsolute,RainAccumulated,RainIntensity,WeatherCode4680,0.10656448079482829,0.011355988567071327
Humidity,KineticEnergy,ParticlesDetected,Pressure,RadarReflectivity,RainAbsolute,RainAccumulated,RainIntensity,VolumeEquivalentDiameter,WeatherCode4680,0.10656448079482829,0.011355988567071327
AverageParticleSpeed,ParticlesDetected,RadarReflectivity,RainAbsolute,RainIntensity,RainRate,SnowDepthIntensity,Temperature,VolumeEquivalentDiameter,WindSpeed,0.1064198582305105,0.011325186225801954
AverageParticleSpeed,ParticlesDetected,RadarReflectivity,RainAccumulated,RainIntensity,RainRate,SnowDepthIntensity,Temperature,VolumeEquivalentDiameter,WindSpeed,0.1064198582305105,0.011325186225801954
AverageParticleSpeed,Humidity,ParticlesDetected,Pressure,RadarReflectivity,RainIntensity,RainRate,SnowDepthIntensity,VolumeEquivalentDiameter,WindSpeed,-0.1064077064744169,0.011322599997145664
AverageParticleSpeed,Humidity,KineticEnergy,ParticlesDetected,Pressure,RadarReflectivity,RainRate,SnowDepthIntensity,VolumeEquivalentDiameter,WindSpeed,-0.10610973724389569,0.011259276337968584
AverageParticleSpeed,KineticEnergy,ParticlesDetected,RadarReflectivity,RainAbsolute,RainRate,SnowDepthIntensity,Temperature,VolumeEquivalentDiameter,WindSpeed,0.10600682546744644,0.01123744704568565
AverageParticleSpeed,KineticEnergy,ParticlesDetected,RadarReflectivity,RainAccumulated,RainRate,SnowDepthIntensity,Temperature,VolumeEquivalentDiameter,WindSpeed,0.10600682546744644,0.01123744704568565
AverageParticleSpeed,ParticlesDetected,Pressure,RadarReflectivity,RainAbsolute,RainIntensity,SnowDepthIntensity,Temperature,VolumeEquivalentDiameter,WindSpeed,0.10576826226517852,0.011186925302595586
AverageParticleSpeed,ParticlesDetected,Pressure,RadarReflectivity,RainAccumulated,RainIntensity,SnowDepthIntensity,Temperature,VolumeEquivalentDiameter,WindSpeed,0.10576826226517852,0.011186925302595586
AverageParticleSpeed,ParticlesDetected,Pressure,RadarReflectivity,RainAbsolute,RainIntensity,RainRate,SnowDepthIntensity,Temperature,WindSpeed,0.10576826226517845,0.011186925302595572
AverageParticleSpeed,ParticlesDetected,Pressure,RadarReflectivity,RainAccumulated,RainIntensity,RainRate,SnowDepthIntensity,Temperature,WindSpeed,0.10576826226517845,0.011186925302595572
ParticlesDetected,Pressure,RadarReflectivity,RainAbsolute,RainIntensity,RainRate,SnowDepthIntensity,Temperature,VolumeEquivalentDiameter,WindSpeed,0.10576826226517845,0.011186925302595572
ParticlesDetected,Pressure,RadarReflectivity,RainAccumulated,RainIntensity,RainRate,SnowDepthIntensity,Temperature,VolumeEquivalentDiameter,WindSpeed,0.10576826226517845,0.011186925302595572
AverageParticleSpeed,Humidity,KineticEnergy,ParticlesDetected,Pressure,RadarReflectivity,RainIntensity,RainRate,SnowDepthIntensity,WindSpeed,-0.10563024140348455,0.011157747898958422
AverageParticleSpeed,Humidity,KineticEnergy,ParticlesDetected,Pressure,RadarReflectivity,RainIntensity,SnowDepthIntensity,VolumeEquivalentDiameter,WindSpeed,-0.10563024140348452,0.011157747898958415
Humidity,KineticEnergy,ParticlesDetected,Pressure,RadarReflectivity,RainIntensity,RainRate,SnowDepthIntensity,VolumeEquivalentDiameter,WindSpeed,-0.10563024140348445,0.011157747898958402
AverageParticleSpeed,KineticEnergy,ParticlesDetected,Pressure,RadarReflectivity,RainAbsolute,SnowDepthIntensity,Temperature,VolumeEquivalentDiameter,WindSpeed,0.10535670346654692,0.0111000349653379
AverageParticleSpeed,KineticEnergy,ParticlesDetected,Pressure,RadarReflectivity,RainAccumulated,SnowDepthIntensity,Temperature,VolumeEquivalentDiameter,WindSpeed,0.10535670346654692,0.0111000349653379
AverageParticleSpeed,KineticEnergy,ParticlesDetected,Pressure,RadarReflectivity,RainAbsolute,RainRate,SnowDepthIntensity,Temperature,WindSpeed,0.10535670346654682,0.011100034965337879
AverageParticleSpeed,KineticEnergy,ParticlesDetected,Pressure,RadarReflectivity,RainAccumulated,RainRate,SnowDepthIntensity,Temperature,WindSpeed,0.10535670346654682,0.011100034965337879
KineticEnergy,ParticlesDetected,Pressure,RadarReflectivity,RainAbsolute,RainRate,SnowDepthIntensity,Temperature,VolumeEquivalentDiameter,WindSpeed,0.10535670346654678,0.01110003496533787
KineticEnergy,ParticlesDetected,Pressure,RadarReflectivity,RainAccumulated,RainRate,SnowDepthIntensity,Temperature,VolumeEquivalentDiameter,WindSpeed,0.10535670346654678,0.01110003496533787
AverageParticleSpeed,KineticEnergy,ParticlesDetected,RadarReflectivity,RainAbsolute,RainIntensity,SnowDepthIntensity,Temperature,VolumeEquivalentDiameter,WindSpeed,0.10493079122257536,0.011010470946595697
AverageParticleSpeed,KineticEnergy,ParticlesDetected,RadarReflectivity,RainAccumulated,RainIntensity,SnowDepthIntensity,Temperature,VolumeEquivalentDiameter,WindSpeed,0.10493079122257536,0.011010470946595697
AverageParticleSpeed,KineticEnergy,ParticlesDetected,RadarReflectivity,RainAbsolute,RainIntensity,RainRate,SnowDepthIntensity,Temperature,WindSpeed,0.1049307912225752,0.011010470946595666
AverageParticleSpeed,KineticEnergy,ParticlesDetected,RadarReflectivity,RainAccumulated,RainIntensity,RainRate,SnowDepthIntensity,Temperature,WindSpeed,0.1049307912225752,0.011010470946595666
KineticEnergy,ParticlesDetected,RadarReflectivity,RainAbsolute,RainIntensity,RainRate,SnowDepthIntensity,Temperature,VolumeEquivalentDiameter,WindSpeed,0.1049307912225752,0.011010470946595666
KineticEnergy,ParticlesDetected,RadarReflectivity,RainAccumulated,RainIntensity,RainRate,SnowDepthIntensity,Temperature,VolumeEquivalentDiameter,WindSpeed,0.1049307912225752,0.011010470946595666
AverageParticleSpeed,Humidity,KineticEnergy,ParticlesDetected,RadarReflectivity,RainIntensity,RainRate,SnowDepthIntensity,VolumeEquivalentDiameter,WindSpeed,-0.10485075462290039,0.010993680744991668
KineticEnergy,ParticlesDetected,Pressure,RadarReflectivity,RainAbsolute,RainIntensity,RainRate,SnowDepthIntensity,Temperature,WindSpeed,0.104283826483194,0.010875116465976914
KineticEnergy,ParticlesDetected,Pressure,RadarReflectivity,RainAccumulated,RainIntensity,RainRate,SnowDepthIntensity,Temperature,WindSpeed,0.104283826483194,0.010875116465976914
AverageParticleSpeed,KineticEnergy,ParticlesDetected,Pressure,RadarReflectivity,RainAbsolute,RainIntensity,SnowDepthIntensity,Temperature,WindSpeed,0.10428382648319379,0.01087511646597687
AverageParticleSpeed,KineticEnergy,ParticlesDetected,Pressure,RadarReflectivity,RainAccumulated,RainIntensity,SnowDepthIntensity,Temperature,WindSpeed,0.10428382648319379,0.01087511646597687
KineticEnergy,ParticlesDetected,Pressure,RadarReflectivity,RainAbsolute,RainIntensity,SnowDepthIntensity,Temperature,VolumeEquivalentDiameter,WindSpeed,0.10428382648319379,0.01087511646597687
KineticEnergy,ParticlesDetected,Pressure,RadarReflectivity,RainAccumulated,RainIntensity,SnowDepthIntensity,Temperature,VolumeEquivalentDiameter,WindSpeed,0.10428382648319379,0.01087511646597687
AverageParticleSpeed,Humidity,ParticlesDetected,RadarReflectivity,RainAbsolute,RainAccumulated,RainRate,SnowDepthIntensity,VolumeEquivalentDiameter,WeatherCode4680,0.10390204950418545,0.010795635891170205
AverageParticleSpeed,Humidity,ParticlesDetected,Pressure,RadarReflectivity,RainAbsolute,RainAccumulated,SnowDepthIntensity,VolumeEquivalentDiameter,WeatherCode4680,0.1036094557560379,0.010734919322062376
Humidity,ParticlesDetected,Pressure,RadarReflectivity,RainAbsolute,RainAccumulated,RainRate,SnowDepthIntensity,VolumeEquivalentDiameter,WeatherCode4680,0.10360945575603762,0.010734919322062319
AverageParticleSpeed,Humidity,ParticlesDetected,Pressure,RadarReflectivity,RainAbsolute,RainAccumulated,RainRate,SnowDepthIntensity,WeatherCode4680,0.10360945575603758,0.01073491932206231
AverageParticleSpeed,Humidity,ParticlesDetected,RadarReflectivity,RainAbsolute,RainAccumulated,RainIntensity,RainRate,SnowDepthIntensity,WeatherCode4680,0.10344207507275685,0.010700262895357865
AverageParticleSpeed,Humidity,ParticlesDetected,RadarReflectivity,RainAbsolute,RainAccumulated,RainIntensity,SnowDepthIntensity,VolumeEquivalentDiameter,WeatherCode4680,0.10344207507275682,0.010700262895357858
Humidity,ParticlesDetected,RadarReflectivity,RainAbsolute,RainAccumulated,RainIntensity,RainRate,SnowDepthIntensity,VolumeEquivalentDiameter,WeatherCode4680,0.10344207507275663,0.010700262895357818
AverageParticleSpeed,Humidity,KineticEnergy,ParticlesDetected,RadarReflectivity,RainAbsolute,RainAccumulated,SnowDepthIntensity,VolumeEquivalentDiameter,WeatherCode4680,0.10328402882478238,0.010667590610278478
Humidity,KineticEnergy,ParticlesDetected,RadarReflectivity,RainAbsolute,RainAccumulated,RainRate,SnowDepthIntensity,VolumeEquivalentDiameter,WeatherCode4680,0.10328402882478233,0.010667590610278466
AverageParticleSpeed,Humidity,KineticEnergy,ParticlesDetected,RadarReflectivity,RainAbsolute,RainAccumulated,RainRate,SnowDepthIntensity,WeatherCode4680,0.10328402882478224,0.010667590610278449
Humidity,ParticlesDetected,Pressure,RadarReflectivity,RainAbsolute,RainAccumulated,RainIntensity,SnowDepthIntensity,VolumeEquivalentDiameter,WeatherCode4680,0.10315003945240217,0.010639930639032125
AverageParticleSpeed,Humidity,ParticlesDetected,Pressure,RadarReflectivity,RainAbsolute,RainAccumulated,RainIntensity,SnowDepthIntensity,WeatherCode4680,0.10315003945240214,0.010639930639032118
Humidity,ParticlesDetected,Pressure,RadarReflectivity,RainAbsolute,RainAccumulated,RainIntensity,RainRate,SnowDepthIntensity,WeatherCode4680,0.1031500394524021,0.010639930639032109
Humidity,KineticEnergy,ParticlesDetected,Pressure,RadarReflectivity,RainAbsolute,RainAccumulated,RainRate,SnowDepthIntensity,WeatherCode4680,0.10299222979103281,0.010607399397328908
AverageParticleSpeed,Humidity,KineticEnergy,ParticlesDetected,Pressure,RadarReflectivity,RainAbsolute,RainAccumulated,SnowDepthIntensity,WeatherCode4680,0.10299222979103267,0.010607399397328878
Humidity,KineticEnergy,ParticlesDetected,Pressure,RadarReflectivity,RainAbsolute,RainAccumulated,SnowDepthIntensity,VolumeEquivalentDiameter,WeatherCode4680,0.10299222979103265,0.010607399397328873
Humidity,KineticEnergy,ParticlesDetected,RadarReflectivity,RainAbsolute,RainAccumulated,RainIntensity,SnowDepthIntensity,VolumeEquivalentDiameter,WeatherCode4680,0.1028264198383569,0.010573272616774038
AverageParticleSpeed,Humidity,KineticEnergy,ParticlesDetected,RadarReflectivity,RainAbsolute,RainAccumulated,RainIntensity,SnowDepthIntensity,WeatherCode4680,0.10282641983835682,0.01057327261677402
Humidity,KineticEnergy,ParticlesDetected,RadarReflectivity,RainAbsolute,RainAccumulated,RainIntensity,RainRate,SnowDepthIntensity,WeatherCode4680,0.10282641983835682,0.01057327261677402
Humidity,KineticEnergy,ParticlesDetected,Pressure,RadarReflectivity,RainAbsolute,RainAccumulated,RainIntensity,SnowDepthIntensity,WeatherCode4680,0.10253518069697769,0.010513463280561866
AverageParticleSpeed,Humidity,ParticlesDetected,RadarReflectivity,RainAbsolute,RainAccumulated,RainRate,Temperature,VolumeEquivalentDiameter,WeatherCode4680,0.10222060781174842,0.010449052661403283
AverageParticleSpeed,Humidity,ParticlesDetected,Pressure,RadarReflectivity,RainAbsolute,RainAccumulated,Temperature,VolumeEquivalentDiameter,WeatherCode4680,0.10192580762997674,0.010388870261023026
Humidity,ParticlesDetected,Pressure,RadarReflectivity,RainAbsolute,RainAccumulated,RainRate,Temperature,VolumeEquivalentDiameter,WeatherCode4680,0.10192580762997669,0.010388870261023014
AverageParticleSpeed,Humidity,ParticlesDetected,Pressure,RadarReflectivity,RainAbsolute,RainAccumulated,RainRate,Temperature,WeatherCode4680,0.10192580762997666,0.010388870261023008
AverageParticleSpeed,Humidity,ParticlesDetected,RadarReflectivity,RainAbsolute,RainAccumulated,RainIntensity,Temperature,VolumeEquivalentDiameter,WeatherCode4680,0.101766862192559,0.010356494240519293
Humidity,ParticlesDetected,RadarReflectivity,RainAbsolute,RainAccumulated,RainIntensity,RainRate,Temperature,VolumeEquivalentDiameter,WeatherCode4680,0.10176686219255897,0.010356494240519288
AverageParticleSpeed,Humidity,ParticlesDetected,RadarReflectivity,RainAbsolute,RainAccumulated,RainIntensity,RainRate,Temperature,WeatherCode4680,0.10176686219255895,0.010356494240519286
AverageParticleSpeed,Humidity,KineticEnergy,ParticlesDetected,RadarReflectivity,RainAbsolute,RainAccumulated,RainRate,Temperature,WeatherCode4680,0.10161051416983558,0.010324696589858356
Humidity,KineticEnergy,ParticlesDetected,RadarReflectivity,RainAbsolute,RainAccumulated,RainRate,Temperature,VolumeEquivalentDiameter,WeatherCode4680,0.10161051416983555,0.010324696589858351
AverageParticleSpeed,Humidity,KineticEnergy,ParticlesDetected,RadarReflectivity,RainAbsolute,RainAccumulated,Temperature,VolumeEquivalentDiameter,WeatherCode4680,0.10161051416983546,0.010324696589858334
Humidity,ParticlesDetected,Pressure,RadarReflectivity,RainAbsolute,RainAccumulated,RainIntensity,RainRate,Temperature,WeatherCode4680,0.10147262582697289,0.010296693792220845
AverageParticleSpeed,Humidity,ParticlesDetected,Pressure,RadarReflectivity,RainAbsolute,RainAccumulated,RainIntensity,Temperature,WeatherCode4680,0.10147262582697286,0.01029669379222084
Humidity,ParticlesDetected,Pressure,RadarReflectivity,RainAbsolute,RainAccumulated,RainIntensity,Temperature,VolumeEquivalentDiameter,WeatherCode4680,0.10147262582697286,0.01029669379222084
Humidity,KineticEnergy,ParticlesDetected,Pressure,RadarReflectivity,RainAbsolute,RainAccumulated,Temperature,VolumeEquivalentDiameter,WeatherCode4680,0.1013165187118123,0.010265036963881011
AverageParticleSpeed,Humidity,KineticEnergy,ParticlesDetected,Pressure,RadarReflectivity,RainAbsolute,RainAccumulated,Temperature,WeatherCode4680,0.10131651871181228,0.010265036963881008
Humidity,KineticEnergy,ParticlesDetected,Pressure,RadarReflectivity,RainAbsolute,RainAccumulated,RainRate,Temperature,WeatherCode4680,0.10131651871181192,0.010265036963880935
Humidity,KineticEnergy,ParticlesDetected,RadarReflectivity,RainAbsolute,RainAccumulated,RainIntensity,Temperature,VolumeEquivalentDiameter,WeatherCode4680,0.10115905033098768,0.010233153463867299
Humidity,KineticEnergy,ParticlesDetected,RadarReflectivity,RainAbsolute,RainAccumulated,RainIntensity,RainRate,Temperature,WeatherCode4680,0.10115905033098761,0.010233153463867285
AverageParticleSpeed,Humidity,KineticEnergy,ParticlesDetected,RadarReflectivity,RainAbsolute,RainAccumulated,RainIntensity,Temperature,WeatherCode4680,0.1011590503309876,0.010233153463867281
Humidity,KineticEnergy,ParticlesDetected,Pressure,RadarReflectivity,RainAbsolute,RainAccumulated,RainIntensity,Temperature,WeatherCode4680,0.10086562047103123,0.010173873393006114
AverageParticleSpeed,Humidity,ParticlesDetected,Pressure,RainAbsolute,RainRate,SnowDepthIntensity,Temperature,VolumeEquivalentDiameter,WindSpeed,0.10016030388230901,0.010032086473796486
AverageParticleSpeed,Humidity,ParticlesDetected,Pressure,RainAccumulated,RainRate,SnowDepthIntensity,Temperature,VolumeEquivalentDiameter,WindSpeed,0.10016030388230901,0.010032086473796486
