Variable 1,Variable 2,Variable 3,Variable 4,Variable 5,Variable 6,Correlation (r),R²
AverageParticleSpeed,Pressure,RainAbsolute,RainAccumulated,RainRate,VolumeEquivalentDiameter,0.3856599501054968,0.1487335971153743
AverageParticleSpeed,RainAbsolute,RainAccumulated,RainIntensity,RainRate,VolumeEquivalentDiameter,0.38495113185183505,0.14818737391400888
AverageParticleSpeed,Pressure,RainAbsolute,RainAccumulated,RainIntensity,RainRate,0.3849194232196381,0.1481629623717389
Pressure,RainAbsolute,RainAccumulated,RainIntensity,RainRate,VolumeEquivalentDiameter,0.3849194232196381,0.1481629623717389
AverageParticleSpeed,Pressure,RainAbsolute,RainAccumulated,RainIntensity,VolumeEquivalentDiameter,0.38491942321963774,0.1481629623717386
AverageParticleSpeed,KineticEnergy,RainAbsolute,RainAccumulated,RainRate,VolumeEquivalentDiameter,0.38468780318043855,0.14798470591579183
AverageParticleSpeed,KineticEnergy,Pressure,RainAbsolute,RainAccumulated,VolumeEquivalentDiameter,0.38465543583285994,0.14795980431576744
AverageParticleSpeed,KineticEnergy,Pressure,RainAbsolute,RainAccumulated,RainRate,0.38465543583285955,0.14795980431576713
KineticEnergy,Pressure,RainAbsolute,RainAccumulated,RainRate,VolumeEquivalentDiameter,0.38465543583285955,0.14795980431576713
AverageParticleSpeed,Pressure,RainAbsolute,RainIntensity,RainRate,VolumeEquivalentDiameter,0.38411090816370497,0.1475411897703462
AverageParticleSpeed,Pressure,RainAccumulated,RainIntensity,RainRate,VolumeEquivalentDiameter,0.38411090816370497,0.1475411897703462
AverageParticleSpeed,KineticEnergy,RainAbsolute,RainAccumulated,RainIntensity,RainRate,0.38389010317936284,0.14737161131906185
KineticEnergy,RainAbsolute,RainAccumulated,RainIntensity,RainRate,VolumeEquivalentDiameter,0.38389010317936284,0.14737161131906185
AverageParticleSpeed,KineticEnergy,RainAbsolute,RainAccumulated,RainIntensity,VolumeEquivalentDiameter,0.3838901031793622,0.14737161131906135
KineticEnergy,Pressure,RainAbsolute,RainAccumulated,RainIntensity,RainRate,0.38385604166710335,0.147345460724337
AverageParticleSpeed,KineticEnergy,Pressure,RainAbsolute,RainAccumulated,RainIntensity,0.38385604166710297,0.14734546072433669
KineticEnergy,Pressure,RainAbsolute,RainAccumulated,RainIntensity,VolumeEquivalentDiameter,0.38385604166710297,0.14734546072433669
AverageParticleSpeed,KineticEnergy,Pressure,RainAbsolute,RainRate,VolumeEquivalentDiameter,0.3834876198380873,0.14706275456908138
AverageParticleSpeed,KineticEnergy,Pressure,RainAccumulated,RainRate,VolumeEquivalentDiameter,0.3834876198380873,0.14706275456908138
AverageParticleSpeed,RainAbsolute,RainAccumulated,RainRate,VolumeEquivalentDiameter,WindSpeed,0.3825560088884338,0.1463490999366474
AverageParticleSpeed,Pressure,RainAbsolute,RainAccumulated,RainRate,WindSpeed,0.3824802898595293,0.14629117213102957
Pressure,RainAbsolute,RainAccumulated,RainRate,VolumeEquivalentDiameter,WindSpeed,0.3824802898595293,0.14629117213102957
AverageParticleSpeed,Pressure,RainAbsolute,RainAccumulated,VolumeEquivalentDiameter,WindSpeed,0.38248028985952887,0.1462911721310292
AverageParticleSpeed,KineticEnergy,RainAbsolute,RainIntensity,RainRate,VolumeEquivalentDiameter,0.3818161861442139,0.145783600001713
AverageParticleSpeed,KineticEnergy,RainAccumulated,RainIntensity,RainRate,VolumeEquivalentDiameter,0.3818161861442139,0.145783600001713
AverageParticleSpeed,KineticEnergy,Pressure,RainAbsolute,RainIntensity,RainRate,0.38173734445682844,0.1457234001529513
AverageParticleSpeed,KineticEnergy,Pressure,RainAccumulated,RainIntensity,RainRate,0.38173734445682844,0.1457234001529513
KineticEnergy,Pressure,RainAbsolute,RainIntensity,RainRate,VolumeEquivalentDiameter,0.38173734445682844,0.1457234001529513
KineticEnergy,Pressure,RainAccumulated,RainIntensity,RainRate,VolumeEquivalentDiameter,0.38173734445682844,0.1457234001529513
AverageParticleSpeed,KineticEnergy,Pressure,RainAbsolute,RainIntensity,VolumeEquivalentDiameter,0.38173734445682816,0.14572340015295107
AverageParticleSpeed,KineticEnergy,Pressure,RainAccumulated,RainIntensity,VolumeEquivalentDiameter,0.38173734445682816,0.14572340015295107
AverageParticleSpeed,RainAbsolute,RainAccumulated,RainIntensity,RainRate,WindSpeed,0.3817225364262865,0.14571209481571762
AverageParticleSpeed,RainAbsolute,RainAccumulated,RainIntensity,VolumeEquivalentDiameter,WindSpeed,0.3817225364262865,0.14571209481571762
RainAbsolute,RainAccumulated,RainIntensity,RainRate,VolumeEquivalentDiameter,WindSpeed,0.3817225364262865,0.14571209481571762
AverageParticleSpeed,Pressure,RainAbsolute,RainAccumulated,RainIntensity,WindSpeed,0.3816451288850715,0.14565300440170284
Pressure,RainAbsolute,RainAccumulated,RainIntensity,VolumeEquivalentDiameter,WindSpeed,0.3816451288850715,0.14565300440170284
Pressure,RainAbsolute,RainAccumulated,RainIntensity,RainRate,WindSpeed,0.38164512888507135,0.14565300440170273
AverageParticleSpeed,KineticEnergy,RainAbsolute,RainAccumulated,RainRate,WindSpeed,0.38140748506273225,0.14547166966187833
KineticEnergy,RainAbsolute,RainAccumulated,RainRate,VolumeEquivalentDiameter,WindSpeed,0.38140748506273225,0.14547166966187833
AverageParticleSpeed,KineticEnergy,RainAbsolute,RainAccumulated,VolumeEquivalentDiameter,WindSpeed,0.38140748506273214,0.14547166966187824
AverageParticleSpeed,KineticEnergy,Pressure,RainAbsolute,RainAccumulated,WindSpeed,0.3813292548551748,0.14541200060840287
KineticEnergy,Pressure,RainAbsolute,RainAccumulated,VolumeEquivalentDiameter,WindSpeed,0.3813292548551748,0.14541200060840287
KineticEnergy,Pressure,RainAbsolute,RainAccumulated,RainRate,WindSpeed,0.38132925485517477,0.14541200060840284
KineticEnergy,RainAbsolute,RainAccumulated,RainIntensity,RainRate,WindSpeed,0.38050926474927815,0.14478730056003625
AverageParticleSpeed,KineticEnergy,RainAbsolute,RainAccumulated,RainIntensity,WindSpeed,0.380509264749278,0.14478730056003614
KineticEnergy,RainAbsolute,RainAccumulated,RainIntensity,VolumeEquivalentDiameter,WindSpeed,0.380509264749278,0.14478730056003614
KineticEnergy,Pressure,RainAbsolute,RainAccumulated,RainIntensity,WindSpeed,0.3804290833428351,0.14472628745306976
AverageParticleSpeed,RainAbsolute,RainAccumulated,RainRate,SnowDepthIntensity,VolumeEquivalentDiameter,0.3773145645311576,0.14236628060733708
AverageParticleSpeed,Pressure,RainAbsolute,RainAccumulated,RainRate,SnowDepthIntensity,0.3772625405279036,0.1423270244855681
Pressure,RainAbsolute,RainAccumulated,RainRate,SnowDepthIntensity,VolumeEquivalentDiameter,0.3772625405279036,0.1423270244855681
AverageParticleSpeed,Pressure,RainAbsolute,RainAccumulated,SnowDepthIntensity,VolumeEquivalentDiameter,0.3772625405279034,0.14232702448556797
AverageParticleSpeed,RainAbsolute,RainAccumulated,RainIntensity,RainRate,SnowDepthIntensity,0.37634784424288475,0.14163769986626665
RainAbsolute,RainAccumulated,RainIntensity,RainRate,SnowDepthIntensity,VolumeEquivalentDiameter,0.37634784424288475,0.14163769986626665
AverageParticleSpeed,RainAbsolute,RainAccumulated,RainIntensity,SnowDepthIntensity,VolumeEquivalentDiameter,0.3763478442428847,0.1416376998662666
Pressure,RainAbsolute,RainAccumulated,RainIntensity,RainRate,SnowDepthIntensity,0.37629347395806584,0.14159677854342959
AverageParticleSpeed,Pressure,RainAbsolute,RainAccumulated,RainIntensity,SnowDepthIntensity,0.3762934739580658,0.14159677854342953
Pressure,RainAbsolute,RainAccumulated,RainIntensity,SnowDepthIntensity,VolumeEquivalentDiameter,0.3762934739580658,0.14159677854342953
AverageParticleSpeed,RainAbsolute,RainAccumulated,RainRate,Temperature,VolumeEquivalentDiameter,0.37601692835936323,0.1413887304128105
AverageParticleSpeed,KineticEnergy,RainAbsolute,RainAccumulated,RainRate,SnowDepthIntensity,0.376015627598473,0.14138775219827354
KineticEnergy,RainAbsolute,RainAccumulated,RainRate,SnowDepthIntensity,VolumeEquivalentDiameter,0.376015627598473,0.14138775219827354
AverageParticleSpeed,KineticEnergy,RainAbsolute,RainAccumulated,SnowDepthIntensity,VolumeEquivalentDiameter,0.3760156275984724,0.14138775219827307
AverageParticleSpeed,Pressure,RainAbsolute,RainAccumulated,Temperature,VolumeEquivalentDiameter,0.37596319108187604,0.14134832104846723
AverageParticleSpeed,Pressure,RainAbsolute,RainAccumulated,RainRate,Temperature,0.3759631910818757,0.14134832104846698
Pressure,RainAbsolute,RainAccumulated,RainRate,Temperature,VolumeEquivalentDiameter,0.3759631910818757,0.14134832104846698
AverageParticleSpeed,KineticEnergy,Pressure,RainAbsolute,RainAccumulated,SnowDepthIntensity,0.37596033858745703,0.14134617619079534
KineticEnergy,Pressure,RainAbsolute,RainAccumulated,SnowDepthIntensity,VolumeEquivalentDiameter,0.37596033858745703,0.14134617619079534
KineticEnergy,Pressure,RainAbsolute,RainAccumulated,RainRate,SnowDepthIntensity,0.37596033858745687,0.1413461761907952
AverageParticleSpeed,RainAbsolute,RainAccumulated,RainIntensity,RainRate,Temperature,0.3751420661496903,0.14073156979505863
RainAbsolute,RainAccumulated,RainIntensity,RainRate,Temperature,VolumeEquivalentDiameter,0.3751420661496903,0.14073156979505863
AverageParticleSpeed,RainAbsolute,RainAccumulated,RainIntensity,Temperature,VolumeEquivalentDiameter,0.3751420661496901,0.14073156979505846
AverageParticleSpeed,Pressure,RainAbsolute,RainAccumulated,RainIntensity,Temperature,0.3750863383492229,0.14068976121622773
Pressure,RainAbsolute,RainAccumulated,RainIntensity,Temperature,VolumeEquivalentDiameter,0.3750863383492229,0.14068976121622773
Pressure,RainAbsolute,RainAccumulated,RainIntensity,RainRate,Temperature,0.37508633834922284,0.14068976121622767
KineticEnergy,RainAbsolute,RainAccumulated,RainIntensity,RainRate,SnowDepthIntensity,0.37499636177057205,0.14062227134116576
AverageParticleSpeed,KineticEnergy,RainAbsolute,RainAccumulated,RainIntensity,SnowDepthIntensity,0.37499636177057044,0.14062227134116453
KineticEnergy,RainAbsolute,RainAccumulated,RainIntensity,SnowDepthIntensity,VolumeEquivalentDiameter,0.37499636177057044,0.14062227134116453
KineticEnergy,Pressure,RainAbsolute,RainAccumulated,RainIntensity,SnowDepthIntensity,0.3749385253503213,0.14057889779187352
AverageParticleSpeed,KineticEnergy,RainAbsolute,RainAccumulated,Temperature,VolumeEquivalentDiameter,0.3748261398052147,0.14049463508127832
AverageParticleSpeed,KineticEnergy,RainAbsolute,RainAccumulated,RainRate,Temperature,0.3748261398052145,0.1404946350812782
KineticEnergy,RainAbsolute,RainAccumulated,RainRate,Temperature,VolumeEquivalentDiameter,0.3748261398052145,0.1404946350812782
AverageParticleSpeed,KineticEnergy,Pressure,RainAbsolute,RainAccumulated,Temperature,0.3747695506069982,0.14045221606217137
KineticEnergy,Pressure,RainAbsolute,RainAccumulated,RainRate,Temperature,0.3747695506069982,0.14045221606217137
KineticEnergy,Pressure,RainAbsolute,RainAccumulated,Temperature,VolumeEquivalentDiameter,0.3747695506069982,0.14045221606217137
KineticEnergy,RainAbsolute,RainAccumulated,RainIntensity,RainRate,Temperature,0.37389631149448654,0.13979845174918212
AverageParticleSpeed,KineticEnergy,RainAbsolute,RainAccumulated,RainIntensity,Temperature,0.3738963114944863,0.13979845174918196
KineticEnergy,RainAbsolute,RainAccumulated,RainIntensity,Temperature,VolumeEquivalentDiameter,0.3738963114944863,0.13979845174918196
KineticEnergy,Pressure,RainAbsolute,RainAccumulated,RainIntensity,Temperature,0.37383751454432534,0.13975448728067866
AverageParticleSpeed,RainAbsolute,RainAccumulated,RainRate,SnowDepthIntensity,WindSpeed,0.37326330950957304,0.13932549822603932
RainAbsolute,RainAccumulated,RainRate,SnowDepthIntensity,VolumeEquivalentDiameter,WindSpeed,0.37326330950957304,0.13932549822603932
AverageParticleSpeed,RainAbsolute,RainAccumulated,SnowDepthIntensity,VolumeEquivalentDiameter,WindSpeed,0.37326330950957287,0.1393254982260392
AverageParticleSpeed,Pressure,RainAbsolute,RainAccumulated,SnowDepthIntensity,WindSpeed,0.37316332796176616,0.13925086933550065
Pressure,RainAbsolute,RainAccumulated,SnowDepthIntensity,VolumeEquivalentDiameter,WindSpeed,0.37316332796176616,0.13925086933550065
Pressure,RainAbsolute,RainAccumulated,RainRate,SnowDepthIntensity,WindSpeed,0.37316332796176577,0.13925086933550035
AverageParticleSpeed,RainAbsolute,RainAccumulated,Temperature,VolumeEquivalentDiameter,WindSpeed,0.3723729124232641,0.1386615859065839
AverageParticleSpeed,RainAbsolute,RainAccumulated,RainRate,Temperature,WindSpeed,0.3723729124232638,0.1386615859065837
RainAbsolute,RainAccumulated,RainRate,Temperature,VolumeEquivalentDiameter,WindSpeed,0.3723729124232638,0.1386615859065837
Pressure,RainAbsolute,RainAccumulated,RainRate,Temperature,WindSpeed,0.37227222299400914,0.13858660801290126
AverageParticleSpeed,Pressure,RainAbsolute,RainAccumulated,Temperature,WindSpeed,0.372272222994009,0.13858660801290118
Pressure,RainAbsolute,RainAccumulated,Temperature,VolumeEquivalentDiameter,WindSpeed,0.372272222994009,0.13858660801290118
AverageParticleSpeed,RainAbsolute,RainAccumulated,RainIntensity,SnowDepthIntensity,WindSpeed,0.3721817569580185,0.13851926021235753
RainAbsolute,RainAccumulated,RainIntensity,SnowDepthIntensity,VolumeEquivalentDiameter,WindSpeed,0.3721817569580185,0.13851926021235753
RainAbsolute,RainAccumulated,RainIntensity,RainRate,SnowDepthIntensity,WindSpeed,0.3721817569580184,0.1385192602123575
Pressure,RainAbsolute,RainAccumulated,RainIntensity,SnowDepthIntensity,WindSpeed,0.37207914281705945,0.13844288851947772
KineticEnergy,RainAbsolute,RainAccumulated,RainRate,SnowDepthIntensity,WindSpeed,0.3717931187577494,0.13823012315561395
AverageParticleSpeed,KineticEnergy,RainAbsolute,RainAccumulated,SnowDepthIntensity,WindSpeed,0.3717931187577492,0.13823012315561378
KineticEnergy,RainAbsolute,RainAccumulated,SnowDepthIntensity,VolumeEquivalentDiameter,WindSpeed,0.3717931187577492,0.13823012315561378
KineticEnergy,Pressure,RainAbsolute,RainAccumulated,SnowDepthIntensity,WindSpeed,0.37168941900191654,0.13815302419798228
RainAbsolute,RainAccumulated,RainIntensity,RainRate,Temperature,WindSpeed,0.37138921624575066,0.13792994994363295
AverageParticleSpeed,RainAbsolute,RainAccumulated,RainIntensity,Temperature,WindSpeed,0.3713892162457502,0.1379299499436326
RainAbsolute,RainAccumulated,RainIntensity,Temperature,VolumeEquivalentDiameter,WindSpeed,0.3713892162457502,0.1379299499436326
Pressure,RainAbsolute,RainAccumulated,RainIntensity,Temperature,WindSpeed,0.3712862568029408,0.1378534844907393
KineticEnergy,RainAbsolute,RainAccumulated,RainRate,Temperature,WindSpeed,0.37101657362644075,0.13765329790550412
AverageParticleSpeed,KineticEnergy,RainAbsolute,RainAccumulated,Temperature,WindSpeed,0.37101657362644025,0.13765329790550376
KineticEnergy,RainAbsolute,RainAccumulated,Temperature,VolumeEquivalentDiameter,WindSpeed,0.37101657362644025,0.13765329790550376
KineticEnergy,Pressure,RainAbsolute,RainAccumulated,Temperature,WindSpeed,0.37091257752056866,0.13757614016295186
KineticEnergy,RainAbsolute,RainAccumulated,RainIntensity,SnowDepthIntensity,WindSpeed,0.37065455290629684,0.1373847975901668
AverageParticleSpeed,Pressure,RainAbsolute,RainRate,VolumeEquivalentDiameter,WindSpeed,0.3701388756395037,0.137002787259676
AverageParticleSpeed,Pressure,RainAccumulated,RainRate,VolumeEquivalentDiameter,WindSpeed,0.3701388756395037,0.137002787259676
KineticEnergy,RainAbsolute,RainAccumulated,RainIntensity,Temperature,WindSpeed,0.36997265702768795,0.1368797669481272
AverageParticleSpeed,RainAbsolute,RainIntensity,RainRate,VolumeEquivalentDiameter,WindSpeed,0.36862872538600233,0.1358871371797087
AverageParticleSpeed,RainAccumulated,RainIntensity,RainRate,VolumeEquivalentDiameter,WindSpeed,0.36862872538600233,0.1358871371797087
AverageParticleSpeed,Pressure,RainAbsolute,RainIntensity,VolumeEquivalentDiameter,WindSpeed,0.3682889441037965,0.13563674634908932
AverageParticleSpeed,Pressure,RainAccumulated,RainIntensity,VolumeEquivalentDiameter,WindSpeed,0.3682889441037965,0.13563674634908932
AverageParticleSpeed,Pressure,RainAbsolute,RainIntensity,RainRate,WindSpeed,0.3682889441037964,0.1356367463490893
AverageParticleSpeed,Pressure,RainAccumulated,RainIntensity,RainRate,WindSpeed,0.3682889441037964,0.1356367463490893
Pressure,RainAbsolute,RainIntensity,RainRate,VolumeEquivalentDiameter,WindSpeed,0.3682889441037964,0.1356367463490893
Pressure,RainAccumulated,RainIntensity,RainRate,VolumeEquivalentDiameter,WindSpeed,0.3682889441037964,0.1356367463490893
AverageParticleSpeed,KineticEnergy,RainAbsolute,RainRate,VolumeEquivalentDiameter,WindSpeed,0.3678072981337381,0.1352822085604405
AverageParticleSpeed,KineticEnergy,RainAccumulated,RainRate,VolumeEquivalentDiameter,WindSpeed,0.3678072981337381,0.1352822085604405
AverageParticleSpeed,KineticEnergy,Pressure,RainAbsolute,RainRate,WindSpeed,0.3674632904885055,0.1350292698566398
AverageParticleSpeed,KineticEnergy,Pressure,RainAbsolute,VolumeEquivalentDiameter,WindSpeed,0.3674632904885055,0.1350292698566398
AverageParticleSpeed,KineticEnergy,Pressure,RainAccumulated,RainRate,WindSpeed,0.3674632904885055,0.1350292698566398
AverageParticleSpeed,KineticEnergy,Pressure,RainAccumulated,VolumeEquivalentDiameter,WindSpeed,0.3674632904885055,0.1350292698566398
KineticEnergy,Pressure,RainAbsolute,RainRate,VolumeEquivalentDiameter,WindSpeed,0.3674632904885055,0.1350292698566398
KineticEnergy,Pressure,RainAccumulated,RainRate,VolumeEquivalentDiameter,WindSpeed,0.3674632904885055,0.1350292698566398
AverageParticleSpeed,RainAbsolute,RainAccumulated,SnowDepthIntensity,Temperature,VolumeEquivalentDiameter,0.3665784588070823,0.13437976646137573
AverageParticleSpeed,RainAbsolute,RainAccumulated,RainRate,SnowDepthIntensity,Temperature,0.3665784588070819,0.13437976646137545
RainAbsolute,RainAccumulated,RainRate,SnowDepthIntensity,Temperature,VolumeEquivalentDiameter,0.3665784588070819,0.13437976646137545
Pressure,RainAbsolute,RainAccumulated,RainRate,SnowDepthIntensity,Temperature,0.36649912134314944,0.13432160594530057
AverageParticleSpeed,Pressure,RainAbsolute,RainAccumulated,SnowDepthIntensity,Temperature,0.36649912134314927,0.13432160594530046
Pressure,RainAbsolute,RainAccumulated,SnowDepthIntensity,Temperature,VolumeEquivalentDiameter,0.36649912134314927,0.13432160594530046
AverageParticleSpeed,KineticEnergy,RainAbsolute,RainIntensity,VolumeEquivalentDiameter,WindSpeed,0.3657019501582318,0.13373791634953386
AverageParticleSpeed,KineticEnergy,RainAccumulated,RainIntensity,VolumeEquivalentDiameter,WindSpeed,0.3657019501582318,0.13373791634953386
AverageParticleSpeed,KineticEnergy,RainAbsolute,RainIntensity,RainRate,WindSpeed,0.3657019501582317,0.13373791634953378
AverageParticleSpeed,KineticEnergy,RainAccumulated,RainIntensity,RainRate,WindSpeed,0.3657019501582317,0.13373791634953378
KineticEnergy,RainAbsolute,RainIntensity,RainRate,VolumeEquivalentDiameter,WindSpeed,0.3657019501582317,0.13373791634953378
KineticEnergy,RainAccumulated,RainIntensity,RainRate,VolumeEquivalentDiameter,WindSpeed,0.3657019501582317,0.13373791634953378
AverageParticleSpeed,Pressure,RainAbsolute,RainRate,SnowDepthIntensity,VolumeEquivalentDiameter,0.3656690721071201,0.13371387029568219
AverageParticleSpeed,Pressure,RainAccumulated,RainRate,SnowDepthIntensity,VolumeEquivalentDiameter,0.3656690721071201,0.13371387029568219
AverageParticleSpeed,RainAbsolute,RainAccumulated,RainIntensity,SnowDepthIntensity,Temperature,0.36549778255689497,0.13358862905400729
RainAbsolute,RainAccumulated,RainIntensity,SnowDepthIntensity,Temperature,VolumeEquivalentDiameter,0.36549778255689497,0.13358862905400729
RainAbsolute,RainAccumulated,RainIntensity,RainRate,SnowDepthIntensity,Temperature,0.3654977825568946,0.13358862905400698
Pressure,RainAbsolute,RainAccumulated,RainIntensity,SnowDepthIntensity,Temperature,0.3654157104896327,0.13352864147264304
AverageParticleSpeed,KineticEnergy,Pressure,RainAbsolute,RainIntensity,WindSpeed,0.36534909636158974,0.13347996221223019
AverageParticleSpeed,KineticEnergy,Pressure,RainAccumulated,RainIntensity,WindSpeed,0.36534909636158974,0.13347996221223019
KineticEnergy,Pressure,RainAbsolute,RainIntensity,VolumeEquivalentDiameter,WindSpeed,0.36534909636158974,0.13347996221223019
KineticEnergy,Pressure,RainAccumulated,RainIntensity,VolumeEquivalentDiameter,WindSpeed,0.36534909636158974,0.13347996221223019
KineticEnergy,Pressure,RainAbsolute,RainIntensity,RainRate,WindSpeed,0.36534909636158963,0.1334799622122301
KineticEnergy,Pressure,RainAccumulated,RainIntensity,RainRate,WindSpeed,0.36534909636158963,0.1334799622122301
AverageParticleSpeed,KineticEnergy,RainAbsolute,RainAccumulated,SnowDepthIntensity,Temperature,0.36512101334923763,0.13331335438917416
KineticEnergy,RainAbsolute,RainAccumulated,SnowDepthIntensity,Temperature,VolumeEquivalentDiameter,0.36512101334923763,0.13331335438917416
KineticEnergy,RainAbsolute,RainAccumulated,RainRate,SnowDepthIntensity,Temperature,0.3651210133492376,0.13331335438917413
KineticEnergy,Pressure,RainAbsolute,RainAccumulated,SnowDepthIntensity,Temperature,0.36503787581901176,0.13325265078245624
KineticEnergy,RainAbsolute,RainAccumulated,RainIntensity,SnowDepthIntensity,Temperature,0.36399232890321626,0.13249041550038715
AverageParticleSpeed,RainAbsolute,RainIntensity,RainRate,SnowDepthIntensity,VolumeEquivalentDiameter,0.36352021762380915,0.13214694862126156
AverageParticleSpeed,RainAccumulated,RainIntensity,RainRate,SnowDepthIntensity,VolumeEquivalentDiameter,0.36352021762380915,0.13214694862126156
AverageParticleSpeed,Pressure,RainAbsolute,RainIntensity,RainRate,SnowDepthIntensity,0.36333698777031304,0.1320137666820046
AverageParticleSpeed,Pressure,RainAccumulated,RainIntensity,RainRate,SnowDepthIntensity,0.36333698777031304,0.1320137666820046
Pressure,RainAbsolute,RainIntensity,RainRate,SnowDepthIntensity,VolumeEquivalentDiameter,0.36333698777031304,0.1320137666820046
Pressure,RainAccumulated,RainIntensity,RainRate,SnowDepthIntensity,VolumeEquivalentDiameter,0.36333698777031304,0.1320137666820046
AverageParticleSpeed,Pressure,RainAbsolute,RainIntensity,SnowDepthIntensity,VolumeEquivalentDiameter,0.3633369877703128,0.13201376668200443
AverageParticleSpeed,Pressure,RainAccumulated,RainIntensity,SnowDepthIntensity,VolumeEquivalentDiameter,0.3633369877703128,0.13201376668200443
AverageParticleSpeed,Pressure,RainAbsolute,RainRate,Temperature,VolumeEquivalentDiameter,0.36303524291982303,0.13179458760185492
AverageParticleSpeed,Pressure,RainAccumulated,RainRate,Temperature,VolumeEquivalentDiameter,0.36303524291982303,0.13179458760185492
AverageParticleSpeed,KineticEnergy,RainAbsolute,RainRate,SnowDepthIntensity,VolumeEquivalentDiameter,0.36267211301755975,0.13153106156062164
AverageParticleSpeed,KineticEnergy,RainAccumulated,RainRate,SnowDepthIntensity,VolumeEquivalentDiameter,0.36267211301755975,0.13153106156062164
AverageParticleSpeed,KineticEnergy,Pressure,RainAbsolute,RainRate,SnowDepthIntensity,0.36248404701654974,0.13139468434149623
AverageParticleSpeed,KineticEnergy,Pressure,RainAccumulated,RainRate,SnowDepthIntensity,0.36248404701654974,0.13139468434149623
KineticEnergy,Pressure,RainAbsolute,RainRate,SnowDepthIntensity,VolumeEquivalentDiameter,0.36248404701654974,0.13139468434149623
KineticEnergy,Pressure,RainAccumulated,RainRate,SnowDepthIntensity,VolumeEquivalentDiameter,0.36248404701654974,0.13139468434149623
AverageParticleSpeed,KineticEnergy,Pressure,RainAbsolute,SnowDepthIntensity,VolumeEquivalentDiameter,0.36248404701654946,0.13139468434149604
AverageParticleSpeed,KineticEnergy,Pressure,RainAccumulated,SnowDepthIntensity,VolumeEquivalentDiameter,0.36248404701654946,0.13139468434149604
AverageParticleSpeed,RainAbsolute,RainAccumulated,SnowDepthIntensity,Temperature,WindSpeed,0.36191329604316724,0.13098123385282923
RainAbsolute,RainAccumulated,SnowDepthIntensity,Temperature,VolumeEquivalentDiameter,WindSpeed,0.36191329604316724,0.13098123385282923
RainAbsolute,RainAccumulated,RainRate,SnowDepthIntensity,Temperature,WindSpeed,0.36191329604316713,0.13098123385282914
Pressure,RainAbsolute,RainAccumulated,SnowDepthIntensity,Temperature,WindSpeed,0.36178429841391685,0.13088787857885004
AverageParticleSpeed,RainAbsolute,RainIntensity,RainRate,Temperature,VolumeEquivalentDiameter,0.3612211598209687,0.13048072630240581
AverageParticleSpeed,RainAccumulated,RainIntensity,RainRate,Temperature,VolumeEquivalentDiameter,0.3612211598209687,0.13048072630240581
AverageParticleSpeed,Pressure,RainAbsolute,RainIntensity,RainRate,Temperature,0.3610319636495825,0.13034407877667348
AverageParticleSpeed,Pressure,RainAbsolute,RainIntensity,Temperature,VolumeEquivalentDiameter,0.3610319636495825,0.13034407877667348
AverageParticleSpeed,Pressure,RainAccumulated,RainIntensity,RainRate,Temperature,0.3610319636495825,0.13034407877667348
AverageParticleSpeed,Pressure,RainAccumulated,RainIntensity,Temperature,VolumeEquivalentDiameter,0.3610319636495825,0.13034407877667348
Pressure,RainAbsolute,RainIntensity,RainRate,Temperature,VolumeEquivalentDiameter,0.3610319636495825,0.13034407877667348
Pressure,RainAccumulated,RainIntensity,RainRate,Temperature,VolumeEquivalentDiameter,0.3610319636495825,0.13034407877667348
RainAbsolute,RainAccumulated,RainIntensity,SnowDepthIntensity,Temperature,WindSpeed,0.3607084069674187,0.13011055485697293
AverageParticleSpeed,KineticEnergy,RainAbsolute,RainRate,Temperature,VolumeEquivalentDiameter,0.3604244609631867,0.12990579206060368
AverageParticleSpeed,KineticEnergy,RainAccumulated,RainRate,Temperature,VolumeEquivalentDiameter,0.3604244609631867,0.12990579206060368
KineticEnergy,RainAbsolute,RainAccumulated,SnowDepthIntensity,Temperature,WindSpeed,0.36027223725156043,0.12979608493424466
AverageParticleSpeed,KineticEnergy,Pressure,RainAbsolute,Temperature,VolumeEquivalentDiameter,0.3602307125451049,0.12976616626075402
AverageParticleSpeed,KineticEnergy,Pressure,RainAccumulated,Temperature,VolumeEquivalentDiameter,0.3602307125451049,0.12976616626075402
AverageParticleSpeed,KineticEnergy,Pressure,RainAbsolute,RainRate,Temperature,0.36023071254510486,0.12976616626075396
AverageParticleSpeed,KineticEnergy,Pressure,RainAccumulated,RainRate,Temperature,0.36023071254510486,0.12976616626075396
KineticEnergy,Pressure,RainAbsolute,RainRate,Temperature,VolumeEquivalentDiameter,0.36023071254510486,0.12976616626075396
KineticEnergy,Pressure,RainAccumulated,RainRate,Temperature,VolumeEquivalentDiameter,0.36023071254510486,0.12976616626075396
AverageParticleSpeed,KineticEnergy,RainAbsolute,RainIntensity,RainRate,SnowDepthIntensity,0.3601787947302037,0.1297287641733022
AverageParticleSpeed,KineticEnergy,RainAccumulated,RainIntensity,RainRate,SnowDepthIntensity,0.3601787947302037,0.1297287641733022
KineticEnergy,RainAbsolute,RainIntensity,RainRate,SnowDepthIntensity,VolumeEquivalentDiameter,0.3601787947302037,0.1297287641733022
KineticEnergy,RainAccumulated,RainIntensity,RainRate,SnowDepthIntensity,VolumeEquivalentDiameter,0.3601787947302037,0.1297287641733022
AverageParticleSpeed,KineticEnergy,RainAbsolute,RainIntensity,SnowDepthIntensity,VolumeEquivalentDiameter,0.36017879473020326,0.1297287641733019
AverageParticleSpeed,KineticEnergy,RainAccumulated,RainIntensity,SnowDepthIntensity,VolumeEquivalentDiameter,0.36017879473020326,0.1297287641733019
AverageParticleSpeed,KineticEnergy,Pressure,RainAbsolute,RainIntensity,SnowDepthIntensity,0.3599777421799488,0.1295839748649737
AverageParticleSpeed,KineticEnergy,Pressure,RainAccumulated,RainIntensity,SnowDepthIntensity,0.3599777421799488,0.1295839748649737
KineticEnergy,Pressure,RainAbsolute,RainIntensity,SnowDepthIntensity,VolumeEquivalentDiameter,0.3599777421799488,0.1295839748649737
KineticEnergy,Pressure,RainAccumulated,RainIntensity,SnowDepthIntensity,VolumeEquivalentDiameter,0.3599777421799488,0.1295839748649737
KineticEnergy,Pressure,RainAbsolute,RainIntensity,RainRate,SnowDepthIntensity,0.35997774217994855,0.1295839748649735
KineticEnergy,Pressure,RainAccumulated,RainIntensity,RainRate,SnowDepthIntensity,0.35997774217994855,0.1295839748649735
AverageParticleSpeed,KineticEnergy,RainAbsolute,RainIntensity,RainRate,Temperature,0.35823714493965897,0.12833385201451822
AverageParticleSpeed,KineticEnergy,RainAccumulated,RainIntensity,RainRate,Temperature,0.35823714493965897,0.12833385201451822
KineticEnergy,RainAbsolute,RainIntensity,RainRate,Temperature,VolumeEquivalentDiameter,0.35823714493965897,0.12833385201451822
KineticEnergy,RainAccumulated,RainIntensity,RainRate,Temperature,VolumeEquivalentDiameter,0.35823714493965897,0.12833385201451822
AverageParticleSpeed,KineticEnergy,RainAbsolute,RainIntensity,Temperature,VolumeEquivalentDiameter,0.3582371449396586,0.12833385201451794
AverageParticleSpeed,KineticEnergy,RainAccumulated,RainIntensity,Temperature,VolumeEquivalentDiameter,0.3582371449396586,0.12833385201451794
KineticEnergy,Pressure,RainAbsolute,RainIntensity,RainRate,Temperature,0.3580324472407464,0.12818723327719786
KineticEnergy,Pressure,RainAccumulated,RainIntensity,RainRate,Temperature,0.3580324472407464,0.12818723327719786
AverageParticleSpeed,KineticEnergy,Pressure,RainAbsolute,RainIntensity,Temperature,0.35803244724074634,0.1281872332771978
AverageParticleSpeed,KineticEnergy,Pressure,RainAccumulated,RainIntensity,Temperature,0.35803244724074634,0.1281872332771978
KineticEnergy,Pressure,RainAbsolute,RainIntensity,Temperature,VolumeEquivalentDiameter,0.35803244724074634,0.1281872332771978
KineticEnergy,Pressure,RainAccumulated,RainIntensity,Temperature,VolumeEquivalentDiameter,0.35803244724074634,0.1281872332771978
AverageParticleSpeed,Humidity,RainAbsolute,RainAccumulated,RainRate,VolumeEquivalentDiameter,0.3562865098345976,0.1269400770901188
AverageParticleSpeed,Humidity,Pressure,RainAbsolute,RainAccumulated,RainRate,0.3562134404274811,0.12688801514118261
Humidity,Pressure,RainAbsolute,RainAccumulated,RainRate,VolumeEquivalentDiameter,0.3562134404274811,0.12688801514118261
AverageParticleSpeed,Humidity,Pressure,RainAbsolute,RainAccumulated,VolumeEquivalentDiameter,0.356213440427481,0.12688801514118256
AverageParticleSpeed,Humidity,RainAbsolute,RainAccumulated,RainIntensity,RainRate,0.35516624564013893,0.1261430620421115
AverageParticleSpeed,Humidity,RainAbsolute,RainAccumulated,RainIntensity,VolumeEquivalentDiameter,0.35516624564013893,0.1261430620421115
Humidity,RainAbsolute,RainAccumulated,RainIntensity,RainRate,VolumeEquivalentDiameter,0.35516624564013893,0.1261430620421115
AverageParticleSpeed,Humidity,Pressure,RainAbsolute,RainAccumulated,RainIntensity,0.35508995492714945,0.12608887609016503
Humidity,Pressure,RainAbsolute,RainAccumulated,RainIntensity,VolumeEquivalentDiameter,0.35508995492714945,0.12608887609016503
Humidity,Pressure,RainAbsolute,RainAccumulated,RainIntensity,RainRate,0.35508995492714923,0.12608887609016486
AverageParticleSpeed,Humidity,KineticEnergy,RainAbsolute,RainAccumulated,VolumeEquivalentDiameter,0.3547696953040116,0.12586153670610123
AverageParticleSpeed,Humidity,KineticEnergy,RainAbsolute,RainAccumulated,RainRate,0.3547696953040115,0.12586153670610115
Humidity,KineticEnergy,RainAbsolute,RainAccumulated,RainRate,VolumeEquivalentDiameter,0.3547696953040115,0.12586153670610115
AverageParticleSpeed,Humidity,KineticEnergy,Pressure,RainAbsolute,RainAccumulated,0.35469211921175386,0.125806499430925
Humidity,KineticEnergy,Pressure,RainAbsolute,RainAccumulated,VolumeEquivalentDiameter,0.35469211921175386,0.125806499430925
Humidity,KineticEnergy,Pressure,RainAbsolute,RainAccumulated,RainRate,0.3546921192117536,0.1258064994309248
Humidity,KineticEnergy,RainAbsolute,RainAccumulated,RainIntensity,RainRate,0.35359476978981613,0.12502926122271307
AverageParticleSpeed,Humidity,KineticEnergy,RainAbsolute,RainAccumulated,RainIntensity,0.35359476978981547,0.1250292612227126
Humidity,KineticEnergy,RainAbsolute,RainAccumulated,RainIntensity,VolumeEquivalentDiameter,0.35359476978981547,0.1250292612227126
Humidity,KineticEnergy,Pressure,RainAbsolute,RainAccumulated,RainIntensity,0.35351375137980656,0.12497197241462368
AverageParticleSpeed,Humidity,RainAbsolute,RainAccumulated,RainRate,WindSpeed,0.35286057236532475,0.12451058352998459
Humidity,RainAbsolute,RainAccumulated,RainRate,VolumeEquivalentDiameter,WindSpeed,0.35286057236532475,0.12451058352998459
AverageParticleSpeed,Humidity,RainAbsolute,RainAccumulated,VolumeEquivalentDiameter,WindSpeed,0.35286057236532437,0.12451058352998431
Humidity,Pressure,RainAbsolute,RainAccumulated,RainRate,WindSpeed,0.352741505578031,0.12442656975745608
AverageParticleSpeed,Humidity,Pressure,RainAbsolute,RainAccumulated,WindSpeed,0.35274150557803097,0.12442656975745606
Humidity,Pressure,RainAbsolute,RainAccumulated,VolumeEquivalentDiameter,WindSpeed,0.35274150557803097,0.12442656975745606
AverageParticleSpeed,Humidity,RainAbsolute,RainAccumulated,RainIntensity,WindSpeed,0.3515837007756503,0.12361109865110202
Humidity,RainAbsolute,RainAccumulated,RainIntensity,VolumeEquivalentDiameter,WindSpeed,0.3515837007756503,0.12361109865110202
Humidity,RainAbsolute,RainAccumulated,RainIntensity,RainRate,WindSpeed,0.35158370077565004,0.12361109865110183
Humidity,Pressure,RainAbsolute,RainAccumulated,RainIntensity,WindSpeed,0.35146086011677125,0.12352473619402064
AverageParticleSpeed,Humidity,KineticEnergy,RainAbsolute,RainAccumulated,WindSpeed,0.3511124308567346,0.12327993910212524
Humidity,KineticEnergy,RainAbsolute,RainAccumulated,RainRate,WindSpeed,0.3511124308567346,0.12327993910212524
Humidity,KineticEnergy,RainAbsolute,RainAccumulated,VolumeEquivalentDiameter,WindSpeed,0.3511124308567346,0.12327993910212524
Humidity,KineticEnergy,Pressure,RainAbsolute,RainAccumulated,WindSpeed,0.3509880170150329,0.12319258808814502
Humidity,KineticEnergy,RainAbsolute,RainAccumulated,RainIntensity,WindSpeed,0.34977566948556454,0.12234301896407489
AverageParticleSpeed,RainAbsolute,RainRate,SnowDepthIntensity,VolumeEquivalentDiameter,WindSpeed,0.3472743002679395,0.120599439626587
AverageParticleSpeed,RainAccumulated,RainRate,SnowDepthIntensity,VolumeEquivalentDiameter,WindSpeed,0.3472743002679395,0.120599439626587
AverageParticleSpeed,Pressure,RainAbsolute,RainRate,SnowDepthIntensity,WindSpeed,0.3468266827375243,0.12028874785871535
AverageParticleSpeed,Pressure,RainAccumulated,RainRate,SnowDepthIntensity,WindSpeed,0.3468266827375243,0.12028874785871535
Pressure,RainAbsolute,RainRate,SnowDepthIntensity,VolumeEquivalentDiameter,WindSpeed,0.3468266827375243,0.12028874785871535
Pressure,RainAccumulated,RainRate,SnowDepthIntensity,VolumeEquivalentDiameter,WindSpeed,0.3468266827375243,0.12028874785871535
AverageParticleSpeed,Pressure,RainAbsolute,SnowDepthIntensity,VolumeEquivalentDiameter,WindSpeed,0.34682668273752404,0.12028874785871516
AverageParticleSpeed,Pressure,RainAccumulated,SnowDepthIntensity,VolumeEquivalentDiameter,WindSpeed,0.34682668273752404,0.12028874785871516
AverageParticleSpeed,RainAbsolute,RainRate,Temperature,VolumeEquivalentDiameter,WindSpeed,0.34584511183264255,0.11960884137853303
AverageParticleSpeed,RainAccumulated,RainRate,Temperature,VolumeEquivalentDiameter,WindSpeed,0.34584511183264255,0.11960884137853303
AverageParticleSpeed,Pressure,RainAbsolute,Temperature,VolumeEquivalentDiameter,WindSpeed,0.3453890118067667,0.11929356947685481
AverageParticleSpeed,Pressure,RainAccumulated,Temperature,VolumeEquivalentDiameter,WindSpeed,0.3453890118067667,0.11929356947685481
AverageParticleSpeed,Pressure,RainAbsolute,RainRate,Temperature,WindSpeed,0.3453890118067662,0.11929356947685446
AverageParticleSpeed,Pressure,RainAccumulated,RainRate,Temperature,WindSpeed,0.3453890118067662,0.11929356947685446
Pressure,RainAbsolute,RainRate,Temperature,VolumeEquivalentDiameter,WindSpeed,0.3453890118067662,0.11929356947685446
Pressure,RainAccumulated,RainRate,Temperature,VolumeEquivalentDiameter,WindSpeed,0.3453890118067662,0.11929356947685446
AverageParticleSpeed,Humidity,RainAbsolute,RainAccumulated,SnowDepthIntensity,VolumeEquivalentDiameter,0.34469395733608454,0.11881392422401048
AverageParticleSpeed,Humidity,RainAbsolute,RainAccumulated,RainRate,SnowDepthIntensity,0.344693957336084,0.11881392422401009
Humidity,RainAbsolute,RainAccumulated,RainRate,SnowDepthIntensity,VolumeEquivalentDiameter,0.344693957336084,0.11881392422401009
Humidity,Pressure,RainAbsolute,RainAccumulated,RainRate,SnowDepthIntensity,0.3445843252139924,0.11873835718318249
AverageParticleSpeed,Humidity,Pressure,RainAbsolute,RainAccumulated,SnowDepthIntensity,0.34458432521399207,0.11873835718318225
Humidity,Pressure,RainAbsolute,RainAccumulated,SnowDepthIntensity,VolumeEquivalentDiameter,0.34458432521399207,0.11873835718318225
AverageParticleSpeed,RainAbsolute,RainIntensity,SnowDepthIntensity,VolumeEquivalentDiameter,WindSpeed,0.3445602000181291,0.11872173143653313
AverageParticleSpeed,RainAccumulated,RainIntensity,SnowDepthIntensity,VolumeEquivalentDiameter,WindSpeed,0.3445602000181291,0.11872173143653313
AverageParticleSpeed,RainAbsolute,RainIntensity,RainRate,SnowDepthIntensity,WindSpeed,0.3445602000181287,0.11872173143653286
AverageParticleSpeed,RainAccumulated,RainIntensity,RainRate,SnowDepthIntensity,WindSpeed,0.3445602000181287,0.11872173143653286
RainAbsolute,RainIntensity,RainRate,SnowDepthIntensity,VolumeEquivalentDiameter,WindSpeed,0.3445602000181287,0.11872173143653286
RainAccumulated,RainIntensity,RainRate,SnowDepthIntensity,VolumeEquivalentDiameter,WindSpeed,0.3445602000181287,0.11872173143653286
AverageParticleSpeed,Pressure,RainAbsolute,RainIntensity,SnowDepthIntensity,WindSpeed,0.3441006025199868,0.11840522465461795
AverageParticleSpeed,Pressure,RainAccumulated,RainIntensity,SnowDepthIntensity,WindSpeed,0.3441006025199868,0.11840522465461795
Pressure,RainAbsolute,RainIntensity,SnowDepthIntensity,VolumeEquivalentDiameter,WindSpeed,0.3441006025199868,0.11840522465461795
Pressure,RainAccumulated,RainIntensity,SnowDepthIntensity,VolumeEquivalentDiameter,WindSpeed,0.3441006025199868,0.11840522465461795
Pressure,RainAbsolute,RainIntensity,RainRate,SnowDepthIntensity,WindSpeed,0.34410060251998664,0.11840522465461784
Pressure,RainAccumulated,RainIntensity,RainRate,SnowDepthIntensity,WindSpeed,0.34410060251998664,0.11840522465461784
AverageParticleSpeed,KineticEnergy,RainAbsolute,RainRate,SnowDepthIntensity,WindSpeed,0.3435128089169028,0.11800104988998056
AverageParticleSpeed,KineticEnergy,RainAbsolute,SnowDepthIntensity,VolumeEquivalentDiameter,WindSpeed,0.3435128089169028,0.11800104988998056
AverageParticleSpeed,KineticEnergy,RainAccumulated,RainRate,SnowDepthIntensity,WindSpeed,0.3435128089169028,0.11800104988998056
AverageParticleSpeed,KineticEnergy,RainAccumulated,SnowDepthIntensity,VolumeEquivalentDiameter,WindSpeed,0.3435128089169028,0.11800104988998056
KineticEnergy,RainAbsolute,RainRate,SnowDepthIntensity,VolumeEquivalentDiameter,WindSpeed,0.3435128089169028,0.11800104988998056
KineticEnergy,RainAccumulated,RainRate,SnowDepthIntensity,VolumeEquivalentDiameter,WindSpeed,0.3435128089169028,0.11800104988998056
AverageParticleSpeed,RainAbsolute,RainIntensity,RainRate,Temperature,WindSpeed,0.3434651673899441,0.11796832121020231
AverageParticleSpeed,RainAccumulated,RainIntensity,RainRate,Temperature,WindSpeed,0.3434651673899441,0.11796832121020231
RainAbsolute,RainIntensity,RainRate,Temperature,VolumeEquivalentDiameter,WindSpeed,0.3434651673899441,0.11796832121020231
RainAccumulated,RainIntensity,RainRate,Temperature,VolumeEquivalentDiameter,WindSpeed,0.3434651673899441,0.11796832121020231
AverageParticleSpeed,RainAbsolute,RainIntensity,Temperature,VolumeEquivalentDiameter,WindSpeed,0.34346516738994404,0.11796832121020227
AverageParticleSpeed,RainAccumulated,RainIntensity,Temperature,VolumeEquivalentDiameter,WindSpeed,0.34346516738994404,0.11796832121020227
Humidity,RainAbsolute,RainAccumulated,RainIntensity,RainRate,SnowDepthIntensity,0.34338585506858044,0.11791384546118013
AverageParticleSpeed,Humidity,RainAbsolute,RainAccumulated,RainIntensity,SnowDepthIntensity,0.3433858550685799,0.11791384546117975
Humidity,RainAbsolute,RainAccumulated,RainIntensity,SnowDepthIntensity,VolumeEquivalentDiameter,0.3433858550685799,0.11791384546117975
Humidity,Pressure,RainAbsolute,RainAccumulated,RainIntensity,SnowDepthIntensity,0.3432723872824014,0.11783593187055896
KineticEnergy,Pressure,RainAbsolute,RainRate,SnowDepthIntensity,WindSpeed,0.34304806037313146,0.11768197172576765
KineticEnergy,Pressure,RainAccumulated,RainRate,SnowDepthIntensity,WindSpeed,0.34304806037313146,0.11768197172576765
AverageParticleSpeed,KineticEnergy,Pressure,RainAbsolute,SnowDepthIntensity,WindSpeed,0.34304806037313135,0.11768197172576757
AverageParticleSpeed,KineticEnergy,Pressure,RainAccumulated,SnowDepthIntensity,WindSpeed,0.34304806037313135,0.11768197172576757
KineticEnergy,Pressure,RainAbsolute,SnowDepthIntensity,VolumeEquivalentDiameter,WindSpeed,0.34304806037313135,0.11768197172576757
KineticEnergy,Pressure,RainAccumulated,SnowDepthIntensity,VolumeEquivalentDiameter,WindSpeed,0.34304806037313135,0.11768197172576757
Pressure,RainAbsolute,RainIntensity,RainRate,Temperature,WindSpeed,0.3429989426977709,0.11764827469178875
Pressure,RainAccumulated,RainIntensity,RainRate,Temperature,WindSpeed,0.3429989426977709,0.11764827469178875
AverageParticleSpeed,Pressure,RainAbsolute,RainIntensity,Temperature,WindSpeed,0.34299894269777087,0.1176482746917887
AverageParticleSpeed,Pressure,RainAccumulated,RainIntensity,Temperature,WindSpeed,0.34299894269777087,0.1176482746917887
Pressure,RainAbsolute,RainIntensity,Temperature,VolumeEquivalentDiameter,WindSpeed,0.34299894269777087,0.1176482746917887
Pressure,RainAccumulated,RainIntensity,Temperature,VolumeEquivalentDiameter,WindSpeed,0.34299894269777087,0.1176482746917887
AverageParticleSpeed,Humidity,KineticEnergy,RainAbsolute,RainAccumulated,SnowDepthIntensity,0.3429359567363003,0.11760507042264162
Humidity,KineticEnergy,RainAbsolute,RainAccumulated,SnowDepthIntensity,VolumeEquivalentDiameter,0.3429359567363003,0.11760507042264162
Humidity,KineticEnergy,RainAbsolute,RainAccumulated,RainRate,SnowDepthIntensity,0.34293595673629934,0.11760507042264097
Humidity,KineticEnergy,Pressure,RainAbsolute,RainAccumulated,SnowDepthIntensity,0.34282105875666646,0.11752627832704177
AverageParticleSpeed,KineticEnergy,RainAbsolute,RainRate,Temperature,WindSpeed,0.3424561683560327,0.11727622724509541
AverageParticleSpeed,KineticEnergy,RainAccumulated,RainRate,Temperature,WindSpeed,0.3424561683560327,0.11727622724509541
KineticEnergy,RainAbsolute,RainRate,Temperature,VolumeEquivalentDiameter,WindSpeed,0.3424561683560327,0.11727622724509541
KineticEnergy,RainAccumulated,RainRate,Temperature,VolumeEquivalentDiameter,WindSpeed,0.3424561683560327,0.11727622724509541
AverageParticleSpeed,KineticEnergy,RainAbsolute,Temperature,VolumeEquivalentDiameter,WindSpeed,0.3424561683560326,0.11727622724509534
AverageParticleSpeed,KineticEnergy,RainAccumulated,Temperature,VolumeEquivalentDiameter,WindSpeed,0.3424561683560326,0.11727622724509534
KineticEnergy,Pressure,RainAbsolute,RainRate,Temperature,WindSpeed,0.3419848497897119,0.1169536374856918
KineticEnergy,Pressure,RainAccumulated,RainRate,Temperature,WindSpeed,0.3419848497897119,0.1169536374856918
AverageParticleSpeed,KineticEnergy,Pressure,RainAbsolute,Temperature,WindSpeed,0.34198484978971155,0.11695363748569157
AverageParticleSpeed,KineticEnergy,Pressure,RainAccumulated,Temperature,WindSpeed,0.34198484978971155,0.11695363748569157
KineticEnergy,Pressure,RainAbsolute,Temperature,VolumeEquivalentDiameter,WindSpeed,0.34198484978971155,0.11695363748569157
KineticEnergy,Pressure,RainAccumulated,Temperature,VolumeEquivalentDiameter,WindSpeed,0.34198484978971155,0.11695363748569157
Humidity,KineticEnergy,RainAbsolute,RainAccumulated,RainIntensity,SnowDepthIntensity,0.34158265321718,0.11667870897888825
AverageParticleSpeed,KineticEnergy,RainAbsolute,RainIntensity,SnowDepthIntensity,WindSpeed,0.34061750082895914,0.11602028187096598
AverageParticleSpeed,KineticEnergy,RainAccumulated,RainIntensity,SnowDepthIntensity,WindSpeed,0.34061750082895914,0.11602028187096598
KineticEnergy,RainAbsolute,RainIntensity,SnowDepthIntensity,VolumeEquivalentDiameter,WindSpeed,0.34061750082895914,0.11602028187096598
KineticEnergy,RainAccumulated,RainIntensity,SnowDepthIntensity,VolumeEquivalentDiameter,WindSpeed,0.34061750082895914,0.11602028187096598
KineticEnergy,RainAbsolute,RainIntensity,RainRate,SnowDepthIntensity,WindSpeed,0.3406175008289591,0.11602028187096594
KineticEnergy,RainAccumulated,RainIntensity,RainRate,SnowDepthIntensity,WindSpeed,0.3406175008289591,0.11602028187096594
AverageParticleSpeed,Humidity,RainAbsolute,RainAccumulated,RainRate,Temperature,0.3403291303836819,0.11582391698771316
Humidity,RainAbsolute,RainAccumulated,RainRate,Temperature,VolumeEquivalentDiameter,0.3403291303836819,0.11582391698771316
AverageParticleSpeed,Humidity,RainAbsolute,RainAccumulated,Temperature,VolumeEquivalentDiameter,0.3403291303836816,0.11582391698771297
AverageParticleSpeed,RainAbsolute,RainRate,SnowDepthIntensity,Temperature,VolumeEquivalentDiameter,0.3402784679886755,0.11578943577672006
AverageParticleSpeed,RainAccumulated,RainRate,SnowDepthIntensity,Temperature,VolumeEquivalentDiameter,0.3402784679886755,0.11578943577672006
AverageParticleSpeed,Humidity,Pressure,RainAbsolute,RainAccumulated,Temperature,0.3402052427741753,0.11573960721103556
Humidity,Pressure,RainAbsolute,RainAccumulated,RainRate,Temperature,0.3402052427741753,0.11573960721103556
Humidity,Pressure,RainAbsolute,RainAccumulated,Temperature,VolumeEquivalentDiameter,0.3402052427741753,0.11573960721103556
KineticEnergy,Pressure,RainAbsolute,RainIntensity,SnowDepthIntensity,WindSpeed,0.34013989771961334,0.11569515002070903
KineticEnergy,Pressure,RainAccumulated,RainIntensity,SnowDepthIntensity,WindSpeed,0.34013989771961334,0.11569515002070903
AverageParticleSpeed,Pressure,RainAbsolute,SnowDepthIntensity,Temperature,VolumeEquivalentDiameter,0.33997429103669835,0.11558251856590568
AverageParticleSpeed,Pressure,RainAccumulated,SnowDepthIntensity,Temperature,VolumeEquivalentDiameter,0.33997429103669835,0.11558251856590568
AverageParticleSpeed,Pressure,RainAbsolute,RainRate,SnowDepthIntensity,Temperature,0.33997429103669796,0.11558251856590541
AverageParticleSpeed,Pressure,RainAccumulated,RainRate,SnowDepthIntensity,Temperature,0.33997429103669796,0.11558251856590541
Pressure,RainAbsolute,RainRate,SnowDepthIntensity,Temperature,VolumeEquivalentDiameter,0.33997429103669796,0.11558251856590541
Pressure,RainAccumulated,RainRate,SnowDepthIntensity,Temperature,VolumeEquivalentDiameter,0.33997429103669796,0.11558251856590541
KineticEnergy,RainAbsolute,RainIntensity,RainRate,Temperature,WindSpeed,0.33986504293968656,0.11550824741239499
KineticEnergy,RainAccumulated,RainIntensity,RainRate,Temperature,WindSpeed,0.33986504293968656,0.11550824741239499
AverageParticleSpeed,KineticEnergy,RainAbsolute,RainIntensity,Temperature,WindSpeed,0.33986504293968633,0.11550824741239483
AverageParticleSpeed,KineticEnergy,RainAccumulated,RainIntensity,Temperature,WindSpeed,0.33986504293968633,0.11550824741239483
KineticEnergy,RainAbsolute,RainIntensity,Temperature,VolumeEquivalentDiameter,WindSpeed,0.33986504293968633,0.11550824741239483
KineticEnergy,RainAccumulated,RainIntensity,Temperature,VolumeEquivalentDiameter,WindSpeed,0.33986504293968633,0.11550824741239483
AverageParticleSpeed,Humidity,RainAbsolute,RainAccumulated,SnowDepthIntensity,WindSpeed,0.33983309744230644,0.11548653411723214
Humidity,RainAbsolute,RainAccumulated,SnowDepthIntensity,VolumeEquivalentDiameter,WindSpeed,0.33983309744230644,0.11548653411723214
Humidity,RainAbsolute,RainAccumulated,RainRate,SnowDepthIntensity,WindSpeed,0.3398330974423063,0.11548653411723203
Humidity,Pressure,RainAbsolute,RainAccumulated,SnowDepthIntensity,WindSpeed,0.33967241453727787,0.11537734919758434
KineticEnergy,Pressure,RainAbsolute,RainIntensity,Temperature,WindSpeed,0.33938238602572,0.11518040394451083
KineticEnergy,Pressure,RainAccumulated,RainIntensity,Temperature,WindSpeed,0.33938238602572,0.11518040394451083
AverageParticleSpeed,Humidity,RainAbsolute,RainAccumulated,RainIntensity,Temperature,0.3391294996537084,0.11500881753537462
Humidity,RainAbsolute,RainAccumulated,RainIntensity,Temperature,VolumeEquivalentDiameter,0.3391294996537084,0.11500881753537462
Humidity,RainAbsolute,RainAccumulated,RainIntensity,RainRate,Temperature,0.3391294996537083,0.11500881753537455
Humidity,Pressure,RainAbsolute,RainAccumulated,RainIntensity,Temperature,0.3390022657892833,0.11492253621026786
AverageParticleSpeed,Humidity,KineticEnergy,RainAbsolute,RainAccumulated,Temperature,0.33870252215506375,0.11471939851420145
Humidity,KineticEnergy,RainAbsolute,RainAccumulated,Temperature,VolumeEquivalentDiameter,0.33870252215506375,0.11471939851420145
Humidity,KineticEnergy,RainAbsolute,RainAccumulated,RainRate,Temperature,0.3387025221550636,0.11471939851420133
Humidity,KineticEnergy,Pressure,RainAbsolute,RainAccumulated,Temperature,0.33857396894639674,0.11463233244811563
Humidity,RainAbsolute,RainAccumulated,RainIntensity,SnowDepthIntensity,WindSpeed,0.33835865714766056,0.1144865808667681
Humidity,KineticEnergy,RainAbsolute,RainAccumulated,SnowDepthIntensity,WindSpeed,0.33783432022565124,0.11413202792232786
AverageParticleSpeed,RainAbsolute,RainIntensity,SnowDepthIntensity,Temperature,VolumeEquivalentDiameter,0.33768445007099807,0.11403078781975239
AverageParticleSpeed,RainAccumulated,RainIntensity,SnowDepthIntensity,Temperature,VolumeEquivalentDiameter,0.33768445007099807,0.11403078781975239
AverageParticleSpeed,RainAbsolute,RainIntensity,RainRate,SnowDepthIntensity,Temperature,0.3376844500709979,0.11403078781975227
AverageParticleSpeed,RainAccumulated,RainIntensity,RainRate,SnowDepthIntensity,Temperature,0.3376844500709979,0.11403078781975227
RainAbsolute,RainIntensity,RainRate,SnowDepthIntensity,Temperature,VolumeEquivalentDiameter,0.3376844500709979,0.11403078781975227
RainAccumulated,RainIntensity,RainRate,SnowDepthIntensity,Temperature,VolumeEquivalentDiameter,0.3376844500709979,0.11403078781975227
Humidity,KineticEnergy,RainAbsolute,RainAccumulated,RainIntensity,Temperature,0.33745562118123773,0.11387629626681502
AverageParticleSpeed,Pressure,RainAbsolute,RainIntensity,SnowDepthIntensity,Temperature,0.3373676784608576,0.11381695047006858
AverageParticleSpeed,Pressure,RainAccumulated,RainIntensity,SnowDepthIntensity,Temperature,0.3373676784608576,0.11381695047006858
Pressure,RainAbsolute,RainIntensity,SnowDepthIntensity,Temperature,VolumeEquivalentDiameter,0.3373676784608576,0.11381695047006858
Pressure,RainAccumulated,RainIntensity,SnowDepthIntensity,Temperature,VolumeEquivalentDiameter,0.3373676784608576,0.11381695047006858
Pressure,RainAbsolute,RainIntensity,RainRate,SnowDepthIntensity,Temperature,0.33736767846085747,0.11381695047006851
Pressure,RainAccumulated,RainIntensity,RainRate,SnowDepthIntensity,Temperature,0.33736767846085747,0.11381695047006851
AverageParticleSpeed,KineticEnergy,RainAbsolute,RainRate,SnowDepthIntensity,Temperature,0.33673515512942376,0.11339056470003708
AverageParticleSpeed,KineticEnergy,RainAccumulated,RainRate,SnowDepthIntensity,Temperature,0.33673515512942376,0.11339056470003708
KineticEnergy,RainAbsolute,RainRate,SnowDepthIntensity,Temperature,VolumeEquivalentDiameter,0.33673515512942376,0.11339056470003708
KineticEnergy,RainAccumulated,RainRate,SnowDepthIntensity,Temperature,VolumeEquivalentDiameter,0.33673515512942376,0.11339056470003708
AverageParticleSpeed,KineticEnergy,RainAbsolute,SnowDepthIntensity,Temperature,VolumeEquivalentDiameter,0.3367351551294237,0.11339056470003704
AverageParticleSpeed,KineticEnergy,RainAccumulated,SnowDepthIntensity,Temperature,VolumeEquivalentDiameter,0.3367351551294237,0.11339056470003704
AverageParticleSpeed,KineticEnergy,Pressure,RainAbsolute,SnowDepthIntensity,Temperature,0.3364133898620552,0.11317396887847915
AverageParticleSpeed,KineticEnergy,Pressure,RainAccumulated,SnowDepthIntensity,Temperature,0.3364133898620552,0.11317396887847915
KineticEnergy,Pressure,RainAbsolute,SnowDepthIntensity,Temperature,VolumeEquivalentDiameter,0.3364133898620552,0.11317396887847915
KineticEnergy,Pressure,RainAccumulated,SnowDepthIntensity,Temperature,VolumeEquivalentDiameter,0.3364133898620552,0.11317396887847915
KineticEnergy,Pressure,RainAbsolute,RainRate,SnowDepthIntensity,Temperature,0.3364133898620551,0.11317396887847908
KineticEnergy,Pressure,RainAccumulated,RainRate,SnowDepthIntensity,Temperature,0.3364133898620551,0.11317396887847908
Humidity,RainAbsolute,RainAccumulated,RainRate,Temperature,WindSpeed,0.33551303473098326,0.11256899647439399
AverageParticleSpeed,Humidity,RainAbsolute,RainAccumulated,Temperature,WindSpeed,0.3355130347309831,0.11256899647439386
Humidity,RainAbsolute,RainAccumulated,Temperature,VolumeEquivalentDiameter,WindSpeed,0.3355130347309831,0.11256899647439386
Humidity,Pressure,RainAbsolute,RainAccumulated,Temperature,WindSpeed,0.33533773612262857,0.11245139726784967
Humidity,RainAbsolute,RainAccumulated,RainIntensity,Temperature,WindSpeed,0.3341576276200058,0.11166132009663045
AverageParticleSpeed,KineticEnergy,RainAbsolute,RainIntensity,SnowDepthIntensity,Temperature,0.33400974275398165,0.111562508254581
AverageParticleSpeed,KineticEnergy,RainAccumulated,RainIntensity,SnowDepthIntensity,Temperature,0.33400974275398165,0.111562508254581
KineticEnergy,RainAbsolute,RainIntensity,SnowDepthIntensity,Temperature,VolumeEquivalentDiameter,0.33400974275398165,0.111562508254581
KineticEnergy,RainAccumulated,RainIntensity,SnowDepthIntensity,Temperature,VolumeEquivalentDiameter,0.33400974275398165,0.111562508254581
KineticEnergy,RainAbsolute,RainIntensity,RainRate,SnowDepthIntensity,Temperature,0.3340097427539814,0.11156250825458082
KineticEnergy,RainAccumulated,RainIntensity,RainRate,SnowDepthIntensity,Temperature,0.3340097427539814,0.11156250825458082
KineticEnergy,Pressure,RainAbsolute,RainIntensity,SnowDepthIntensity,Temperature,0.33367479279304446,0.11133886734548115
KineticEnergy,Pressure,RainAccumulated,RainIntensity,SnowDepthIntensity,Temperature,0.33367479279304446,0.11133886734548115
Humidity,KineticEnergy,RainAbsolute,RainAccumulated,Temperature,WindSpeed,0.3336579312324314,0.11132761507430594
AverageParticleSpeed,RadarReflectivity,RainAbsolute,RainAccumulated,RainRate,VolumeEquivalentDiameter,0.32827171631175633,0.10776231973026623
AverageParticleSpeed,Humidity,RainAbsolute,RainAccumulated,SnowDepthIntensity,Temperature,0.32826334471910784,0.10775682348617582
Humidity,RainAbsolute,RainAccumulated,SnowDepthIntensity,Temperature,VolumeEquivalentDiameter,0.32826334471910784,0.10775682348617582
Humidity,RainAbsolute,RainAccumulated,RainRate,SnowDepthIntensity,Temperature,0.32826334471910773,0.10775682348617575
AverageParticleSpeed,Pressure,RadarReflectivity,RainAbsolute,RainAccumulated,VolumeEquivalentDiameter,0.3281040481818086,0.10765226643329058
AverageParticleSpeed,Pressure,RadarReflectivity,RainAbsolute,RainAccumulated,RainRate,0.32810404818180855,0.10765226643329055
Pressure,RadarReflectivity,RainAbsolute,RainAccumulated,RainRate,VolumeEquivalentDiameter,0.32810404818180855,0.10765226643329055
Humidity,Pressure,RainAbsolute,RainAccumulated,SnowDepthIntensity,Temperature,0.32810355239290506,0.1076519410928438
Humidity,RainAbsolute,RainAccumulated,RainIntensity,SnowDepthIntensity,Temperature,0.32691149832588373,0.10687112773767428
AverageParticleSpeed,RadarReflectivity,RainAbsolute,RainAccumulated,RainIntensity,RainRate,0.32685174013678026,0.10683206003044132
RadarReflectivity,RainAbsolute,RainAccumulated,RainIntensity,RainRate,VolumeEquivalentDiameter,0.32685174013678026,0.10683206003044132
AverageParticleSpeed,RadarReflectivity,RainAbsolute,RainAccumulated,RainIntensity,VolumeEquivalentDiameter,0.32685174013677976,0.106832060030441
AverageParticleSpeed,Pressure,RadarReflectivity,RainAbsolute,RainAccumulated,RainIntensity,0.3266807861561359,0.10672033604359098
Pressure,RadarReflectivity,RainAbsolute,RainAccumulated,RainIntensity,VolumeEquivalentDiameter,0.3266807861561359,0.10672033604359098
Pressure,RadarReflectivity,RainAbsolute,RainAccumulated,RainIntensity,RainRate,0.32668078615613577,0.10672033604359091
Humidity,KineticEnergy,RainAbsolute,RainAccumulated,SnowDepthIntensity,Temperature,0.326443363926661,0.10656526985175445
AverageParticleSpeed,KineticEnergy,RadarReflectivity,RainAbsolute,RainAccumulated,VolumeEquivalentDiameter,0.3262850634090703,0.10646194260386103
AverageParticleSpeed,KineticEnergy,RadarReflectivity,RainAbsolute,RainAccumulated,RainRate,0.32628506340907015,0.10646194260386094
KineticEnergy,RadarReflectivity,RainAbsolute,RainAccumulated,RainRate,VolumeEquivalentDiameter,0.32628506340907015,0.10646194260386094
AverageParticleSpeed,KineticEnergy,Pressure,RadarReflectivity,RainAbsolute,RainAccumulated,0.3261126863855455,0.10634948422159717
KineticEnergy,Pressure,RadarReflectivity,RainAbsolute,RainAccumulated,VolumeEquivalentDiameter,0.3261126863855455,0.10634948422159717
KineticEnergy,Pressure,RadarReflectivity,RainAbsolute,RainAccumulated,RainRate,0.3261126863855454,0.1063494842215971
KineticEnergy,RadarReflectivity,RainAbsolute,RainAccumulated,RainIntensity,RainRate,0.32484368840129496,0.10552342189415762
AverageParticleSpeed,KineticEnergy,RadarReflectivity,RainAbsolute,RainAccumulated,RainIntensity,0.32484368840129396,0.10552342189415696
KineticEnergy,RadarReflectivity,RainAbsolute,RainAccumulated,RainIntensity,VolumeEquivalentDiameter,0.32484368840129396,0.10552342189415696
KineticEnergy,Pressure,RadarReflectivity,RainAbsolute,RainAccumulated,RainIntensity,0.32466800819155056,0.10540931554306875
Humidity,RainAbsolute,RainAccumulated,SnowDepthIntensity,Temperature,WindSpeed,0.32206028155845073,0.10372282495750856
AverageParticleSpeed,RadarReflectivity,RainAbsolute,RainAccumulated,VolumeEquivalentDiameter,WindSpeed,0.32032249474006497,0.10260650063649895
AverageParticleSpeed,RadarReflectivity,RainAbsolute,RainAccumulated,RainRate,WindSpeed,0.3203224947400648,0.10260650063649884
RadarReflectivity,RainAbsolute,RainAccumulated,RainRate,VolumeEquivalentDiameter,WindSpeed,0.3203224947400648,0.10260650063649884
AverageParticleSpeed,Pressure,RadarReflectivity,RainAbsolute,RainAccumulated,WindSpeed,0.32010327427210217,0.10246610619972067
Pressure,RadarReflectivity,RainAbsolute,RainAccumulated,VolumeEquivalentDiameter,WindSpeed,0.32010327427210217,0.10246610619972067
Pressure,RadarReflectivity,RainAbsolute,RainAccumulated,RainRate,WindSpeed,0.320103274272102,0.10246610619972056
AverageParticleSpeed,ParticlesDetected,RainAbsolute,RainAccumulated,RainRate,VolumeEquivalentDiameter,0.32008541624706904,0.10245467369405944
AverageParticleSpeed,ParticlesDetected,Pressure,RainAbsolute,RainAccumulated,VolumeEquivalentDiameter,0.3198966580335005,0.10233387182100234
AverageParticleSpeed,ParticlesDetected,Pressure,RainAbsolute,RainAccumulated,RainRate,0.31989665803350037,0.10233387182100227
ParticlesDetected,Pressure,RainAbsolute,RainAccumulated,RainRate,VolumeEquivalentDiameter,0.31989665803350037,0.10233387182100227
AverageParticleSpeed,RainAbsolute,RainRate,SnowDepthIntensity,Temperature,WindSpeed,0.3194173833025105,0.10202746475582293
AverageParticleSpeed,RainAccumulated,RainRate,SnowDepthIntensity,Temperature,WindSpeed,0.3194173833025105,0.10202746475582293
RainAbsolute,RainRate,SnowDepthIntensity,Temperature,VolumeEquivalentDiameter,WindSpeed,0.3194173833025105,0.10202746475582293
RainAccumulated,RainRate,SnowDepthIntensity,Temperature,VolumeEquivalentDiameter,WindSpeed,0.3194173833025105,0.10202746475582293
AverageParticleSpeed,RainAbsolute,SnowDepthIntensity,Temperature,VolumeEquivalentDiameter,WindSpeed,0.31941738330251046,0.10202746475582289
AverageParticleSpeed,RainAccumulated,SnowDepthIntensity,Temperature,VolumeEquivalentDiameter,WindSpeed,0.31941738330251046,0.10202746475582289
Pressure,RainAbsolute,RainRate,SnowDepthIntensity,Temperature,WindSpeed,0.31883800190084033,0.10165767145612026
Pressure,RainAccumulated,RainRate,SnowDepthIntensity,Temperature,WindSpeed,0.31883800190084033,0.10165767145612026
AverageParticleSpeed,Pressure,RainAbsolute,SnowDepthIntensity,Temperature,WindSpeed,0.3188380019008402,0.10165767145612019
AverageParticleSpeed,Pressure,RainAccumulated,SnowDepthIntensity,Temperature,WindSpeed,0.3188380019008402,0.10165767145612019
Pressure,RainAbsolute,SnowDepthIntensity,Temperature,VolumeEquivalentDiameter,WindSpeed,0.3188380019008402,0.10165767145612019
Pressure,RainAccumulated,SnowDepthIntensity,Temperature,VolumeEquivalentDiameter,WindSpeed,0.3188380019008402,0.10165767145612019
AverageParticleSpeed,RadarReflectivity,RainAbsolute,RainAccumulated,RainIntensity,WindSpeed,0.3187927906324369,0.10162884335921674
RadarReflectivity,RainAbsolute,RainAccumulated,RainIntensity,VolumeEquivalentDiameter,WindSpeed,0.3187927906324369,0.10162884335921674
RadarReflectivity,RainAbsolute,RainAccumulated,RainIntensity,RainRate,WindSpeed,0.3187927906324368,0.1016288433592167
Pressure,RadarReflectivity,RainAbsolute,RainAccumulated,RainIntensity,WindSpeed,0.31857024006605894,0.10148699785574643
AverageParticleSpeed,ParticlesDetected,RainAbsolute,RainAccumulated,RainIntensity,VolumeEquivalentDiameter,0.3185480224353493,0.1014728425974718
AverageParticleSpeed,ParticlesDetected,RainAbsolute,RainAccumulated,RainIntensity,RainRate,0.31854802243534897,0.1014728425974716
ParticlesDetected,RainAbsolute,RainAccumulated,RainIntensity,RainRate,VolumeEquivalentDiameter,0.31854802243534897,0.1014728425974716
ParticlesDetected,Pressure,RainAbsolute,RainAccumulated,RainIntensity,RainRate,0.3183558145754068,0.10135042467397079
AverageParticleSpeed,ParticlesDetected,Pressure,RainAbsolute,RainAccumulated,RainIntensity,0.31835581457540657,0.10135042467397065
ParticlesDetected,Pressure,RainAbsolute,RainAccumulated,RainIntensity,VolumeEquivalentDiameter,0.31835581457540657,0.10135042467397065
AverageParticleSpeed,KineticEnergy,RadarReflectivity,RainAbsolute,RainAccumulated,WindSpeed,0.31817263289288594,0.10123382432199117
KineticEnergy,RadarReflectivity,RainAbsolute,RainAccumulated,VolumeEquivalentDiameter,WindSpeed,0.31817263289288594,0.10123382432199117
KineticEnergy,RadarReflectivity,RainAbsolute,RainAccumulated,RainRate,WindSpeed,0.31817263289288583,0.1012338243219911
KineticEnergy,Pressure,RadarReflectivity,RainAbsolute,RainAccumulated,WindSpeed,0.31794862153159953,0.10109132593384432
AverageParticleSpeed,KineticEnergy,ParticlesDetected,RainAbsolute,RainAccumulated,RainRate,0.3179058160543117,0.10106410788115786
KineticEnergy,ParticlesDetected,RainAbsolute,RainAccumulated,RainRate,VolumeEquivalentDiameter,0.3179058160543117,0.10106410788115786
AverageParticleSpeed,KineticEnergy,ParticlesDetected,RainAbsolute,RainAccumulated,VolumeEquivalentDiameter,0.3179058160543113,0.1010641078811576
KineticEnergy,ParticlesDetected,Pressure,RainAbsolute,RainAccumulated,RainRate,0.31771205246144846,0.10094094827926618
AverageParticleSpeed,KineticEnergy,ParticlesDetected,Pressure,RainAbsolute,RainAccumulated,0.3177120524614481,0.10094094827926596
KineticEnergy,ParticlesDetected,Pressure,RainAbsolute,RainAccumulated,VolumeEquivalentDiameter,0.3177120524614481,0.10094094827926596
KineticEnergy,RadarReflectivity,RainAbsolute,RainAccumulated,RainIntensity,WindSpeed,0.31662266519875065,0.10024991211756015
RainAbsolute,RainIntensity,RainRate,SnowDepthIntensity,Temperature,WindSpeed,0.3164453371545708,0.10013765140686998
RainAccumulated,RainIntensity,RainRate,SnowDepthIntensity,Temperature,WindSpeed,0.3164453371545708,0.10013765140686998
AverageParticleSpeed,RainAbsolute,RainIntensity,SnowDepthIntensity,Temperature,WindSpeed,0.3164453371545703,0.10013765140686967
AverageParticleSpeed,RainAccumulated,RainIntensity,SnowDepthIntensity,Temperature,WindSpeed,0.3164453371545703,0.10013765140686967
RainAbsolute,RainIntensity,SnowDepthIntensity,Temperature,VolumeEquivalentDiameter,WindSpeed,0.3164453371545703,0.10013765140686967
RainAccumulated,RainIntensity,SnowDepthIntensity,Temperature,VolumeEquivalentDiameter,WindSpeed,0.3164453371545703,0.10013765140686967
KineticEnergy,ParticlesDetected,RainAbsolute,RainAccumulated,RainIntensity,RainRate,0.3163536497189687,0.10007963169051193
AverageParticleSpeed,KineticEnergy,ParticlesDetected,RainAbsolute,RainAccumulated,RainIntensity,0.3163536497189683,0.10007963169051168
KineticEnergy,ParticlesDetected,RainAbsolute,RainAccumulated,RainIntensity,VolumeEquivalentDiameter,0.3163536497189683,0.10007963169051168
KineticEnergy,ParticlesDetected,Pressure,RainAbsolute,RainAccumulated,RainIntensity,0.31615645462926517,0.09995490380374661
Pressure,RainAbsolute,RainIntensity,SnowDepthIntensity,Temperature,WindSpeed,0.3158541745595798,0.09976385958671352
Pressure,RainAccumulated,RainIntensity,SnowDepthIntensity,Temperature,WindSpeed,0.3158541745595798,0.09976385958671352
AverageParticleSpeed,RadarReflectivity,RainAbsolute,RainAccumulated,RainRate,SnowDepthIntensity,0.31532135343542783,0.09942755593234999
RadarReflectivity,RainAbsolute,RainAccumulated,RainRate,SnowDepthIntensity,VolumeEquivalentDiameter,0.31532135343542783,0.09942755593234999
AverageParticleSpeed,RadarReflectivity,RainAbsolute,RainAccumulated,SnowDepthIntensity,VolumeEquivalentDiameter,0.31532135343542755,0.09942755593234982
KineticEnergy,RainAbsolute,RainRate,SnowDepthIntensity,Temperature,WindSpeed,0.3153120787109052,0.09942170698099209
KineticEnergy,RainAccumulated,RainRate,SnowDepthIntensity,Temperature,WindSpeed,0.3153120787109052,0.09942170698099209
AverageParticleSpeed,KineticEnergy,RainAbsolute,SnowDepthIntensity,Temperature,WindSpeed,0.31531207871090494,0.09942170698099191
AverageParticleSpeed,KineticEnergy,RainAccumulated,SnowDepthIntensity,Temperature,WindSpeed,0.31531207871090494,0.09942170698099191
KineticEnergy,RainAbsolute,SnowDepthIntensity,Temperature,VolumeEquivalentDiameter,WindSpeed,0.31531207871090494,0.09942170698099191
KineticEnergy,RainAccumulated,SnowDepthIntensity,Temperature,VolumeEquivalentDiameter,WindSpeed,0.31531207871090494,0.09942170698099191
Pressure,RadarReflectivity,RainAbsolute,RainAccumulated,RainRate,SnowDepthIntensity,0.3151236202500804,0.09930289603951688
AverageParticleSpeed,Pressure,RadarReflectivity,RainAbsolute,RainAccumulated,SnowDepthIntensity,0.31512362025008,0.09930289603951663
Pressure,RadarReflectivity,RainAbsolute,RainAccumulated,SnowDepthIntensity,VolumeEquivalentDiameter,0.31512362025008,0.09930289603951663
AverageParticleSpeed,RadarReflectivity,RainAbsolute,RainAccumulated,RainRate,Temperature,0.31480678064157225,0.09910330913791099
RadarReflectivity,RainAbsolute,RainAccumulated,RainRate,Temperature,VolumeEquivalentDiameter,0.31480678064157225,0.09910330913791099
AverageParticleSpeed,RadarReflectivity,RainAbsolute,RainAccumulated,Temperature,VolumeEquivalentDiameter,0.3148067806415721,0.09910330913791088
KineticEnergy,Pressure,RainAbsolute,SnowDepthIntensity,Temperature,WindSpeed,0.31471608057682726,0.09904621137364003
KineticEnergy,Pressure,RainAccumulated,SnowDepthIntensity,Temperature,WindSpeed,0.31471608057682726,0.09904621137364003
Pressure,RadarReflectivity,RainAbsolute,RainAccumulated,RainRate,Temperature,0.3146082007524076,0.0989783199806672
AverageParticleSpeed,Pressure,RadarReflectivity,RainAbsolute,RainAccumulated,Temperature,0.3146082007524073,0.09897831998066701
Pressure,RadarReflectivity,RainAbsolute,RainAccumulated,Temperature,VolumeEquivalentDiameter,0.3146082007524073,0.09897831998066701
RadarReflectivity,RainAbsolute,RainAccumulated,RainIntensity,RainRate,SnowDepthIntensity,0.3138596648418387,0.09850788921463131
AverageParticleSpeed,RadarReflectivity,RainAbsolute,RainAccumulated,RainIntensity,SnowDepthIntensity,0.3138596648418385,0.09850788921463122
RadarReflectivity,RainAbsolute,RainAccumulated,RainIntensity,SnowDepthIntensity,VolumeEquivalentDiameter,0.3138596648418385,0.09850788921463122
Pressure,RadarReflectivity,RainAbsolute,RainAccumulated,RainIntensity,SnowDepthIntensity,0.31365883236951303,0.09838186312340627
AverageParticleSpeed,RadarReflectivity,RainAbsolute,RainAccumulated,RainIntensity,Temperature,0.3133800216018312,0.09820703793916419
RadarReflectivity,RainAbsolute,RainAccumulated,RainIntensity,Temperature,VolumeEquivalentDiameter,0.3133800216018312,0.09820703793916419
RadarReflectivity,RainAbsolute,RainAccumulated,RainIntensity,RainRate,Temperature,0.3133800216018311,0.09820703793916412
KineticEnergy,RadarReflectivity,RainAbsolute,RainAccumulated,RainRate,SnowDepthIntensity,0.31329390942691665,0.09815307368400106
AverageParticleSpeed,KineticEnergy,RadarReflectivity,RainAbsolute,RainAccumulated,SnowDepthIntensity,0.31329390942691554,0.09815307368400036
KineticEnergy,RadarReflectivity,RainAbsolute,RainAccumulated,SnowDepthIntensity,VolumeEquivalentDiameter,0.31329390942691554,0.09815307368400036
Pressure,RadarReflectivity,RainAbsolute,RainAccumulated,RainIntensity,Temperature,0.3131783808508742,0.0980806982323752
KineticEnergy,Pressure,RadarReflectivity,RainAbsolute,RainAccumulated,SnowDepthIntensity,0.31309179526055264,0.09802647225947582
KineticEnergy,RadarReflectivity,RainAbsolute,RainAccumulated,RainRate,Temperature,0.3128147191912913,0.09785304854272642
AverageParticleSpeed,KineticEnergy,RadarReflectivity,RainAbsolute,RainAccumulated,Temperature,0.31281471919129095,0.09785304854272621
KineticEnergy,RadarReflectivity,RainAbsolute,RainAccumulated,Temperature,VolumeEquivalentDiameter,0.31281471919129095,0.09785304854272621
KineticEnergy,Pressure,RadarReflectivity,RainAbsolute,RainAccumulated,Temperature,0.31261177243438554,0.09772612026456805
KineticEnergy,RainAbsolute,RainIntensity,SnowDepthIntensity,Temperature,WindSpeed,0.3122123810131282,0.09747657085788673
KineticEnergy,RainAccumulated,RainIntensity,SnowDepthIntensity,Temperature,WindSpeed,0.3122123810131282,0.09747657085788673
KineticEnergy,RadarReflectivity,RainAbsolute,RainAccumulated,RainIntensity,SnowDepthIntensity,0.31181683507158037,0.09722973863405715
KineticEnergy,RadarReflectivity,RainAbsolute,RainAccumulated,RainIntensity,Temperature,0.31137062393244275,0.09695166544807869
AverageParticleSpeed,ParticlesDetected,RainAbsolute,RainAccumulated,RainRate,WindSpeed,0.31107678060954236,0.09676876343439735
ParticlesDetected,RainAbsolute,RainAccumulated,RainRate,VolumeEquivalentDiameter,WindSpeed,0.31107678060954236,0.09676876343439735
AverageParticleSpeed,ParticlesDetected,RainAbsolute,RainAccumulated,VolumeEquivalentDiameter,WindSpeed,0.31107678060954197,0.09676876343439711
AverageParticleSpeed,ParticlesDetected,Pressure,RainAbsolute,RainAccumulated,WindSpeed,0.3108343148454968,0.09661797128546942
ParticlesDetected,Pressure,RainAbsolute,RainAccumulated,VolumeEquivalentDiameter,WindSpeed,0.3108343148454968,0.09661797128546942
ParticlesDetected,Pressure,RainAbsolute,RainAccumulated,RainRate,WindSpeed,0.31083431484549656,0.09661797128546928
AverageParticleSpeed,ParticlesDetected,RainAbsolute,RainAccumulated,RainIntensity,WindSpeed,0.30943595052351863,0.09575060747639347
ParticlesDetected,RainAbsolute,RainAccumulated,RainIntensity,VolumeEquivalentDiameter,WindSpeed,0.30943595052351863,0.09575060747639347
ParticlesDetected,RainAbsolute,RainAccumulated,RainIntensity,RainRate,WindSpeed,0.3094359505235184,0.09575060747639333
ParticlesDetected,Pressure,RainAbsolute,RainAccumulated,RainIntensity,WindSpeed,0.30919009051854884,0.09559851207486843
KineticEnergy,ParticlesDetected,RainAbsolute,RainAccumulated,RainRate,WindSpeed,0.3087421158942066,0.09532169412683168
AverageParticleSpeed,KineticEnergy,ParticlesDetected,RainAbsolute,RainAccumulated,WindSpeed,0.30874211589420647,0.09532169412683161
KineticEnergy,ParticlesDetected,RainAbsolute,RainAccumulated,VolumeEquivalentDiameter,WindSpeed,0.30874211589420647,0.09532169412683161
KineticEnergy,ParticlesDetected,Pressure,RainAbsolute,RainAccumulated,WindSpeed,0.3084947119803487,0.09516898731983832
AverageParticleSpeed,ParticlesDetected,RainAbsolute,RainAccumulated,RainRate,SnowDepthIntensity,0.30719408692066064,0.0943682070390184
ParticlesDetected,RainAbsolute,RainAccumulated,RainRate,SnowDepthIntensity,VolumeEquivalentDiameter,0.30719408692066064,0.0943682070390184
AverageParticleSpeed,ParticlesDetected,RainAbsolute,RainAccumulated,SnowDepthIntensity,VolumeEquivalentDiameter,0.30719408692065986,0.09436820703901792
KineticEnergy,ParticlesDetected,RainAbsolute,RainAccumulated,RainIntensity,WindSpeed,0.3070886336449417,0.09430342891391723
AverageParticleSpeed,ParticlesDetected,RainAbsolute,RainAccumulated,Temperature,VolumeEquivalentDiameter,0.30698407652502047,0.09423922323991962
AverageParticleSpeed,ParticlesDetected,RainAbsolute,RainAccumulated,RainRate,Temperature,0.30698407652502036,0.09423922323991955
ParticlesDetected,RainAbsolute,RainAccumulated,RainRate,Temperature,VolumeEquivalentDiameter,0.30698407652502036,0.09423922323991955
AverageParticleSpeed,ParticlesDetected,Pressure,RainAbsolute,RainAccumulated,SnowDepthIntensity,0.3069769976218761,0.0942348770689413
ParticlesDetected,Pressure,RainAbsolute,RainAccumulated,SnowDepthIntensity,VolumeEquivalentDiameter,0.3069769976218761,0.0942348770689413
ParticlesDetected,Pressure,RainAbsolute,RainAccumulated,RainRate,SnowDepthIntensity,0.3069769976218755,0.09423487706894097
AverageParticleSpeed,ParticlesDetected,Pressure,RainAbsolute,RainAccumulated,Temperature,0.30676660134872674,0.09410574770304864
ParticlesDetected,Pressure,RainAbsolute,RainAccumulated,Temperature,VolumeEquivalentDiameter,0.30676660134872674,0.09410574770304864
ParticlesDetected,Pressure,RainAbsolute,RainAccumulated,RainRate,Temperature,0.30676660134872663,0.09410574770304857
AverageParticleSpeed,RadarReflectivity,RainAbsolute,RainAccumulated,SnowDepthIntensity,WindSpeed,0.30649600060014204,0.09393979838388226
RadarReflectivity,RainAbsolute,RainAccumulated,SnowDepthIntensity,VolumeEquivalentDiameter,WindSpeed,0.30649600060014204,0.09393979838388226
RadarReflectivity,RainAbsolute,RainAccumulated,RainRate,SnowDepthIntensity,WindSpeed,0.306496000600142,0.09393979838388224
Pressure,RadarReflectivity,RainAbsolute,RainAccumulated,SnowDepthIntensity,WindSpeed,0.30624675841930205,0.09378707704233034
RadarReflectivity,RainAbsolute,RainAccumulated,RainRate,Temperature,WindSpeed,0.3061919296884835,0.09375349780635724
AverageParticleSpeed,RadarReflectivity,RainAbsolute,RainAccumulated,Temperature,WindSpeed,0.30619192968848324,0.09375349780635707
RadarReflectivity,RainAbsolute,RainAccumulated,Temperature,VolumeEquivalentDiameter,WindSpeed,0.30619192968848324,0.09375349780635707
Pressure,RadarReflectivity,RainAbsolute,RainAccumulated,Temperature,WindSpeed,0.3059414682237548,0.09360018197890677
AverageParticleSpeed,ParticlesDetected,RainAbsolute,RainAccumulated,RainIntensity,SnowDepthIntensity,0.3056363480429839,0.09341357724505199
ParticlesDetected,RainAbsolute,RainAccumulated,RainIntensity,SnowDepthIntensity,VolumeEquivalentDiameter,0.3056363480429839,0.09341357724505199
ParticlesDetected,RainAbsolute,RainAccumulated,RainIntensity,RainRate,SnowDepthIntensity,0.30563634804298273,0.09341357724505127
AverageParticleSpeed,ParticlesDetected,RainAbsolute,RainAccumulated,RainIntensity,Temperature,0.30545139085187745,0.0933005521733464
ParticlesDetected,RainAbsolute,RainAccumulated,RainIntensity,Temperature,VolumeEquivalentDiameter,0.30545139085187745,0.0933005521733464
ParticlesDetected,RainAbsolute,RainAccumulated,RainIntensity,RainRate,Temperature,0.3054513908518773,0.0933005521733463
ParticlesDetected,Pressure,RainAbsolute,RainAccumulated,RainIntensity,SnowDepthIntensity,0.3054160956498355,0.09327899148198948
ParticlesDetected,Pressure,RainAbsolute,RainAccumulated,RainIntensity,Temperature,0.3052307443669144,0.09316580730678063
KineticEnergy,ParticlesDetected,RainAbsolute,RainAccumulated,RainRate,SnowDepthIntensity,0.30500586874032926,0.09302857996604295
AverageParticleSpeed,KineticEnergy,ParticlesDetected,RainAbsolute,RainAccumulated,SnowDepthIntensity,0.3050058687403285,0.09302857996604248
KineticEnergy,ParticlesDetected,RainAbsolute,RainAccumulated,SnowDepthIntensity,VolumeEquivalentDiameter,0.3050058687403285,0.09302857996604248
RadarReflectivity,RainAbsolute,RainAccumulated,RainIntensity,SnowDepthIntensity,WindSpeed,0.3049367060325879,0.09298639468600492
KineticEnergy,ParticlesDetected,RainAbsolute,RainAccumulated,RainRate,Temperature,0.30481719330578483,0.0929135213348162
AverageParticleSpeed,KineticEnergy,ParticlesDetected,RainAbsolute,RainAccumulated,Temperature,0.3048171933057846,0.09291352133481606
KineticEnergy,ParticlesDetected,RainAbsolute,RainAccumulated,Temperature,VolumeEquivalentDiameter,0.3048171933057846,0.09291352133481606
KineticEnergy,ParticlesDetected,Pressure,RainAbsolute,RainAccumulated,SnowDepthIntensity,0.30478425246946406,0.09289344055337001
RadarReflectivity,RainAbsolute,RainAccumulated,RainIntensity,Temperature,WindSpeed,0.3046638478892276,0.09282006021067042
KineticEnergy,ParticlesDetected,Pressure,RainAbsolute,RainAccumulated,Temperature,0.3045951399416524,0.0927781992760748
KineticEnergy,RadarReflectivity,RainAbsolute,RainAccumulated,SnowDepthIntensity,WindSpeed,0.3043247542814757,0.09261355606848057
KineticEnergy,RadarReflectivity,RainAbsolute,RainAccumulated,Temperature,WindSpeed,0.3040497044953622,0.09244622280371709
KineticEnergy,ParticlesDetected,RainAbsolute,RainAccumulated,RainIntensity,SnowDepthIntensity,0.30343883123595555,0.09207512430184271
KineticEnergy,ParticlesDetected,RainAbsolute,RainAccumulated,RainIntensity,Temperature,0.3032734047638584,0.09197475803706308
RadarReflectivity,RainAbsolute,RainAccumulated,RainRate,SnowDepthIntensity,Temperature,0.3018898227401087,0.09113746507405426
AverageParticleSpeed,RadarReflectivity,RainAbsolute,RainAccumulated,SnowDepthIntensity,Temperature,0.3018898227401085,0.09113746507405414
RadarReflectivity,RainAbsolute,RainAccumulated,SnowDepthIntensity,Temperature,VolumeEquivalentDiameter,0.3018898227401085,0.09113746507405414
AverageParticleSpeed,Humidity,Pressure,RainAbsolute,RainRate,VolumeEquivalentDiameter,0.3018446763739593,0.09111020865530021
AverageParticleSpeed,Humidity,Pressure,RainAccumulated,RainRate,VolumeEquivalentDiameter,0.3018446763739593,0.09111020865530021
Pressure,RadarReflectivity,RainAbsolute,RainAccumulated,SnowDepthIntensity,Temperature,0.30166360152063687,0.09100092848240159
RadarReflectivity,RainAbsolute,RainAccumulated,RainIntensity,SnowDepthIntensity,Temperature,0.3004393605085996,0.09026380934281628
KineticEnergy,RadarReflectivity,RainAbsolute,RainAccumulated,SnowDepthIntensity,Temperature,0.2998807822232017,0.08992848354679932
AverageParticleSpeed,Humidity,RainAbsolute,RainIntensity,RainRate,VolumeEquivalentDiameter,0.29967777704869114,0.08980677005684504
AverageParticleSpeed,Humidity,RainAccumulated,RainIntensity,RainRate,VolumeEquivalentDiameter,0.29967777704869114,0.08980677005684504
AverageParticleSpeed,Humidity,Pressure,RainAbsolute,RainIntensity,RainRate,0.29922284649213604,0.08953431186285642
AverageParticleSpeed,Humidity,Pressure,RainAbsolute,RainIntensity,VolumeEquivalentDiameter,0.29922284649213604,0.08953431186285642
AverageParticleSpeed,Humidity,Pressure,RainAccumulated,RainIntensity,RainRate,0.29922284649213604,0.08953431186285642
AverageParticleSpeed,Humidity,Pressure,RainAccumulated,RainIntensity,VolumeEquivalentDiameter,0.29922284649213604,0.08953431186285642
Humidity,Pressure,RainAbsolute,RainIntensity,RainRate,VolumeEquivalentDiameter,0.29922284649213604,0.08953431186285642
Humidity,Pressure,RainAccumulated,RainIntensity,RainRate,VolumeEquivalentDiameter,0.29922284649213604,0.08953431186285642
AverageParticleSpeed,Humidity,KineticEnergy,RainAbsolute,RainRate,VolumeEquivalentDiameter,0.2987081196351418,0.0892265407359622
AverageParticleSpeed,Humidity,KineticEnergy,RainAccumulated,RainRate,VolumeEquivalentDiameter,0.2987081196351418,0.0892265407359622
AverageParticleSpeed,Humidity,KineticEnergy,Pressure,RainAbsolute,VolumeEquivalentDiameter,0.29824752933375515,0.08895158875368914
AverageParticleSpeed,Humidity,KineticEnergy,Pressure,RainAccumulated,VolumeEquivalentDiameter,0.29824752933375515,0.08895158875368914
AverageParticleSpeed,Humidity,KineticEnergy,Pressure,RainAbsolute,RainRate,0.2982475293337549,0.088951588753689
AverageParticleSpeed,Humidity,KineticEnergy,Pressure,RainAccumulated,RainRate,0.2982475293337549,0.088951588753689
Humidity,KineticEnergy,Pressure,RainAbsolute,RainRate,VolumeEquivalentDiameter,0.2982475293337549,0.088951588753689
Humidity,KineticEnergy,Pressure,RainAccumulated,RainRate,VolumeEquivalentDiameter,0.2982475293337549,0.088951588753689
AverageParticleSpeed,ParticlesDetected,RainAbsolute,RainAccumulated,SnowDepthIntensity,WindSpeed,0.2974258429504893,0.08846213205480913
ParticlesDetected,RainAbsolute,RainAccumulated,SnowDepthIntensity,VolumeEquivalentDiameter,WindSpeed,0.2974258429504893,0.08846213205480913
ParticlesDetected,RainAbsolute,RainAccumulated,RainRate,SnowDepthIntensity,WindSpeed,0.2974258429504891,0.08846213205480902
AverageParticleSpeed,ParticlesDetected,RainAbsolute,RainAccumulated,Temperature,WindSpeed,0.2974054268287692,0.08844998790720239
ParticlesDetected,RainAbsolute,RainAccumulated,RainRate,Temperature,WindSpeed,0.2974054268287692,0.08844998790720239
ParticlesDetected,RainAbsolute,RainAccumulated,Temperature,VolumeEquivalentDiameter,WindSpeed,0.2974054268287692,0.08844998790720239
ParticlesDetected,Pressure,RainAbsolute,RainAccumulated,SnowDepthIntensity,WindSpeed,0.2971558508392693,0.08830159968801007
ParticlesDetected,Pressure,RainAbsolute,RainAccumulated,Temperature,WindSpeed,0.29713443577182663,0.08828887292144176
AverageParticleSpeed,Humidity,KineticEnergy,RainAbsolute,RainIntensity,VolumeEquivalentDiameter,0.2959538579914385,0.08758868606001653
AverageParticleSpeed,Humidity,KineticEnergy,RainAccumulated,RainIntensity,VolumeEquivalentDiameter,0.2959538579914385,0.08758868606001653
AverageParticleSpeed,Humidity,KineticEnergy,RainAbsolute,RainIntensity,RainRate,0.29595385799143825,0.0875886860600164
AverageParticleSpeed,Humidity,KineticEnergy,RainAccumulated,RainIntensity,RainRate,0.29595385799143825,0.0875886860600164
Humidity,KineticEnergy,RainAbsolute,RainIntensity,RainRate,VolumeEquivalentDiameter,0.29595385799143825,0.0875886860600164
Humidity,KineticEnergy,RainAccumulated,RainIntensity,RainRate,VolumeEquivalentDiameter,0.29595385799143825,0.0875886860600164
ParticlesDetected,RainAbsolute,RainAccumulated,RainIntensity,SnowDepthIntensity,WindSpeed,0.2957788834206829,0.08748514787758595
ParticlesDetected,RainAbsolute,RainAccumulated,RainIntensity,Temperature,WindSpeed,0.2957785092819892,0.08748492655307576
Humidity,KineticEnergy,Pressure,RainAbsolute,RainIntensity,RainRate,0.2954785684041085,0.08730758438614143
Humidity,KineticEnergy,Pressure,RainAccumulated,RainIntensity,RainRate,0.2954785684041085,0.08730758438614143
AverageParticleSpeed,Humidity,KineticEnergy,Pressure,RainAbsolute,RainIntensity,0.2954785684041084,0.08730758438614138
AverageParticleSpeed,Humidity,KineticEnergy,Pressure,RainAccumulated,RainIntensity,0.2954785684041084,0.08730758438614138
Humidity,KineticEnergy,Pressure,RainAbsolute,RainIntensity,VolumeEquivalentDiameter,0.2954785684041084,0.08730758438614138
Humidity,KineticEnergy,Pressure,RainAccumulated,RainIntensity,VolumeEquivalentDiameter,0.2954785684041084,0.08730758438614138
KineticEnergy,ParticlesDetected,RainAbsolute,RainAccumulated,SnowDepthIntensity,WindSpeed,0.29510502870656313,0.08708697796790145
KineticEnergy,ParticlesDetected,RainAbsolute,RainAccumulated,Temperature,WindSpeed,0.29509779342778963,0.0870827076859504
ParticlesDetected,RainAbsolute,RainAccumulated,RainRate,SnowDepthIntensity,Temperature,0.2941450440637468,0.08652130694726355
AverageParticleSpeed,ParticlesDetected,RainAbsolute,RainAccumulated,SnowDepthIntensity,Temperature,0.29414504406374675,0.08652130694726352
ParticlesDetected,RainAbsolute,RainAccumulated,SnowDepthIntensity,Temperature,VolumeEquivalentDiameter,0.29414504406374675,0.08652130694726352
ParticlesDetected,Pressure,RainAbsolute,RainAccumulated,SnowDepthIntensity,Temperature,0.2939016301559448,0.08637816820832175
ParticlesDetected,RainAbsolute,RainAccumulated,RainIntensity,SnowDepthIntensity,Temperature,0.29260845186506873,0.08561970610287224
RadarReflectivity,RainAbsolute,RainAccumulated,SnowDepthIntensity,Temperature,WindSpeed,0.2924755212798709,0.08554193054793223
KineticEnergy,ParticlesDetected,RainAbsolute,RainAccumulated,SnowDepthIntensity,Temperature,0.29199109592295436,0.08525880009828793
AverageParticleSpeed,Humidity,RadarReflectivity,RainAbsolute,RainAccumulated,VolumeEquivalentDiameter,0.2859909413119495,0.08179081851249495
AverageParticleSpeed,Humidity,RadarReflectivity,RainAbsolute,RainAccumulated,RainRate,0.2859909413119493,0.08179081851249483
Humidity,RadarReflectivity,RainAbsolute,RainAccumulated,RainRate,VolumeEquivalentDiameter,0.2859909413119493,0.08179081851249483
Humidity,Pressure,RadarReflectivity,RainAbsolute,RainAccumulated,RainRate,0.2857370710387976,0.08164567376583086
AverageParticleSpeed,Humidity,Pressure,RadarReflectivity,RainAbsolute,RainAccumulated,0.2857370710387973,0.08164567376583069
Humidity,Pressure,RadarReflectivity,RainAbsolute,RainAccumulated,VolumeEquivalentDiameter,0.2857370710387973,0.08164567376583069
AverageParticleSpeed,Humidity,RadarReflectivity,RainAbsolute,RainAccumulated,RainIntensity,0.2845048364095643,0.08094300194043295
Humidity,RadarReflectivity,RainAbsolute,RainAccumulated,RainIntensity,RainRate,0.2845048364095643,0.08094300194043295
Humidity,RadarReflectivity,RainAbsolute,RainAccumulated,RainIntensity,VolumeEquivalentDiameter,0.2845048364095643,0.08094300194043295
Humidity,Pressure,RadarReflectivity,RainAbsolute,RainAccumulated,RainIntensity,0.28424792449792313,0.08079688258137702
AverageParticleSpeed,Humidity,KineticEnergy,RadarReflectivity,RainAbsolute,RainAccumulated,0.2839291085450749,0.08061573867920094
Humidity,KineticEnergy,RadarReflectivity,RainAbsolute,RainAccumulated,VolumeEquivalentDiameter,0.2839291085450749,0.08061573867920094
Humidity,KineticEnergy,RadarReflectivity,RainAbsolute,RainAccumulated,RainRate,0.2839291085450744,0.08061573867920065
ParticlesDetected,RainAbsolute,RainAccumulated,SnowDepthIntensity,Temperature,WindSpeed,0.2838788351915759,0.08058719306972592
Humidity,KineticEnergy,Pressure,RadarReflectivity,RainAbsolute,RainAccumulated,0.28367094818869,0.08046920684627044
Humidity,KineticEnergy,RadarReflectivity,RainAbsolute,RainAccumulated,RainIntensity,0.28243133571126156,0.07976745939164732
AverageParticleSpeed,Humidity,RainAbsolute,RainRate,VolumeEquivalentDiameter,WindSpeed,0.2798540333351097,0.0783182799739287
AverageParticleSpeed,Humidity,RainAccumulated,RainRate,VolumeEquivalentDiameter,WindSpeed,0.2798540333351097,0.0783182799739287
AverageParticleSpeed,Humidity,Pressure,RainAbsolute,RainRate,WindSpeed,0.2790915267726759,0.07789208031630326
AverageParticleSpeed,Humidity,Pressure,RainAccumulated,RainRate,WindSpeed,0.2790915267726759,0.07789208031630326
Humidity,Pressure,RainAbsolute,RainRate,VolumeEquivalentDiameter,WindSpeed,0.2790915267726759,0.07789208031630326
Humidity,Pressure,RainAccumulated,RainRate,VolumeEquivalentDiameter,WindSpeed,0.2790915267726759,0.07789208031630326
AverageParticleSpeed,Humidity,Pressure,RainAbsolute,VolumeEquivalentDiameter,WindSpeed,0.2790915267726755,0.07789208031630306
AverageParticleSpeed,Humidity,Pressure,RainAccumulated,VolumeEquivalentDiameter,WindSpeed,0.2790915267726755,0.07789208031630306
AverageParticleSpeed,Humidity,ParticlesDetected,RainAbsolute,RainAccumulated,RainRate,0.2783271547811788,0.07746600508858627
Humidity,ParticlesDetected,RainAbsolute,RainAccumulated,RainRate,VolumeEquivalentDiameter,0.2783271547811788,0.07746600508858627
AverageParticleSpeed,Humidity,ParticlesDetected,RainAbsolute,RainAccumulated,VolumeEquivalentDiameter,0.27832715478117875,0.07746600508858624
AverageParticleSpeed,Humidity,ParticlesDetected,Pressure,RainAbsolute,RainAccumulated,0.27805536448684787,0.07731478571991382
Humidity,ParticlesDetected,Pressure,RainAbsolute,RainAccumulated,RainRate,0.27805536448684787,0.07731478571991382
Humidity,ParticlesDetected,Pressure,RainAbsolute,RainAccumulated,VolumeEquivalentDiameter,0.27805536448684787,0.07731478571991382
AverageParticleSpeed,Humidity,ParticlesDetected,RainAbsolute,RainAccumulated,RainIntensity,0.2767474631835472,0.07658915837852881
Humidity,ParticlesDetected,RainAbsolute,RainAccumulated,RainIntensity,VolumeEquivalentDiameter,0.2767474631835472,0.07658915837852881
Humidity,ParticlesDetected,RainAbsolute,RainAccumulated,RainIntensity,RainRate,0.27674746318354687,0.07658915837852863
AverageParticleSpeed,Humidity,RainAbsolute,RainIntensity,RainRate,WindSpeed,0.27673630558772055,0.07658298283034025
AverageParticleSpeed,Humidity,RainAccumulated,RainIntensity,RainRate,WindSpeed,0.27673630558772055,0.07658298283034025
Humidity,RainAbsolute,RainIntensity,RainRate,VolumeEquivalentDiameter,WindSpeed,0.27673630558772055,0.07658298283034025
Humidity,RainAccumulated,RainIntensity,RainRate,VolumeEquivalentDiameter,WindSpeed,0.27673630558772055,0.07658298283034025
AverageParticleSpeed,Humidity,RainAbsolute,RainIntensity,VolumeEquivalentDiameter,WindSpeed,0.2767363055877202,0.07658298283034007
AverageParticleSpeed,Humidity,RainAccumulated,RainIntensity,VolumeEquivalentDiameter,WindSpeed,0.2767363055877202,0.07658298283034007
Humidity,ParticlesDetected,Pressure,RainAbsolute,RainAccumulated,RainIntensity,0.27647259622834786,0.07643709646524306
Humidity,RadarReflectivity,RainAbsolute,RainAccumulated,RainRate,WindSpeed,0.27623689955369995,0.07630682467504092
AverageParticleSpeed,Humidity,RadarReflectivity,RainAbsolute,RainAccumulated,WindSpeed,0.27623689955369973,0.0763068246750408
Humidity,RadarReflectivity,RainAbsolute,RainAccumulated,VolumeEquivalentDiameter,WindSpeed,0.27623689955369973,0.0763068246750408
Humidity,KineticEnergy,ParticlesDetected,RainAbsolute,RainAccumulated,RainRate,0.2761089297392285,0.07623614108174223
AverageParticleSpeed,Humidity,KineticEnergy,ParticlesDetected,RainAbsolute,RainAccumulated,0.27610892973922824,0.07623614108174208
Humidity,KineticEnergy,ParticlesDetected,RainAbsolute,RainAccumulated,VolumeEquivalentDiameter,0.27610892973922824,0.07623614108174208
Humidity,Pressure,RainAbsolute,RainIntensity,RainRate,WindSpeed,0.2759596558091537,0.07615373163430658
Humidity,Pressure,RainAccumulated,RainIntensity,RainRate,WindSpeed,0.2759596558091537,0.07615373163430658
AverageParticleSpeed,Humidity,Pressure,RainAbsolute,RainIntensity,WindSpeed,0.27595965580915344,0.07615373163430643
AverageParticleSpeed,Humidity,Pressure,RainAccumulated,RainIntensity,WindSpeed,0.27595965580915344,0.07615373163430643
Humidity,Pressure,RainAbsolute,RainIntensity,VolumeEquivalentDiameter,WindSpeed,0.27595965580915344,0.07615373163430643
Humidity,Pressure,RainAccumulated,RainIntensity,VolumeEquivalentDiameter,WindSpeed,0.27595965580915344,0.07615373163430643
Humidity,Pressure,RadarReflectivity,RainAbsolute,RainAccumulated,WindSpeed,0.2759275681383541,0.07613602285874606
Humidity,KineticEnergy,ParticlesDetected,Pressure,RainAbsolute,RainAccumulated,0.2758327502750419,0.07608370612429362
AverageParticleSpeed,Humidity,KineticEnergy,RainAbsolute,VolumeEquivalentDiameter,WindSpeed,0.27552391672150617,0.07591342868555946
AverageParticleSpeed,Humidity,KineticEnergy,RainAccumulated,VolumeEquivalentDiameter,WindSpeed,0.27552391672150617,0.07591342868555946
AverageParticleSpeed,Humidity,KineticEnergy,RainAbsolute,RainRate,WindSpeed,0.27552391672150567,0.0759134286855592
AverageParticleSpeed,Humidity,KineticEnergy,RainAccumulated,RainRate,WindSpeed,0.27552391672150567,0.0759134286855592
Humidity,KineticEnergy,RainAbsolute,RainRate,VolumeEquivalentDiameter,WindSpeed,0.27552391672150567,0.0759134286855592
Humidity,KineticEnergy,RainAccumulated,RainRate,VolumeEquivalentDiameter,WindSpeed,0.27552391672150567,0.0759134286855592
AverageParticleSpeed,Humidity,RainAbsolute,RainRate,SnowDepthIntensity,VolumeEquivalentDiameter,0.27526205272207405,0.07576919766876987
AverageParticleSpeed,Humidity,RainAccumulated,RainRate,SnowDepthIntensity,VolumeEquivalentDiameter,0.27526205272207405,0.07576919766876987
Humidity,KineticEnergy,Pressure,RainAbsolute,RainRate,WindSpeed,0.27474138777626256,0.07548283015722668
Humidity,KineticEnergy,Pressure,RainAccumulated,RainRate,WindSpeed,0.27474138777626256,0.07548283015722668
AverageParticleSpeed,Humidity,KineticEnergy,Pressure,RainAbsolute,WindSpeed,0.2747413877762624,0.07548283015722658
AverageParticleSpeed,Humidity,KineticEnergy,Pressure,RainAccumulated,WindSpeed,0.2747413877762624,0.07548283015722658
Humidity,KineticEnergy,Pressure,RainAbsolute,VolumeEquivalentDiameter,WindSpeed,0.2747413877762624,0.07548283015722658
Humidity,KineticEnergy,Pressure,RainAccumulated,VolumeEquivalentDiameter,WindSpeed,0.2747413877762624,0.07548283015722658
AverageParticleSpeed,Humidity,Pressure,RainAbsolute,RainRate,SnowDepthIntensity,0.27467700596151023,0.07544745760397953
AverageParticleSpeed,Humidity,Pressure,RainAccumulated,RainRate,SnowDepthIntensity,0.27467700596151023,0.07544745760397953
Humidity,Pressure,RainAbsolute,RainRate,SnowDepthIntensity,VolumeEquivalentDiameter,0.27467700596151023,0.07544745760397953
Humidity,Pressure,RainAccumulated,RainRate,SnowDepthIntensity,VolumeEquivalentDiameter,0.27467700596151023,0.07544745760397953
AverageParticleSpeed,Humidity,Pressure,RainAbsolute,SnowDepthIntensity,VolumeEquivalentDiameter,0.27467700596150996,0.07544745760397938
AverageParticleSpeed,Humidity,Pressure,RainAccumulated,SnowDepthIntensity,VolumeEquivalentDiameter,0.27467700596150996,0.07544745760397938
Humidity,RadarReflectivity,RainAbsolute,RainAccumulated,RainIntensity,WindSpeed,0.2746479563522209,0.07543149992845143
Humidity,KineticEnergy,ParticlesDetected,RainAbsolute,RainAccumulated,RainIntensity,0.2745239860948503,0.07536341894140555
Humidity,KineticEnergy,RadarReflectivity,RainAbsolute,RainAccumulated,WindSpeed,0.2740243812160549,0.07508936150084176
AverageParticleSpeed,Humidity,RadarReflectivity,RainAbsolute,RainAccumulated,SnowDepthIntensity,0.272665446557776,0.07434644574655142
Humidity,RadarReflectivity,RainAbsolute,RainAccumulated,SnowDepthIntensity,VolumeEquivalentDiameter,0.272665446557776,0.07434644574655142
Humidity,RadarReflectivity,RainAbsolute,RainAccumulated,RainRate,SnowDepthIntensity,0.27266544655777586,0.07434644574655132
Humidity,Pressure,RadarReflectivity,RainAbsolute,RainAccumulated,SnowDepthIntensity,0.2723847846766671,0.07419347092335431
AverageParticleSpeed,Humidity,RainAbsolute,RainIntensity,SnowDepthIntensity,VolumeEquivalentDiameter,0.2723618784587704,0.07418099283759003
AverageParticleSpeed,Humidity,RainAccumulated,RainIntensity,SnowDepthIntensity,VolumeEquivalentDiameter,0.2723618784587704,0.07418099283759003
AverageParticleSpeed,Humidity,RainAbsolute,RainIntensity,RainRate,SnowDepthIntensity,0.2723618784587702,0.0741809928375899
AverageParticleSpeed,Humidity,RainAccumulated,RainIntensity,RainRate,SnowDepthIntensity,0.2723618784587702,0.0741809928375899
Humidity,RainAbsolute,RainIntensity,RainRate,SnowDepthIntensity,VolumeEquivalentDiameter,0.2723618784587702,0.0741809928375899
Humidity,RainAccumulated,RainIntensity,RainRate,SnowDepthIntensity,VolumeEquivalentDiameter,0.2723618784587702,0.0741809928375899
Humidity,KineticEnergy,RainAbsolute,RainIntensity,RainRate,WindSpeed,0.2722637843382162,0.0741275682621667
Humidity,KineticEnergy,RainAccumulated,RainIntensity,RainRate,WindSpeed,0.2722637843382162,0.0741275682621667
AverageParticleSpeed,Humidity,KineticEnergy,RainAbsolute,RainIntensity,WindSpeed,0.2722637843382158,0.07412756826216649
AverageParticleSpeed,Humidity,KineticEnergy,RainAccumulated,RainIntensity,WindSpeed,0.2722637843382158,0.07412756826216649
Humidity,KineticEnergy,RainAbsolute,RainIntensity,VolumeEquivalentDiameter,WindSpeed,0.2722637843382158,0.07412756826216649
Humidity,KineticEnergy,RainAccumulated,RainIntensity,VolumeEquivalentDiameter,WindSpeed,0.2722637843382158,0.07412756826216649
AverageParticleSpeed,Humidity,Pressure,RainAbsolute,RainIntensity,SnowDepthIntensity,0.27176399721905925,0.07385567018448085
AverageParticleSpeed,Humidity,Pressure,RainAccumulated,RainIntensity,SnowDepthIntensity,0.27176399721905925,0.07385567018448085
Humidity,Pressure,RainAbsolute,RainIntensity,SnowDepthIntensity,VolumeEquivalentDiameter,0.27176399721905925,0.07385567018448085
Humidity,Pressure,RainAccumulated,RainIntensity,SnowDepthIntensity,VolumeEquivalentDiameter,0.27176399721905925,0.07385567018448085
Humidity,Pressure,RainAbsolute,RainIntensity,RainRate,SnowDepthIntensity,0.27176399721905914,0.07385567018448079
Humidity,Pressure,RainAccumulated,RainIntensity,RainRate,SnowDepthIntensity,0.27176399721905914,0.07385567018448079
Humidity,KineticEnergy,Pressure,RainAbsolute,RainIntensity,WindSpeed,0.2714668797665,0.07369426681015938
Humidity,KineticEnergy,Pressure,RainAccumulated,RainIntensity,WindSpeed,0.2714668797665,0.07369426681015938
AverageParticleSpeed,Humidity,KineticEnergy,RainAbsolute,SnowDepthIntensity,VolumeEquivalentDiameter,0.27134698510641814,0.0736291863263427
AverageParticleSpeed,Humidity,KineticEnergy,RainAccumulated,SnowDepthIntensity,VolumeEquivalentDiameter,0.27134698510641814,0.0736291863263427
AverageParticleSpeed,Humidity,KineticEnergy,RainAbsolute,RainRate,SnowDepthIntensity,0.27134698510641775,0.0736291863263425
AverageParticleSpeed,Humidity,KineticEnergy,RainAccumulated,RainRate,SnowDepthIntensity,0.27134698510641775,0.0736291863263425
Humidity,KineticEnergy,RainAbsolute,RainRate,SnowDepthIntensity,VolumeEquivalentDiameter,0.27134698510641775,0.0736291863263425
Humidity,KineticEnergy,RainAccumulated,RainRate,SnowDepthIntensity,VolumeEquivalentDiameter,0.27134698510641775,0.0736291863263425
Humidity,RadarReflectivity,RainAbsolute,RainAccumulated,RainIntensity,SnowDepthIntensity,0.2711867816470937,0.07354227054010848
AverageParticleSpeed,Humidity,KineticEnergy,Pressure,RainAbsolute,SnowDepthIntensity,0.2707444526649664,0.07330255864885223
AverageParticleSpeed,Humidity,KineticEnergy,Pressure,RainAccumulated,SnowDepthIntensity,0.2707444526649664,0.07330255864885223
Humidity,KineticEnergy,Pressure,RainAbsolute,SnowDepthIntensity,VolumeEquivalentDiameter,0.2707444526649664,0.07330255864885223
Humidity,KineticEnergy,Pressure,RainAccumulated,SnowDepthIntensity,VolumeEquivalentDiameter,0.2707444526649664,0.07330255864885223
Humidity,KineticEnergy,Pressure,RainAbsolute,RainRate,SnowDepthIntensity,0.2707444526649663,0.07330255864885216
Humidity,KineticEnergy,Pressure,RainAccumulated,RainRate,SnowDepthIntensity,0.2707444526649663,0.07330255864885216
Humidity,KineticEnergy,RadarReflectivity,RainAbsolute,RainAccumulated,SnowDepthIntensity,0.2706285048884045,0.07323978765813319
AverageParticleSpeed,Humidity,RadarReflectivity,RainAbsolute,RainAccumulated,Temperature,0.27005409210465126,0.07292921266246746
Humidity,RadarReflectivity,RainAbsolute,RainAccumulated,Temperature,VolumeEquivalentDiameter,0.27005409210465126,0.07292921266246746
Humidity,RadarReflectivity,RainAbsolute,RainAccumulated,RainRate,Temperature,0.27005409210465103,0.07292921266246734
Humidity,Pressure,RadarReflectivity,RainAbsolute,RainAccumulated,Temperature,0.26976665015589135,0.07277404553633107
AverageParticleSpeed,Humidity,Pressure,RainRate,VolumeEquivalentDiameter,WindSpeed,-0.2693840992081924,0.07256779290620924
Humidity,RadarReflectivity,RainAbsolute,RainAccumulated,RainIntensity,Temperature,0.2686241387606735,0.07215892792491356
Humidity,KineticEnergy,RainAbsolute,RainIntensity,RainRate,SnowDepthIntensity,0.26837008263068957,0.07202250125120314
Humidity,KineticEnergy,RainAccumulated,RainIntensity,RainRate,SnowDepthIntensity,0.26837008263068957,0.07202250125120314
AverageParticleSpeed,Humidity,KineticEnergy,RainAbsolute,RainIntensity,SnowDepthIntensity,0.26837008263068923,0.07202250125120296
AverageParticleSpeed,Humidity,KineticEnergy,RainAccumulated,RainIntensity,SnowDepthIntensity,0.26837008263068923,0.07202250125120296
Humidity,KineticEnergy,RainAbsolute,RainIntensity,SnowDepthIntensity,VolumeEquivalentDiameter,0.26837008263068923,0.07202250125120296
Humidity,KineticEnergy,RainAccumulated,RainIntensity,SnowDepthIntensity,VolumeEquivalentDiameter,0.26837008263068923,0.07202250125120296
Humidity,KineticEnergy,RadarReflectivity,RainAbsolute,RainAccumulated,Temperature,0.2680743159028803,0.07186383884679726
Humidity,KineticEnergy,Pressure,RainAbsolute,RainIntensity,SnowDepthIntensity,0.2677547980393306,0.07169263187308272
Humidity,KineticEnergy,Pressure,RainAccumulated,RainIntensity,SnowDepthIntensity,0.2677547980393306,0.07169263187308272
Humidity,ParticlesDetected,RainAbsolute,RainAccumulated,RainRate,WindSpeed,0.26764154778974636,0.07163199810329109
AverageParticleSpeed,Humidity,ParticlesDetected,RainAbsolute,RainAccumulated,WindSpeed,0.267641547789746,0.0716319981032909
Humidity,ParticlesDetected,RainAbsolute,RainAccumulated,VolumeEquivalentDiameter,WindSpeed,0.267641547789746,0.0716319981032909
AverageParticleSpeed,Humidity,Pressure,RainIntensity,RainRate,WindSpeed,-0.2674769795930426,0.07154393461221693
Humidity,Pressure,RainIntensity,RainRate,VolumeEquivalentDiameter,WindSpeed,-0.2674769795930426,0.07154393461221693
AverageParticleSpeed,Humidity,Pressure,RainIntensity,VolumeEquivalentDiameter,WindSpeed,-0.26747697959304245,0.07154393461221685
Humidity,ParticlesDetected,Pressure,RainAbsolute,RainAccumulated,WindSpeed,0.26731293359579306,0.07145620446758887
AverageParticleSpeed,Humidity,KineticEnergy,Pressure,VolumeEquivalentDiameter,WindSpeed,-0.2661741010874539,0.07084865208971411
AverageParticleSpeed,Humidity,KineticEnergy,Pressure,RainRate,WindSpeed,-0.2661741010874537,0.07084865208971403
Humidity,KineticEnergy,Pressure,RainRate,VolumeEquivalentDiameter,WindSpeed,-0.2661741010874537,0.07084865208971403
Humidity,ParticlesDetected,RainAbsolute,RainAccumulated,RainIntensity,WindSpeed,0.2659685599445884,0.07073927487899812
AverageParticleSpeed,Humidity,RainIntensity,RainRate,VolumeEquivalentDiameter,WindSpeed,-0.26539598849802626,0.07043503071084449
Humidity,KineticEnergy,ParticlesDetected,RainAbsolute,RainAccumulated,WindSpeed,0.2652855126554399,0.07037640322485958
AverageParticleSpeed,Humidity,ParticlesDetected,RainAbsolute,RainAccumulated,SnowDepthIntensity,0.26513447188075717,0.07029628817948802
Humidity,ParticlesDetected,RainAbsolute,RainAccumulated,RainRate,SnowDepthIntensity,0.26513447188075717,0.07029628817948802
Humidity,ParticlesDetected,RainAbsolute,RainAccumulated,SnowDepthIntensity,VolumeEquivalentDiameter,0.26513447188075717,0.07029628817948802
Humidity,ParticlesDetected,Pressure,RainAbsolute,RainAccumulated,SnowDepthIntensity,0.2648378937758047,0.0701391099796044
AverageParticleSpeed,Humidity,KineticEnergy,RainRate,VolumeEquivalentDiameter,WindSpeed,-0.26409394169431627,0.06974561003964092
Humidity,KineticEnergy,Pressure,RainIntensity,RainRate,WindSpeed,-0.26389506464920637,0.0696406051462088
AverageParticleSpeed,Humidity,KineticEnergy,Pressure,RainIntensity,WindSpeed,-0.26389506464920603,0.06964060514620864
Humidity,KineticEnergy,Pressure,RainIntensity,VolumeEquivalentDiameter,WindSpeed,-0.26389506464920603,0.06964060514620864
Humidity,ParticlesDetected,RainAbsolute,RainAccumulated,RainIntensity,SnowDepthIntensity,0.2635818685078742,0.06947540140610228
Humidity,KineticEnergy,ParticlesDetected,RainAbsolute,RainAccumulated,SnowDepthIntensity,0.2629710260917023,0.06915376056372277
AverageParticleSpeed,Humidity,ParticlesDetected,RainAbsolute,RainAccumulated,Temperature,0.2628530407670842,0.06909172104050243
Humidity,ParticlesDetected,RainAbsolute,RainAccumulated,RainRate,Temperature,0.2628530407670842,0.06909172104050243
Humidity,ParticlesDetected,RainAbsolute,RainAccumulated,Temperature,VolumeEquivalentDiameter,0.2628530407670842,0.06909172104050243
AverageParticleSpeed,Humidity,RainAbsolute,RainRate,Temperature,VolumeEquivalentDiameter,0.26270358036071084,0.06901317113433646
AverageParticleSpeed,Humidity,RainAccumulated,RainRate,Temperature,VolumeEquivalentDiameter,0.26270358036071084,0.06901317113433646
Humidity,ParticlesDetected,Pressure,RainAbsolute,RainAccumulated,Temperature,0.262550352223872,0.06893268745287925
Humidity,RadarReflectivity,RainAbsolute,RainAccumulated,SnowDepthIntensity,WindSpeed,0.2621149175106093,0.0687042299815935
AverageParticleSpeed,Humidity,Pressure,RainAbsolute,Temperature,VolumeEquivalentDiameter,0.2620474484328515,0.06866886523016796
AverageParticleSpeed,Humidity,Pressure,RainAccumulated,Temperature,VolumeEquivalentDiameter,0.2620474484328515,0.06866886523016796
AverageParticleSpeed,Humidity,Pressure,RainAbsolute,RainRate,Temperature,0.26204744843285127,0.06866886523016785
AverageParticleSpeed,Humidity,Pressure,RainAccumulated,RainRate,Temperature,0.26204744843285127,0.06866886523016785
Humidity,Pressure,RainAbsolute,RainRate,Temperature,VolumeEquivalentDiameter,0.26204744843285127,0.06866886523016785
Humidity,Pressure,RainAccumulated,RainRate,Temperature,VolumeEquivalentDiameter,0.26204744843285127,0.06866886523016785
AverageParticleSpeed,Humidity,KineticEnergy,RainIntensity,RainRate,WindSpeed,-0.26181765071956925,0.06854848222831436
AverageParticleSpeed,Humidity,KineticEnergy,RainIntensity,VolumeEquivalentDiameter,WindSpeed,-0.26181765071956925,0.06854848222831436
Humidity,KineticEnergy,RainIntensity,RainRate,VolumeEquivalentDiameter,WindSpeed,-0.26181765071956925,0.06854848222831436
Humidity,ParticlesDetected,RainAbsolute,RainAccumulated,RainIntensity,Temperature,0.26134147471207775,0.06829936640468358
Humidity,KineticEnergy,ParticlesDetected,RainAbsolute,RainAccumulated,Temperature,0.26073629003059273,0.06798341293891737
AverageParticleSpeed,Humidity,RainAbsolute,RainIntensity,RainRate,Temperature,0.26021960572104375,0.06771424320161547
AverageParticleSpeed,Humidity,RainAccumulated,RainIntensity,RainRate,Temperature,0.26021960572104375,0.06771424320161547
Humidity,RainAbsolute,RainIntensity,RainRate,Temperature,VolumeEquivalentDiameter,0.26021960572104375,0.06771424320161547
Humidity,RainAccumulated,RainIntensity,RainRate,Temperature,VolumeEquivalentDiameter,0.26021960572104375,0.06771424320161547
AverageParticleSpeed,Humidity,RainAbsolute,RainIntensity,Temperature,VolumeEquivalentDiameter,0.2602196057210437,0.06771424320161544
AverageParticleSpeed,Humidity,RainAccumulated,RainIntensity,Temperature,VolumeEquivalentDiameter,0.2602196057210437,0.06771424320161544
AverageParticleSpeed,Humidity,Pressure,RainAbsolute,RainIntensity,Temperature,0.2595540333869349,0.06736829624742612
AverageParticleSpeed,Humidity,Pressure,RainAccumulated,RainIntensity,Temperature,0.2595540333869349,0.06736829624742612
Humidity,Pressure,RainAbsolute,RainIntensity,Temperature,VolumeEquivalentDiameter,0.2595540333869349,0.06736829624742612
Humidity,Pressure,RainAccumulated,RainIntensity,Temperature,VolumeEquivalentDiameter,0.2595540333869349,0.06736829624742612
Humidity,Pressure,RainAbsolute,RainIntensity,RainRate,Temperature,0.2595540333869348,0.06736829624742606
Humidity,Pressure,RainAccumulated,RainIntensity,RainRate,Temperature,0.2595540333869348,0.06736829624742606
Humidity,RadarReflectivity,RainAbsolute,RainAccumulated,Temperature,WindSpeed,0.25953455925521224,0.06735818744779727
AverageParticleSpeed,Humidity,KineticEnergy,RainAbsolute,RainRate,Temperature,0.25931154103585735,0.06724247531439113
AverageParticleSpeed,Humidity,KineticEnergy,RainAccumulated,RainRate,Temperature,0.25931154103585735,0.06724247531439113
Humidity,KineticEnergy,RainAbsolute,RainRate,Temperature,VolumeEquivalentDiameter,0.25931154103585735,0.06724247531439113
Humidity,KineticEnergy,RainAccumulated,RainRate,Temperature,VolumeEquivalentDiameter,0.25931154103585735,0.06724247531439113
AverageParticleSpeed,Humidity,KineticEnergy,RainAbsolute,Temperature,VolumeEquivalentDiameter,0.25931154103585724,0.06724247531439108
AverageParticleSpeed,Humidity,KineticEnergy,RainAccumulated,Temperature,VolumeEquivalentDiameter,0.25931154103585724,0.06724247531439108
AverageParticleSpeed,Pressure,RadarReflectivity,RainAbsolute,RainRate,VolumeEquivalentDiameter,0.25885187813745764,0.06700429481528922
AverageParticleSpeed,Pressure,RadarReflectivity,RainAccumulated,RainRate,VolumeEquivalentDiameter,0.25885187813745764,0.06700429481528922
AverageParticleSpeed,Humidity,KineticEnergy,Pressure,RainAbsolute,Temperature,0.2586423369526375,0.06689585846432167
AverageParticleSpeed,Humidity,KineticEnergy,Pressure,RainAccumulated,Temperature,0.2586423369526375,0.06689585846432167
Humidity,KineticEnergy,Pressure,RainAbsolute,Temperature,VolumeEquivalentDiameter,0.2586423369526375,0.06689585846432167
Humidity,KineticEnergy,Pressure,RainAccumulated,Temperature,VolumeEquivalentDiameter,0.2586423369526375,0.06689585846432167
Humidity,KineticEnergy,Pressure,RainAbsolute,RainRate,Temperature,0.25864233695263716,0.0668958584643215
Humidity,KineticEnergy,Pressure,RainAccumulated,RainRate,Temperature,0.25864233695263716,0.0668958584643215
Humidity,RadarReflectivity,RainAbsolute,RainAccumulated,SnowDepthIntensity,Temperature,0.25728644130570494,0.06619631287975396
AverageParticleSpeed,RadarReflectivity,RainAbsolute,RainIntensity,RainRate,VolumeEquivalentDiameter,0.2568151191102002,0.06595400540358633
AverageParticleSpeed,RadarReflectivity,RainAccumulated,RainIntensity,RainRate,VolumeEquivalentDiameter,0.2568151191102002,0.06595400540358633
AverageParticleSpeed,Humidity,KineticEnergy,RainAbsolute,RainIntensity,Temperature,0.256736631296376,0.06591369784941133
AverageParticleSpeed,Humidity,KineticEnergy,RainAccumulated,RainIntensity,Temperature,0.256736631296376,0.06591369784941133
Humidity,KineticEnergy,RainAbsolute,RainIntensity,Temperature,VolumeEquivalentDiameter,0.256736631296376,0.06591369784941133
Humidity,KineticEnergy,RainAccumulated,RainIntensity,Temperature,VolumeEquivalentDiameter,0.256736631296376,0.06591369784941133
Humidity,KineticEnergy,RainAbsolute,RainIntensity,RainRate,Temperature,0.2567366312963759,0.06591369784941127
Humidity,KineticEnergy,RainAccumulated,RainIntensity,RainRate,Temperature,0.2567366312963759,0.06591369784941127
AverageParticleSpeed,Pressure,RadarReflectivity,RainAbsolute,RainIntensity,VolumeEquivalentDiameter,0.25623935500536665,0.06565860705356633
AverageParticleSpeed,Pressure,RadarReflectivity,RainAccumulated,RainIntensity,VolumeEquivalentDiameter,0.25623935500536665,0.06565860705356633
AverageParticleSpeed,Pressure,RadarReflectivity,RainAbsolute,RainIntensity,RainRate,0.2562393550053665,0.06565860705356623
AverageParticleSpeed,Pressure,RadarReflectivity,RainAccumulated,RainIntensity,RainRate,0.2562393550053665,0.06565860705356623
Pressure,RadarReflectivity,RainAbsolute,RainIntensity,RainRate,VolumeEquivalentDiameter,0.2562393550053665,0.06565860705356623
Pressure,RadarReflectivity,RainAccumulated,RainIntensity,RainRate,VolumeEquivalentDiameter,0.2562393550053665,0.06565860705356623
Humidity,KineticEnergy,Pressure,RainAbsolute,RainIntensity,Temperature,0.2560578830026829,0.06556563944781564
Humidity,KineticEnergy,Pressure,RainAccumulated,RainIntensity,Temperature,0.2560578830026829,0.06556563944781564
AverageParticleSpeed,KineticEnergy,RadarReflectivity,RainAbsolute,RainRate,VolumeEquivalentDiameter,0.25575333561727537,0.0654097686793627
AverageParticleSpeed,KineticEnergy,RadarReflectivity,RainAccumulated,RainRate,VolumeEquivalentDiameter,0.25575333561727537,0.0654097686793627
AverageParticleSpeed,KineticEnergy,Pressure,RadarReflectivity,RainAbsolute,VolumeEquivalentDiameter,0.2551750741693907,0.06511431847735406
AverageParticleSpeed,KineticEnergy,Pressure,RadarReflectivity,RainAccumulated,VolumeEquivalentDiameter,0.2551750741693907,0.06511431847735406
AverageParticleSpeed,KineticEnergy,Pressure,RadarReflectivity,RainAbsolute,RainRate,0.2551750741693904,0.06511431847735388
AverageParticleSpeed,KineticEnergy,Pressure,RadarReflectivity,RainAccumulated,RainRate,0.2551750741693904,0.06511431847735388
KineticEnergy,Pressure,RadarReflectivity,RainAbsolute,RainRate,VolumeEquivalentDiameter,0.2551750741693904,0.06511431847735388
KineticEnergy,Pressure,RadarReflectivity,RainAccumulated,RainRate,VolumeEquivalentDiameter,0.2551750741693904,0.06511431847735388
Humidity,ParticlesDetected,RainAbsolute,RainAccumulated,SnowDepthIntensity,WindSpeed,0.2537781057851635,0.06440332697590564
AverageParticleSpeed,KineticEnergy,RadarReflectivity,RainAbsolute,RainIntensity,VolumeEquivalentDiameter,0.2531463943842593,0.06408309698975094
AverageParticleSpeed,KineticEnergy,RadarReflectivity,RainAccumulated,RainIntensity,VolumeEquivalentDiameter,0.2531463943842593,0.06408309698975094
AverageParticleSpeed,KineticEnergy,RadarReflectivity,RainAbsolute,RainIntensity,RainRate,0.2531463943842586,0.06408309698975061
AverageParticleSpeed,KineticEnergy,RadarReflectivity,RainAccumulated,RainIntensity,RainRate,0.2531463943842586,0.06408309698975061
KineticEnergy,RadarReflectivity,RainAbsolute,RainIntensity,RainRate,VolumeEquivalentDiameter,0.2531463943842586,0.06408309698975061
KineticEnergy,RadarReflectivity,RainAccumulated,RainIntensity,RainRate,VolumeEquivalentDiameter,0.2531463943842586,0.06408309698975061
AverageParticleSpeed,ParticlesDetected,RadarReflectivity,RainAbsolute,RainAccumulated,RainRate,0.25312741947688044,0.06407349049102459
ParticlesDetected,RadarReflectivity,RainAbsolute,RainAccumulated,RainRate,VolumeEquivalentDiameter,0.25312741947688044,0.06407349049102459
AverageParticleSpeed,ParticlesDetected,RadarReflectivity,RainAbsolute,RainAccumulated,VolumeEquivalentDiameter,0.2531274194768797,0.06407349049102423
AverageParticleSpeed,ParticlesDetected,Pressure,RadarReflectivity,RainAbsolute,RainAccumulated,0.25283329572286517,0.06392467542608579
ParticlesDetected,Pressure,RadarReflectivity,RainAbsolute,RainAccumulated,VolumeEquivalentDiameter,0.25283329572286517,0.06392467542608579
ParticlesDetected,Pressure,RadarReflectivity,RainAbsolute,RainAccumulated,RainRate,0.2528332957228648,0.0639246754260856
KineticEnergy,Pressure,RadarReflectivity,RainAbsolute,RainIntensity,RainRate,0.2525624943444185,0.06378781354947444
KineticEnergy,Pressure,RadarReflectivity,RainAccumulated,RainIntensity,RainRate,0.2525624943444185,0.06378781354947444
AverageParticleSpeed,KineticEnergy,Pressure,RadarReflectivity,RainAbsolute,RainIntensity,0.2525624943444179,0.06378781354947413
AverageParticleSpeed,KineticEnergy,Pressure,RadarReflectivity,RainAccumulated,RainIntensity,0.2525624943444179,0.06378781354947413
KineticEnergy,Pressure,RadarReflectivity,RainAbsolute,RainIntensity,VolumeEquivalentDiameter,0.2525624943444179,0.06378781354947413
KineticEnergy,Pressure,RadarReflectivity,RainAccumulated,RainIntensity,VolumeEquivalentDiameter,0.2525624943444179,0.06378781354947413
AverageParticleSpeed,ParticlesDetected,RadarReflectivity,RainAbsolute,RainAccumulated,RainIntensity,0.2517772039038377,0.06339176040563466
ParticlesDetected,RadarReflectivity,RainAbsolute,RainAccumulated,RainIntensity,VolumeEquivalentDiameter,0.2517772039038377,0.06339176040563466
ParticlesDetected,RadarReflectivity,RainAbsolute,RainAccumulated,RainIntensity,RainRate,0.25177720390383673,0.06339176040563418
Humidity,ParticlesDetected,RainAbsolute,RainAccumulated,Temperature,WindSpeed,0.2515263705377507,0.06326551507589386
ParticlesDetected,Pressure,RadarReflectivity,RainAbsolute,RainAccumulated,RainIntensity,0.2514816302401828,0.06324301034826
AverageParticleSpeed,KineticEnergy,ParticlesDetected,RadarReflectivity,RainAbsolute,RainAccumulated,0.2512221885307128,0.06311258801016102
KineticEnergy,ParticlesDetected,RadarReflectivity,RainAbsolute,RainAccumulated,VolumeEquivalentDiameter,0.2512221885307128,0.06311258801016102
KineticEnergy,ParticlesDetected,RadarReflectivity,RainAbsolute,RainAccumulated,RainRate,0.25122218853071276,0.063112588010161
KineticEnergy,ParticlesDetected,Pressure,RadarReflectivity,RainAbsolute,RainAccumulated,0.2509259983523749,0.06296385664913605
Humidity,ParticlesDetected,RainAbsolute,RainAccumulated,SnowDepthIntensity,Temperature,0.25021869391529794,0.06260939478467756
KineticEnergy,ParticlesDetected,RadarReflectivity,RainAbsolute,RainAccumulated,RainIntensity,0.2498746916024584,0.062437361503423695
AverageParticleSpeed,Humidity,RainAbsolute,RainRate,SnowDepthIntensity,WindSpeed,0.24876904132683372,0.0618860359226719
AverageParticleSpeed,Humidity,RainAccumulated,RainRate,SnowDepthIntensity,WindSpeed,0.24876904132683372,0.0618860359226719
Humidity,RainAbsolute,RainRate,SnowDepthIntensity,VolumeEquivalentDiameter,WindSpeed,0.24876904132683372,0.0618860359226719
Humidity,RainAccumulated,RainRate,SnowDepthIntensity,VolumeEquivalentDiameter,WindSpeed,0.24876904132683372,0.0618860359226719
AverageParticleSpeed,Humidity,RainAbsolute,SnowDepthIntensity,VolumeEquivalentDiameter,WindSpeed,0.24876904132683367,0.061886035922671875
AverageParticleSpeed,Humidity,RainAccumulated,SnowDepthIntensity,VolumeEquivalentDiameter,WindSpeed,0.24876904132683367,0.061886035922671875
Humidity,Pressure,RainAbsolute,RainRate,SnowDepthIntensity,WindSpeed,0.2478741413470024,0.061441589948513724
Humidity,Pressure,RainAccumulated,RainRate,SnowDepthIntensity,WindSpeed,0.2478741413470024,0.061441589948513724
AverageParticleSpeed,Humidity,Pressure,RainAbsolute,SnowDepthIntensity,WindSpeed,0.24787414134700234,0.061441589948513696
AverageParticleSpeed,Humidity,Pressure,RainAccumulated,SnowDepthIntensity,WindSpeed,0.24787414134700234,0.061441589948513696
Humidity,Pressure,RainAbsolute,SnowDepthIntensity,VolumeEquivalentDiameter,WindSpeed,0.24787414134700234,0.061441589948513696
Humidity,Pressure,RainAccumulated,SnowDepthIntensity,VolumeEquivalentDiameter,WindSpeed,0.24787414134700234,0.061441589948513696
AverageParticleSpeed,Humidity,Pressure,Temperature,VolumeEquivalentDiameter,WindSpeed,-0.24751013682861955,0.061261267832921976
AverageParticleSpeed,Humidity,Pressure,RainRate,Temperature,WindSpeed,-0.2475101368286193,0.06126126783292185
Humidity,Pressure,RainRate,Temperature,VolumeEquivalentDiameter,WindSpeed,-0.2475101368286193,0.06126126783292185
AverageParticleSpeed,Humidity,Pressure,RainRate,SnowDepthIntensity,WindSpeed,-0.24590065638422307,0.06046713281019175
Humidity,Pressure,RainRate,SnowDepthIntensity,VolumeEquivalentDiameter,WindSpeed,-0.24590065638422307,0.06046713281019175
AverageParticleSpeed,Humidity,Pressure,SnowDepthIntensity,VolumeEquivalentDiameter,WindSpeed,-0.24590065638422295,0.06046713281019169
Humidity,Pressure,RainIntensity,RainRate,Temperature,WindSpeed,-0.24578390043480033,0.06040972571294385
AverageParticleSpeed,Humidity,Pressure,RainIntensity,Temperature,WindSpeed,-0.24578390043480028,0.06040972571294382
Humidity,Pressure,RainIntensity,Temperature,VolumeEquivalentDiameter,WindSpeed,-0.24578390043480028,0.06040972571294382
AverageParticleSpeed,Humidity,RainRate,Temperature,VolumeEquivalentDiameter,WindSpeed,-0.24562762931394772,0.06033293228239011
AverageParticleSpeed,Humidity,RainAbsolute,RainIntensity,SnowDepthIntensity,WindSpeed,0.2454976302946042,0.06026908648026617
AverageParticleSpeed,Humidity,RainAccumulated,RainIntensity,SnowDepthIntensity,WindSpeed,0.2454976302946042,0.06026908648026617
Humidity,RainAbsolute,RainIntensity,SnowDepthIntensity,VolumeEquivalentDiameter,WindSpeed,0.2454976302946042,0.06026908648026617
Humidity,RainAccumulated,RainIntensity,SnowDepthIntensity,VolumeEquivalentDiameter,WindSpeed,0.2454976302946042,0.06026908648026617
Humidity,RainAbsolute,RainIntensity,RainRate,SnowDepthIntensity,WindSpeed,0.24549763029460414,0.06026908648026614
Humidity,RainAccumulated,RainIntensity,RainRate,SnowDepthIntensity,WindSpeed,0.24549763029460414,0.06026908648026614
Humidity,KineticEnergy,Pressure,RainRate,Temperature,WindSpeed,-0.24471752644679012,0.05988666775023543
AverageParticleSpeed,Humidity,KineticEnergy,Pressure,Temperature,WindSpeed,-0.24471752644679007,0.0598866677502354
Humidity,KineticEnergy,Pressure,Temperature,VolumeEquivalentDiameter,WindSpeed,-0.24471752644679007,0.0598866677502354
Humidity,Pressure,RainAbsolute,RainIntensity,SnowDepthIntensity,WindSpeed,0.2445925230294907,0.059825502321931935
Humidity,Pressure,RainAccumulated,RainIntensity,SnowDepthIntensity,WindSpeed,0.2445925230294907,0.059825502321931935
Humidity,KineticEnergy,RainAbsolute,RainRate,SnowDepthIntensity,WindSpeed,0.2443174295006484,0.0596910063578043
Humidity,KineticEnergy,RainAccumulated,RainRate,SnowDepthIntensity,WindSpeed,0.2443174295006484,0.0596910063578043
AverageParticleSpeed,Humidity,KineticEnergy,RainAbsolute,SnowDepthIntensity,WindSpeed,0.24431742950064825,0.05969100635780423
AverageParticleSpeed,Humidity,KineticEnergy,RainAccumulated,SnowDepthIntensity,WindSpeed,0.24431742950064825,0.05969100635780423
Humidity,KineticEnergy,RainAbsolute,SnowDepthIntensity,VolumeEquivalentDiameter,WindSpeed,0.24431742950064825,0.05969100635780423
Humidity,KineticEnergy,RainAccumulated,SnowDepthIntensity,VolumeEquivalentDiameter,WindSpeed,0.24431742950064825,0.05969100635780423
AverageParticleSpeed,Humidity,RainIntensity,Temperature,VolumeEquivalentDiameter,WindSpeed,-0.24390808129807293,0.05949115212250735
AverageParticleSpeed,Humidity,RainIntensity,RainRate,Temperature,WindSpeed,-0.24390808129807273,0.05949115212250726
Humidity,RainIntensity,RainRate,Temperature,VolumeEquivalentDiameter,WindSpeed,-0.24390808129807273,0.05949115212250726
AverageParticleSpeed,Humidity,RainRate,SnowDepthIntensity,VolumeEquivalentDiameter,WindSpeed,-0.24389446211067178,0.059484508648253914
Humidity,KineticEnergy,Pressure,RainAbsolute,SnowDepthIntensity,WindSpeed,0.2434086464489732,0.059247769166121234
Humidity,KineticEnergy,Pressure,RainAccumulated,SnowDepthIntensity,WindSpeed,0.2434086464489732,0.059247769166121234
Humidity,Pressure,RainIntensity,RainRate,SnowDepthIntensity,WindSpeed,-0.2432737272583979,0.059182106374193376
AverageParticleSpeed,Humidity,Pressure,RainIntensity,SnowDepthIntensity,WindSpeed,-0.24327372725839788,0.05918210637419336
Humidity,Pressure,RainIntensity,SnowDepthIntensity,VolumeEquivalentDiameter,WindSpeed,-0.24327372725839788,0.05918210637419336
AverageParticleSpeed,Humidity,KineticEnergy,Temperature,VolumeEquivalentDiameter,WindSpeed,-0.24284503506996336,0.058973711058131734
AverageParticleSpeed,Humidity,KineticEnergy,RainRate,Temperature,WindSpeed,-0.24284503506996333,0.05897371105813172
Humidity,KineticEnergy,RainRate,Temperature,VolumeEquivalentDiameter,WindSpeed,-0.24284503506996333,0.05897371105813172
Humidity,KineticEnergy,Pressure,RainIntensity,Temperature,WindSpeed,-0.24278493337062282,0.05894452387177776
AverageParticleSpeed,ParticlesDetected,Pressure,RainAbsolute,RainRate,VolumeEquivalentDiameter,0.24208942030885244,0.05860728742547622
AverageParticleSpeed,ParticlesDetected,Pressure,RainAccumulated,RainRate,VolumeEquivalentDiameter,0.24208942030885244,0.05860728742547622
AverageParticleSpeed,Humidity,KineticEnergy,Pressure,SnowDepthIntensity,WindSpeed,-0.2419575437926531,0.058543452998173644
Humidity,KineticEnergy,Pressure,SnowDepthIntensity,VolumeEquivalentDiameter,WindSpeed,-0.2419575437926531,0.058543452998173644
Humidity,KineticEnergy,Pressure,RainRate,SnowDepthIntensity,WindSpeed,-0.24195754379265305,0.058543452998173616
AverageParticleSpeed,ParticlesDetected,RadarReflectivity,RainAbsolute,RainAccumulated,SnowDepthIntensity,0.24194741356551297,0.05853855093104137
ParticlesDetected,RadarReflectivity,RainAbsolute,RainAccumulated,SnowDepthIntensity,VolumeEquivalentDiameter,0.24194741356551297,0.05853855093104137
ParticlesDetected,RadarReflectivity,RainAbsolute,RainAccumulated,RainRate,SnowDepthIntensity,0.24194741356551216,0.05853855093104098
AverageParticleSpeed,ParticlesDetected,RadarReflectivity,RainAbsolute,RainAccumulated,WindSpeed,0.24176158462204736,0.058448663798963366
ParticlesDetected,RadarReflectivity,RainAbsolute,RainAccumulated,VolumeEquivalentDiameter,WindSpeed,0.24176158462204736,0.058448663798963366
ParticlesDetected,RadarReflectivity,RainAbsolute,RainAccumulated,RainRate,WindSpeed,0.241761584622047,0.05844866379896319
ParticlesDetected,Pressure,RadarReflectivity,RainAbsolute,RainAccumulated,SnowDepthIntensity,0.24164168942028874,0.058390706065891286
ParticlesDetected,Pressure,RadarReflectivity,RainAbsolute,RainAccumulated,WindSpeed,0.24142584670705547,0.058286439458218646
ParticlesDetected,RadarReflectivity,RainAbsolute,RainAccumulated,RainRate,Temperature,0.24129679179366997,0.05822414172991772
AverageParticleSpeed,ParticlesDetected,RadarReflectivity,RainAbsolute,RainAccumulated,Temperature,0.24129679179366978,0.058224141729917626
ParticlesDetected,RadarReflectivity,RainAbsolute,RainAccumulated,Temperature,VolumeEquivalentDiameter,0.24129679179366978,0.058224141729917626
AverageParticleSpeed,Humidity,RainIntensity,SnowDepthIntensity,VolumeEquivalentDiameter,WindSpeed,-0.2412783254509413,0.05821523033241035
AverageParticleSpeed,Humidity,RainIntensity,RainRate,SnowDepthIntensity,WindSpeed,-0.24127832545094088,0.05821523033241015
Humidity,RainIntensity,RainRate,SnowDepthIntensity,VolumeEquivalentDiameter,WindSpeed,-0.24127832545094088,0.05821523033241015
Humidity,KineticEnergy,RainAbsolute,RainIntensity,SnowDepthIntensity,WindSpeed,0.24099150132872993,0.05807690371267524
Humidity,KineticEnergy,RainAccumulated,RainIntensity,SnowDepthIntensity,WindSpeed,0.24099150132872993,0.05807690371267524
ParticlesDetected,Pressure,RadarReflectivity,RainAbsolute,RainAccumulated,Temperature,0.24098782693805954,0.05807513273232813
Humidity,KineticEnergy,RainIntensity,RainRate,Temperature,WindSpeed,-0.2409205038169928,0.058042689159433634
AverageParticleSpeed,Humidity,KineticEnergy,RainIntensity,Temperature,WindSpeed,-0.2409205038169927,0.05804268915943359
Humidity,KineticEnergy,RainIntensity,Temperature,VolumeEquivalentDiameter,WindSpeed,-0.2409205038169927,0.05804268915943359
ParticlesDetected,RadarReflectivity,RainAbsolute,RainAccumulated,RainIntensity,SnowDepthIntensity,0.24064430372572485,0.05790968091563891
ParticlesDetected,RadarReflectivity,RainAbsolute,RainAccumulated,RainIntensity,WindSpeed,0.24038193760771856,0.057783475928041096
KineticEnergy,ParticlesDetected,RadarReflectivity,RainAbsolute,RainAccumulated,SnowDepthIntensity,0.2401202401317853,0.05765772972094623
AverageParticleSpeed,ParticlesDetected,RainAbsolute,RainIntensity,RainRate,VolumeEquivalentDiameter,0.24005325328884347,0.057625564414557635
AverageParticleSpeed,ParticlesDetected,RainAccumulated,RainIntensity,RainRate,VolumeEquivalentDiameter,0.24005325328884347,0.057625564414557635
ParticlesDetected,RadarReflectivity,RainAbsolute,RainAccumulated,RainIntensity,Temperature,0.24000016386719103,0.057600078656278544
AverageParticleSpeed,Humidity,KineticEnergy,RainRate,SnowDepthIntensity,WindSpeed,-0.23996685570906234,0.057584091838893944
Humidity,KineticEnergy,RainRate,SnowDepthIntensity,VolumeEquivalentDiameter,WindSpeed,-0.23996685570906234,0.057584091838893944
AverageParticleSpeed,Humidity,KineticEnergy,SnowDepthIntensity,VolumeEquivalentDiameter,WindSpeed,-0.23996685570906226,0.05758409183889391
KineticEnergy,ParticlesDetected,RadarReflectivity,RainAbsolute,RainAccumulated,WindSpeed,0.23981196437279628,0.057509778256339315
KineticEnergy,ParticlesDetected,RadarReflectivity,RainAbsolute,RainAccumulated,Temperature,0.23947147243113445,0.05734658610833559
AverageParticleSpeed,ParticlesDetected,Pressure,RainAbsolute,RainIntensity,RainRate,0.2394312058333037,0.05732730232678985
AverageParticleSpeed,ParticlesDetected,Pressure,RainAccumulated,RainIntensity,RainRate,0.2394312058333037,0.05732730232678985
ParticlesDetected,Pressure,RainAbsolute,RainIntensity,RainRate,VolumeEquivalentDiameter,0.2394312058333037,0.05732730232678985
ParticlesDetected,Pressure,RainAccumulated,RainIntensity,RainRate,VolumeEquivalentDiameter,0.2394312058333037,0.05732730232678985
AverageParticleSpeed,ParticlesDetected,Pressure,RainAbsolute,RainIntensity,VolumeEquivalentDiameter,0.23943120583330366,0.05732730232678982
AverageParticleSpeed,ParticlesDetected,Pressure,RainAccumulated,RainIntensity,VolumeEquivalentDiameter,0.23943120583330366,0.05732730232678982
Humidity,KineticEnergy,Pressure,RainIntensity,SnowDepthIntensity,WindSpeed,-0.2391851918681529,0.05720955600900512
AverageParticleSpeed,KineticEnergy,ParticlesDetected,RainAbsolute,RainRate,VolumeEquivalentDiameter,0.2389281372330555,0.05708665476165781
AverageParticleSpeed,KineticEnergy,ParticlesDetected,RainAccumulated,RainRate,VolumeEquivalentDiameter,0.2389281372330555,0.05708665476165781
AverageParticleSpeed,KineticEnergy,ParticlesDetected,Pressure,RainAbsolute,RainRate,0.23830413829274713,0.05678886232744875
AverageParticleSpeed,KineticEnergy,ParticlesDetected,Pressure,RainAccumulated,RainRate,0.23830413829274713,0.05678886232744875
KineticEnergy,ParticlesDetected,Pressure,RainAbsolute,RainRate,VolumeEquivalentDiameter,0.23830413829274713,0.05678886232744875
KineticEnergy,ParticlesDetected,Pressure,RainAccumulated,RainRate,VolumeEquivalentDiameter,0.23830413829274713,0.05678886232744875
AverageParticleSpeed,KineticEnergy,ParticlesDetected,Pressure,RainAbsolute,VolumeEquivalentDiameter,0.23830413829274705,0.05678886232744871
AverageParticleSpeed,KineticEnergy,ParticlesDetected,Pressure,RainAccumulated,VolumeEquivalentDiameter,0.23830413829274705,0.05678886232744871
AverageParticleSpeed,Humidity,RainAbsolute,RainRate,SnowDepthIntensity,Temperature,0.23819300547330322,0.05673590785640505
AverageParticleSpeed,Humidity,RainAccumulated,RainRate,SnowDepthIntensity,Temperature,0.23819300547330322,0.05673590785640505
Humidity,RainAbsolute,RainRate,SnowDepthIntensity,Temperature,VolumeEquivalentDiameter,0.23819300547330322,0.05673590785640505
Humidity,RainAccumulated,RainRate,SnowDepthIntensity,Temperature,VolumeEquivalentDiameter,0.23819300547330322,0.05673590785640505
AverageParticleSpeed,Humidity,RainAbsolute,SnowDepthIntensity,Temperature,VolumeEquivalentDiameter,0.23819300547330316,0.05673590785640503
AverageParticleSpeed,Humidity,RainAccumulated,SnowDepthIntensity,Temperature,VolumeEquivalentDiameter,0.23819300547330316,0.05673590785640503
AverageParticleSpeed,Humidity,Pressure,RainAbsolute,SnowDepthIntensity,Temperature,0.23744777593857933,0.05638144629817777
AverageParticleSpeed,Humidity,Pressure,RainAccumulated,SnowDepthIntensity,Temperature,0.23744777593857933,0.05638144629817777
Humidity,Pressure,RainAbsolute,RainRate,SnowDepthIntensity,Temperature,0.23744777593857933,0.05638144629817777
Humidity,Pressure,RainAbsolute,SnowDepthIntensity,Temperature,VolumeEquivalentDiameter,0.23744777593857933,0.05638144629817777
Humidity,Pressure,RainAccumulated,RainRate,SnowDepthIntensity,Temperature,0.23744777593857933,0.05638144629817777
Humidity,Pressure,RainAccumulated,SnowDepthIntensity,Temperature,VolumeEquivalentDiameter,0.23744777593857933,0.05638144629817777
Humidity,KineticEnergy,RainIntensity,RainRate,SnowDepthIntensity,WindSpeed,-0.23720707680925446,0.056267197288391545
AverageParticleSpeed,Humidity,KineticEnergy,RainIntensity,SnowDepthIntensity,WindSpeed,-0.23720707680925426,0.056267197288391455
Humidity,KineticEnergy,RainIntensity,SnowDepthIntensity,VolumeEquivalentDiameter,WindSpeed,-0.23720707680925426,0.056267197288391455
AverageParticleSpeed,RadarReflectivity,RainAbsolute,RainRate,SnowDepthIntensity,VolumeEquivalentDiameter,0.23668012163956148,0.05601747997931762
AverageParticleSpeed,RadarReflectivity,RainAccumulated,RainRate,SnowDepthIntensity,VolumeEquivalentDiameter,0.23668012163956148,0.05601747997931762
AverageParticleSpeed,KineticEnergy,ParticlesDetected,RainAbsolute,RainIntensity,RainRate,0.23629619095843332,0.055835889861464386
AverageParticleSpeed,KineticEnergy,ParticlesDetected,RainAccumulated,RainIntensity,RainRate,0.23629619095843332,0.055835889861464386
KineticEnergy,ParticlesDetected,RainAbsolute,RainIntensity,RainRate,VolumeEquivalentDiameter,0.23629619095843332,0.055835889861464386
KineticEnergy,ParticlesDetected,RainAccumulated,RainIntensity,RainRate,VolumeEquivalentDiameter,0.23629619095843332,0.055835889861464386
AverageParticleSpeed,KineticEnergy,ParticlesDetected,RainAbsolute,RainIntensity,VolumeEquivalentDiameter,0.23629619095843277,0.05583588986146412
AverageParticleSpeed,KineticEnergy,ParticlesDetected,RainAccumulated,RainIntensity,VolumeEquivalentDiameter,0.23629619095843277,0.05583588986146412
AverageParticleSpeed,Pressure,RadarReflectivity,RainAbsolute,SnowDepthIntensity,VolumeEquivalentDiameter,0.2360634946000499,0.055725973482787794
AverageParticleSpeed,Pressure,RadarReflectivity,RainAccumulated,SnowDepthIntensity,VolumeEquivalentDiameter,0.2360634946000499,0.055725973482787794
AverageParticleSpeed,Pressure,RadarReflectivity,RainAbsolute,RainRate,SnowDepthIntensity,0.23606349460004947,0.055725973482787586
AverageParticleSpeed,Pressure,RadarReflectivity,RainAccumulated,RainRate,SnowDepthIntensity,0.23606349460004947,0.055725973482787586
Pressure,RadarReflectivity,RainAbsolute,RainRate,SnowDepthIntensity,VolumeEquivalentDiameter,0.23606349460004947,0.055725973482787586
Pressure,RadarReflectivity,RainAccumulated,RainRate,SnowDepthIntensity,VolumeEquivalentDiameter,0.23606349460004947,0.055725973482787586
AverageParticleSpeed,KineticEnergy,ParticlesDetected,Pressure,RainAbsolute,RainIntensity,0.2356679967121555,0.05553940467432053
AverageParticleSpeed,KineticEnergy,ParticlesDetected,Pressure,RainAccumulated,RainIntensity,0.2356679967121555,0.05553940467432053
KineticEnergy,ParticlesDetected,Pressure,RainAbsolute,RainIntensity,RainRate,0.2356679967121555,0.05553940467432053
KineticEnergy,ParticlesDetected,Pressure,RainAbsolute,RainIntensity,VolumeEquivalentDiameter,0.2356679967121555,0.05553940467432053
KineticEnergy,ParticlesDetected,Pressure,RainAccumulated,RainIntensity,RainRate,0.2356679967121555,0.05553940467432053
KineticEnergy,ParticlesDetected,Pressure,RainAccumulated,RainIntensity,VolumeEquivalentDiameter,0.2356679967121555,0.05553940467432053
AverageParticleSpeed,Humidity,RainAbsolute,RainRate,Temperature,WindSpeed,0.2356459394223219,0.0555290087662286
AverageParticleSpeed,Humidity,RainAccumulated,RainRate,Temperature,WindSpeed,0.2356459394223219,0.0555290087662286
Humidity,RainAbsolute,RainRate,Temperature,VolumeEquivalentDiameter,WindSpeed,0.2356459394223219,0.0555290087662286
Humidity,RainAccumulated,RainRate,Temperature,VolumeEquivalentDiameter,WindSpeed,0.2356459394223219,0.0555290087662286
AverageParticleSpeed,Humidity,RainAbsolute,Temperature,VolumeEquivalentDiameter,WindSpeed,0.23564593942232176,0.05552900876622854
AverageParticleSpeed,Humidity,RainAccumulated,Temperature,VolumeEquivalentDiameter,WindSpeed,0.23564593942232176,0.05552900876622854
AverageParticleSpeed,Humidity,RainAbsolute,RainIntensity,SnowDepthIntensity,Temperature,0.23559935804102386,0.05550705750934255
AverageParticleSpeed,Humidity,RainAccumulated,RainIntensity,SnowDepthIntensity,Temperature,0.23559935804102386,0.05550705750934255
Humidity,RainAbsolute,RainIntensity,RainRate,SnowDepthIntensity,Temperature,0.23559935804102386,0.05550705750934255
Humidity,RainAbsolute,RainIntensity,SnowDepthIntensity,Temperature,VolumeEquivalentDiameter,0.23559935804102386,0.05550705750934255
Humidity,RainAccumulated,RainIntensity,RainRate,SnowDepthIntensity,Temperature,0.23559935804102386,0.05550705750934255
Humidity,RainAccumulated,RainIntensity,SnowDepthIntensity,Temperature,VolumeEquivalentDiameter,0.23559935804102386,0.05550705750934255
Humidity,Pressure,RainAbsolute,RainIntensity,SnowDepthIntensity,Temperature,0.2348468770379087,0.05515305565445861
Humidity,Pressure,RainAccumulated,RainIntensity,SnowDepthIntensity,Temperature,0.2348468770379087,0.05515305565445861
AverageParticleSpeed,RadarReflectivity,RainAbsolute,RainRate,Temperature,VolumeEquivalentDiameter,0.23479066724463923,0.055126657425182905
AverageParticleSpeed,RadarReflectivity,RainAccumulated,RainRate,Temperature,VolumeEquivalentDiameter,0.23479066724463923,0.055126657425182905
Humidity,KineticEnergy,RainAbsolute,RainRate,SnowDepthIntensity,Temperature,0.23469786248042643,0.055083086652881155
Humidity,KineticEnergy,RainAccumulated,RainRate,SnowDepthIntensity,Temperature,0.23469786248042643,0.055083086652881155
AverageParticleSpeed,Humidity,KineticEnergy,RainAbsolute,SnowDepthIntensity,Temperature,0.23469786248042618,0.05508308665288104
AverageParticleSpeed,Humidity,KineticEnergy,RainAccumulated,SnowDepthIntensity,Temperature,0.23469786248042618,0.05508308665288104
Humidity,KineticEnergy,RainAbsolute,SnowDepthIntensity,Temperature,VolumeEquivalentDiameter,0.23469786248042618,0.05508308665288104
Humidity,KineticEnergy,RainAccumulated,SnowDepthIntensity,Temperature,VolumeEquivalentDiameter,0.23469786248042618,0.05508308665288104
AverageParticleSpeed,Humidity,Pressure,RainAbsolute,Temperature,WindSpeed,0.234680796622469,0.05507507630335665
AverageParticleSpeed,Humidity,Pressure,RainAccumulated,Temperature,WindSpeed,0.234680796622469,0.05507507630335665
Humidity,Pressure,RainAbsolute,Temperature,VolumeEquivalentDiameter,WindSpeed,0.234680796622469,0.05507507630335665
Humidity,Pressure,RainAccumulated,Temperature,VolumeEquivalentDiameter,WindSpeed,0.234680796622469,0.05507507630335665
Humidity,Pressure,RainAbsolute,RainRate,Temperature,WindSpeed,0.23468079662246885,0.05507507630335659
Humidity,Pressure,RainAccumulated,RainRate,Temperature,WindSpeed,0.23468079662246885,0.05507507630335659
AverageParticleSpeed,RadarReflectivity,RainAbsolute,RainIntensity,SnowDepthIntensity,VolumeEquivalentDiameter,0.23425063812779365,0.05487336146327853
AverageParticleSpeed,RadarReflectivity,RainAccumulated,RainIntensity,SnowDepthIntensity,VolumeEquivalentDiameter,0.23425063812779365,0.05487336146327853
AverageParticleSpeed,RadarReflectivity,RainAbsolute,RainIntensity,RainRate,SnowDepthIntensity,0.23425063812779284,0.054873361463278154
AverageParticleSpeed,RadarReflectivity,RainAccumulated,RainIntensity,RainRate,SnowDepthIntensity,0.23425063812779284,0.054873361463278154
RadarReflectivity,RainAbsolute,RainIntensity,RainRate,SnowDepthIntensity,VolumeEquivalentDiameter,0.23425063812779284,0.054873361463278154
RadarReflectivity,RainAccumulated,RainIntensity,RainRate,SnowDepthIntensity,VolumeEquivalentDiameter,0.23425063812779284,0.054873361463278154
AverageParticleSpeed,RadarReflectivity,RainAbsolute,RainRate,VolumeEquivalentDiameter,WindSpeed,0.23418279670767275,0.05484158227382718
AverageParticleSpeed,RadarReflectivity,RainAccumulated,RainRate,VolumeEquivalentDiameter,WindSpeed,0.23418279670767275,0.05484158227382718
AverageParticleSpeed,Pressure,RadarReflectivity,RainAbsolute,Temperature,VolumeEquivalentDiameter,0.23415954985387508,0.054830694787769405
AverageParticleSpeed,Pressure,RadarReflectivity,RainAccumulated,Temperature,VolumeEquivalentDiameter,0.23415954985387508,0.054830694787769405
AverageParticleSpeed,Pressure,RadarReflectivity,RainAbsolute,RainRate,Temperature,0.23415954985387485,0.0548306947877693
AverageParticleSpeed,Pressure,RadarReflectivity,RainAccumulated,RainRate,Temperature,0.23415954985387485,0.0548306947877693
Pressure,RadarReflectivity,RainAbsolute,RainRate,Temperature,VolumeEquivalentDiameter,0.23415954985387485,0.0548306947877693
Pressure,RadarReflectivity,RainAccumulated,RainRate,Temperature,VolumeEquivalentDiameter,0.23415954985387485,0.0548306947877693
Humidity,KineticEnergy,Pressure,RainAbsolute,SnowDepthIntensity,Temperature,0.23394286469178385,0.05472926394019829
Humidity,KineticEnergy,Pressure,RainAccumulated,SnowDepthIntensity,Temperature,0.23394286469178385,0.05472926394019829
Pressure,RadarReflectivity,RainAbsolute,RainIntensity,RainRate,SnowDepthIntensity,0.2336304085254838,0.05458316778778446
Pressure,RadarReflectivity,RainAccumulated,RainIntensity,RainRate,SnowDepthIntensity,0.2336304085254838,0.05458316778778446
AverageParticleSpeed,Pressure,RadarReflectivity,RainAbsolute,RainIntensity,SnowDepthIntensity,0.23363040852548364,0.05458316778778438
AverageParticleSpeed,Pressure,RadarReflectivity,RainAccumulated,RainIntensity,SnowDepthIntensity,0.23363040852548364,0.05458316778778438
Pressure,RadarReflectivity,RainAbsolute,RainIntensity,SnowDepthIntensity,VolumeEquivalentDiameter,0.23363040852548364,0.05458316778778438
Pressure,RadarReflectivity,RainAccumulated,RainIntensity,SnowDepthIntensity,VolumeEquivalentDiameter,0.23363040852548364,0.05458316778778438
AverageParticleSpeed,Pressure,RadarReflectivity,RainAbsolute,VolumeEquivalentDiameter,WindSpeed,0.23343507606849256,0.05449193473910291
AverageParticleSpeed,Pressure,RadarReflectivity,RainAccumulated,VolumeEquivalentDiameter,WindSpeed,0.23343507606849256,0.05449193473910291
AverageParticleSpeed,Pressure,RadarReflectivity,RainAbsolute,RainRate,WindSpeed,0.2334350760684925,0.05449193473910288
AverageParticleSpeed,Pressure,RadarReflectivity,RainAccumulated,RainRate,WindSpeed,0.2334350760684925,0.05449193473910288
Pressure,RadarReflectivity,RainAbsolute,RainRate,VolumeEquivalentDiameter,WindSpeed,0.2334350760684925,0.05449193473910288
Pressure,RadarReflectivity,RainAccumulated,RainRate,VolumeEquivalentDiameter,WindSpeed,0.2334350760684925,0.05449193473910288
AverageParticleSpeed,KineticEnergy,RadarReflectivity,RainAbsolute,RainRate,SnowDepthIntensity,0.23330362510411118,0.054430581486719656
AverageParticleSpeed,KineticEnergy,RadarReflectivity,RainAccumulated,RainRate,SnowDepthIntensity,0.23330362510411118,0.054430581486719656
KineticEnergy,RadarReflectivity,RainAbsolute,RainRate,SnowDepthIntensity,VolumeEquivalentDiameter,0.23330362510411118,0.054430581486719656
KineticEnergy,RadarReflectivity,RainAccumulated,RainRate,SnowDepthIntensity,VolumeEquivalentDiameter,0.23330362510411118,0.054430581486719656
AverageParticleSpeed,KineticEnergy,RadarReflectivity,RainAbsolute,SnowDepthIntensity,VolumeEquivalentDiameter,0.23330362510410993,0.054430581486719073
AverageParticleSpeed,KineticEnergy,RadarReflectivity,RainAccumulated,SnowDepthIntensity,VolumeEquivalentDiameter,0.23330362510410993,0.054430581486719073
Humidity,RainAbsolute,RainIntensity,RainRate,Temperature,WindSpeed,0.2328443481165736,0.05421649044983211
Humidity,RainAccumulated,RainIntensity,RainRate,Temperature,WindSpeed,0.2328443481165736,0.05421649044983211
AverageParticleSpeed,Humidity,RainAbsolute,RainIntensity,Temperature,WindSpeed,0.23284434811657323,0.05421649044983194
AverageParticleSpeed,Humidity,RainAccumulated,RainIntensity,Temperature,WindSpeed,0.23284434811657323,0.05421649044983194
Humidity,RainAbsolute,RainIntensity,Temperature,VolumeEquivalentDiameter,WindSpeed,0.23284434811657323,0.05421649044983194
Humidity,RainAccumulated,RainIntensity,Temperature,VolumeEquivalentDiameter,WindSpeed,0.23284434811657323,0.05421649044983194
KineticEnergy,Pressure,RadarReflectivity,RainAbsolute,RainRate,SnowDepthIntensity,0.2326820179421815,0.054140921473645666
KineticEnergy,Pressure,RadarReflectivity,RainAccumulated,RainRate,SnowDepthIntensity,0.2326820179421815,0.054140921473645666
AverageParticleSpeed,KineticEnergy,Pressure,RadarReflectivity,RainAbsolute,SnowDepthIntensity,0.23268201794218143,0.054140921473645645
AverageParticleSpeed,KineticEnergy,Pressure,RadarReflectivity,RainAccumulated,SnowDepthIntensity,0.23268201794218143,0.054140921473645645
KineticEnergy,Pressure,RadarReflectivity,RainAbsolute,SnowDepthIntensity,VolumeEquivalentDiameter,0.23268201794218143,0.054140921473645645
KineticEnergy,Pressure,RadarReflectivity,RainAccumulated,SnowDepthIntensity,VolumeEquivalentDiameter,0.23268201794218143,0.054140921473645645
AverageParticleSpeed,RadarReflectivity,RainAbsolute,RainIntensity,Temperature,VolumeEquivalentDiameter,0.23240143138454902,0.054010425309587246
AverageParticleSpeed,RadarReflectivity,RainAccumulated,RainIntensity,Temperature,VolumeEquivalentDiameter,0.23240143138454902,0.054010425309587246
AverageParticleSpeed,RadarReflectivity,RainAbsolute,RainIntensity,RainRate,Temperature,0.23240143138454897,0.054010425309587225
AverageParticleSpeed,RadarReflectivity,RainAccumulated,RainIntensity,RainRate,Temperature,0.23240143138454897,0.054010425309587225
RadarReflectivity,RainAbsolute,RainIntensity,RainRate,Temperature,VolumeEquivalentDiameter,0.23240143138454897,0.054010425309587225
RadarReflectivity,RainAccumulated,RainIntensity,RainRate,Temperature,VolumeEquivalentDiameter,0.23240143138454897,0.054010425309587225
Humidity,KineticEnergy,RainAbsolute,RainIntensity,SnowDepthIntensity,Temperature,0.2320617688343629,0.05385266455453329
Humidity,KineticEnergy,RainAccumulated,RainIntensity,SnowDepthIntensity,Temperature,0.2320617688343629,0.05385266455453329
Humidity,Pressure,RainAbsolute,RainIntensity,Temperature,WindSpeed,0.2318722821818592,0.05376475524422374
Humidity,Pressure,RainAccumulated,RainIntensity,Temperature,WindSpeed,0.2318722821818592,0.05376475524422374
AverageParticleSpeed,Humidity,KineticEnergy,RainAbsolute,Temperature,WindSpeed,0.2317880914888112,0.053725719356025506
AverageParticleSpeed,Humidity,KineticEnergy,RainAccumulated,Temperature,WindSpeed,0.2317880914888112,0.053725719356025506
Humidity,KineticEnergy,RainAbsolute,RainRate,Temperature,WindSpeed,0.2317880914888112,0.053725719356025506
Humidity,KineticEnergy,RainAbsolute,Temperature,VolumeEquivalentDiameter,WindSpeed,0.2317880914888112,0.053725719356025506
Humidity,KineticEnergy,RainAccumulated,RainRate,Temperature,WindSpeed,0.2317880914888112,0.053725719356025506
Humidity,KineticEnergy,RainAccumulated,Temperature,VolumeEquivalentDiameter,WindSpeed,0.2317880914888112,0.053725719356025506
AverageParticleSpeed,Pressure,RadarReflectivity,RainAbsolute,RainIntensity,Temperature,0.2317666746118455,0.053715791460633065
AverageParticleSpeed,Pressure,RadarReflectivity,RainAccumulated,RainIntensity,Temperature,0.2317666746118455,0.053715791460633065
Pressure,RadarReflectivity,RainAbsolute,RainIntensity,Temperature,VolumeEquivalentDiameter,0.2317666746118455,0.053715791460633065
Pressure,RadarReflectivity,RainAccumulated,RainIntensity,Temperature,VolumeEquivalentDiameter,0.2317666746118455,0.053715791460633065
Pressure,RadarReflectivity,RainAbsolute,RainIntensity,RainRate,Temperature,0.23176667461184525,0.053715791460632954
Pressure,RadarReflectivity,RainAccumulated,RainIntensity,RainRate,Temperature,0.23176667461184525,0.053715791460632954
AverageParticleSpeed,RadarReflectivity,RainAbsolute,RainIntensity,RainRate,WindSpeed,0.23151622858962678,0.05359976410036432
AverageParticleSpeed,RadarReflectivity,RainAccumulated,RainIntensity,RainRate,WindSpeed,0.23151622858962678,0.05359976410036432
RadarReflectivity,RainAbsolute,RainIntensity,RainRate,VolumeEquivalentDiameter,WindSpeed,0.23151622858962678,0.05359976410036432
RadarReflectivity,RainAccumulated,RainIntensity,RainRate,VolumeEquivalentDiameter,WindSpeed,0.23151622858962678,0.05359976410036432
AverageParticleSpeed,RadarReflectivity,RainAbsolute,RainIntensity,VolumeEquivalentDiameter,WindSpeed,0.23151622858962653,0.053599764100364204
AverageParticleSpeed,RadarReflectivity,RainAccumulated,RainIntensity,VolumeEquivalentDiameter,WindSpeed,0.23151622858962653,0.053599764100364204
AverageParticleSpeed,KineticEnergy,RadarReflectivity,RainAbsolute,RainRate,Temperature,0.23144483578375039,0.05356671201096718
AverageParticleSpeed,KineticEnergy,RadarReflectivity,RainAccumulated,RainRate,Temperature,0.23144483578375039,0.05356671201096718
KineticEnergy,RadarReflectivity,RainAbsolute,RainRate,Temperature,VolumeEquivalentDiameter,0.23144483578375039,0.05356671201096718
KineticEnergy,RadarReflectivity,RainAccumulated,RainRate,Temperature,VolumeEquivalentDiameter,0.23144483578375039,0.05356671201096718
AverageParticleSpeed,KineticEnergy,RadarReflectivity,RainAbsolute,Temperature,VolumeEquivalentDiameter,0.23144483578375008,0.05356671201096704
AverageParticleSpeed,KineticEnergy,RadarReflectivity,RainAccumulated,Temperature,VolumeEquivalentDiameter,0.23144483578375008,0.05356671201096704
AverageParticleSpeed,KineticEnergy,RadarReflectivity,RainAbsolute,RainIntensity,SnowDepthIntensity,0.2308858812059826,0.053308290140263115
AverageParticleSpeed,KineticEnergy,RadarReflectivity,RainAccumulated,RainIntensity,SnowDepthIntensity,0.2308858812059826,0.053308290140263115
KineticEnergy,RadarReflectivity,RainAbsolute,RainIntensity,SnowDepthIntensity,VolumeEquivalentDiameter,0.2308858812059826,0.053308290140263115
KineticEnergy,RadarReflectivity,RainAccumulated,RainIntensity,SnowDepthIntensity,VolumeEquivalentDiameter,0.2308858812059826,0.053308290140263115
KineticEnergy,RadarReflectivity,RainAbsolute,RainIntensity,RainRate,SnowDepthIntensity,0.2308858812059822,0.05330829014026292
KineticEnergy,RadarReflectivity,RainAccumulated,RainIntensity,RainRate,SnowDepthIntensity,0.2308858812059822,0.05330829014026292
Humidity,KineticEnergy,Pressure,RainAbsolute,Temperature,WindSpeed,0.23081343269482352,0.05327484071236783
Humidity,KineticEnergy,Pressure,RainAccumulated,Temperature,WindSpeed,0.23081343269482352,0.05327484071236783
KineticEnergy,Pressure,RadarReflectivity,RainAbsolute,RainRate,Temperature,0.23080864215817457,0.05327262929490028
KineticEnergy,Pressure,RadarReflectivity,RainAccumulated,RainRate,Temperature,0.23080864215817457,0.05327262929490028
AverageParticleSpeed,KineticEnergy,Pressure,RadarReflectivity,RainAbsolute,Temperature,0.2308086421581745,0.05327262929490025
AverageParticleSpeed,KineticEnergy,Pressure,RadarReflectivity,RainAccumulated,Temperature,0.2308086421581745,0.05327262929490025
KineticEnergy,Pressure,RadarReflectivity,RainAbsolute,Temperature,VolumeEquivalentDiameter,0.2308086421581745,0.05327262929490025
KineticEnergy,Pressure,RadarReflectivity,RainAccumulated,Temperature,VolumeEquivalentDiameter,0.2308086421581745,0.05327262929490025
AverageParticleSpeed,Pressure,RadarReflectivity,RainAbsolute,RainIntensity,WindSpeed,0.23076548856415344,0.05325271071225243
AverageParticleSpeed,Pressure,RadarReflectivity,RainAccumulated,RainIntensity,WindSpeed,0.23076548856415344,0.05325271071225243
Pressure,RadarReflectivity,RainAbsolute,RainIntensity,VolumeEquivalentDiameter,WindSpeed,0.23076548856415344,0.05325271071225243
Pressure,RadarReflectivity,RainAccumulated,RainIntensity,VolumeEquivalentDiameter,WindSpeed,0.23076548856415344,0.05325271071225243
Pressure,RadarReflectivity,RainAbsolute,RainIntensity,RainRate,WindSpeed,0.23076548856415338,0.053252710712252405
Pressure,RadarReflectivity,RainAccumulated,RainIntensity,RainRate,WindSpeed,0.23076548856415338,0.053252710712252405
ParticlesDetected,RadarReflectivity,RainAbsolute,RainAccumulated,SnowDepthIntensity,Temperature,0.23054466611983115,0.053150843076304424
AverageParticleSpeed,KineticEnergy,RadarReflectivity,RainAbsolute,RainRate,WindSpeed,0.23042126133082388,0.05309395767328783
AverageParticleSpeed,KineticEnergy,RadarReflectivity,RainAbsolute,VolumeEquivalentDiameter,WindSpeed,0.23042126133082388,0.05309395767328783
AverageParticleSpeed,KineticEnergy,RadarReflectivity,RainAccumulated,RainRate,WindSpeed,0.23042126133082388,0.05309395767328783
AverageParticleSpeed,KineticEnergy,RadarReflectivity,RainAccumulated,VolumeEquivalentDiameter,WindSpeed,0.23042126133082388,0.05309395767328783
KineticEnergy,RadarReflectivity,RainAbsolute,RainRate,VolumeEquivalentDiameter,WindSpeed,0.23042126133082388,0.05309395767328783
KineticEnergy,RadarReflectivity,RainAccumulated,RainRate,VolumeEquivalentDiameter,WindSpeed,0.23042126133082388,0.05309395767328783
ParticlesDetected,RadarReflectivity,RainAbsolute,RainAccumulated,SnowDepthIntensity,WindSpeed,0.2303887258817871,0.05307896501343324
KineticEnergy,Pressure,RadarReflectivity,RainAbsolute,RainIntensity,SnowDepthIntensity,0.23026097418735852,0.05302011623371139
KineticEnergy,Pressure,RadarReflectivity,RainAccumulated,RainIntensity,SnowDepthIntensity,0.23026097418735852,0.05302011623371139
ParticlesDetected,RadarReflectivity,RainAbsolute,RainAccumulated,Temperature,WindSpeed,0.22973090658446896,0.052776289440122005
AverageParticleSpeed,KineticEnergy,Pressure,RadarReflectivity,RainAbsolute,WindSpeed,0.22966935181755432,0.05274801116429555
AverageParticleSpeed,KineticEnergy,Pressure,RadarReflectivity,RainAccumulated,WindSpeed,0.22966935181755432,0.05274801116429555
KineticEnergy,Pressure,RadarReflectivity,RainAbsolute,RainRate,WindSpeed,0.22966935181755432,0.05274801116429555
KineticEnergy,Pressure,RadarReflectivity,RainAbsolute,VolumeEquivalentDiameter,WindSpeed,0.22966935181755432,0.05274801116429555
KineticEnergy,Pressure,RadarReflectivity,RainAccumulated,RainRate,WindSpeed,0.22966935181755432,0.05274801116429555
KineticEnergy,Pressure,RadarReflectivity,RainAccumulated,VolumeEquivalentDiameter,WindSpeed,0.22966935181755432,0.05274801116429555
AverageParticleSpeed,KineticEnergy,RadarReflectivity,RainAbsolute,RainIntensity,Temperature,0.22906258666309845,0.05246966860878949
AverageParticleSpeed,KineticEnergy,RadarReflectivity,RainAccumulated,RainIntensity,Temperature,0.22906258666309845,0.05246966860878949
KineticEnergy,RadarReflectivity,RainAbsolute,RainIntensity,Temperature,VolumeEquivalentDiameter,0.22906258666309845,0.05246966860878949
KineticEnergy,RadarReflectivity,RainAccumulated,RainIntensity,Temperature,VolumeEquivalentDiameter,0.22906258666309845,0.05246966860878949
KineticEnergy,RadarReflectivity,RainAbsolute,RainIntensity,RainRate,Temperature,0.2290625866630982,0.05246966860878937
KineticEnergy,RadarReflectivity,RainAccumulated,RainIntensity,RainRate,Temperature,0.2290625866630982,0.05246966860878937
Humidity,KineticEnergy,RainAbsolute,RainIntensity,Temperature,WindSpeed,0.2289101719242507,0.052399866810390015
Humidity,KineticEnergy,RainAccumulated,RainIntensity,Temperature,WindSpeed,0.2289101719242507,0.052399866810390015
AverageParticleSpeed,Humidity,Pressure,SnowDepthIntensity,Temperature,WindSpeed,-0.22890348655791143,0.05239680615836794
Humidity,Pressure,SnowDepthIntensity,Temperature,VolumeEquivalentDiameter,WindSpeed,-0.22890348655791143,0.05239680615836794
Humidity,Pressure,RainRate,SnowDepthIntensity,Temperature,WindSpeed,-0.22890348655791132,0.052396806158367885
KineticEnergy,Pressure,RadarReflectivity,RainAbsolute,RainIntensity,Temperature,0.2284230481511951,0.0521770889266832
KineticEnergy,Pressure,RadarReflectivity,RainAccumulated,RainIntensity,Temperature,0.2284230481511951,0.0521770889266832
AverageParticleSpeed,KineticEnergy,RadarReflectivity,RainAbsolute,RainIntensity,WindSpeed,0.22776722578651004,0.051877909142483046
AverageParticleSpeed,KineticEnergy,RadarReflectivity,RainAccumulated,RainIntensity,WindSpeed,0.22776722578651004,0.051877909142483046
KineticEnergy,RadarReflectivity,RainAbsolute,RainIntensity,VolumeEquivalentDiameter,WindSpeed,0.22776722578651004,0.051877909142483046
KineticEnergy,RadarReflectivity,RainAccumulated,RainIntensity,VolumeEquivalentDiameter,WindSpeed,0.22776722578651004,0.051877909142483046
KineticEnergy,RadarReflectivity,RainAbsolute,RainIntensity,RainRate,WindSpeed,0.22776722578650968,0.05187790914248288
KineticEnergy,RadarReflectivity,RainAccumulated,RainIntensity,RainRate,WindSpeed,0.22776722578650968,0.05187790914248288
AverageParticleSpeed,Humidity,SnowDepthIntensity,Temperature,VolumeEquivalentDiameter,WindSpeed,-0.22712298127488356,0.05158484862319111
AverageParticleSpeed,Humidity,RainRate,SnowDepthIntensity,Temperature,WindSpeed,-0.22712298127488342,0.05158484862319104
Humidity,RainRate,SnowDepthIntensity,Temperature,VolumeEquivalentDiameter,WindSpeed,-0.22712298127488342,0.05158484862319104
KineticEnergy,Pressure,RadarReflectivity,RainAbsolute,RainIntensity,WindSpeed,0.22701267375327103,0.05153475404460907
KineticEnergy,Pressure,RadarReflectivity,RainAccumulated,RainIntensity,WindSpeed,0.22701267375327103,0.05153475404460907
Humidity,Pressure,RainIntensity,SnowDepthIntensity,Temperature,WindSpeed,-0.22681395290416684,0.05144456923201361
Humidity,KineticEnergy,Pressure,SnowDepthIntensity,Temperature,WindSpeed,-0.22576953876207229,0.05097188463283886
AverageParticleSpeed,Humidity,RainIntensity,SnowDepthIntensity,Temperature,WindSpeed,-0.22504532837422012,0.050645399823060565
Humidity,RainIntensity,SnowDepthIntensity,Temperature,VolumeEquivalentDiameter,WindSpeed,-0.22504532837422012,0.050645399823060565
Humidity,RainIntensity,RainRate,SnowDepthIntensity,Temperature,WindSpeed,-0.22504532837422006,0.05064539982306054
AverageParticleSpeed,Humidity,KineticEnergy,SnowDepthIntensity,Temperature,WindSpeed,-0.22400592661588048,0.05017865515903923
Humidity,KineticEnergy,SnowDepthIntensity,Temperature,VolumeEquivalentDiameter,WindSpeed,-0.22400592661588048,0.05017865515903923
Humidity,KineticEnergy,RainRate,SnowDepthIntensity,Temperature,WindSpeed,-0.22400592661588042,0.05017865515903921
Humidity,KineticEnergy,RainIntensity,SnowDepthIntensity,Temperature,WindSpeed,-0.2218403578888662,0.04921314438826024
AverageParticleSpeed,ParticlesDetected,RainAbsolute,RainRate,SnowDepthIntensity,VolumeEquivalentDiameter,0.22157007975655496,0.04909330024332613
AverageParticleSpeed,ParticlesDetected,RainAccumulated,RainRate,SnowDepthIntensity,VolumeEquivalentDiameter,0.22157007975655496,0.04909330024332613
AverageParticleSpeed,ParticlesDetected,Pressure,RainAbsolute,RainRate,SnowDepthIntensity,0.22092074902481043,0.048805977349683276
AverageParticleSpeed,ParticlesDetected,Pressure,RainAccumulated,RainRate,SnowDepthIntensity,0.22092074902481043,0.048805977349683276
ParticlesDetected,Pressure,RainAbsolute,RainRate,SnowDepthIntensity,VolumeEquivalentDiameter,0.22092074902481043,0.048805977349683276
ParticlesDetected,Pressure,RainAccumulated,RainRate,SnowDepthIntensity,VolumeEquivalentDiameter,0.22092074902481043,0.048805977349683276
AverageParticleSpeed,ParticlesDetected,Pressure,RainAbsolute,SnowDepthIntensity,VolumeEquivalentDiameter,0.2209207490248103,0.04880597734968322
AverageParticleSpeed,ParticlesDetected,Pressure,RainAccumulated,SnowDepthIntensity,VolumeEquivalentDiameter,0.2209207490248103,0.04880597734968322
AverageParticleSpeed,ParticlesDetected,RainAbsolute,RainRate,Temperature,VolumeEquivalentDiameter,0.22001644185086885,0.048407234684716756
AverageParticleSpeed,ParticlesDetected,RainAccumulated,RainRate,Temperature,VolumeEquivalentDiameter,0.22001644185086885,0.048407234684716756
AverageParticleSpeed,ParticlesDetected,Pressure,RainAbsolute,RainRate,Temperature,0.21935185249158753,0.048115235191491176
AverageParticleSpeed,ParticlesDetected,Pressure,RainAccumulated,RainRate,Temperature,0.21935185249158753,0.048115235191491176
ParticlesDetected,Pressure,RainAbsolute,RainRate,Temperature,VolumeEquivalentDiameter,0.21935185249158753,0.048115235191491176
ParticlesDetected,Pressure,RainAccumulated,RainRate,Temperature,VolumeEquivalentDiameter,0.21935185249158753,0.048115235191491176
AverageParticleSpeed,ParticlesDetected,Pressure,RainAbsolute,Temperature,VolumeEquivalentDiameter,0.21935185249158726,0.04811523519149105
AverageParticleSpeed,ParticlesDetected,Pressure,RainAccumulated,Temperature,VolumeEquivalentDiameter,0.21935185249158726,0.04811523519149105
AverageParticleSpeed,ParticlesDetected,RainAbsolute,RainIntensity,SnowDepthIntensity,VolumeEquivalentDiameter,0.2191350747147841,0.04802018097025401
AverageParticleSpeed,ParticlesDetected,RainAccumulated,RainIntensity,SnowDepthIntensity,VolumeEquivalentDiameter,0.2191350747147841,0.04802018097025401
AverageParticleSpeed,ParticlesDetected,RainAbsolute,RainIntensity,RainRate,SnowDepthIntensity,0.219135074714784,0.04802018097025396
AverageParticleSpeed,ParticlesDetected,RainAccumulated,RainIntensity,RainRate,SnowDepthIntensity,0.219135074714784,0.04802018097025396
ParticlesDetected,RainAbsolute,RainIntensity,RainRate,SnowDepthIntensity,VolumeEquivalentDiameter,0.219135074714784,0.04802018097025396
ParticlesDetected,RainAccumulated,RainIntensity,RainRate,SnowDepthIntensity,VolumeEquivalentDiameter,0.219135074714784,0.04802018097025396
AverageParticleSpeed,ParticlesDetected,Pressure,RainAbsolute,RainIntensity,SnowDepthIntensity,0.21848336511722669,0.04773498083294739
AverageParticleSpeed,ParticlesDetected,Pressure,RainAccumulated,RainIntensity,SnowDepthIntensity,0.21848336511722669,0.04773498083294739
ParticlesDetected,Pressure,RainAbsolute,RainIntensity,SnowDepthIntensity,VolumeEquivalentDiameter,0.21848336511722669,0.04773498083294739
ParticlesDetected,Pressure,RainAccumulated,RainIntensity,SnowDepthIntensity,VolumeEquivalentDiameter,0.21848336511722669,0.04773498083294739
ParticlesDetected,Pressure,RainAbsolute,RainIntensity,RainRate,SnowDepthIntensity,0.21848336511722652,0.04773498083294731
ParticlesDetected,Pressure,RainAccumulated,RainIntensity,RainRate,SnowDepthIntensity,0.21848336511722652,0.04773498083294731
AverageParticleSpeed,KineticEnergy,ParticlesDetected,RainAbsolute,RainRate,SnowDepthIntensity,0.21814647760092556,0.04758788568969112
AverageParticleSpeed,KineticEnergy,ParticlesDetected,RainAccumulated,RainRate,SnowDepthIntensity,0.21814647760092556,0.04758788568969112
KineticEnergy,ParticlesDetected,RainAbsolute,RainRate,SnowDepthIntensity,VolumeEquivalentDiameter,0.21814647760092556,0.04758788568969112
KineticEnergy,ParticlesDetected,RainAccumulated,RainRate,SnowDepthIntensity,VolumeEquivalentDiameter,0.21814647760092556,0.04758788568969112
AverageParticleSpeed,KineticEnergy,ParticlesDetected,RainAbsolute,SnowDepthIntensity,VolumeEquivalentDiameter,0.2181464776009251,0.04758788568969091
AverageParticleSpeed,KineticEnergy,ParticlesDetected,RainAccumulated,SnowDepthIntensity,VolumeEquivalentDiameter,0.2181464776009251,0.04758788568969091
AverageParticleSpeed,ParticlesDetected,RainAbsolute,RainIntensity,Temperature,VolumeEquivalentDiameter,0.21759512619847035,0.04734763894532824
AverageParticleSpeed,ParticlesDetected,RainAccumulated,RainIntensity,Temperature,VolumeEquivalentDiameter,0.21759512619847035,0.04734763894532824
AverageParticleSpeed,ParticlesDetected,RainAbsolute,RainIntensity,RainRate,Temperature,0.21759512619847027,0.0473476389453282
AverageParticleSpeed,ParticlesDetected,RainAccumulated,RainIntensity,RainRate,Temperature,0.21759512619847027,0.0473476389453282
ParticlesDetected,RainAbsolute,RainIntensity,RainRate,Temperature,VolumeEquivalentDiameter,0.21759512619847027,0.0473476389453282
ParticlesDetected,RainAccumulated,RainIntensity,RainRate,Temperature,VolumeEquivalentDiameter,0.21759512619847027,0.0473476389453282
AverageParticleSpeed,KineticEnergy,ParticlesDetected,Pressure,RainAbsolute,SnowDepthIntensity,0.2174938775453984,0.04730358676973275
AverageParticleSpeed,KineticEnergy,ParticlesDetected,Pressure,RainAccumulated,SnowDepthIntensity,0.2174938775453984,0.04730358676973275
KineticEnergy,ParticlesDetected,Pressure,RainAbsolute,SnowDepthIntensity,VolumeEquivalentDiameter,0.2174938775453984,0.04730358676973275
KineticEnergy,ParticlesDetected,Pressure,RainAccumulated,SnowDepthIntensity,VolumeEquivalentDiameter,0.2174938775453984,0.04730358676973275
KineticEnergy,ParticlesDetected,Pressure,RainAbsolute,RainRate,SnowDepthIntensity,0.21749387754539823,0.04730358676973268
KineticEnergy,ParticlesDetected,Pressure,RainAccumulated,RainRate,SnowDepthIntensity,0.21749387754539823,0.04730358676973268
AverageParticleSpeed,ParticlesDetected,Pressure,RainAbsolute,RainIntensity,Temperature,0.21692805855811256,0.047057782589791916
AverageParticleSpeed,ParticlesDetected,Pressure,RainAccumulated,RainIntensity,Temperature,0.21692805855811256,0.047057782589791916
ParticlesDetected,Pressure,RainAbsolute,RainIntensity,Temperature,VolumeEquivalentDiameter,0.21692805855811256,0.047057782589791916
ParticlesDetected,Pressure,RainAccumulated,RainIntensity,Temperature,VolumeEquivalentDiameter,0.21692805855811256,0.047057782589791916
ParticlesDetected,Pressure,RainAbsolute,RainIntensity,RainRate,Temperature,0.2169280585581124,0.04705778258979184
ParticlesDetected,Pressure,RainAccumulated,RainIntensity,RainRate,Temperature,0.2169280585581124,0.04705778258979184
AverageParticleSpeed,KineticEnergy,ParticlesDetected,RainAbsolute,RainRate,Temperature,0.2165876409257006,0.046910206201760216
AverageParticleSpeed,KineticEnergy,ParticlesDetected,RainAccumulated,RainRate,Temperature,0.2165876409257006,0.046910206201760216
KineticEnergy,ParticlesDetected,RainAbsolute,RainRate,Temperature,VolumeEquivalentDiameter,0.2165876409257006,0.046910206201760216
KineticEnergy,ParticlesDetected,RainAccumulated,RainRate,Temperature,VolumeEquivalentDiameter,0.2165876409257006,0.046910206201760216
AverageParticleSpeed,KineticEnergy,ParticlesDetected,RainAbsolute,Temperature,VolumeEquivalentDiameter,0.21658764092570046,0.04691020620176015
AverageParticleSpeed,KineticEnergy,ParticlesDetected,RainAccumulated,Temperature,VolumeEquivalentDiameter,0.21658764092570046,0.04691020620176015
AverageParticleSpeed,ParticlesDetected,RainAbsolute,RainRate,VolumeEquivalentDiameter,WindSpeed,0.216031598819421,0.046669651688475255
AverageParticleSpeed,ParticlesDetected,RainAccumulated,RainRate,VolumeEquivalentDiameter,WindSpeed,0.216031598819421,0.046669651688475255
AverageParticleSpeed,KineticEnergy,ParticlesDetected,Pressure,RainAbsolute,Temperature,0.21591961823830857,0.04662128154017692
AverageParticleSpeed,KineticEnergy,ParticlesDetected,Pressure,RainAccumulated,Temperature,0.21591961823830857,0.04662128154017692
KineticEnergy,ParticlesDetected,Pressure,RainAbsolute,Temperature,VolumeEquivalentDiameter,0.21591961823830857,0.04662128154017692
KineticEnergy,ParticlesDetected,Pressure,RainAccumulated,Temperature,VolumeEquivalentDiameter,0.21591961823830857,0.04662128154017692
KineticEnergy,ParticlesDetected,Pressure,RainAbsolute,RainRate,Temperature,0.21591961823830838,0.046621281540176834
KineticEnergy,ParticlesDetected,Pressure,RainAccumulated,RainRate,Temperature,0.21591961823830838,0.046621281540176834
AverageParticleSpeed,KineticEnergy,ParticlesDetected,RainAbsolute,RainIntensity,SnowDepthIntensity,0.21573893507670117,0.04654328810802908
AverageParticleSpeed,KineticEnergy,ParticlesDetected,RainAccumulated,RainIntensity,SnowDepthIntensity,0.21573893507670117,0.04654328810802908
KineticEnergy,ParticlesDetected,RainAbsolute,RainIntensity,SnowDepthIntensity,VolumeEquivalentDiameter,0.21573893507670117,0.04654328810802908
KineticEnergy,ParticlesDetected,RainAccumulated,RainIntensity,SnowDepthIntensity,VolumeEquivalentDiameter,0.21573893507670117,0.04654328810802908
KineticEnergy,ParticlesDetected,RainAbsolute,RainIntensity,RainRate,SnowDepthIntensity,0.21573893507670092,0.04654328810802897
KineticEnergy,ParticlesDetected,RainAccumulated,RainIntensity,RainRate,SnowDepthIntensity,0.21573893507670092,0.04654328810802897
AverageParticleSpeed,ParticlesDetected,Pressure,RainAbsolute,RainRate,WindSpeed,0.21524893878858112,0.04633210564961034
AverageParticleSpeed,ParticlesDetected,Pressure,RainAccumulated,RainRate,WindSpeed,0.21524893878858112,0.04633210564961034
ParticlesDetected,Pressure,RainAbsolute,RainRate,VolumeEquivalentDiameter,WindSpeed,0.21524893878858112,0.04633210564961034
ParticlesDetected,Pressure,RainAccumulated,RainRate,VolumeEquivalentDiameter,WindSpeed,0.21524893878858112,0.04633210564961034
AverageParticleSpeed,ParticlesDetected,Pressure,RainAbsolute,VolumeEquivalentDiameter,WindSpeed,0.2152489387885811,0.04633210564961033
AverageParticleSpeed,ParticlesDetected,Pressure,RainAccumulated,VolumeEquivalentDiameter,WindSpeed,0.2152489387885811,0.04633210564961033
KineticEnergy,ParticlesDetected,Pressure,RainAbsolute,RainIntensity,SnowDepthIntensity,0.2150842812523651,0.04626124804184649
KineticEnergy,ParticlesDetected,Pressure,RainAccumulated,RainIntensity,SnowDepthIntensity,0.2150842812523651,0.04626124804184649
AverageParticleSpeed,KineticEnergy,ParticlesDetected,RainAbsolute,RainIntensity,Temperature,0.21419085662603524,0.04587772306219478
AverageParticleSpeed,KineticEnergy,ParticlesDetected,RainAccumulated,RainIntensity,Temperature,0.21419085662603524,0.04587772306219478
KineticEnergy,ParticlesDetected,RainAbsolute,RainIntensity,Temperature,VolumeEquivalentDiameter,0.21419085662603524,0.04587772306219478
KineticEnergy,ParticlesDetected,RainAccumulated,RainIntensity,Temperature,VolumeEquivalentDiameter,0.21419085662603524,0.04587772306219478
KineticEnergy,ParticlesDetected,RainAbsolute,RainIntensity,RainRate,Temperature,0.21419085662603501,0.04587772306219469
KineticEnergy,ParticlesDetected,RainAccumulated,RainIntensity,RainRate,Temperature,0.21419085662603501,0.04587772306219469
AverageParticleSpeed,RadarReflectivity,RainAbsolute,RainRate,SnowDepthIntensity,Temperature,0.21406106684745344,0.04582214033986993
AverageParticleSpeed,RadarReflectivity,RainAbsolute,SnowDepthIntensity,Temperature,VolumeEquivalentDiameter,0.21406106684745344,0.04582214033986993
AverageParticleSpeed,RadarReflectivity,RainAccumulated,RainRate,SnowDepthIntensity,Temperature,0.21406106684745344,0.04582214033986993
AverageParticleSpeed,RadarReflectivity,RainAccumulated,SnowDepthIntensity,Temperature,VolumeEquivalentDiameter,0.21406106684745344,0.04582214033986993
RadarReflectivity,RainAbsolute,RainRate,SnowDepthIntensity,Temperature,VolumeEquivalentDiameter,0.21406106684745344,0.04582214033986993
RadarReflectivity,RainAccumulated,RainRate,SnowDepthIntensity,Temperature,VolumeEquivalentDiameter,0.21406106684745344,0.04582214033986993
KineticEnergy,ParticlesDetected,Pressure,RainAbsolute,RainIntensity,Temperature,0.2135206874040497,0.04559108394949791
KineticEnergy,ParticlesDetected,Pressure,RainAccumulated,RainIntensity,Temperature,0.2135206874040497,0.04559108394949791
AverageParticleSpeed,Pressure,RadarReflectivity,RainAbsolute,SnowDepthIntensity,Temperature,0.21340253378953858,0.04554064142779515
AverageParticleSpeed,Pressure,RadarReflectivity,RainAccumulated,SnowDepthIntensity,Temperature,0.21340253378953858,0.04554064142779515
Pressure,RadarReflectivity,RainAbsolute,SnowDepthIntensity,Temperature,VolumeEquivalentDiameter,0.21340253378953858,0.04554064142779515
Pressure,RadarReflectivity,RainAccumulated,SnowDepthIntensity,Temperature,VolumeEquivalentDiameter,0.21340253378953858,0.04554064142779515
Pressure,RadarReflectivity,RainAbsolute,RainRate,SnowDepthIntensity,Temperature,0.21340253378953847,0.045540641427795105
Pressure,RadarReflectivity,RainAccumulated,RainRate,SnowDepthIntensity,Temperature,0.21340253378953847,0.045540641427795105
AverageParticleSpeed,ParticlesDetected,RainAbsolute,RainIntensity,VolumeEquivalentDiameter,WindSpeed,0.21339395944493417,0.045536981927586206
AverageParticleSpeed,ParticlesDetected,RainAccumulated,RainIntensity,VolumeEquivalentDiameter,WindSpeed,0.21339395944493417,0.045536981927586206
AverageParticleSpeed,ParticlesDetected,RainAbsolute,RainIntensity,RainRate,WindSpeed,0.21339395944493408,0.04553698192758617
AverageParticleSpeed,ParticlesDetected,RainAccumulated,RainIntensity,RainRate,WindSpeed,0.21339395944493408,0.04553698192758617
ParticlesDetected,RainAbsolute,RainIntensity,RainRate,VolumeEquivalentDiameter,WindSpeed,0.21339395944493408,0.04553698192758617
ParticlesDetected,RainAccumulated,RainIntensity,RainRate,VolumeEquivalentDiameter,WindSpeed,0.21339395944493408,0.04553698192758617
Humidity,ParticlesDetected,RadarReflectivity,RainAbsolute,RainAccumulated,RainRate,0.21297436309719156,0.04535807933665439
AverageParticleSpeed,Humidity,ParticlesDetected,RadarReflectivity,RainAbsolute,RainAccumulated,0.21297436309719125,0.04535807933665426
Humidity,ParticlesDetected,RadarReflectivity,RainAbsolute,RainAccumulated,VolumeEquivalentDiameter,0.21297436309719125,0.04535807933665426
Humidity,ParticlesDetected,Pressure,RadarReflectivity,RainAbsolute,RainAccumulated,0.21262600699627043,0.045209818851178044
ParticlesDetected,Pressure,RainAbsolute,RainIntensity,RainRate,WindSpeed,0.21261007890911698,0.04520304565374095
ParticlesDetected,Pressure,RainAccumulated,RainIntensity,RainRate,WindSpeed,0.21261007890911698,0.04520304565374095
AverageParticleSpeed,ParticlesDetected,Pressure,RainAbsolute,RainIntensity,WindSpeed,0.21261007890911673,0.04520304565374084
AverageParticleSpeed,ParticlesDetected,Pressure,RainAccumulated,RainIntensity,WindSpeed,0.21261007890911673,0.04520304565374084
ParticlesDetected,Pressure,RainAbsolute,RainIntensity,VolumeEquivalentDiameter,WindSpeed,0.21261007890911673,0.04520304565374084
ParticlesDetected,Pressure,RainAccumulated,RainIntensity,VolumeEquivalentDiameter,WindSpeed,0.21261007890911673,0.04520304565374084
AverageParticleSpeed,KineticEnergy,ParticlesDetected,RainAbsolute,VolumeEquivalentDiameter,WindSpeed,0.21227256154054724,0.04505964038298542
AverageParticleSpeed,KineticEnergy,ParticlesDetected,RainAccumulated,VolumeEquivalentDiameter,WindSpeed,0.21227256154054724,0.04505964038298542
AverageParticleSpeed,KineticEnergy,ParticlesDetected,RainAbsolute,RainRate,WindSpeed,0.21227256154054722,0.045059640382985405
AverageParticleSpeed,KineticEnergy,ParticlesDetected,RainAccumulated,RainRate,WindSpeed,0.21227256154054722,0.045059640382985405
KineticEnergy,ParticlesDetected,RainAbsolute,RainRate,VolumeEquivalentDiameter,WindSpeed,0.21227256154054722,0.045059640382985405
KineticEnergy,ParticlesDetected,RainAccumulated,RainRate,VolumeEquivalentDiameter,WindSpeed,0.21227256154054722,0.045059640382985405
AverageParticleSpeed,RadarReflectivity,RainAbsolute,RainIntensity,SnowDepthIntensity,Temperature,0.21185790713783617,0.044883772816824014
AverageParticleSpeed,RadarReflectivity,RainAccumulated,RainIntensity,SnowDepthIntensity,Temperature,0.21185790713783617,0.044883772816824014
RadarReflectivity,RainAbsolute,RainIntensity,SnowDepthIntensity,Temperature,VolumeEquivalentDiameter,0.21185790713783617,0.044883772816824014
RadarReflectivity,RainAccumulated,RainIntensity,SnowDepthIntensity,Temperature,VolumeEquivalentDiameter,0.21185790713783617,0.044883772816824014
RadarReflectivity,RainAbsolute,RainIntensity,RainRate,SnowDepthIntensity,Temperature,0.2118579071378359,0.044883772816823896
RadarReflectivity,RainAccumulated,RainIntensity,RainRate,SnowDepthIntensity,Temperature,0.2118579071378359,0.044883772816823896
Humidity,ParticlesDetected,RadarReflectivity,RainAbsolute,RainAccumulated,RainIntensity,0.2117458181217752,0.04483629149205991
AverageParticleSpeed,KineticEnergy,ParticlesDetected,Pressure,RainAbsolute,WindSpeed,0.21148831680213637,0.0447273081438008
AverageParticleSpeed,KineticEnergy,ParticlesDetected,Pressure,RainAccumulated,WindSpeed,0.21148831680213637,0.0447273081438008
KineticEnergy,ParticlesDetected,Pressure,RainAbsolute,VolumeEquivalentDiameter,WindSpeed,0.21148831680213637,0.0447273081438008
KineticEnergy,ParticlesDetected,Pressure,RainAccumulated,VolumeEquivalentDiameter,WindSpeed,0.21148831680213637,0.0447273081438008
KineticEnergy,ParticlesDetected,Pressure,RainAbsolute,RainRate,WindSpeed,0.21148831680213626,0.04472730814380075
KineticEnergy,ParticlesDetected,Pressure,RainAccumulated,RainRate,WindSpeed,0.21148831680213626,0.04472730814380075
AverageParticleSpeed,RadarReflectivity,RainAbsolute,RainRate,SnowDepthIntensity,WindSpeed,0.21125729417283484,0.04462964434122768
AverageParticleSpeed,RadarReflectivity,RainAccumulated,RainRate,SnowDepthIntensity,WindSpeed,0.21125729417283484,0.04462964434122768
RadarReflectivity,RainAbsolute,RainRate,SnowDepthIntensity,VolumeEquivalentDiameter,WindSpeed,0.21125729417283484,0.04462964434122768
RadarReflectivity,RainAccumulated,RainRate,SnowDepthIntensity,VolumeEquivalentDiameter,WindSpeed,0.21125729417283484,0.04462964434122768
AverageParticleSpeed,RadarReflectivity,RainAbsolute,SnowDepthIntensity,VolumeEquivalentDiameter,WindSpeed,0.21125729417283465,0.0446296443412276
AverageParticleSpeed,RadarReflectivity,RainAccumulated,SnowDepthIntensity,VolumeEquivalentDiameter,WindSpeed,0.21125729417283465,0.0446296443412276
Humidity,KineticEnergy,ParticlesDetected,RadarReflectivity,RainAbsolute,RainAccumulated,0.21125546674647613,0.04462887223027148
Pressure,RadarReflectivity,RainAbsolute,RainIntensity,SnowDepthIntensity,Temperature,0.21119764339486224,0.0446044445755434
Pressure,RadarReflectivity,RainAccumulated,RainIntensity,SnowDepthIntensity,Temperature,0.21119764339486224,0.0446044445755434
AverageParticleSpeed,KineticEnergy,RadarReflectivity,RainAbsolute,SnowDepthIntensity,Temperature,0.2110104812366913,0.044525423191740056
AverageParticleSpeed,KineticEnergy,RadarReflectivity,RainAccumulated,SnowDepthIntensity,Temperature,0.2110104812366913,0.044525423191740056
KineticEnergy,RadarReflectivity,RainAbsolute,SnowDepthIntensity,Temperature,VolumeEquivalentDiameter,0.2110104812366913,0.044525423191740056
KineticEnergy,RadarReflectivity,RainAccumulated,SnowDepthIntensity,Temperature,VolumeEquivalentDiameter,0.2110104812366913,0.044525423191740056
KineticEnergy,RadarReflectivity,RainAbsolute,RainRate,SnowDepthIntensity,Temperature,0.21101048123669128,0.04452542319174004
KineticEnergy,RadarReflectivity,RainAccumulated,RainRate,SnowDepthIntensity,Temperature,0.21101048123669128,0.04452542319174004
AverageParticleSpeed,Pressure,RadarReflectivity,RainAbsolute,SnowDepthIntensity,WindSpeed,0.21048870323314584,0.04430549418877134
AverageParticleSpeed,Pressure,RadarReflectivity,RainAccumulated,SnowDepthIntensity,WindSpeed,0.21048870323314584,0.04430549418877134
Pressure,RadarReflectivity,RainAbsolute,SnowDepthIntensity,VolumeEquivalentDiameter,WindSpeed,0.21048870323314584,0.04430549418877134
Pressure,RadarReflectivity,RainAccumulated,SnowDepthIntensity,VolumeEquivalentDiameter,WindSpeed,0.21048870323314584,0.04430549418877134
Pressure,RadarReflectivity,RainAbsolute,RainRate,SnowDepthIntensity,WindSpeed,0.21048870323314578,0.04430549418877131
Pressure,RadarReflectivity,RainAccumulated,RainRate,SnowDepthIntensity,WindSpeed,0.21048870323314578,0.04430549418877131
KineticEnergy,Pressure,RadarReflectivity,RainAbsolute,SnowDepthIntensity,Temperature,0.21034963573726206,0.04424696925479884
KineticEnergy,Pressure,RadarReflectivity,RainAccumulated,SnowDepthIntensity,Temperature,0.21034963573726206,0.04424696925479884
AverageParticleSpeed,RainAbsolute,RainAccumulated,RainRate,VolumeEquivalentDiameter,WeatherCode4680,0.2100137374596382,0.04410576992176584
AverageParticleSpeed,Pressure,RainAbsolute,RainAccumulated,VolumeEquivalentDiameter,WeatherCode4680,0.2096993973882472,0.043973837264994015
AverageParticleSpeed,Pressure,RainAbsolute,RainAccumulated,RainRate,WeatherCode4680,0.20969939738824703,0.043973837264993945
Pressure,RainAbsolute,RainAccumulated,RainRate,VolumeEquivalentDiameter,WeatherCode4680,0.20969939738824703,0.043973837264993945
AverageParticleSpeed,KineticEnergy,ParticlesDetected,RainAbsolute,RainIntensity,WindSpeed,0.20966795686646703,0.04396065213655868
AverageParticleSpeed,KineticEnergy,ParticlesDetected,RainAccumulated,RainIntensity,WindSpeed,0.20966795686646703,0.04396065213655868
KineticEnergy,ParticlesDetected,RainAbsolute,RainIntensity,VolumeEquivalentDiameter,WindSpeed,0.20966795686646703,0.04396065213655868
KineticEnergy,ParticlesDetected,RainAccumulated,RainIntensity,VolumeEquivalentDiameter,WindSpeed,0.20966795686646703,0.04396065213655868
KineticEnergy,ParticlesDetected,RainAbsolute,RainIntensity,RainRate,WindSpeed,0.20966795686646691,0.04396065213655863
KineticEnergy,ParticlesDetected,RainAccumulated,RainIntensity,RainRate,WindSpeed,0.20966795686646691,0.04396065213655863
AverageParticleSpeed,RadarReflectivity,RainAbsolute,RainRate,Temperature,WindSpeed,0.20918499455303982,0.0437583619461553
AverageParticleSpeed,RadarReflectivity,RainAccumulated,RainRate,Temperature,WindSpeed,0.20918499455303982,0.0437583619461553
RadarReflectivity,RainAbsolute,RainRate,Temperature,VolumeEquivalentDiameter,WindSpeed,0.20918499455303982,0.0437583619461553
RadarReflectivity,RainAccumulated,RainRate,Temperature,VolumeEquivalentDiameter,WindSpeed,0.20918499455303982,0.0437583619461553
AverageParticleSpeed,RadarReflectivity,RainAbsolute,Temperature,VolumeEquivalentDiameter,WindSpeed,0.2091849945530397,0.043758361946155254
AverageParticleSpeed,RadarReflectivity,RainAccumulated,Temperature,VolumeEquivalentDiameter,WindSpeed,0.2091849945530397,0.043758361946155254
AverageParticleSpeed,RainAbsolute,RainAccumulated,RainIntensity,RainRate,WeatherCode4680,0.20905350378902027,0.04370336744646591
RainAbsolute,RainAccumulated,RainIntensity,RainRate,VolumeEquivalentDiameter,WeatherCode4680,0.20905350378902027,0.04370336744646591
AverageParticleSpeed,RainAbsolute,RainAccumulated,RainIntensity,VolumeEquivalentDiameter,WeatherCode4680,0.20905350378902005,0.043703367446465816
Humidity,RainAbsolute,RainRate,SnowDepthIntensity,Temperature,WindSpeed,0.20888565819664417,0.04363321820024526
Humidity,RainAccumulated,RainRate,SnowDepthIntensity,Temperature,WindSpeed,0.20888565819664417,0.04363321820024526
AverageParticleSpeed,Humidity,RainAbsolute,SnowDepthIntensity,Temperature,WindSpeed,0.20888565819664398,0.043633218200245176
AverageParticleSpeed,Humidity,RainAccumulated,SnowDepthIntensity,Temperature,WindSpeed,0.20888565819664398,0.043633218200245176
Humidity,RainAbsolute,SnowDepthIntensity,Temperature,VolumeEquivalentDiameter,WindSpeed,0.20888565819664398,0.043633218200245176
Humidity,RainAccumulated,SnowDepthIntensity,Temperature,VolumeEquivalentDiameter,WindSpeed,0.20888565819664398,0.043633218200245176
KineticEnergy,ParticlesDetected,Pressure,RainAbsolute,RainIntensity,WindSpeed,0.20888287297732921,0.04363205462326305
KineticEnergy,ParticlesDetected,Pressure,RainAccumulated,RainIntensity,WindSpeed,0.20888287297732921,0.04363205462326305
AverageParticleSpeed,RadarReflectivity,RainAbsolute,RainIntensity,SnowDepthIntensity,WindSpeed,0.2088321488536063,0.043610866394814776
AverageParticleSpeed,RadarReflectivity,RainAccumulated,RainIntensity,SnowDepthIntensity,WindSpeed,0.2088321488536063,0.043610866394814776
RadarReflectivity,RainAbsolute,RainIntensity,SnowDepthIntensity,VolumeEquivalentDiameter,WindSpeed,0.2088321488536063,0.043610866394814776
RadarReflectivity,RainAccumulated,RainIntensity,SnowDepthIntensity,VolumeEquivalentDiameter,WindSpeed,0.2088321488536063,0.043610866394814776
RadarReflectivity,RainAbsolute,RainIntensity,RainRate,SnowDepthIntensity,WindSpeed,0.20883214885360593,0.043610866394814624
RadarReflectivity,RainAccumulated,RainIntensity,RainRate,SnowDepthIntensity,WindSpeed,0.20883214885360593,0.043610866394814624
KineticEnergy,RadarReflectivity,RainAbsolute,RainIntensity,SnowDepthIntensity,Temperature,0.20882220189965875,0.04360671200622184
KineticEnergy,RadarReflectivity,RainAccumulated,RainIntensity,SnowDepthIntensity,Temperature,0.20882220189965875,0.04360671200622184
Pressure,RainAbsolute,RainAccumulated,RainIntensity,RainRate,WeatherCode4680,0.20873883633134438,0.043571901792963774
AverageParticleSpeed,Pressure,RainAbsolute,RainAccumulated,RainIntensity,WeatherCode4680,0.20873883633134427,0.04357190179296373
Pressure,RainAbsolute,RainAccumulated,RainIntensity,VolumeEquivalentDiameter,WeatherCode4680,0.20873883633134427,0.04357190179296373
AverageParticleSpeed,KineticEnergy,RainAbsolute,RainAccumulated,VolumeEquivalentDiameter,WeatherCode4680,0.20872795138441752,0.04356735768913576
AverageParticleSpeed,KineticEnergy,RainAbsolute,RainAccumulated,RainRate,WeatherCode4680,0.2087279513844174,0.043567357689135715
KineticEnergy,RainAbsolute,RainAccumulated,RainRate,VolumeEquivalentDiameter,WeatherCode4680,0.2087279513844174,0.043567357689135715
AverageParticleSpeed,KineticEnergy,Pressure,RainAbsolute,RainAccumulated,WeatherCode4680,0.20841318757073146,0.0434360567533929
KineticEnergy,Pressure,RainAbsolute,RainAccumulated,VolumeEquivalentDiameter,WeatherCode4680,0.20841318757073146,0.0434360567533929
KineticEnergy,Pressure,RainAbsolute,RainAccumulated,RainRate,WeatherCode4680,0.2084131875707312,0.04343605675339279
Pressure,RadarReflectivity,RainAbsolute,RainRate,Temperature,WindSpeed,0.20839497272314952,0.04342846465628224
Pressure,RadarReflectivity,RainAccumulated,RainRate,Temperature,WindSpeed,0.20839497272314952,0.04342846465628224
AverageParticleSpeed,Pressure,RadarReflectivity,RainAbsolute,Temperature,WindSpeed,0.2083949727231495,0.04342846465628222
AverageParticleSpeed,Pressure,RadarReflectivity,RainAccumulated,Temperature,WindSpeed,0.2083949727231495,0.04342846465628222
Pressure,RadarReflectivity,RainAbsolute,Temperature,VolumeEquivalentDiameter,WindSpeed,0.2083949727231495,0.04342846465628222
Pressure,RadarReflectivity,RainAccumulated,Temperature,VolumeEquivalentDiameter,WindSpeed,0.2083949727231495,0.04342846465628222
Pressure,RadarReflectivity,RainAbsolute,RainIntensity,SnowDepthIntensity,WindSpeed,0.2080628159333777,0.043290135374126605
Pressure,RadarReflectivity,RainAccumulated,RainIntensity,SnowDepthIntensity,WindSpeed,0.2080628159333777,0.043290135374126605
KineticEnergy,RadarReflectivity,RainAbsolute,RainRate,SnowDepthIntensity,WindSpeed,0.20788155748901185,0.04321474194405734
KineticEnergy,RadarReflectivity,RainAccumulated,RainRate,SnowDepthIntensity,WindSpeed,0.20788155748901185,0.04321474194405734
AverageParticleSpeed,KineticEnergy,RadarReflectivity,RainAbsolute,SnowDepthIntensity,WindSpeed,0.20788155748901183,0.043214741944057326
AverageParticleSpeed,KineticEnergy,RadarReflectivity,RainAccumulated,SnowDepthIntensity,WindSpeed,0.20788155748901183,0.043214741944057326
KineticEnergy,RadarReflectivity,RainAbsolute,SnowDepthIntensity,VolumeEquivalentDiameter,WindSpeed,0.20788155748901183,0.043214741944057326
KineticEnergy,RadarReflectivity,RainAccumulated,SnowDepthIntensity,VolumeEquivalentDiameter,WindSpeed,0.20788155748901183,0.043214741944057326
Humidity,Pressure,RainAbsolute,SnowDepthIntensity,Temperature,WindSpeed,0.20786272378573947,0.04320691193962662
Humidity,Pressure,RainAccumulated,SnowDepthIntensity,Temperature,WindSpeed,0.20786272378573947,0.04320691193962662
KineticEnergy,RainAbsolute,RainAccumulated,RainIntensity,RainRate,WeatherCode4680,0.20776811728800507,0.04316759056140223
AverageParticleSpeed,KineticEnergy,RainAbsolute,RainAccumulated,RainIntensity,WeatherCode4680,0.20776811728800498,0.043167590561402194
KineticEnergy,RainAbsolute,RainAccumulated,RainIntensity,VolumeEquivalentDiameter,WeatherCode4680,0.20776811728800498,0.043167590561402194
KineticEnergy,Pressure,RainAbsolute,RainAccumulated,RainIntensity,WeatherCode4680,0.20745304598983683,0.043036766290461353
KineticEnergy,Pressure,RadarReflectivity,RainAbsolute,SnowDepthIntensity,WindSpeed,0.2071120797019301,0.04289541355845865
KineticEnergy,Pressure,RadarReflectivity,RainAccumulated,SnowDepthIntensity,WindSpeed,0.2071120797019301,0.04289541355845865
AverageParticleSpeed,RadarReflectivity,RainAbsolute,RainIntensity,Temperature,WindSpeed,0.2067857140208468,0.04276033152311144
AverageParticleSpeed,RadarReflectivity,RainAccumulated,RainIntensity,Temperature,WindSpeed,0.2067857140208468,0.04276033152311144
RadarReflectivity,RainAbsolute,RainIntensity,RainRate,Temperature,WindSpeed,0.2067857140208468,0.04276033152311144
RadarReflectivity,RainAbsolute,RainIntensity,Temperature,VolumeEquivalentDiameter,WindSpeed,0.2067857140208468,0.04276033152311144
RadarReflectivity,RainAccumulated,RainIntensity,RainRate,Temperature,WindSpeed,0.2067857140208468,0.04276033152311144
RadarReflectivity,RainAccumulated,RainIntensity,Temperature,VolumeEquivalentDiameter,WindSpeed,0.2067857140208468,0.04276033152311144
AverageParticleSpeed,Humidity,Pressure,RainIntensity,RainRate,VolumeEquivalentDiameter,-0.2065184418254831,0.042649866814025446
Humidity,RainAbsolute,RainIntensity,SnowDepthIntensity,Temperature,WindSpeed,0.2061055809037422,0.042479510479669025
Humidity,RainAccumulated,RainIntensity,SnowDepthIntensity,Temperature,WindSpeed,0.2061055809037422,0.042479510479669025
Pressure,RadarReflectivity,RainAbsolute,RainIntensity,Temperature,WindSpeed,0.20599493378106146,0.04243391274346389
Pressure,RadarReflectivity,RainAccumulated,RainIntensity,Temperature,WindSpeed,0.20599493378106146,0.04243391274346389
AverageParticleSpeed,KineticEnergy,RadarReflectivity,RainAbsolute,Temperature,WindSpeed,0.2058201169243037,0.04236192053073404
AverageParticleSpeed,KineticEnergy,RadarReflectivity,RainAccumulated,Temperature,WindSpeed,0.2058201169243037,0.04236192053073404
KineticEnergy,RadarReflectivity,RainAbsolute,Temperature,VolumeEquivalentDiameter,WindSpeed,0.2058201169243037,0.04236192053073404
KineticEnergy,RadarReflectivity,RainAccumulated,Temperature,VolumeEquivalentDiameter,WindSpeed,0.2058201169243037,0.04236192053073404
KineticEnergy,RadarReflectivity,RainAbsolute,RainRate,Temperature,WindSpeed,0.20582011692430366,0.04236192053073403
KineticEnergy,RadarReflectivity,RainAccumulated,RainRate,Temperature,WindSpeed,0.20582011692430366,0.04236192053073403
KineticEnergy,RadarReflectivity,RainAbsolute,RainIntensity,SnowDepthIntensity,WindSpeed,0.20547802912860558,0.04222122045457608
KineticEnergy,RadarReflectivity,RainAccumulated,RainIntensity,SnowDepthIntensity,WindSpeed,0.20547802912860558,0.04222122045457608
AverageParticleSpeed,Humidity,KineticEnergy,Pressure,RainRate,VolumeEquivalentDiameter,-0.20540895175009322,0.042192837459072124
Humidity,KineticEnergy,RainAbsolute,SnowDepthIntensity,Temperature,WindSpeed,0.20511887298190695,0.04207375205336768
Humidity,KineticEnergy,RainAccumulated,SnowDepthIntensity,Temperature,WindSpeed,0.20511887298190695,0.04207375205336768
KineticEnergy,Pressure,RadarReflectivity,RainAbsolute,Temperature,WindSpeed,0.20502918848455584,0.042036968130635524
KineticEnergy,Pressure,RadarReflectivity,RainAccumulated,Temperature,WindSpeed,0.20502918848455584,0.042036968130635524
AverageParticleSpeed,Humidity,KineticEnergy,Pressure,RainIntensity,VolumeEquivalentDiameter,-0.20345097221806277,0.04139229809647495
AverageParticleSpeed,Humidity,KineticEnergy,Pressure,RainIntensity,RainRate,-0.20345097221806271,0.041392298096474926
Humidity,KineticEnergy,Pressure,RainIntensity,RainRate,VolumeEquivalentDiameter,-0.20345097221806271,0.041392298096474926
KineticEnergy,RadarReflectivity,RainAbsolute,RainIntensity,Temperature,WindSpeed,0.20343839769539243,0.04138718165686865
KineticEnergy,RadarReflectivity,RainAccumulated,RainIntensity,Temperature,WindSpeed,0.20343839769539243,0.04138718165686865
AverageParticleSpeed,Pressure,RainRate,Temperature,VolumeEquivalentDiameter,WindSpeed,-0.20289960291415074,0.041168248862720046
Humidity,ParticlesDetected,RadarReflectivity,RainAbsolute,RainAccumulated,SnowDepthIntensity,0.20277104565638843,0.04111609695658516
AverageParticleSpeed,Pressure,RainIntensity,Temperature,VolumeEquivalentDiameter,WindSpeed,-0.20174461943532096,0.040700891471102486
AverageParticleSpeed,Pressure,RainIntensity,RainRate,Temperature,WindSpeed,-0.20174461943532085,0.04070089147110244
Pressure,RainIntensity,RainRate,Temperature,VolumeEquivalentDiameter,WindSpeed,-0.20174461943532085,0.04070089147110244
AverageParticleSpeed,RainAbsolute,RainAccumulated,SnowDepthIntensity,VolumeEquivalentDiameter,WeatherCode4680,0.20173294256911767,0.040696180117594925
AverageParticleSpeed,RainAbsolute,RainAccumulated,RainRate,SnowDepthIntensity,WeatherCode4680,0.2017329425691176,0.040696180117594905
RainAbsolute,RainAccumulated,RainRate,SnowDepthIntensity,VolumeEquivalentDiameter,WeatherCode4680,0.2017329425691176,0.040696180117594905
AverageParticleSpeed,Pressure,RainAbsolute,RainAccumulated,SnowDepthIntensity,WeatherCode4680,0.20141572663431892,0.04056829493563069
Pressure,RainAbsolute,RainAccumulated,SnowDepthIntensity,VolumeEquivalentDiameter,WeatherCode4680,0.20141572663431892,0.04056829493563069
Pressure,RainAbsolute,RainAccumulated,RainRate,SnowDepthIntensity,WeatherCode4680,0.20141572663431842,0.04056829493563049
Humidity,ParticlesDetected,RadarReflectivity,RainAbsolute,RainAccumulated,Temperature,0.20086597492640618,0.04034713988313564
RainAbsolute,RainAccumulated,RainIntensity,RainRate,SnowDepthIntensity,WeatherCode4680,0.20080102886098966,0.040321053191632004
AverageParticleSpeed,RainAbsolute,RainAccumulated,RainIntensity,SnowDepthIntensity,WeatherCode4680,0.20080102886098955,0.040321053191631956
RainAbsolute,RainAccumulated,RainIntensity,SnowDepthIntensity,VolumeEquivalentDiameter,WeatherCode4680,0.20080102886098955,0.040321053191631956
AverageParticleSpeed,ParticlesDetected,RainAbsolute,SnowDepthIntensity,Temperature,VolumeEquivalentDiameter,0.20066367225978488,0.04026590936478236
AverageParticleSpeed,ParticlesDetected,RainAccumulated,SnowDepthIntensity,Temperature,VolumeEquivalentDiameter,0.20066367225978488,0.04026590936478236
AverageParticleSpeed,ParticlesDetected,RainAbsolute,RainRate,SnowDepthIntensity,Temperature,0.20066367225978465,0.04026590936478227
AverageParticleSpeed,ParticlesDetected,RainAccumulated,RainRate,SnowDepthIntensity,Temperature,0.20066367225978465,0.04026590936478227
ParticlesDetected,RainAbsolute,RainRate,SnowDepthIntensity,Temperature,VolumeEquivalentDiameter,0.20066367225978465,0.04026590936478227
ParticlesDetected,RainAccumulated,RainRate,SnowDepthIntensity,Temperature,VolumeEquivalentDiameter,0.20066367225978465,0.04026590936478227
Humidity,ParticlesDetected,RadarReflectivity,RainAbsolute,RainAccumulated,WindSpeed,0.20064116826845743,0.040256878404131446
AverageParticleSpeed,KineticEnergy,RainAbsolute,RainAccumulated,SnowDepthIntensity,WeatherCode4680,0.2004880836006556,0.040195471665863465
KineticEnergy,RainAbsolute,RainAccumulated,SnowDepthIntensity,VolumeEquivalentDiameter,WeatherCode4680,0.2004880836006556,0.040195471665863465
KineticEnergy,RainAbsolute,RainAccumulated,RainRate,SnowDepthIntensity,WeatherCode4680,0.2004880836006546,0.04019547166586306
Pressure,RainAbsolute,RainAccumulated,RainIntensity,SnowDepthIntensity,WeatherCode4680,0.2004836188898941,0.04019368144318831
AverageParticleSpeed,Humidity,KineticEnergy,RainIntensity,RainRate,VolumeEquivalentDiameter,-0.20029764605946004,0.04011914701696073
KineticEnergy,Pressure,RainAbsolute,RainAccumulated,SnowDepthIntensity,WeatherCode4680,0.20017062616160447,0.040068279577928814
AverageParticleSpeed,KineticEnergy,Pressure,Temperature,VolumeEquivalentDiameter,WindSpeed,-0.20005174607347562,0.040020701107046364
AverageParticleSpeed,KineticEnergy,Pressure,RainRate,Temperature,WindSpeed,-0.2000517460734755,0.04002070110704632
KineticEnergy,Pressure,RainRate,Temperature,VolumeEquivalentDiameter,WindSpeed,-0.2000517460734755,0.04002070110704632
AverageParticleSpeed,RainAbsolute,RainAccumulated,Temperature,VolumeEquivalentDiameter,WeatherCode4680,0.20001599861417807,0.04000639970162689
AverageParticleSpeed,RainAbsolute,RainAccumulated,RainRate,Temperature,WeatherCode4680,0.2000159986141777,0.04000639970162674
RainAbsolute,RainAccumulated,RainRate,Temperature,VolumeEquivalentDiameter,WeatherCode4680,0.2000159986141777,0.04000639970162674
ParticlesDetected,Pressure,RainAbsolute,RainRate,SnowDepthIntensity,Temperature,0.19998277711973136,0.03999311114452015
ParticlesDetected,Pressure,RainAccumulated,RainRate,SnowDepthIntensity,Temperature,0.19998277711973136,0.03999311114452015
AverageParticleSpeed,ParticlesDetected,Pressure,RainAbsolute,SnowDepthIntensity,Temperature,0.19998277711973125,0.03999311114452011
AverageParticleSpeed,ParticlesDetected,Pressure,RainAccumulated,SnowDepthIntensity,Temperature,0.19998277711973125,0.03999311114452011
ParticlesDetected,Pressure,RainAbsolute,SnowDepthIntensity,Temperature,VolumeEquivalentDiameter,0.19998277711973125,0.03999311114452011
ParticlesDetected,Pressure,RainAccumulated,SnowDepthIntensity,Temperature,VolumeEquivalentDiameter,0.19998277711973125,0.03999311114452011
AverageParticleSpeed,Pressure,RainAbsolute,RainAccumulated,Temperature,WeatherCode4680,0.19969495046585486,0.03987807324156023
Pressure,RainAbsolute,RainAccumulated,Temperature,VolumeEquivalentDiameter,WeatherCode4680,0.19969495046585486,0.03987807324156023
Pressure,RainAbsolute,RainAccumulated,RainRate,Temperature,WeatherCode4680,0.19969495046585475,0.03987807324156018
KineticEnergy,RainAbsolute,RainAccumulated,RainIntensity,SnowDepthIntensity,WeatherCode4680,0.19955743310991522,0.039823169109418285
RainAbsolute,RainAccumulated,RainIntensity,RainRate,Temperature,WeatherCode4680,0.19909833857716516,0.03964014842418749
AverageParticleSpeed,RainAbsolute,RainAccumulated,RainIntensity,Temperature,WeatherCode4680,0.19909833857716494,0.03964014842418741
RainAbsolute,RainAccumulated,RainIntensity,Temperature,VolumeEquivalentDiameter,WeatherCode4680,0.19909833857716494,0.03964014842418741
AverageParticleSpeed,RainAbsolute,RainAccumulated,RainRate,WeatherCode4680,WindSpeed,0.19901544606115038,0.03960714777091866
RainAbsolute,RainAccumulated,RainRate,VolumeEquivalentDiameter,WeatherCode4680,WindSpeed,0.19901544606115038,0.03960714777091866
AverageParticleSpeed,RainAbsolute,RainAccumulated,VolumeEquivalentDiameter,WeatherCode4680,WindSpeed,0.19901544606115018,0.039607147770918574
AverageParticleSpeed,KineticEnergy,RainAbsolute,RainAccumulated,Temperature,WeatherCode4680,0.1987875517345533,0.03951649072461771
KineticEnergy,RainAbsolute,RainAccumulated,Temperature,VolumeEquivalentDiameter,WeatherCode4680,0.1987875517345533,0.03951649072461771
KineticEnergy,RainAbsolute,RainAccumulated,RainRate,Temperature,WeatherCode4680,0.19878755173455329,0.0395164907246177
Pressure,RainAbsolute,RainAccumulated,RainIntensity,Temperature,WeatherCode4680,0.19877711126290193,0.03951233996202409
AverageParticleSpeed,Pressure,RainAbsolute,RainAccumulated,WeatherCode4680,WindSpeed,0.1986717316084495,0.03947045694029979
Pressure,RainAbsolute,RainAccumulated,VolumeEquivalentDiameter,WeatherCode4680,WindSpeed,0.1986717316084495,0.03947045694029979
Pressure,RainAbsolute,RainAccumulated,RainRate,WeatherCode4680,WindSpeed,0.1986717316084494,0.03947045694029975
KineticEnergy,Pressure,RainAbsolute,RainAccumulated,Temperature,WeatherCode4680,0.19846628221393683,0.03938886517582202
AverageParticleSpeed,ParticlesDetected,RainAbsolute,RainIntensity,SnowDepthIntensity,Temperature,0.19846023072478367,0.03938646317933436
AverageParticleSpeed,ParticlesDetected,RainAccumulated,RainIntensity,SnowDepthIntensity,Temperature,0.19846023072478367,0.03938646317933436
ParticlesDetected,RainAbsolute,RainIntensity,SnowDepthIntensity,Temperature,VolumeEquivalentDiameter,0.19846023072478367,0.03938646317933436
ParticlesDetected,RainAccumulated,RainIntensity,SnowDepthIntensity,Temperature,VolumeEquivalentDiameter,0.19846023072478367,0.03938646317933436
ParticlesDetected,RainAbsolute,RainIntensity,RainRate,SnowDepthIntensity,Temperature,0.19846023072478353,0.03938646317933431
ParticlesDetected,RainAccumulated,RainIntensity,RainRate,SnowDepthIntensity,Temperature,0.19846023072478353,0.03938646317933431
AverageParticleSpeed,RainIntensity,RainRate,Temperature,VolumeEquivalentDiameter,WindSpeed,-0.19833133986842616,0.03933532037400517
AverageParticleSpeed,KineticEnergy,Pressure,RainIntensity,Temperature,WindSpeed,-0.19809542037766065,0.03924179557460209
KineticEnergy,Pressure,RainIntensity,Temperature,VolumeEquivalentDiameter,WindSpeed,-0.19809542037766065,0.03924179557460209
KineticEnergy,Pressure,RainIntensity,RainRate,Temperature,WindSpeed,-0.1980954203776606,0.03924179557460207
AverageParticleSpeed,RainAbsolute,RainAccumulated,RainIntensity,WeatherCode4680,WindSpeed,0.198051367409981,0.03922434413296328
RainAbsolute,RainAccumulated,RainIntensity,VolumeEquivalentDiameter,WeatherCode4680,WindSpeed,0.198051367409981,0.03922434413296328
RainAbsolute,RainAccumulated,RainIntensity,RainRate,WeatherCode4680,WindSpeed,0.19805136740998078,0.0392243441329632
KineticEnergy,RainAbsolute,RainAccumulated,RainIntensity,Temperature,WeatherCode4680,0.19787074707364924,0.03915283254748407
ParticlesDetected,Pressure,RainAbsolute,RainIntensity,SnowDepthIntensity,Temperature,0.1977786105468577,0.039116378789845606
ParticlesDetected,Pressure,RainAccumulated,RainIntensity,SnowDepthIntensity,Temperature,0.1977786105468577,0.039116378789845606
AverageParticleSpeed,KineticEnergy,RainAbsolute,RainAccumulated,WeatherCode4680,WindSpeed,0.1977227335691905,0.0390942793700731
KineticEnergy,RainAbsolute,RainAccumulated,VolumeEquivalentDiameter,WeatherCode4680,WindSpeed,0.1977227335691905,0.0390942793700731
KineticEnergy,RainAbsolute,RainAccumulated,RainRate,WeatherCode4680,WindSpeed,0.19772273356918998,0.039094279370072885
Pressure,RainAbsolute,RainAccumulated,RainIntensity,WeatherCode4680,WindSpeed,0.19770754983689887,0.039088275262509846
AverageParticleSpeed,KineticEnergy,ParticlesDetected,RainAbsolute,SnowDepthIntensity,Temperature,0.19757934594637402,0.03903759794459694
AverageParticleSpeed,KineticEnergy,ParticlesDetected,RainAccumulated,SnowDepthIntensity,Temperature,0.19757934594637402,0.03903759794459694
KineticEnergy,ParticlesDetected,RainAbsolute,SnowDepthIntensity,Temperature,VolumeEquivalentDiameter,0.19757934594637402,0.03903759794459694
KineticEnergy,ParticlesDetected,RainAccumulated,SnowDepthIntensity,Temperature,VolumeEquivalentDiameter,0.19757934594637402,0.03903759794459694
KineticEnergy,ParticlesDetected,RainAbsolute,RainRate,SnowDepthIntensity,Temperature,0.19757934594637397,0.03903759794459692
KineticEnergy,ParticlesDetected,RainAccumulated,RainRate,SnowDepthIntensity,Temperature,0.19757934594637397,0.03903759794459692
KineticEnergy,Pressure,RainAbsolute,RainAccumulated,WeatherCode4680,WindSpeed,0.19737890360585342,0.03895843158864878
KineticEnergy,ParticlesDetected,Pressure,RainAbsolute,SnowDepthIntensity,Temperature,0.19689756449208248,0.03876865090291378
KineticEnergy,ParticlesDetected,Pressure,RainAccumulated,SnowDepthIntensity,Temperature,0.19689756449208248,0.03876865090291378
KineticEnergy,RainAbsolute,RainAccumulated,RainIntensity,WeatherCode4680,WindSpeed,0.19675989354508697,0.038714455707873956
AverageParticleSpeed,KineticEnergy,RainRate,Temperature,VolumeEquivalentDiameter,WindSpeed,-0.19664502779913465,0.038669266958122436
KineticEnergy,ParticlesDetected,RainAbsolute,RainIntensity,SnowDepthIntensity,Temperature,0.19540331329300684,0.038182454845884985
KineticEnergy,ParticlesDetected,RainAccumulated,RainIntensity,SnowDepthIntensity,Temperature,0.19540331329300684,0.038182454845884985
AverageParticleSpeed,ParticlesDetected,RainAbsolute,RainRate,SnowDepthIntensity,WindSpeed,0.1952240614586945,0.03811243417242813
AverageParticleSpeed,ParticlesDetected,RainAbsolute,SnowDepthIntensity,VolumeEquivalentDiameter,WindSpeed,0.1952240614586945,0.03811243417242813
AverageParticleSpeed,ParticlesDetected,RainAccumulated,RainRate,SnowDepthIntensity,WindSpeed,0.1952240614586945,0.03811243417242813
AverageParticleSpeed,ParticlesDetected,RainAccumulated,SnowDepthIntensity,VolumeEquivalentDiameter,WindSpeed,0.1952240614586945,0.03811243417242813
ParticlesDetected,RainAbsolute,RainRate,SnowDepthIntensity,VolumeEquivalentDiameter,WindSpeed,0.1952240614586945,0.03811243417242813
ParticlesDetected,RainAccumulated,RainRate,SnowDepthIntensity,VolumeEquivalentDiameter,WindSpeed,0.1952240614586945,0.03811243417242813
AverageParticleSpeed,KineticEnergy,RainIntensity,Temperature,VolumeEquivalentDiameter,WindSpeed,-0.19470606687538045,0.03791045247808012
AverageParticleSpeed,KineticEnergy,RainIntensity,RainRate,Temperature,WindSpeed,-0.1947060668753803,0.037910452478080066
KineticEnergy,RainIntensity,RainRate,Temperature,VolumeEquivalentDiameter,WindSpeed,-0.1947060668753803,0.037910452478080066
ParticlesDetected,Pressure,RainAbsolute,RainRate,SnowDepthIntensity,WindSpeed,0.1944353595036723,0.03780510902532229
ParticlesDetected,Pressure,RainAccumulated,RainRate,SnowDepthIntensity,WindSpeed,0.1944353595036723,0.03780510902532229
AverageParticleSpeed,ParticlesDetected,Pressure,RainAbsolute,SnowDepthIntensity,WindSpeed,0.19443535950367202,0.037805109025322185
AverageParticleSpeed,ParticlesDetected,Pressure,RainAccumulated,SnowDepthIntensity,WindSpeed,0.19443535950367202,0.037805109025322185
ParticlesDetected,Pressure,RainAbsolute,SnowDepthIntensity,VolumeEquivalentDiameter,WindSpeed,0.19443535950367202,0.037805109025322185
ParticlesDetected,Pressure,RainAccumulated,SnowDepthIntensity,VolumeEquivalentDiameter,WindSpeed,0.19443535950367202,0.037805109025322185
AverageParticleSpeed,ParticlesDetected,RainAbsolute,Temperature,VolumeEquivalentDiameter,WindSpeed,0.19335959842973313,0.03738793430490765
AverageParticleSpeed,ParticlesDetected,RainAccumulated,Temperature,VolumeEquivalentDiameter,WindSpeed,0.19335959842973313,0.03738793430490765
AverageParticleSpeed,ParticlesDetected,RainAbsolute,RainRate,Temperature,WindSpeed,0.193359598429733,0.037387934304907604
AverageParticleSpeed,ParticlesDetected,RainAccumulated,RainRate,Temperature,WindSpeed,0.193359598429733,0.037387934304907604
ParticlesDetected,RainAbsolute,RainRate,Temperature,VolumeEquivalentDiameter,WindSpeed,0.193359598429733,0.037387934304907604
ParticlesDetected,RainAccumulated,RainRate,Temperature,VolumeEquivalentDiameter,WindSpeed,0.193359598429733,0.037387934304907604
ParticlesDetected,RainAbsolute,RainIntensity,RainRate,SnowDepthIntensity,WindSpeed,0.19285292831789566,0.037192251960787404
ParticlesDetected,RainAccumulated,RainIntensity,RainRate,SnowDepthIntensity,WindSpeed,0.19285292831789566,0.037192251960787404
AverageParticleSpeed,ParticlesDetected,RainAbsolute,RainIntensity,SnowDepthIntensity,WindSpeed,0.1928529283178956,0.03719225196078738
AverageParticleSpeed,ParticlesDetected,RainAccumulated,RainIntensity,SnowDepthIntensity,WindSpeed,0.1928529283178956,0.03719225196078738
ParticlesDetected,RainAbsolute,RainIntensity,SnowDepthIntensity,VolumeEquivalentDiameter,WindSpeed,0.1928529283178956,0.03719225196078738
ParticlesDetected,RainAccumulated,RainIntensity,SnowDepthIntensity,VolumeEquivalentDiameter,WindSpeed,0.1928529283178956,0.03719225196078738
ParticlesDetected,Pressure,RainAbsolute,RainRate,Temperature,WindSpeed,0.19254827545833014,0.037074838381976984
ParticlesDetected,Pressure,RainAccumulated,RainRate,Temperature,WindSpeed,0.19254827545833014,0.037074838381976984
AverageParticleSpeed,ParticlesDetected,Pressure,RainAbsolute,Temperature,WindSpeed,0.19254827545833006,0.03707483838197695
AverageParticleSpeed,ParticlesDetected,Pressure,RainAccumulated,Temperature,WindSpeed,0.19254827545833006,0.03707483838197695
ParticlesDetected,Pressure,RainAbsolute,Temperature,VolumeEquivalentDiameter,WindSpeed,0.19254827545833006,0.03707483838197695
ParticlesDetected,Pressure,RainAccumulated,Temperature,VolumeEquivalentDiameter,WindSpeed,0.19254827545833006,0.03707483838197695
AverageParticleSpeed,RainAbsolute,RainAccumulated,SnowDepthIntensity,Temperature,WeatherCode4680,0.192097830779126,0.03690157659004573
RainAbsolute,RainAccumulated,SnowDepthIntensity,Temperature,VolumeEquivalentDiameter,WeatherCode4680,0.192097830779126,0.03690157659004573
RainAbsolute,RainAccumulated,RainRate,SnowDepthIntensity,Temperature,WeatherCode4680,0.19209783077912598,0.03690157659004572
ParticlesDetected,Pressure,RainAbsolute,RainIntensity,SnowDepthIntensity,WindSpeed,0.19206489597346907,0.036888924265299494
ParticlesDetected,Pressure,RainAccumulated,RainIntensity,SnowDepthIntensity,WindSpeed,0.19206489597346907,0.036888924265299494
AverageParticleSpeed,KineticEnergy,ParticlesDetected,RainAbsolute,SnowDepthIntensity,WindSpeed,0.1918893815001338,0.03682153473250389
AverageParticleSpeed,KineticEnergy,ParticlesDetected,RainAccumulated,SnowDepthIntensity,WindSpeed,0.1918893815001338,0.03682153473250389
KineticEnergy,ParticlesDetected,RainAbsolute,SnowDepthIntensity,VolumeEquivalentDiameter,WindSpeed,0.1918893815001338,0.03682153473250389
KineticEnergy,ParticlesDetected,RainAccumulated,SnowDepthIntensity,VolumeEquivalentDiameter,WindSpeed,0.1918893815001338,0.03682153473250389
KineticEnergy,ParticlesDetected,RainAbsolute,RainRate,SnowDepthIntensity,WindSpeed,0.1918893815001337,0.03682153473250386
KineticEnergy,ParticlesDetected,RainAccumulated,RainRate,SnowDepthIntensity,WindSpeed,0.1918893815001337,0.03682153473250386
Pressure,RainAbsolute,RainAccumulated,SnowDepthIntensity,Temperature,WeatherCode4680,0.19177515051638264,0.036777708355581216
RainAbsolute,RainAccumulated,RainIntensity,SnowDepthIntensity,Temperature,WeatherCode4680,0.19120893385287743,0.03656085638515406
KineticEnergy,ParticlesDetected,Pressure,RainAbsolute,SnowDepthIntensity,WindSpeed,0.1911018304304311,0.03651990959386125
KineticEnergy,ParticlesDetected,Pressure,RainAccumulated,SnowDepthIntensity,WindSpeed,0.1911018304304311,0.03651990959386125
ParticlesDetected,RainAbsolute,RainIntensity,RainRate,Temperature,WindSpeed,0.1909906651407862,0.03647743417091992
ParticlesDetected,RainAccumulated,RainIntensity,RainRate,Temperature,WindSpeed,0.1909906651407862,0.03647743417091992
AverageParticleSpeed,ParticlesDetected,RainAbsolute,RainIntensity,Temperature,WindSpeed,0.190990665140786,0.03647743417091985
AverageParticleSpeed,ParticlesDetected,RainAccumulated,RainIntensity,Temperature,WindSpeed,0.190990665140786,0.03647743417091985
ParticlesDetected,RainAbsolute,RainIntensity,Temperature,VolumeEquivalentDiameter,WindSpeed,0.190990665140786,0.03647743417091985
ParticlesDetected,RainAccumulated,RainIntensity,Temperature,VolumeEquivalentDiameter,WindSpeed,0.190990665140786,0.03647743417091985
KineticEnergy,RainAbsolute,RainAccumulated,SnowDepthIntensity,Temperature,WeatherCode4680,0.19091072344128762,0.03644690432487581
AverageParticleSpeed,RainAbsolute,RainAccumulated,SnowDepthIntensity,WeatherCode4680,WindSpeed,0.19072661036989874,0.03637663990319116
RainAbsolute,RainAccumulated,SnowDepthIntensity,VolumeEquivalentDiameter,WeatherCode4680,WindSpeed,0.19072661036989874,0.03637663990319116
RainAbsolute,RainAccumulated,RainRate,SnowDepthIntensity,WeatherCode4680,WindSpeed,0.19072661036989866,0.036376639903191135
Pressure,RainAbsolute,RainAccumulated,SnowDepthIntensity,WeatherCode4680,WindSpeed,0.19038190602054564,0.03624527014001587
AverageParticleSpeed,Humidity,Pressure,RainRate,Temperature,VolumeEquivalentDiameter,-0.19034124278495734,0.03622978870492208
ParticlesDetected,Pressure,RainAbsolute,RainIntensity,Temperature,WindSpeed,0.19018000997111895,0.0361684361926149
ParticlesDetected,Pressure,RainAccumulated,RainIntensity,Temperature,WindSpeed,0.19018000997111895,0.0361684361926149
KineticEnergy,ParticlesDetected,RainAbsolute,RainRate,Temperature,WindSpeed,0.190004663298037,0.036101772075000406
KineticEnergy,ParticlesDetected,RainAccumulated,RainRate,Temperature,WindSpeed,0.190004663298037,0.036101772075000406
AverageParticleSpeed,KineticEnergy,ParticlesDetected,RainAbsolute,Temperature,WindSpeed,0.1900046632980369,0.036101772075000364
AverageParticleSpeed,KineticEnergy,ParticlesDetected,RainAccumulated,Temperature,WindSpeed,0.1900046632980369,0.036101772075000364
KineticEnergy,ParticlesDetected,RainAbsolute,Temperature,VolumeEquivalentDiameter,WindSpeed,0.1900046632980369,0.036101772075000364
KineticEnergy,ParticlesDetected,RainAccumulated,Temperature,VolumeEquivalentDiameter,WindSpeed,0.1900046632980369,0.036101772075000364
RainAbsolute,RainAccumulated,RainIntensity,SnowDepthIntensity,WeatherCode4680,WindSpeed,0.18979530002343256,0.03602225591098478
KineticEnergy,ParticlesDetected,RainAbsolute,RainIntensity,SnowDepthIntensity,WindSpeed,0.1895536152017987,0.03593057303607157
KineticEnergy,ParticlesDetected,RainAccumulated,RainIntensity,SnowDepthIntensity,WindSpeed,0.1895536152017987,0.03593057303607157
KineticEnergy,RainAbsolute,RainAccumulated,SnowDepthIntensity,WeatherCode4680,WindSpeed,0.18948107645763676,0.035903078335544784
KineticEnergy,ParticlesDetected,Pressure,RainAbsolute,Temperature,WindSpeed,0.18919451589130326,0.0357945648433446
KineticEnergy,ParticlesDetected,Pressure,RainAccumulated,Temperature,WindSpeed,0.18919451589130326,0.0357945648433446
AverageParticleSpeed,Humidity,Pressure,RainIntensity,Temperature,VolumeEquivalentDiameter,-0.18906194651179506,0.035744419618828856
AverageParticleSpeed,Humidity,Pressure,RainIntensity,RainRate,Temperature,-0.18906194651179503,0.03574441961882885
Humidity,Pressure,RainIntensity,RainRate,Temperature,VolumeEquivalentDiameter,-0.18906194651179503,0.03574441961882885
AverageParticleSpeed,RainAbsolute,RainAccumulated,Temperature,WeatherCode4680,WindSpeed,0.1889676034720497,0.03570875516196981
RainAbsolute,RainAccumulated,Temperature,VolumeEquivalentDiameter,WeatherCode4680,WindSpeed,0.1889676034720497,0.03570875516196981
RainAbsolute,RainAccumulated,RainRate,Temperature,WeatherCode4680,WindSpeed,0.18896760347204958,0.035708755161969766
RadarReflectivity,RainAbsolute,RainRate,SnowDepthIntensity,Temperature,WindSpeed,0.18863365309946886,0.03558265508165076
RadarReflectivity,RainAccumulated,RainRate,SnowDepthIntensity,Temperature,WindSpeed,0.18863365309946886,0.03558265508165076
AverageParticleSpeed,RadarReflectivity,RainAbsolute,SnowDepthIntensity,Temperature,WindSpeed,0.18863365309946875,0.03558265508165072
AverageParticleSpeed,RadarReflectivity,RainAccumulated,SnowDepthIntensity,Temperature,WindSpeed,0.18863365309946875,0.03558265508165072
RadarReflectivity,RainAbsolute,SnowDepthIntensity,Temperature,VolumeEquivalentDiameter,WindSpeed,0.18863365309946875,0.03558265508165072
RadarReflectivity,RainAccumulated,SnowDepthIntensity,Temperature,VolumeEquivalentDiameter,WindSpeed,0.18863365309946875,0.03558265508165072
Pressure,RainAbsolute,RainAccumulated,Temperature,WeatherCode4680,WindSpeed,0.18861868787479594,0.03557700941560969
AverageParticleSpeed,Humidity,KineticEnergy,Pressure,RainRate,Temperature,-0.18823068339160298,0.035430790170069885
Humidity,KineticEnergy,Pressure,RainRate,Temperature,VolumeEquivalentDiameter,-0.18823068339160298,0.035430790170069885
AverageParticleSpeed,Humidity,KineticEnergy,Pressure,Temperature,VolumeEquivalentDiameter,-0.1882306833916029,0.03543079017006985
RainAbsolute,RainAccumulated,RainIntensity,Temperature,WeatherCode4680,WindSpeed,0.1880498655103923,0.03536275191847663
Pressure,RadarReflectivity,RainAbsolute,SnowDepthIntensity,Temperature,WindSpeed,0.18784081741402497,0.03528417268676907
Pressure,RadarReflectivity,RainAccumulated,SnowDepthIntensity,Temperature,WindSpeed,0.18784081741402497,0.03528417268676907
KineticEnergy,RainAbsolute,RainAccumulated,Temperature,WeatherCode4680,WindSpeed,0.18773760368889833,0.03524540783884985
KineticEnergy,ParticlesDetected,RainAbsolute,RainIntensity,Temperature,WindSpeed,0.18766912385556087,0.035219700048713845
KineticEnergy,ParticlesDetected,RainAccumulated,RainIntensity,Temperature,WindSpeed,0.18766912385556087,0.035219700048713845
AverageParticleSpeed,Humidity,Pressure,RainRate,SnowDepthIntensity,VolumeEquivalentDiameter,-0.18751514938169905,0.03516193124764091
Humidity,KineticEnergy,Pressure,RainIntensity,RainRate,Temperature,-0.18676057138209148,0.03487951102296529
AverageParticleSpeed,Humidity,KineticEnergy,Pressure,RainIntensity,Temperature,-0.18676057138209123,0.034879511022965194
Humidity,KineticEnergy,Pressure,RainIntensity,Temperature,VolumeEquivalentDiameter,-0.18676057138209123,0.034879511022965194
AverageParticleSpeed,Humidity,RainIntensity,RainRate,Temperature,VolumeEquivalentDiameter,-0.18652679920528378,0.034792246821768257
RadarReflectivity,RainAbsolute,RainIntensity,SnowDepthIntensity,Temperature,WindSpeed,0.18646999039829779,0.03477105731914127
RadarReflectivity,RainAccumulated,RainIntensity,SnowDepthIntensity,Temperature,WindSpeed,0.18646999039829779,0.03477105731914127
AverageParticleSpeed,Humidity,KineticEnergy,RainRate,Temperature,VolumeEquivalentDiameter,-0.1857077269915882,0.034487359864382255
KineticEnergy,RadarReflectivity,RainAbsolute,SnowDepthIntensity,Temperature,WindSpeed,0.18563538245326863,0.034460495218571315
KineticEnergy,RadarReflectivity,RainAccumulated,SnowDepthIntensity,Temperature,WindSpeed,0.18563538245326863,0.034460495218571315
AverageParticleSpeed,Humidity,Pressure,RainIntensity,RainRate,SnowDepthIntensity,-0.18535008255934793,0.03435465310475709
AverageParticleSpeed,Humidity,Pressure,RainIntensity,SnowDepthIntensity,VolumeEquivalentDiameter,-0.18535008255934793,0.03435465310475709
Humidity,Pressure,RainIntensity,RainRate,SnowDepthIntensity,VolumeEquivalentDiameter,-0.18535008255934793,0.03435465310475709
AverageParticleSpeed,Humidity,KineticEnergy,Pressure,SnowDepthIntensity,VolumeEquivalentDiameter,-0.18426978204806904,0.03395535257604287
AverageParticleSpeed,Humidity,KineticEnergy,Pressure,RainRate,SnowDepthIntensity,-0.18426978204806896,0.03395535257604284
Humidity,KineticEnergy,Pressure,RainRate,SnowDepthIntensity,VolumeEquivalentDiameter,-0.18426978204806896,0.03395535257604284
AverageParticleSpeed,Humidity,KineticEnergy,RainIntensity,Temperature,VolumeEquivalentDiameter,-0.1842666780630112,0.03395420864437741
AverageParticleSpeed,Humidity,KineticEnergy,RainIntensity,RainRate,Temperature,-0.18426667806301117,0.0339542086443774
Humidity,KineticEnergy,RainIntensity,RainRate,Temperature,VolumeEquivalentDiameter,-0.18426667806301117,0.0339542086443774
AverageParticleSpeed,Humidity,RainIntensity,RainRate,SnowDepthIntensity,VolumeEquivalentDiameter,-0.18259056255149703,0.03333931353287215
Humidity,KineticEnergy,Pressure,RainIntensity,RainRate,SnowDepthIntensity,-0.18198181382918635,0.03311738056456064
AverageParticleSpeed,Humidity,KineticEnergy,Pressure,RainIntensity,SnowDepthIntensity,-0.18198181382918624,0.0331173805645606
Humidity,KineticEnergy,Pressure,RainIntensity,SnowDepthIntensity,VolumeEquivalentDiameter,-0.18198181382918624,0.0331173805645606
AverageParticleSpeed,Humidity,KineticEnergy,RainRate,SnowDepthIntensity,VolumeEquivalentDiameter,-0.18152784556013732,0.03295235871370507
RainAbsolute,RainAccumulated,SnowDepthIntensity,Temperature,WeatherCode4680,WindSpeed,0.18107042928406542,0.03278650036111574
AverageParticleSpeed,Humidity,KineticEnergy,RainIntensity,RainRate,SnowDepthIntensity,-0.17928538795270832,0.03214325033335313
Humidity,KineticEnergy,RainIntensity,RainRate,SnowDepthIntensity,VolumeEquivalentDiameter,-0.17928538795270832,0.03214325033335313
AverageParticleSpeed,Humidity,KineticEnergy,RainIntensity,SnowDepthIntensity,VolumeEquivalentDiameter,-0.17928538795270807,0.03214325033335304
AverageParticleSpeed,Pressure,SnowDepthIntensity,Temperature,VolumeEquivalentDiameter,WindSpeed,-0.17898924057543925,0.032037148241772465
AverageParticleSpeed,Pressure,RainRate,SnowDepthIntensity,Temperature,WindSpeed,-0.17898924057543916,0.03203714824177244
Pressure,RainRate,SnowDepthIntensity,Temperature,VolumeEquivalentDiameter,WindSpeed,-0.17898924057543916,0.03203714824177244
AverageParticleSpeed,Pressure,RainIntensity,RainRate,VolumeEquivalentDiameter,WindSpeed,-0.1786626059921342,0.031920326779900594
AverageParticleSpeed,KineticEnergy,Pressure,RainIntensity,RainRate,WindSpeed,-0.17815973019275835,0.03174088946235645
KineticEnergy,Pressure,RainIntensity,RainRate,VolumeEquivalentDiameter,WindSpeed,-0.17815973019275835,0.03174088946235645
AverageParticleSpeed,KineticEnergy,Pressure,RainIntensity,VolumeEquivalentDiameter,WindSpeed,-0.1781597301927583,0.03174088946235643
AverageParticleSpeed,KineticEnergy,Pressure,RainRate,VolumeEquivalentDiameter,WindSpeed,-0.17775889592774888,0.031598225081452255
AverageParticleSpeed,Pressure,RainIntensity,SnowDepthIntensity,Temperature,WindSpeed,-0.1763803005780679,0.031110010432009574
Pressure,RainIntensity,SnowDepthIntensity,Temperature,VolumeEquivalentDiameter,WindSpeed,-0.1763803005780679,0.031110010432009574
Pressure,RainIntensity,RainRate,SnowDepthIntensity,Temperature,WindSpeed,-0.17638030057806772,0.031110010432009515
AverageParticleSpeed,Humidity,Pressure,RainRate,SnowDepthIntensity,Temperature,-0.1758709254077898,0.03093058240379237
Humidity,Pressure,RainRate,SnowDepthIntensity,Temperature,VolumeEquivalentDiameter,-0.1758709254077898,0.03093058240379237
AverageParticleSpeed,Humidity,Pressure,SnowDepthIntensity,Temperature,VolumeEquivalentDiameter,-0.17587092540778954,0.030930582403792272
AverageParticleSpeed,RainRate,SnowDepthIntensity,Temperature,VolumeEquivalentDiameter,WindSpeed,-0.17586604843982054,0.030928866993837303
AverageParticleSpeed,KineticEnergy,Pressure,SnowDepthIntensity,Temperature,WindSpeed,-0.1748148357902574,0.030560226812374656
KineticEnergy,Pressure,SnowDepthIntensity,Temperature,VolumeEquivalentDiameter,WindSpeed,-0.1748148357902574,0.030560226812374656
KineticEnergy,Pressure,RainRate,SnowDepthIntensity,Temperature,WindSpeed,-0.17481483579025728,0.03056022681237462
AverageParticleSpeed,Humidity,RadarReflectivity,RainAbsolute,RainRate,VolumeEquivalentDiameter,0.17472596220190587,0.030529161867381836
AverageParticleSpeed,Humidity,RadarReflectivity,RainAccumulated,RainRate,VolumeEquivalentDiameter,0.17472596220190587,0.030529161867381836
ParticlesDetected,RainAbsolute,RainRate,SnowDepthIntensity,Temperature,WindSpeed,0.17457787320153226,0.030477433811570274
ParticlesDetected,RainAccumulated,RainRate,SnowDepthIntensity,Temperature,WindSpeed,0.17457787320153226,0.030477433811570274
AverageParticleSpeed,ParticlesDetected,RainAbsolute,SnowDepthIntensity,Temperature,WindSpeed,0.1745778732015322,0.030477433811570257
AverageParticleSpeed,ParticlesDetected,RainAccumulated,SnowDepthIntensity,Temperature,WindSpeed,0.1745778732015322,0.030477433811570257
ParticlesDetected,RainAbsolute,SnowDepthIntensity,Temperature,VolumeEquivalentDiameter,WindSpeed,0.1745778732015322,0.030477433811570257
ParticlesDetected,RainAccumulated,SnowDepthIntensity,Temperature,VolumeEquivalentDiameter,WindSpeed,0.1745778732015322,0.030477433811570257
AverageParticleSpeed,Humidity,RainAbsolute,RainAccumulated,RainRate,WeatherCode4680,0.1744899946244317,0.03044675822403421
Humidity,RainAbsolute,RainAccumulated,RainRate,VolumeEquivalentDiameter,WeatherCode4680,0.1744899946244317,0.03044675822403421
AverageParticleSpeed,Humidity,RainAbsolute,RainAccumulated,VolumeEquivalentDiameter,WeatherCode4680,0.17448999462443163,0.030446758224034177
Humidity,Pressure,RainIntensity,RainRate,SnowDepthIntensity,Temperature,-0.17428192307509488,0.03037418871075329
AverageParticleSpeed,Humidity,Pressure,RainIntensity,SnowDepthIntensity,Temperature,-0.17428192307509474,0.03037418871075324
Humidity,Pressure,RainIntensity,SnowDepthIntensity,Temperature,VolumeEquivalentDiameter,-0.17428192307509474,0.03037418871075324
AverageParticleSpeed,KineticEnergy,RainIntensity,RainRate,VolumeEquivalentDiameter,WindSpeed,-0.17417016610713548,0.030335246761787164
Humidity,Pressure,RainAbsolute,RainAccumulated,RainRate,WeatherCode4680,0.1741440096661725,0.030326136102611978
AverageParticleSpeed,Humidity,Pressure,RainAbsolute,RainAccumulated,WeatherCode4680,0.17414400966617222,0.03032613610261188
Humidity,Pressure,RainAbsolute,RainAccumulated,VolumeEquivalentDiameter,WeatherCode4680,0.17414400966617222,0.03032613610261188
AverageParticleSpeed,Humidity,Pressure,RadarReflectivity,RainAbsolute,RainRate,0.17394769102706173,0.03025779921364613
AverageParticleSpeed,Humidity,Pressure,RadarReflectivity,RainAbsolute,VolumeEquivalentDiameter,0.17394769102706173,0.03025779921364613
AverageParticleSpeed,Humidity,Pressure,RadarReflectivity,RainAccumulated,RainRate,0.17394769102706173,0.03025779921364613
AverageParticleSpeed,Humidity,Pressure,RadarReflectivity,RainAccumulated,VolumeEquivalentDiameter,0.17394769102706173,0.03025779921364613
Humidity,Pressure,RadarReflectivity,RainAbsolute,RainRate,VolumeEquivalentDiameter,0.17394769102706173,0.03025779921364613
Humidity,Pressure,RadarReflectivity,RainAccumulated,RainRate,VolumeEquivalentDiameter,0.17394769102706173,0.03025779921364613
ParticlesDetected,Pressure,RainAbsolute,SnowDepthIntensity,Temperature,WindSpeed,0.1737740711962839,0.03019742782013115
ParticlesDetected,Pressure,RainAccumulated,SnowDepthIntensity,Temperature,WindSpeed,0.1737740711962839,0.03019742782013115
Humidity,RainAbsolute,RainAccumulated,RainIntensity,RainRate,WeatherCode4680,0.17364300001081187,0.030151891452754813
AverageParticleSpeed,Humidity,RainAbsolute,RainAccumulated,RainIntensity,WeatherCode4680,0.17364300001081154,0.030151891452754695
Humidity,RainAbsolute,RainAccumulated,RainIntensity,VolumeEquivalentDiameter,WeatherCode4680,0.17364300001081154,0.030151891452754695
AverageParticleSpeed,Humidity,RainRate,SnowDepthIntensity,Temperature,VolumeEquivalentDiameter,-0.17360148986426416,0.030137477283092212
AverageParticleSpeed,Humidity,KineticEnergy,Pressure,SnowDepthIntensity,Temperature,-0.17347127797671089,0.030092284282873298
Humidity,KineticEnergy,Pressure,RainRate,SnowDepthIntensity,Temperature,-0.17347127797671089,0.030092284282873298
Humidity,KineticEnergy,Pressure,SnowDepthIntensity,Temperature,VolumeEquivalentDiameter,-0.17347127797671089,0.030092284282873298
AverageParticleSpeed,Humidity,KineticEnergy,RainAbsolute,RainAccumulated,WeatherCode4680,0.17336039194901792,0.030053825496717118
Humidity,KineticEnergy,RainAbsolute,RainAccumulated,VolumeEquivalentDiameter,WeatherCode4680,0.17336039194901792,0.030053825496717118
Humidity,KineticEnergy,RainAbsolute,RainAccumulated,RainRate,WeatherCode4680,0.17336039194901784,0.03005382549671709
Humidity,Pressure,RainAbsolute,RainAccumulated,RainIntensity,WeatherCode4680,0.1732971122412784,0.03003188911116624
AverageParticleSpeed,RainIntensity,RainRate,SnowDepthIntensity,Temperature,WindSpeed,-0.17329654888720583,0.03003169385621572
AverageParticleSpeed,RainIntensity,SnowDepthIntensity,Temperature,VolumeEquivalentDiameter,WindSpeed,-0.17329654888720583,0.03003169385621572
RainIntensity,RainRate,SnowDepthIntensity,Temperature,VolumeEquivalentDiameter,WindSpeed,-0.17329654888720583,0.03003169385621572
Humidity,KineticEnergy,Pressure,RainAbsolute,RainAccumulated,WeatherCode4680,0.1730145656463262,0.02993403992578692
AverageParticleSpeed,Humidity,RadarReflectivity,RainAbsolute,RainIntensity,RainRate,0.17273435199147363,0.029837156357914313
AverageParticleSpeed,Humidity,RadarReflectivity,RainAccumulated,RainIntensity,RainRate,0.17273435199147363,0.029837156357914313
Humidity,RadarReflectivity,RainAbsolute,RainIntensity,RainRate,VolumeEquivalentDiameter,0.17273435199147363,0.029837156357914313
Humidity,RadarReflectivity,RainAccumulated,RainIntensity,RainRate,VolumeEquivalentDiameter,0.17273435199147363,0.029837156357914313
AverageParticleSpeed,Humidity,RadarReflectivity,RainAbsolute,RainIntensity,VolumeEquivalentDiameter,0.17273435199147355,0.02983715635791428
AverageParticleSpeed,Humidity,RadarReflectivity,RainAccumulated,RainIntensity,VolumeEquivalentDiameter,0.17273435199147355,0.02983715635791428
Humidity,KineticEnergy,RainAbsolute,RainAccumulated,RainIntensity,WeatherCode4680,0.1725151380073186,0.029761472841684185
ParticlesDetected,RainAbsolute,RainIntensity,SnowDepthIntensity,Temperature,WindSpeed,0.17246243089967414,0.029743290071824878
ParticlesDetected,RainAccumulated,RainIntensity,SnowDepthIntensity,Temperature,WindSpeed,0.17246243089967414,0.029743290071824878
AverageParticleSpeed,Humidity,RainIntensity,RainRate,SnowDepthIntensity,Temperature,-0.17204188827870895,0.029598411322503772
Humidity,RainIntensity,RainRate,SnowDepthIntensity,Temperature,VolumeEquivalentDiameter,-0.17204188827870895,0.029598411322503772
AverageParticleSpeed,Humidity,RainIntensity,SnowDepthIntensity,Temperature,VolumeEquivalentDiameter,-0.17204188827870887,0.029598411322503744
KineticEnergy,Pressure,RainIntensity,SnowDepthIntensity,Temperature,WindSpeed,-0.1720115749573192,0.02958798191929744
AverageParticleSpeed,Humidity,KineticEnergy,RadarReflectivity,RainAbsolute,RainRate,0.17197596213429922,0.02957573155201792
AverageParticleSpeed,Humidity,KineticEnergy,RadarReflectivity,RainAccumulated,RainRate,0.17197596213429922,0.02957573155201792
Humidity,KineticEnergy,RadarReflectivity,RainAbsolute,RainRate,VolumeEquivalentDiameter,0.17197596213429922,0.02957573155201792
Humidity,KineticEnergy,RadarReflectivity,RainAccumulated,RainRate,VolumeEquivalentDiameter,0.17197596213429922,0.02957573155201792
AverageParticleSpeed,Humidity,KineticEnergy,RadarReflectivity,RainAbsolute,VolumeEquivalentDiameter,0.1719759621342992,0.02957573155201791
AverageParticleSpeed,Humidity,KineticEnergy,RadarReflectivity,RainAccumulated,VolumeEquivalentDiameter,0.1719759621342992,0.02957573155201791
AverageParticleSpeed,Humidity,Pressure,RadarReflectivity,RainAbsolute,RainIntensity,0.17195619590503286,0.02956893331013004
AverageParticleSpeed,Humidity,Pressure,RadarReflectivity,RainAccumulated,RainIntensity,0.17195619590503286,0.02956893331013004
Humidity,Pressure,RadarReflectivity,RainAbsolute,RainIntensity,VolumeEquivalentDiameter,0.17195619590503286,0.02956893331013004
Humidity,Pressure,RadarReflectivity,RainAccumulated,RainIntensity,VolumeEquivalentDiameter,0.17195619590503286,0.02956893331013004
Humidity,Pressure,RadarReflectivity,RainAbsolute,RainIntensity,RainRate,0.1719561959050328,0.02956893331013002
Humidity,Pressure,RadarReflectivity,RainAccumulated,RainIntensity,RainRate,0.1719561959050328,0.02956893331013002
Humidity,KineticEnergy,Pressure,RainIntensity,SnowDepthIntensity,Temperature,-0.1718041545931209,0.029516667535456984
AverageParticleSpeed,KineticEnergy,SnowDepthIntensity,Temperature,VolumeEquivalentDiameter,WindSpeed,-0.17174893897816076,0.02949769804012399
AverageParticleSpeed,KineticEnergy,RainRate,SnowDepthIntensity,Temperature,WindSpeed,-0.17174893897816074,0.02949769804012398
KineticEnergy,RainRate,SnowDepthIntensity,Temperature,VolumeEquivalentDiameter,WindSpeed,-0.17174893897816074,0.02949769804012398
KineticEnergy,ParticlesDetected,RainAbsolute,SnowDepthIntensity,Temperature,WindSpeed,0.171618018048605,0.02945274411893131
KineticEnergy,ParticlesDetected,RainAccumulated,SnowDepthIntensity,Temperature,WindSpeed,0.171618018048605,0.02945274411893131
AverageParticleSpeed,Humidity,KineticEnergy,SnowDepthIntensity,Temperature,VolumeEquivalentDiameter,-0.17124301510002857,0.02932417022054861
AverageParticleSpeed,Humidity,KineticEnergy,RainRate,SnowDepthIntensity,Temperature,-0.1712430151000284,0.029324170220548555
Humidity,KineticEnergy,RainRate,SnowDepthIntensity,Temperature,VolumeEquivalentDiameter,-0.1712430151000284,0.029324170220548555
Humidity,KineticEnergy,Pressure,RadarReflectivity,RainAbsolute,RainRate,0.1711980540045242,0.029308773694935987
Humidity,KineticEnergy,Pressure,RadarReflectivity,RainAccumulated,RainRate,0.1711980540045242,0.029308773694935987
AverageParticleSpeed,Humidity,KineticEnergy,Pressure,RadarReflectivity,RainAbsolute,0.17119805400452412,0.029308773694935956
AverageParticleSpeed,Humidity,KineticEnergy,Pressure,RadarReflectivity,RainAccumulated,0.17119805400452412,0.029308773694935956
Humidity,KineticEnergy,Pressure,RadarReflectivity,RainAbsolute,VolumeEquivalentDiameter,0.17119805400452412,0.029308773694935956
Humidity,KineticEnergy,Pressure,RadarReflectivity,RainAccumulated,VolumeEquivalentDiameter,0.17119805400452412,0.029308773694935956
Humidity,KineticEnergy,RadarReflectivity,RainAbsolute,RainIntensity,RainRate,0.17000084188609316,0.028900286241980447
Humidity,KineticEnergy,RadarReflectivity,RainAccumulated,RainIntensity,RainRate,0.17000084188609316,0.028900286241980447
AverageParticleSpeed,Humidity,KineticEnergy,RadarReflectivity,RainAbsolute,RainIntensity,0.17000084188609296,0.02890028624198038
AverageParticleSpeed,Humidity,KineticEnergy,RadarReflectivity,RainAccumulated,RainIntensity,0.17000084188609296,0.02890028624198038
Humidity,KineticEnergy,RadarReflectivity,RainAbsolute,RainIntensity,VolumeEquivalentDiameter,0.17000084188609296,0.02890028624198038
Humidity,KineticEnergy,RadarReflectivity,RainAccumulated,RainIntensity,VolumeEquivalentDiameter,0.17000084188609296,0.02890028624198038
AverageParticleSpeed,Humidity,KineticEnergy,RainIntensity,SnowDepthIntensity,Temperature,-0.1696061218697017,0.028766236575680105
Humidity,KineticEnergy,RainIntensity,SnowDepthIntensity,Temperature,VolumeEquivalentDiameter,-0.1696061218697017,0.028766236575680105
Humidity,KineticEnergy,RainIntensity,RainRate,SnowDepthIntensity,Temperature,-0.16960612186970164,0.028766236575680088
Humidity,KineticEnergy,Pressure,RadarReflectivity,RainAbsolute,RainIntensity,0.16922328996409117,0.02863652186627088
Humidity,KineticEnergy,Pressure,RadarReflectivity,RainAccumulated,RainIntensity,0.16922328996409117,0.02863652186627088
KineticEnergy,RainIntensity,RainRate,SnowDepthIntensity,Temperature,WindSpeed,-0.16898969805068412,0.02855751804726139
AverageParticleSpeed,KineticEnergy,RainIntensity,SnowDepthIntensity,Temperature,WindSpeed,-0.16898969805068406,0.028557518047261372
KineticEnergy,RainIntensity,SnowDepthIntensity,Temperature,VolumeEquivalentDiameter,WindSpeed,-0.16898969805068406,0.028557518047261372
Humidity,RainAbsolute,RainAccumulated,RainRate,SnowDepthIntensity,WeatherCode4680,0.1671690359357756,0.02794548657569663
AverageParticleSpeed,Humidity,RainAbsolute,RainAccumulated,SnowDepthIntensity,WeatherCode4680,0.16716903593577506,0.027945486575696454
Humidity,RainAbsolute,RainAccumulated,SnowDepthIntensity,VolumeEquivalentDiameter,WeatherCode4680,0.16716903593577506,0.027945486575696454
AverageParticleSpeed,RadarReflectivity,RainAbsolute,RainAccumulated,VolumeEquivalentDiameter,WeatherCode4680,0.1671667292150803,0.027944715356467982
AverageParticleSpeed,RadarReflectivity,RainAbsolute,RainAccumulated,RainRate,WeatherCode4680,0.16716672921508016,0.027944715356467937
RadarReflectivity,RainAbsolute,RainAccumulated,RainRate,VolumeEquivalentDiameter,WeatherCode4680,0.16716672921508016,0.027944715356467937
Pressure,RadarReflectivity,RainAbsolute,RainAccumulated,RainRate,WeatherCode4680,0.16685622528071345,0.027840999914928197
AverageParticleSpeed,Pressure,RadarReflectivity,RainAbsolute,RainAccumulated,WeatherCode4680,0.16685622528071342,0.02784099991492819
Pressure,RadarReflectivity,RainAbsolute,RainAccumulated,VolumeEquivalentDiameter,WeatherCode4680,0.16685622528071342,0.02784099991492819
Humidity,Pressure,RainAbsolute,RainAccumulated,SnowDepthIntensity,WeatherCode4680,0.16682374910728195,0.027830163266209358
RadarReflectivity,RainAbsolute,RainAccumulated,RainIntensity,RainRate,WeatherCode4680,0.16643471292132145,0.027700513665202684
AverageParticleSpeed,RadarReflectivity,RainAbsolute,RainAccumulated,RainIntensity,WeatherCode4680,0.166434712921321,0.02770051366520254
RadarReflectivity,RainAbsolute,RainAccumulated,RainIntensity,VolumeEquivalentDiameter,WeatherCode4680,0.166434712921321,0.02770051366520254
AverageParticleSpeed,Pressure,RainRate,SnowDepthIntensity,VolumeEquivalentDiameter,WindSpeed,-0.16635641381128485,0.027674456416151447
Humidity,RainAbsolute,RainAccumulated,RainIntensity,SnowDepthIntensity,WeatherCode4680,0.16635311695872568,0.027673359521883465
AverageParticleSpeed,KineticEnergy,RadarReflectivity,RainAbsolute,RainAccumulated,WeatherCode4680,0.16617968077477335,0.027615686302405577
KineticEnergy,RadarReflectivity,RainAbsolute,RainAccumulated,VolumeEquivalentDiameter,WeatherCode4680,0.16617968077477335,0.027615686302405577
KineticEnergy,RadarReflectivity,RainAbsolute,RainAccumulated,RainRate,WeatherCode4680,0.16617968077477321,0.02761568630240553
Pressure,RadarReflectivity,RainAbsolute,RainAccumulated,RainIntensity,WeatherCode4680,0.1661244358732942,0.027597328194220238
Humidity,KineticEnergy,RainAbsolute,RainAccumulated,SnowDepthIntensity,WeatherCode4680,0.16608336021710499,0.027583682541004653
KineticEnergy,Pressure,RadarReflectivity,RainAbsolute,RainAccumulated,WeatherCode4680,0.16586951059737218,0.02751269454581176
KineticEnergy,RadarReflectivity,RainAbsolute,RainAccumulated,RainIntensity,WeatherCode4680,0.1654499168301044,0.027373674979088464
Humidity,RainAbsolute,RainAccumulated,RainRate,Temperature,WeatherCode4680,0.16481231542637778,0.027163099316203844
AverageParticleSpeed,Humidity,RainAbsolute,RainAccumulated,Temperature,WeatherCode4680,0.16481231542637764,0.0271630993162038
Humidity,RainAbsolute,RainAccumulated,Temperature,VolumeEquivalentDiameter,WeatherCode4680,0.16481231542637764,0.0271630993162038
AverageParticleSpeed,Pressure,RainIntensity,SnowDepthIntensity,VolumeEquivalentDiameter,WindSpeed,-0.16449958003822449,0.027060111832752223
AverageParticleSpeed,Pressure,RainIntensity,RainRate,SnowDepthIntensity,WindSpeed,-0.1644995800382244,0.027060111832752195
Pressure,RainIntensity,RainRate,SnowDepthIntensity,VolumeEquivalentDiameter,WindSpeed,-0.1644995800382244,0.027060111832752195
Humidity,Pressure,RainAbsolute,RainAccumulated,Temperature,WeatherCode4680,0.16446319066849763,0.027048141084862604
Humidity,RainAbsolute,RainAccumulated,RainIntensity,Temperature,WeatherCode4680,0.16401428402105156,0.02690068536293817
AverageParticleSpeed,ParticlesDetected,RainAbsolute,RainAccumulated,RainRate,WeatherCode4680,0.16381241903757388,0.026834508630941695
ParticlesDetected,RainAbsolute,RainAccumulated,RainRate,VolumeEquivalentDiameter,WeatherCode4680,0.16381241903757388,0.026834508630941695
AverageParticleSpeed,ParticlesDetected,RainAbsolute,RainAccumulated,VolumeEquivalentDiameter,WeatherCode4680,0.16381241903757385,0.026834508630941688
Humidity,KineticEnergy,RainAbsolute,RainAccumulated,Temperature,WeatherCode4680,0.1637487005430324,0.026813636929531696
ParticlesDetected,Pressure,RainAbsolute,RainAccumulated,RainRate,WeatherCode4680,0.1634996286970424,0.026732128584070734
AverageParticleSpeed,ParticlesDetected,Pressure,RainAbsolute,RainAccumulated,WeatherCode4680,0.16349962869704238,0.026732128584070723
ParticlesDetected,Pressure,RainAbsolute,RainAccumulated,VolumeEquivalentDiameter,WeatherCode4680,0.16349962869704238,0.026732128584070723
ParticlesDetected,RainAbsolute,RainAccumulated,RainIntensity,RainRate,WeatherCode4680,0.1630662246076033,0.02659059360777733
AverageParticleSpeed,ParticlesDetected,RainAbsolute,RainAccumulated,RainIntensity,WeatherCode4680,0.1630662246076031,0.026590593607777258
ParticlesDetected,RainAbsolute,RainAccumulated,RainIntensity,VolumeEquivalentDiameter,WeatherCode4680,0.1630662246076031,0.026590593607777258
AverageParticleSpeed,KineticEnergy,Pressure,RainRate,SnowDepthIntensity,WindSpeed,-0.16304924657561343,0.02658505680887519
KineticEnergy,Pressure,RainRate,SnowDepthIntensity,VolumeEquivalentDiameter,WindSpeed,-0.16304924657561343,0.02658505680887519
AverageParticleSpeed,KineticEnergy,Pressure,SnowDepthIntensity,VolumeEquivalentDiameter,WindSpeed,-0.16304924657561323,0.026585056808875122
Humidity,RainAbsolute,RainAccumulated,RainRate,WeatherCode4680,WindSpeed,0.16296837408593606,0.026558690952213596
AverageParticleSpeed,Humidity,RainAbsolute,RainAccumulated,WeatherCode4680,WindSpeed,0.16296837408593598,0.02655869095221357
Humidity,RainAbsolute,RainAccumulated,VolumeEquivalentDiameter,WeatherCode4680,WindSpeed,0.16296837408593598,0.02655869095221357
AverageParticleSpeed,KineticEnergy,ParticlesDetected,RainAbsolute,RainAccumulated,WeatherCode4680,0.16280013908451876,0.026503885285938653
KineticEnergy,ParticlesDetected,RainAbsolute,RainAccumulated,VolumeEquivalentDiameter,WeatherCode4680,0.16280013908451876,0.026503885285938653
KineticEnergy,ParticlesDetected,RainAbsolute,RainAccumulated,RainRate,WeatherCode4680,0.16280013908451854,0.026503885285938583
ParticlesDetected,Pressure,RainAbsolute,RainAccumulated,RainIntensity,WeatherCode4680,0.16275370444047474,0.026488768309097407
Humidity,Pressure,RainAbsolute,RainAccumulated,WeatherCode4680,WindSpeed,0.16259548357236708,0.026437291278131894
KineticEnergy,ParticlesDetected,Pressure,RainAbsolute,RainAccumulated,WeatherCode4680,0.16248774595947918,0.026402267586992243
AverageParticleSpeed,Humidity,ParticlesDetected,RainAbsolute,RainRate,VolumeEquivalentDiameter,0.1622766070119634,0.026333697183315206
AverageParticleSpeed,Humidity,ParticlesDetected,RainAccumulated,RainRate,VolumeEquivalentDiameter,0.1622766070119634,0.026333697183315206
Humidity,RainAbsolute,RainAccumulated,RainIntensity,WeatherCode4680,WindSpeed,0.1621283627525506,0.026285606008822637
KineticEnergy,ParticlesDetected,RainAbsolute,RainAccumulated,RainIntensity,WeatherCode4680,0.1620570608342503,0.026262490966235907
Humidity,KineticEnergy,RainAbsolute,RainAccumulated,WeatherCode4680,WindSpeed,0.1618472360340618,0.026194527811865306
AverageParticleSpeed,Humidity,ParticlesDetected,Pressure,RainAbsolute,RainRate,0.16148189805936125,0.02607640340085394
AverageParticleSpeed,Humidity,ParticlesDetected,Pressure,RainAbsolute,VolumeEquivalentDiameter,0.16148189805936125,0.02607640340085394
AverageParticleSpeed,Humidity,ParticlesDetected,Pressure,RainAccumulated,RainRate,0.16148189805936125,0.02607640340085394
AverageParticleSpeed,Humidity,ParticlesDetected,Pressure,RainAccumulated,VolumeEquivalentDiameter,0.16148189805936125,0.02607640340085394
Humidity,ParticlesDetected,Pressure,RainAbsolute,RainRate,VolumeEquivalentDiameter,0.16148189805936125,0.02607640340085394
Humidity,ParticlesDetected,Pressure,RainAccumulated,RainRate,VolumeEquivalentDiameter,0.16148189805936125,0.02607640340085394
RadarReflectivity,RainAbsolute,RainAccumulated,RainRate,SnowDepthIntensity,WeatherCode4680,0.16087609307300618,0.025881117322434546
AverageParticleSpeed,RadarReflectivity,RainAbsolute,RainAccumulated,SnowDepthIntensity,WeatherCode4680,0.16087609307300582,0.025881117322434432
RadarReflectivity,RainAbsolute,RainAccumulated,SnowDepthIntensity,VolumeEquivalentDiameter,WeatherCode4680,0.16087609307300582,0.025881117322434432
AverageParticleSpeed,RainIntensity,RainRate,SnowDepthIntensity,VolumeEquivalentDiameter,WindSpeed,-0.160849994924233,0.02587272086712578
AverageParticleSpeed,KineticEnergy,Pressure,RainIntensity,SnowDepthIntensity,WindSpeed,-0.16074942652308338,0.025840378127500185
KineticEnergy,Pressure,RainIntensity,SnowDepthIntensity,VolumeEquivalentDiameter,WindSpeed,-0.16074942652308338,0.025840378127500185
KineticEnergy,Pressure,RainIntensity,RainRate,SnowDepthIntensity,WindSpeed,-0.16074942652308324,0.02584037812750014
Pressure,RadarReflectivity,RainAbsolute,RainAccumulated,SnowDepthIntensity,WeatherCode4680,0.16056735085210452,0.02578187415966283
AverageParticleSpeed,Humidity,ParticlesDetected,RainAbsolute,RainIntensity,VolumeEquivalentDiameter,0.1602893992249695,0.02569269150390165
AverageParticleSpeed,Humidity,ParticlesDetected,RainAccumulated,RainIntensity,VolumeEquivalentDiameter,0.1602893992249695,0.02569269150390165
AverageParticleSpeed,Humidity,ParticlesDetected,RainAbsolute,RainIntensity,RainRate,0.16028939922496901,0.025692691503901497
AverageParticleSpeed,Humidity,ParticlesDetected,RainAccumulated,RainIntensity,RainRate,0.16028939922496901,0.025692691503901497
Humidity,ParticlesDetected,RainAbsolute,RainIntensity,RainRate,VolumeEquivalentDiameter,0.16028939922496901,0.025692691503901497
Humidity,ParticlesDetected,RainAccumulated,RainIntensity,RainRate,VolumeEquivalentDiameter,0.16028939922496901,0.025692691503901497
RadarReflectivity,RainAbsolute,RainAccumulated,RainIntensity,SnowDepthIntensity,WeatherCode4680,0.1601709413323326,0.02565473044728553
KineticEnergy,RadarReflectivity,RainAbsolute,RainAccumulated,SnowDepthIntensity,WeatherCode4680,0.15992768144456682,0.025576863292234842
AverageParticleSpeed,Humidity,KineticEnergy,ParticlesDetected,RainAbsolute,VolumeEquivalentDiameter,0.1595040134659754,0.02544153031175406
AverageParticleSpeed,Humidity,KineticEnergy,ParticlesDetected,RainAccumulated,VolumeEquivalentDiameter,0.1595040134659754,0.02544153031175406
AverageParticleSpeed,Humidity,KineticEnergy,ParticlesDetected,RainAbsolute,RainRate,0.15950401346597506,0.025441530311753953
AverageParticleSpeed,Humidity,KineticEnergy,ParticlesDetected,RainAccumulated,RainRate,0.15950401346597506,0.025441530311753953
Humidity,KineticEnergy,ParticlesDetected,RainAbsolute,RainRate,VolumeEquivalentDiameter,0.15950401346597506,0.025441530311753953
Humidity,KineticEnergy,ParticlesDetected,RainAccumulated,RainRate,VolumeEquivalentDiameter,0.15950401346597506,0.025441530311753953
AverageParticleSpeed,Humidity,ParticlesDetected,Pressure,RainAbsolute,RainIntensity,0.15949589401164002,0.025438940206572308
AverageParticleSpeed,Humidity,ParticlesDetected,Pressure,RainAccumulated,RainIntensity,0.15949589401164002,0.025438940206572308
Humidity,ParticlesDetected,Pressure,RainAbsolute,RainIntensity,VolumeEquivalentDiameter,0.15949589401164002,0.025438940206572308
Humidity,ParticlesDetected,Pressure,RainAccumulated,RainIntensity,VolumeEquivalentDiameter,0.15949589401164002,0.025438940206572308
Humidity,ParticlesDetected,Pressure,RainAbsolute,RainIntensity,RainRate,0.1594958940116399,0.025438940206572273
Humidity,ParticlesDetected,Pressure,RainAccumulated,RainIntensity,RainRate,0.1594958940116399,0.025438940206572273
AverageParticleSpeed,KineticEnergy,RainRate,SnowDepthIntensity,VolumeEquivalentDiameter,WindSpeed,-0.1594199740518579,0.025414728126695044
RadarReflectivity,RainAbsolute,RainAccumulated,RainRate,Temperature,WeatherCode4680,0.15930171516764866,0.025377036455354662
AverageParticleSpeed,RadarReflectivity,RainAbsolute,RainAccumulated,Temperature,WeatherCode4680,0.1593017151676486,0.025377036455354645
RadarReflectivity,RainAbsolute,RainAccumulated,Temperature,VolumeEquivalentDiameter,WeatherCode4680,0.1593017151676486,0.025377036455354645
Pressure,RadarReflectivity,RainAbsolute,RainAccumulated,Temperature,WeatherCode4680,0.1589898737380388,0.02527777995123752
Humidity,KineticEnergy,ParticlesDetected,Pressure,RainAbsolute,RainRate,0.15871125321275845,0.025189261896364327
Humidity,KineticEnergy,ParticlesDetected,Pressure,RainAccumulated,RainRate,0.15871125321275845,0.025189261896364327
AverageParticleSpeed,Humidity,KineticEnergy,ParticlesDetected,Pressure,RainAbsolute,0.1587112532127584,0.02518926189636431
AverageParticleSpeed,Humidity,KineticEnergy,ParticlesDetected,Pressure,RainAccumulated,0.1587112532127584,0.02518926189636431
Humidity,KineticEnergy,ParticlesDetected,Pressure,RainAbsolute,VolumeEquivalentDiameter,0.1587112532127584,0.02518926189636431
Humidity,KineticEnergy,ParticlesDetected,Pressure,RainAccumulated,VolumeEquivalentDiameter,0.1587112532127584,0.02518926189636431
RadarReflectivity,RainAbsolute,RainAccumulated,RainIntensity,Temperature,WeatherCode4680,0.15860462445491322,0.025155426898484056
KineticEnergy,RadarReflectivity,RainAbsolute,RainAccumulated,Temperature,WeatherCode4680,0.1583626595061923,0.025078731925874197
Humidity,RainAbsolute,RainAccumulated,SnowDepthIntensity,Temperature,WeatherCode4680,0.15790480210858748,0.024933926528952172
AverageParticleSpeed,ParticlesDetected,RainAbsolute,RainAccumulated,SnowDepthIntensity,WeatherCode4680,0.15757294849424527,0.024829234097170073
ParticlesDetected,RainAbsolute,RainAccumulated,SnowDepthIntensity,VolumeEquivalentDiameter,WeatherCode4680,0.15757294849424527,0.024829234097170073
ParticlesDetected,RainAbsolute,RainAccumulated,RainRate,SnowDepthIntensity,WeatherCode4680,0.15757294849424522,0.024829234097170055
AverageParticleSpeed,Humidity,RadarReflectivity,RainAbsolute,SnowDepthIntensity,VolumeEquivalentDiameter,0.1575620999319064,0.024825815334952057
AverageParticleSpeed,Humidity,RadarReflectivity,RainAccumulated,SnowDepthIntensity,VolumeEquivalentDiameter,0.1575620999319064,0.024825815334952057
AverageParticleSpeed,Humidity,RadarReflectivity,RainAbsolute,RainRate,SnowDepthIntensity,0.15756209993190637,0.02482581533495205
AverageParticleSpeed,Humidity,RadarReflectivity,RainAccumulated,RainRate,SnowDepthIntensity,0.15756209993190637,0.02482581533495205
Humidity,RadarReflectivity,RainAbsolute,RainRate,SnowDepthIntensity,VolumeEquivalentDiameter,0.15756209993190637,0.02482581533495205
Humidity,RadarReflectivity,RainAccumulated,RainRate,SnowDepthIntensity,VolumeEquivalentDiameter,0.15756209993190637,0.02482581533495205
AverageParticleSpeed,Humidity,KineticEnergy,ParticlesDetected,RainAbsolute,RainIntensity,0.1575454933844094,0.024820582485736986
AverageParticleSpeed,Humidity,KineticEnergy,ParticlesDetected,RainAccumulated,RainIntensity,0.1575454933844094,0.024820582485736986
Humidity,KineticEnergy,ParticlesDetected,RainAbsolute,RainIntensity,RainRate,0.1575454933844094,0.024820582485736986
Humidity,KineticEnergy,ParticlesDetected,RainAbsolute,RainIntensity,VolumeEquivalentDiameter,0.1575454933844094,0.024820582485736986
Humidity,KineticEnergy,ParticlesDetected,RainAccumulated,RainIntensity,RainRate,0.1575454933844094,0.024820582485736986
Humidity,KineticEnergy,ParticlesDetected,RainAccumulated,RainIntensity,VolumeEquivalentDiameter,0.1575454933844094,0.024820582485736986
ParticlesDetected,Pressure,RainAbsolute,RainAccumulated,SnowDepthIntensity,WeatherCode4680,0.1572621890395341,0.024731396101506157
AverageParticleSpeed,KineticEnergy,RainIntensity,RainRate,SnowDepthIntensity,WindSpeed,-0.15717116048760685,0.024702773689021067
KineticEnergy,RainIntensity,RainRate,SnowDepthIntensity,VolumeEquivalentDiameter,WindSpeed,-0.15717116048760685,0.024702773689021067
AverageParticleSpeed,KineticEnergy,RainIntensity,SnowDepthIntensity,VolumeEquivalentDiameter,WindSpeed,-0.15717116048760651,0.024702773689020963
ParticlesDetected,RainAbsolute,RainAccumulated,RainIntensity,SnowDepthIntensity,WeatherCode4680,0.1568561658395921,0.02460385676189762
AverageParticleSpeed,Humidity,Pressure,RadarReflectivity,RainAbsolute,SnowDepthIntensity,0.15678779967178882,0.024582414125920982
AverageParticleSpeed,Humidity,Pressure,RadarReflectivity,RainAccumulated,SnowDepthIntensity,0.15678779967178882,0.024582414125920982
Humidity,Pressure,RadarReflectivity,RainAbsolute,SnowDepthIntensity,VolumeEquivalentDiameter,0.15678779967178882,0.024582414125920982
Humidity,Pressure,RadarReflectivity,RainAccumulated,SnowDepthIntensity,VolumeEquivalentDiameter,0.15678779967178882,0.024582414125920982
Humidity,Pressure,RadarReflectivity,RainAbsolute,RainRate,SnowDepthIntensity,0.1567877996717887,0.024582414125920948
Humidity,Pressure,RadarReflectivity,RainAccumulated,RainRate,SnowDepthIntensity,0.1567877996717887,0.024582414125920948
AverageParticleSpeed,RadarReflectivity,RainAbsolute,RainAccumulated,WeatherCode4680,WindSpeed,0.15675726183351024,0.024572839137539687
RadarReflectivity,RainAbsolute,RainAccumulated,VolumeEquivalentDiameter,WeatherCode4680,WindSpeed,0.15675726183351024,0.024572839137539687
RadarReflectivity,RainAbsolute,RainAccumulated,RainRate,WeatherCode4680,WindSpeed,0.15675726183350994,0.02457283913753959
Humidity,KineticEnergy,ParticlesDetected,Pressure,RainAbsolute,RainIntensity,0.15675416848881568,0.024571869338620014
Humidity,KineticEnergy,ParticlesDetected,Pressure,RainAccumulated,RainIntensity,0.15675416848881568,0.024571869338620014
KineticEnergy,ParticlesDetected,RainAbsolute,RainAccumulated,SnowDepthIntensity,WeatherCode4680,0.15660327275439254,0.024524585037386665
Pressure,RadarReflectivity,RainAbsolute,RainAccumulated,WeatherCode4680,WindSpeed,0.15642781812878545,0.024469662284532376
AverageParticleSpeed,ParticlesDetected,RainAbsolute,RainAccumulated,Temperature,WeatherCode4680,0.15605284338653097,0.024352489929021164
ParticlesDetected,RainAbsolute,RainAccumulated,Temperature,VolumeEquivalentDiameter,WeatherCode4680,0.15605284338653097,0.024352489929021164
ParticlesDetected,RainAbsolute,RainAccumulated,RainRate,Temperature,WeatherCode4680,0.1560528433865306,0.02435248992902105
RadarReflectivity,RainAbsolute,RainAccumulated,RainIntensity,WeatherCode4680,WindSpeed,0.15603740069785738,0.0243476704165437
KineticEnergy,RadarReflectivity,RainAbsolute,RainAccumulated,WeatherCode4680,WindSpeed,0.1557864061210912,0.024269404332125565
AverageParticleSpeed,Humidity,RadarReflectivity,RainAbsolute,RainIntensity,SnowDepthIntensity,0.15577017040605268,0.024264345988330688
AverageParticleSpeed,Humidity,RadarReflectivity,RainAccumulated,RainIntensity,SnowDepthIntensity,0.15577017040605268,0.024264345988330688
Humidity,RadarReflectivity,RainAbsolute,RainIntensity,SnowDepthIntensity,VolumeEquivalentDiameter,0.15577017040605268,0.024264345988330688
Humidity,RadarReflectivity,RainAccumulated,RainIntensity,SnowDepthIntensity,VolumeEquivalentDiameter,0.15577017040605268,0.024264345988330688
Humidity,RadarReflectivity,RainAbsolute,RainIntensity,RainRate,SnowDepthIntensity,0.1557701704060525,0.024264345988330636
Humidity,RadarReflectivity,RainAccumulated,RainIntensity,RainRate,SnowDepthIntensity,0.1557701704060525,0.024264345988330636
ParticlesDetected,Pressure,RainAbsolute,RainAccumulated,Temperature,WeatherCode4680,0.1557389219987681,0.024254611825338373
Humidity,RainAbsolute,RainAccumulated,SnowDepthIntensity,WeatherCode4680,WindSpeed,0.15572442294242556,0.024250095900751435
ParticlesDetected,RainAbsolute,RainAccumulated,RainIntensity,Temperature,WeatherCode4680,0.15534318213413248,0.024131504235558255
AverageParticleSpeed,Humidity,KineticEnergy,RadarReflectivity,RainAbsolute,SnowDepthIntensity,0.15511192889003603,0.024059710483987595
AverageParticleSpeed,Humidity,KineticEnergy,RadarReflectivity,RainAccumulated,SnowDepthIntensity,0.15511192889003603,0.024059710483987595
Humidity,KineticEnergy,RadarReflectivity,RainAbsolute,SnowDepthIntensity,VolumeEquivalentDiameter,0.15511192889003603,0.024059710483987595
Humidity,KineticEnergy,RadarReflectivity,RainAccumulated,SnowDepthIntensity,VolumeEquivalentDiameter,0.15511192889003603,0.024059710483987595
Humidity,KineticEnergy,RadarReflectivity,RainAbsolute,RainRate,SnowDepthIntensity,0.15511192889003533,0.02405971048398738
Humidity,KineticEnergy,RadarReflectivity,RainAccumulated,RainRate,SnowDepthIntensity,0.15511192889003533,0.02405971048398738
KineticEnergy,ParticlesDetected,RainAbsolute,RainAccumulated,Temperature,WeatherCode4680,0.15509126291732572,0.024053299833291054
Humidity,Pressure,RadarReflectivity,RainAbsolute,RainIntensity,SnowDepthIntensity,0.15499728831577553,0.024024159385243646
Humidity,Pressure,RadarReflectivity,RainAccumulated,RainIntensity,SnowDepthIntensity,0.15499728831577553,0.024024159385243646
Humidity,KineticEnergy,Pressure,RadarReflectivity,RainAbsolute,SnowDepthIntensity,0.15433979876072082,0.0238207734814998
Humidity,KineticEnergy,Pressure,RadarReflectivity,RainAccumulated,SnowDepthIntensity,0.15433979876072082,0.0238207734814998
AverageParticleSpeed,Humidity,ParticlesDetected,Pressure,VolumeEquivalentDiameter,WindSpeed,-0.15413873047670254,0.02375874823296955
AverageParticleSpeed,Humidity,ParticlesDetected,Pressure,RainRate,WindSpeed,-0.15413873047670235,0.023758748232969487
Humidity,ParticlesDetected,Pressure,RainRate,VolumeEquivalentDiameter,WindSpeed,-0.15413873047670235,0.023758748232969487
AverageParticleSpeed,Humidity,Pressure,RadarReflectivity,RainRate,WindSpeed,-0.15397331228953623,0.02370778089741105
Humidity,Pressure,RadarReflectivity,RainRate,VolumeEquivalentDiameter,WindSpeed,-0.15397331228953623,0.02370778089741105
AverageParticleSpeed,Humidity,Pressure,RadarReflectivity,VolumeEquivalentDiameter,WindSpeed,-0.1539733122895362,0.02370778089741104
AverageParticleSpeed,Humidity,ParticlesDetected,Pressure,Temperature,WindSpeed,-0.15358443889927678,0.023588179872005684
Humidity,ParticlesDetected,Pressure,Temperature,VolumeEquivalentDiameter,WindSpeed,-0.15358443889927678,0.023588179872005684
Humidity,ParticlesDetected,Pressure,RainRate,Temperature,WindSpeed,-0.15358443889927662,0.02358817987200563
Humidity,KineticEnergy,RadarReflectivity,RainAbsolute,RainIntensity,SnowDepthIntensity,0.15333916029841116,0.023512898081021832
Humidity,KineticEnergy,RadarReflectivity,RainAccumulated,RainIntensity,SnowDepthIntensity,0.15333916029841116,0.023512898081021832
Humidity,RainAbsolute,RainAccumulated,Temperature,WeatherCode4680,WindSpeed,0.15331825906273153,0.023506488562026858
RadarReflectivity,RainAbsolute,RainAccumulated,SnowDepthIntensity,Temperature,WeatherCode4680,0.15330255039214372,0.023501671956735762
ParticlesDetected,RainAbsolute,RainAccumulated,RainRate,WeatherCode4680,WindSpeed,0.1532791712560631,0.02349450434094552
AverageParticleSpeed,ParticlesDetected,RainAbsolute,RainAccumulated,WeatherCode4680,WindSpeed,0.15327917125606283,0.023494504340945438
ParticlesDetected,RainAbsolute,RainAccumulated,VolumeEquivalentDiameter,WeatherCode4680,WindSpeed,0.15327917125606283,0.023494504340945438
AverageParticleSpeed,ParticlesDetected,RadarReflectivity,RainAbsolute,RainRate,VolumeEquivalentDiameter,0.153153582134026,0.023456019720483848
AverageParticleSpeed,ParticlesDetected,RadarReflectivity,RainAccumulated,RainRate,VolumeEquivalentDiameter,0.153153582134026,0.023456019720483848
ParticlesDetected,Pressure,RainAbsolute,RainAccumulated,WeatherCode4680,WindSpeed,0.15294773325324296,0.02339300910730516
AverageParticleSpeed,Humidity,ParticlesDetected,RainRate,VolumeEquivalentDiameter,WindSpeed,-0.15283815403439027,0.02335950132864001
Humidity,ParticlesDetected,Pressure,RainIntensity,RainRate,WindSpeed,-0.15279166526705673,0.023345292975080312
AverageParticleSpeed,Humidity,ParticlesDetected,Pressure,RainIntensity,WindSpeed,-0.15279166526705668,0.023345292975080294
Humidity,ParticlesDetected,Pressure,RainIntensity,VolumeEquivalentDiameter,WindSpeed,-0.15279166526705668,0.023345292975080294
Humidity,Pressure,RadarReflectivity,RainIntensity,RainRate,WindSpeed,-0.15271782443476659,0.02332273390008819
AverageParticleSpeed,Humidity,Pressure,RadarReflectivity,RainIntensity,WindSpeed,-0.15271782443476653,0.023322733900088172
Humidity,Pressure,RadarReflectivity,RainIntensity,VolumeEquivalentDiameter,WindSpeed,-0.15271782443476653,0.023322733900088172
AverageParticleSpeed,Humidity,RadarReflectivity,RainRate,VolumeEquivalentDiameter,WindSpeed,-0.15258886423430393,0.023283361488314835
ParticlesDetected,RainAbsolute,RainAccumulated,RainIntensity,WeatherCode4680,WindSpeed,0.15254774619619252,0.02327081486953797
AverageParticleSpeed,ParticlesDetected,Pressure,RadarReflectivity,RainAbsolute,RainRate,0.15252961874976148,0.02326528459594759
AverageParticleSpeed,ParticlesDetected,Pressure,RadarReflectivity,RainAccumulated,RainRate,0.15252961874976148,0.02326528459594759
ParticlesDetected,Pressure,RadarReflectivity,RainAbsolute,RainRate,VolumeEquivalentDiameter,0.15252961874976148,0.02326528459594759
ParticlesDetected,Pressure,RadarReflectivity,RainAccumulated,RainRate,VolumeEquivalentDiameter,0.15252961874976148,0.02326528459594759
AverageParticleSpeed,ParticlesDetected,Pressure,RadarReflectivity,RainAbsolute,VolumeEquivalentDiameter,0.15252961874976123,0.023265284595947514
AverageParticleSpeed,ParticlesDetected,Pressure,RadarReflectivity,RainAccumulated,VolumeEquivalentDiameter,0.15252961874976123,0.023265284595947514
Humidity,Pressure,RadarReflectivity,RainRate,Temperature,WindSpeed,-0.15250771985925762,0.0232586046166698
AverageParticleSpeed,Humidity,Pressure,RadarReflectivity,Temperature,WindSpeed,-0.1525077198592575,0.02325860461666977
Humidity,Pressure,RadarReflectivity,Temperature,VolumeEquivalentDiameter,WindSpeed,-0.1525077198592575,0.02325860461666977
AverageParticleSpeed,Humidity,ParticlesDetected,RainRate,Temperature,WindSpeed,-0.15239696662039795,0.023224835435098685
Humidity,ParticlesDetected,RainRate,Temperature,VolumeEquivalentDiameter,WindSpeed,-0.15239696662039795,0.023224835435098685
AverageParticleSpeed,Humidity,ParticlesDetected,Temperature,VolumeEquivalentDiameter,WindSpeed,-0.15239696662039762,0.023224835435098585
Humidity,ParticlesDetected,Pressure,RainIntensity,Temperature,WindSpeed,-0.1523920671286882,0.023223342123754608
KineticEnergy,ParticlesDetected,RainAbsolute,RainAccumulated,WeatherCode4680,WindSpeed,0.1522869429327774,0.023191312987811
Humidity,KineticEnergy,ParticlesDetected,Pressure,RainRate,WindSpeed,-0.15201559366615716,0.0231087407176742
AverageParticleSpeed,Humidity,KineticEnergy,ParticlesDetected,Pressure,WindSpeed,-0.1520155936661571,0.023108740717674183
Humidity,KineticEnergy,ParticlesDetected,Pressure,VolumeEquivalentDiameter,WindSpeed,-0.1520155936661571,0.023108740717674183
AverageParticleSpeed,Humidity,KineticEnergy,Pressure,RadarReflectivity,WindSpeed,-0.15200753583512067,0.023106290950665492
Humidity,KineticEnergy,Pressure,RadarReflectivity,VolumeEquivalentDiameter,WindSpeed,-0.15200753583512067,0.023106290950665492
Humidity,KineticEnergy,Pressure,RadarReflectivity,RainRate,WindSpeed,-0.1520075358351206,0.023106290950665475
AverageParticleSpeed,Humidity,RadarReflectivity,RainAbsolute,Temperature,VolumeEquivalentDiameter,0.15197817576789782,0.023097365909738043
AverageParticleSpeed,Humidity,RadarReflectivity,RainAccumulated,Temperature,VolumeEquivalentDiameter,0.15197817576789782,0.023097365909738043
AverageParticleSpeed,Humidity,RadarReflectivity,RainAbsolute,RainRate,Temperature,0.15197817576789777,0.023097365909738026
AverageParticleSpeed,Humidity,RadarReflectivity,RainAccumulated,RainRate,Temperature,0.15197817576789777,0.023097365909738026
Humidity,RadarReflectivity,RainAbsolute,RainRate,Temperature,VolumeEquivalentDiameter,0.15197817576789777,0.023097365909738026
Humidity,RadarReflectivity,RainAccumulated,RainRate,Temperature,VolumeEquivalentDiameter,0.15197817576789777,0.023097365909738026
Humidity,KineticEnergy,ParticlesDetected,Pressure,Temperature,WindSpeed,-0.1517090100511196,0.023015623730690712
AverageParticleSpeed,ParticlesDetected,RadarReflectivity,RainAbsolute,RainIntensity,RainRate,0.15168739480466484,0.02300906574262626
AverageParticleSpeed,ParticlesDetected,RadarReflectivity,RainAccumulated,RainIntensity,RainRate,0.15168739480466484,0.02300906574262626
ParticlesDetected,RadarReflectivity,RainAbsolute,RainIntensity,RainRate,VolumeEquivalentDiameter,0.15168739480466484,0.02300906574262626
ParticlesDetected,RadarReflectivity,RainAccumulated,RainIntensity,RainRate,VolumeEquivalentDiameter,0.15168739480466484,0.02300906574262626
AverageParticleSpeed,ParticlesDetected,RadarReflectivity,RainAbsolute,RainIntensity,VolumeEquivalentDiameter,0.1516873948046648,0.023009065742626254
AverageParticleSpeed,ParticlesDetected,RadarReflectivity,RainAccumulated,RainIntensity,VolumeEquivalentDiameter,0.1516873948046648,0.023009065742626254
AverageParticleSpeed,Humidity,ParticlesDetected,RainIntensity,VolumeEquivalentDiameter,WindSpeed,-0.151505571275091,0.022953938127391684
AverageParticleSpeed,Humidity,ParticlesDetected,RainIntensity,RainRate,WindSpeed,-0.15150557127509084,0.022953938127391632
Humidity,ParticlesDetected,RainIntensity,RainRate,VolumeEquivalentDiameter,WindSpeed,-0.15150557127509084,0.022953938127391632
Humidity,Pressure,RadarReflectivity,RainIntensity,Temperature,WindSpeed,-0.15141987237344873,0.022927977749591502
AverageParticleSpeed,Humidity,RadarReflectivity,RainIntensity,VolumeEquivalentDiameter,WindSpeed,-0.15134837034383977,0.022906329205736077
AverageParticleSpeed,Humidity,RadarReflectivity,RainIntensity,RainRate,WindSpeed,-0.15134837034383958,0.022906329205736018
Humidity,RadarReflectivity,RainIntensity,RainRate,VolumeEquivalentDiameter,WindSpeed,-0.15134837034383958,0.022906329205736018
AverageParticleSpeed,Humidity,RadarReflectivity,Temperature,VolumeEquivalentDiameter,WindSpeed,-0.15125753749301948,0.022878842648452195
AverageParticleSpeed,Humidity,RadarReflectivity,RainRate,Temperature,WindSpeed,-0.15125753749301946,0.022878842648452188
Humidity,RadarReflectivity,RainRate,Temperature,VolumeEquivalentDiameter,WindSpeed,-0.15125753749301946,0.022878842648452188
Humidity,ParticlesDetected,RainIntensity,RainRate,Temperature,WindSpeed,-0.1512165009632539,0.022866430163569765
AverageParticleSpeed,Humidity,ParticlesDetected,RainIntensity,Temperature,WindSpeed,-0.1512165009632538,0.02286643016356974
Humidity,ParticlesDetected,RainIntensity,Temperature,VolumeEquivalentDiameter,WindSpeed,-0.1512165009632538,0.02286643016356974
AverageParticleSpeed,Humidity,Pressure,RadarReflectivity,RainAbsolute,Temperature,0.15118540003887934,0.022857025184915978
AverageParticleSpeed,Humidity,Pressure,RadarReflectivity,RainAccumulated,Temperature,0.15118540003887934,0.022857025184915978
Humidity,Pressure,RadarReflectivity,RainAbsolute,Temperature,VolumeEquivalentDiameter,0.15118540003887934,0.022857025184915978
Humidity,Pressure,RadarReflectivity,RainAccumulated,Temperature,VolumeEquivalentDiameter,0.15118540003887934,0.022857025184915978
Humidity,Pressure,RadarReflectivity,RainAbsolute,RainRate,Temperature,0.15118540003887926,0.022857025184915954
Humidity,Pressure,RadarReflectivity,RainAccumulated,RainRate,Temperature,0.15118540003887926,0.022857025184915954
AverageParticleSpeed,KineticEnergy,ParticlesDetected,RadarReflectivity,RainAbsolute,RainRate,0.15110032977991497,0.02283130965959906
AverageParticleSpeed,KineticEnergy,ParticlesDetected,RadarReflectivity,RainAccumulated,RainRate,0.15110032977991497,0.02283130965959906
KineticEnergy,ParticlesDetected,RadarReflectivity,RainAbsolute,RainRate,VolumeEquivalentDiameter,0.15110032977991497,0.02283130965959906
KineticEnergy,ParticlesDetected,RadarReflectivity,RainAccumulated,RainRate,VolumeEquivalentDiameter,0.15110032977991497,0.02283130965959906
AverageParticleSpeed,KineticEnergy,ParticlesDetected,RadarReflectivity,RainAbsolute,VolumeEquivalentDiameter,0.1511003297799143,0.02283130965959886
AverageParticleSpeed,KineticEnergy,ParticlesDetected,RadarReflectivity,RainAccumulated,VolumeEquivalentDiameter,0.1511003297799143,0.02283130965959886
ParticlesDetected,Pressure,RadarReflectivity,RainAbsolute,RainIntensity,RainRate,0.15106508944981978,0.02282066125048205
ParticlesDetected,Pressure,RadarReflectivity,RainAccumulated,RainIntensity,RainRate,0.15106508944981978,0.02282066125048205
AverageParticleSpeed,ParticlesDetected,Pressure,RadarReflectivity,RainAbsolute,RainIntensity,0.15106508944981975,0.022820661250482044
AverageParticleSpeed,ParticlesDetected,Pressure,RadarReflectivity,RainAccumulated,RainIntensity,0.15106508944981975,0.022820661250482044
ParticlesDetected,Pressure,RadarReflectivity,RainAbsolute,RainIntensity,VolumeEquivalentDiameter,0.15106508944981975,0.022820661250482044
ParticlesDetected,Pressure,RadarReflectivity,RainAccumulated,RainIntensity,VolumeEquivalentDiameter,0.15106508944981975,0.022820661250482044
Humidity,KineticEnergy,Pressure,RadarReflectivity,Temperature,WindSpeed,-0.15080572708208498,0.0227423673207563
Humidity,KineticEnergy,Pressure,RadarReflectivity,RainIntensity,WindSpeed,-0.1507637299185948,0.022729702258966995
AverageParticleSpeed,Humidity,KineticEnergy,ParticlesDetected,RainRate,WindSpeed,-0.1507363248011934,0.02272143961457087
Humidity,KineticEnergy,ParticlesDetected,RainRate,VolumeEquivalentDiameter,WindSpeed,-0.1507363248011934,0.02272143961457087
AverageParticleSpeed,Humidity,KineticEnergy,ParticlesDetected,VolumeEquivalentDiameter,WindSpeed,-0.15073632480119337,0.022721439614570862
Humidity,KineticEnergy,ParticlesDetected,Pressure,RainIntensity,WindSpeed,-0.15069518849076907,0.02270903983426842
AverageParticleSpeed,Humidity,KineticEnergy,RadarReflectivity,RainRate,WindSpeed,-0.15064488524161965,0.022693881449460752
Humidity,KineticEnergy,RadarReflectivity,RainRate,VolumeEquivalentDiameter,WindSpeed,-0.15064488524161965,0.022693881449460752
AverageParticleSpeed,Humidity,KineticEnergy,RadarReflectivity,VolumeEquivalentDiameter,WindSpeed,-0.15064488524161954,0.02269388144946072
RadarReflectivity,RainAbsolute,RainAccumulated,SnowDepthIntensity,WeatherCode4680,WindSpeed,0.15057839380765858,0.022673852681694313
Humidity,KineticEnergy,ParticlesDetected,RainRate,Temperature,WindSpeed,-0.1505390006598681,0.02266199071967177
AverageParticleSpeed,Humidity,KineticEnergy,ParticlesDetected,Temperature,WindSpeed,-0.15053900065986806,0.022661990719671756
Humidity,KineticEnergy,ParticlesDetected,Temperature,VolumeEquivalentDiameter,WindSpeed,-0.15053900065986806,0.022661990719671756
KineticEnergy,ParticlesDetected,Pressure,RadarReflectivity,RainAbsolute,RainRate,0.1504788723771274,0.022643891031891794
KineticEnergy,ParticlesDetected,Pressure,RadarReflectivity,RainAccumulated,RainRate,0.1504788723771274,0.022643891031891794
AverageParticleSpeed,KineticEnergy,ParticlesDetected,Pressure,RadarReflectivity,RainAbsolute,0.15047887237712715,0.02264389103189172
AverageParticleSpeed,KineticEnergy,ParticlesDetected,Pressure,RadarReflectivity,RainAccumulated,0.15047887237712715,0.02264389103189172
KineticEnergy,ParticlesDetected,Pressure,RadarReflectivity,RainAbsolute,VolumeEquivalentDiameter,0.15047887237712715,0.02264389103189172
KineticEnergy,ParticlesDetected,Pressure,RadarReflectivity,RainAccumulated,VolumeEquivalentDiameter,0.15047887237712715,0.02264389103189172
AverageParticleSpeed,Humidity,RadarReflectivity,RainAbsolute,RainIntensity,Temperature,0.15027837411971706,0.022583589728065647
AverageParticleSpeed,Humidity,RadarReflectivity,RainAccumulated,RainIntensity,Temperature,0.15027837411971706,0.022583589728065647
Humidity,RadarReflectivity,RainAbsolute,RainIntensity,Temperature,VolumeEquivalentDiameter,0.15027837411971706,0.022583589728065647
Humidity,RadarReflectivity,RainAccumulated,RainIntensity,Temperature,VolumeEquivalentDiameter,0.15027837411971706,0.022583589728065647
Humidity,RadarReflectivity,RainAbsolute,RainIntensity,RainRate,Temperature,0.15027837411971698,0.022583589728065623
Humidity,RadarReflectivity,RainAccumulated,RainIntensity,RainRate,Temperature,0.15027837411971698,0.022583589728065623
Humidity,RadarReflectivity,RainIntensity,RainRate,Temperature,WindSpeed,-0.1501817609082966,0.022554561309516767
AverageParticleSpeed,Humidity,RadarReflectivity,RainIntensity,Temperature,WindSpeed,-0.15018176090829657,0.022554561309516757
Humidity,RadarReflectivity,RainIntensity,Temperature,VolumeEquivalentDiameter,WindSpeed,-0.15018176090829657,0.022554561309516757
ParticlesDetected,RainAbsolute,RainAccumulated,SnowDepthIntensity,Temperature,WeatherCode4680,0.15010381033129983,0.022531153875974833
AverageParticleSpeed,KineticEnergy,ParticlesDetected,RadarReflectivity,RainAbsolute,RainIntensity,0.1496537901825336,0.02239625691599779
AverageParticleSpeed,KineticEnergy,ParticlesDetected,RadarReflectivity,RainAccumulated,RainIntensity,0.1496537901825336,0.02239625691599779
KineticEnergy,ParticlesDetected,RadarReflectivity,RainAbsolute,RainIntensity,RainRate,0.1496537901825336,0.02239625691599779
KineticEnergy,ParticlesDetected,RadarReflectivity,RainAbsolute,RainIntensity,VolumeEquivalentDiameter,0.1496537901825336,0.02239625691599779
KineticEnergy,ParticlesDetected,RadarReflectivity,RainAccumulated,RainIntensity,RainRate,0.1496537901825336,0.02239625691599779
KineticEnergy,ParticlesDetected,RadarReflectivity,RainAccumulated,RainIntensity,VolumeEquivalentDiameter,0.1496537901825336,0.02239625691599779
Humidity,KineticEnergy,RadarReflectivity,RainAbsolute,RainRate,Temperature,0.14964430787271474,0.022393418878703834
Humidity,KineticEnergy,RadarReflectivity,RainAccumulated,RainRate,Temperature,0.14964430787271474,0.022393418878703834
AverageParticleSpeed,Humidity,KineticEnergy,RadarReflectivity,RainAbsolute,Temperature,0.14964430787271468,0.022393418878703816
AverageParticleSpeed,Humidity,KineticEnergy,RadarReflectivity,RainAccumulated,Temperature,0.14964430787271468,0.022393418878703816
Humidity,KineticEnergy,RadarReflectivity,RainAbsolute,Temperature,VolumeEquivalentDiameter,0.14964430787271468,0.022393418878703816
Humidity,KineticEnergy,RadarReflectivity,RainAccumulated,Temperature,VolumeEquivalentDiameter,0.14964430787271468,0.022393418878703816
AverageParticleSpeed,Humidity,KineticEnergy,RadarReflectivity,Temperature,WindSpeed,-0.14957304515525002,0.022372095837014463
Humidity,KineticEnergy,RadarReflectivity,Temperature,VolumeEquivalentDiameter,WindSpeed,-0.14957304515525002,0.022372095837014463
Humidity,KineticEnergy,RadarReflectivity,RainRate,Temperature,WindSpeed,-0.14957304515524988,0.02237209583701442
Humidity,Pressure,RadarReflectivity,RainAbsolute,RainIntensity,Temperature,0.14948724648723044,0.02234643686233399
Humidity,Pressure,RadarReflectivity,RainAccumulated,RainIntensity,Temperature,0.14948724648723044,0.02234643686233399
Humidity,KineticEnergy,ParticlesDetected,RainIntensity,RainRate,WindSpeed,-0.14943016683028282,0.022329374758926154
AverageParticleSpeed,Humidity,KineticEnergy,ParticlesDetected,RainIntensity,WindSpeed,-0.14943016683028254,0.022329374758926074
Humidity,KineticEnergy,ParticlesDetected,RainIntensity,VolumeEquivalentDiameter,WindSpeed,-0.14943016683028254,0.022329374758926074
Humidity,KineticEnergy,RadarReflectivity,RainIntensity,RainRate,WindSpeed,-0.14941593477055873,0.022325121563359862
AverageParticleSpeed,Humidity,KineticEnergy,RadarReflectivity,RainIntensity,WindSpeed,-0.14941593477055848,0.022325121563359786
Humidity,KineticEnergy,RadarReflectivity,RainIntensity,VolumeEquivalentDiameter,WindSpeed,-0.14941593477055848,0.022325121563359786
Humidity,KineticEnergy,ParticlesDetected,RainIntensity,Temperature,WindSpeed,-0.1493774676462903,0.022313627840418508
KineticEnergy,ParticlesDetected,Pressure,RadarReflectivity,RainAbsolute,RainIntensity,0.1490340601110223,0.022211151073175808
KineticEnergy,ParticlesDetected,Pressure,RadarReflectivity,RainAccumulated,RainIntensity,0.1490340601110223,0.022211151073175808
RadarReflectivity,RainAbsolute,RainAccumulated,Temperature,WeatherCode4680,WindSpeed,0.14895114860388445,0.02218644467041647
Humidity,KineticEnergy,Pressure,RadarReflectivity,RainAbsolute,Temperature,0.1488540541896665,0.02215752944870017
Humidity,KineticEnergy,Pressure,RadarReflectivity,RainAccumulated,Temperature,0.1488540541896665,0.02215752944870017
Humidity,KineticEnergy,RadarReflectivity,RainIntensity,Temperature,WindSpeed,-0.14850378371353995,0.02205337377723785
Humidity,KineticEnergy,RadarReflectivity,RainAbsolute,RainIntensity,Temperature,0.1479595055566753,0.021892015284575832
Humidity,KineticEnergy,RadarReflectivity,RainAccumulated,RainIntensity,Temperature,0.1479595055566753,0.021892015284575832
ParticlesDetected,RainAbsolute,RainAccumulated,SnowDepthIntensity,WeatherCode4680,WindSpeed,0.1471666338180837,0.021658018109345936
AverageParticleSpeed,Humidity,RadarReflectivity,RainAbsolute,RainRate,WindSpeed,0.14684165562090132,0.02156247182548738
AverageParticleSpeed,Humidity,RadarReflectivity,RainAbsolute,VolumeEquivalentDiameter,WindSpeed,0.14684165562090132,0.02156247182548738
AverageParticleSpeed,Humidity,RadarReflectivity,RainAccumulated,RainRate,WindSpeed,0.14684165562090132,0.02156247182548738
AverageParticleSpeed,Humidity,RadarReflectivity,RainAccumulated,VolumeEquivalentDiameter,WindSpeed,0.14684165562090132,0.02156247182548738
Humidity,RadarReflectivity,RainAbsolute,RainRate,VolumeEquivalentDiameter,WindSpeed,0.14684165562090132,0.02156247182548738
Humidity,RadarReflectivity,RainAccumulated,RainRate,VolumeEquivalentDiameter,WindSpeed,0.14684165562090132,0.02156247182548738
AverageParticleSpeed,Humidity,ParticlesDetected,RainAbsolute,SnowDepthIntensity,VolumeEquivalentDiameter,0.14630438833954176,0.021404974047407443
AverageParticleSpeed,Humidity,ParticlesDetected,RainAccumulated,SnowDepthIntensity,VolumeEquivalentDiameter,0.14630438833954176,0.021404974047407443
AverageParticleSpeed,Humidity,ParticlesDetected,RainAbsolute,RainRate,SnowDepthIntensity,0.1463043883395416,0.021404974047407394
AverageParticleSpeed,Humidity,ParticlesDetected,RainAccumulated,RainRate,SnowDepthIntensity,0.1463043883395416,0.021404974047407394
Humidity,ParticlesDetected,RainAbsolute,RainRate,SnowDepthIntensity,VolumeEquivalentDiameter,0.1463043883395416,0.021404974047407394
Humidity,ParticlesDetected,RainAccumulated,RainRate,SnowDepthIntensity,VolumeEquivalentDiameter,0.1463043883395416,0.021404974047407394
Humidity,Pressure,RadarReflectivity,RainAbsolute,RainRate,WindSpeed,0.1459196103443503,0.021292532683047025
Humidity,Pressure,RadarReflectivity,RainAccumulated,RainRate,WindSpeed,0.1459196103443503,0.021292532683047025
AverageParticleSpeed,Humidity,Pressure,RadarReflectivity,RainAbsolute,WindSpeed,0.14591961034435016,0.021292532683046983
AverageParticleSpeed,Humidity,Pressure,RadarReflectivity,RainAccumulated,WindSpeed,0.14591961034435016,0.021292532683046983
Humidity,Pressure,RadarReflectivity,RainAbsolute,VolumeEquivalentDiameter,WindSpeed,0.14591961034435016,0.021292532683046983
Humidity,Pressure,RadarReflectivity,RainAccumulated,VolumeEquivalentDiameter,WindSpeed,0.14591961034435016,0.021292532683046983
ParticlesDetected,RainAbsolute,RainAccumulated,Temperature,WeatherCode4680,WindSpeed,0.14558935455799532,0.021196260160613673
AverageParticleSpeed,Humidity,ParticlesDetected,Pressure,RainAbsolute,SnowDepthIntensity,0.14552103884804682,0.02117637274741475
AverageParticleSpeed,Humidity,ParticlesDetected,Pressure,RainAccumulated,SnowDepthIntensity,0.14552103884804682,0.02117637274741475
Humidity,ParticlesDetected,Pressure,RainAbsolute,SnowDepthIntensity,VolumeEquivalentDiameter,0.14552103884804682,0.02117637274741475
Humidity,ParticlesDetected,Pressure,RainAccumulated,SnowDepthIntensity,VolumeEquivalentDiameter,0.14552103884804682,0.02117637274741475
Humidity,ParticlesDetected,Pressure,RainAbsolute,RainRate,SnowDepthIntensity,0.1455210388480467,0.02117637274741472
Humidity,ParticlesDetected,Pressure,RainAccumulated,RainRate,SnowDepthIntensity,0.1455210388480467,0.02117637274741472
Humidity,ParticlesDetected,Pressure,SnowDepthIntensity,Temperature,WindSpeed,-0.14547772221666638,0.021163767661349548
Humidity,ParticlesDetected,Pressure,RainRate,SnowDepthIntensity,WindSpeed,-0.14511102539507795,0.021057209691210957
AverageParticleSpeed,Humidity,ParticlesDetected,Pressure,SnowDepthIntensity,WindSpeed,-0.1451110253950779,0.02105720969121094
Humidity,ParticlesDetected,Pressure,SnowDepthIntensity,VolumeEquivalentDiameter,WindSpeed,-0.1451110253950779,0.02105720969121094
Humidity,RadarReflectivity,RainAbsolute,RainIntensity,RainRate,WindSpeed,0.14492674946458112,0.021003762710369463
Humidity,RadarReflectivity,RainAccumulated,RainIntensity,RainRate,WindSpeed,0.14492674946458112,0.021003762710369463
AverageParticleSpeed,Humidity,RadarReflectivity,RainAbsolute,RainIntensity,WindSpeed,0.144926749464581,0.021003762710369432
AverageParticleSpeed,Humidity,RadarReflectivity,RainAccumulated,RainIntensity,WindSpeed,0.144926749464581,0.021003762710369432
Humidity,RadarReflectivity,RainAbsolute,RainIntensity,VolumeEquivalentDiameter,WindSpeed,0.144926749464581,0.021003762710369432
Humidity,RadarReflectivity,RainAccumulated,RainIntensity,VolumeEquivalentDiameter,WindSpeed,0.144926749464581,0.021003762710369432
AverageParticleSpeed,Humidity,ParticlesDetected,RainAbsolute,RainIntensity,SnowDepthIntensity,0.14453498701882153,0.02089036247253091
AverageParticleSpeed,Humidity,ParticlesDetected,RainAccumulated,RainIntensity,SnowDepthIntensity,0.14453498701882153,0.02089036247253091
Humidity,ParticlesDetected,RainAbsolute,RainIntensity,SnowDepthIntensity,VolumeEquivalentDiameter,0.14453498701882153,0.02089036247253091
Humidity,ParticlesDetected,RainAccumulated,RainIntensity,SnowDepthIntensity,VolumeEquivalentDiameter,0.14453498701882153,0.02089036247253091
Humidity,ParticlesDetected,RainAbsolute,RainIntensity,RainRate,SnowDepthIntensity,0.14453498701882136,0.02089036247253086
Humidity,ParticlesDetected,RainAccumulated,RainIntensity,RainRate,SnowDepthIntensity,0.14453498701882136,0.02089036247253086
AverageParticleSpeed,Humidity,ParticlesDetected,SnowDepthIntensity,Temperature,WindSpeed,-0.1443819555615382,0.020846149091773996
Humidity,ParticlesDetected,SnowDepthIntensity,Temperature,VolumeEquivalentDiameter,WindSpeed,-0.1443819555615382,0.020846149091773996
Humidity,ParticlesDetected,RainRate,SnowDepthIntensity,Temperature,WindSpeed,-0.14438195556153813,0.02084614909177397
AverageParticleSpeed,Humidity,Pressure,RadarReflectivity,SnowDepthIntensity,WindSpeed,-0.14424115191101433,0.020805509904616312
Humidity,Pressure,RadarReflectivity,SnowDepthIntensity,VolumeEquivalentDiameter,WindSpeed,-0.14424115191101433,0.020805509904616312
Humidity,Pressure,RadarReflectivity,RainRate,SnowDepthIntensity,WindSpeed,-0.1442411519110143,0.020805509904616305
Humidity,KineticEnergy,RadarReflectivity,RainAbsolute,RainRate,WindSpeed,0.14420019373778678,0.020793695874015243
Humidity,KineticEnergy,RadarReflectivity,RainAccumulated,RainRate,WindSpeed,0.14420019373778678,0.020793695874015243
AverageParticleSpeed,Humidity,KineticEnergy,RadarReflectivity,RainAbsolute,WindSpeed,0.14420019373778664,0.0207936958740152
AverageParticleSpeed,Humidity,KineticEnergy,RadarReflectivity,RainAccumulated,WindSpeed,0.14420019373778664,0.0207936958740152
Humidity,KineticEnergy,RadarReflectivity,RainAbsolute,VolumeEquivalentDiameter,WindSpeed,0.14420019373778664,0.0207936958740152
Humidity,KineticEnergy,RadarReflectivity,RainAccumulated,VolumeEquivalentDiameter,WindSpeed,0.14420019373778664,0.0207936958740152
Humidity,Pressure,RadarReflectivity,SnowDepthIntensity,Temperature,WindSpeed,-0.14402376438605954,0.020742844707931193
Humidity,Pressure,RadarReflectivity,RainAbsolute,RainIntensity,WindSpeed,0.1440079310614763,0.020738284208606912
Humidity,Pressure,RadarReflectivity,RainAccumulated,RainIntensity,WindSpeed,0.1440079310614763,0.020738284208606912
Humidity,ParticlesDetected,Pressure,RainIntensity,SnowDepthIntensity,WindSpeed,-0.14394158773051663,0.020719180678382014
AverageParticleSpeed,Humidity,ParticlesDetected,RainRate,SnowDepthIntensity,WindSpeed,-0.1439206291140733,0.020713147484590643
Humidity,ParticlesDetected,RainRate,SnowDepthIntensity,VolumeEquivalentDiameter,WindSpeed,-0.1439206291140733,0.020713147484590643
AverageParticleSpeed,Humidity,ParticlesDetected,SnowDepthIntensity,VolumeEquivalentDiameter,WindSpeed,-0.14392062911407286,0.020713147484590515
AverageParticleSpeed,Humidity,KineticEnergy,ParticlesDetected,RainAbsolute,SnowDepthIntensity,0.14386105947658182,0.02069600443372461
AverageParticleSpeed,Humidity,KineticEnergy,ParticlesDetected,RainAccumulated,SnowDepthIntensity,0.14386105947658182,0.02069600443372461
Humidity,KineticEnergy,ParticlesDetected,RainAbsolute,SnowDepthIntensity,VolumeEquivalentDiameter,0.14386105947658182,0.02069600443372461
Humidity,KineticEnergy,ParticlesDetected,RainAccumulated,SnowDepthIntensity,VolumeEquivalentDiameter,0.14386105947658182,0.02069600443372461
Humidity,KineticEnergy,ParticlesDetected,RainAbsolute,RainRate,SnowDepthIntensity,0.1438610594765814,0.02069600443372449
Humidity,KineticEnergy,ParticlesDetected,RainAccumulated,RainRate,SnowDepthIntensity,0.1438610594765814,0.02069600443372449
Humidity,ParticlesDetected,Pressure,RainAbsolute,RainIntensity,SnowDepthIntensity,0.1437539328385077,0.020665193206538184
Humidity,ParticlesDetected,Pressure,RainAccumulated,RainIntensity,SnowDepthIntensity,0.1437539328385077,0.020665193206538184
Humidity,ParticlesDetected,RainIntensity,SnowDepthIntensity,Temperature,WindSpeed,-0.14333820584304655,0.020545841254303584
Humidity,KineticEnergy,ParticlesDetected,Pressure,SnowDepthIntensity,WindSpeed,-0.14329271124588108,0.020532801096195454
Humidity,KineticEnergy,Pressure,RadarReflectivity,RainAbsolute,WindSpeed,0.1432829937941691,0.020530016310619896
Humidity,KineticEnergy,Pressure,RadarReflectivity,RainAccumulated,WindSpeed,0.1432829937941691,0.020530016310619896
Humidity,Pressure,RadarReflectivity,RainIntensity,SnowDepthIntensity,WindSpeed,-0.1431500200474086,0.020491928239573482
Humidity,KineticEnergy,ParticlesDetected,Pressure,RainAbsolute,SnowDepthIntensity,0.14308116625181122,0.020472220135978443
Humidity,KineticEnergy,ParticlesDetected,Pressure,RainAccumulated,SnowDepthIntensity,0.14308116625181122,0.020472220135978443
AverageParticleSpeed,Humidity,RadarReflectivity,SnowDepthIntensity,VolumeEquivalentDiameter,WindSpeed,-0.14298277960939554,0.020444075264828977
AverageParticleSpeed,Humidity,RadarReflectivity,RainRate,SnowDepthIntensity,WindSpeed,-0.14298277960939518,0.020444075264828873
Humidity,RadarReflectivity,RainRate,SnowDepthIntensity,VolumeEquivalentDiameter,WindSpeed,-0.14298277960939518,0.020444075264828873
AverageParticleSpeed,Humidity,RadarReflectivity,SnowDepthIntensity,Temperature,WindSpeed,-0.14287575725568114,0.02041348201138432
Humidity,RadarReflectivity,SnowDepthIntensity,Temperature,VolumeEquivalentDiameter,WindSpeed,-0.14287575725568114,0.02041348201138432
Humidity,RadarReflectivity,RainRate,SnowDepthIntensity,Temperature,WindSpeed,-0.14287575725568102,0.02041348201138429
AverageParticleSpeed,Humidity,ParticlesDetected,RainIntensity,SnowDepthIntensity,WindSpeed,-0.14276388448754748,0.0203815267139738
Humidity,ParticlesDetected,RainIntensity,SnowDepthIntensity,VolumeEquivalentDiameter,WindSpeed,-0.14276388448754748,0.0203815267139738
Humidity,ParticlesDetected,RainIntensity,RainRate,SnowDepthIntensity,WindSpeed,-0.1427638844875474,0.020381526713973776
Humidity,KineticEnergy,ParticlesDetected,SnowDepthIntensity,Temperature,WindSpeed,-0.14276014429299777,0.020380458798557544
Humidity,KineticEnergy,Pressure,RadarReflectivity,SnowDepthIntensity,WindSpeed,-0.14255845851434726,0.020322914093986868
Humidity,KineticEnergy,RadarReflectivity,RainAbsolute,RainIntensity,WindSpeed,0.14230966665044076,0.02025204122215957
Humidity,KineticEnergy,RadarReflectivity,RainAccumulated,RainIntensity,WindSpeed,0.14230966665044076,0.02025204122215957
Humidity,KineticEnergy,ParticlesDetected,RainRate,SnowDepthIntensity,WindSpeed,-0.1421207461389279,0.020198306483085588
AverageParticleSpeed,Humidity,KineticEnergy,ParticlesDetected,SnowDepthIntensity,WindSpeed,-0.14212074613892767,0.020198306483085522
Humidity,KineticEnergy,ParticlesDetected,SnowDepthIntensity,VolumeEquivalentDiameter,WindSpeed,-0.14212074613892767,0.020198306483085522
Humidity,KineticEnergy,ParticlesDetected,RainAbsolute,RainIntensity,SnowDepthIntensity,0.14211926959823148,0.020197886791134805
Humidity,KineticEnergy,ParticlesDetected,RainAccumulated,RainIntensity,SnowDepthIntensity,0.14211926959823148,0.020197886791134805
Humidity,RadarReflectivity,RainIntensity,SnowDepthIntensity,Temperature,WindSpeed,-0.14191868770175028,0.020140913918986928
Humidity,RadarReflectivity,RainIntensity,RainRate,SnowDepthIntensity,WindSpeed,-0.14190477740545976,0.020136965850493082
AverageParticleSpeed,Humidity,RadarReflectivity,RainIntensity,SnowDepthIntensity,WindSpeed,-0.14190477740545962,0.020136965850493044
Humidity,RadarReflectivity,RainIntensity,SnowDepthIntensity,VolumeEquivalentDiameter,WindSpeed,-0.14190477740545962,0.020136965850493044
Humidity,KineticEnergy,RadarReflectivity,SnowDepthIntensity,Temperature,WindSpeed,-0.14139872482336716,0.019993599381674308
Humidity,KineticEnergy,RadarReflectivity,RainRate,SnowDepthIntensity,WindSpeed,-0.14131891576696282,0.01997103595354993
AverageParticleSpeed,Humidity,KineticEnergy,RadarReflectivity,SnowDepthIntensity,WindSpeed,-0.14131891576696262,0.019971035953549876
Humidity,KineticEnergy,RadarReflectivity,SnowDepthIntensity,VolumeEquivalentDiameter,WindSpeed,-0.14131891576696262,0.019971035953549876
AverageParticleSpeed,ParticlesDetected,RadarReflectivity,RainAbsolute,SnowDepthIntensity,VolumeEquivalentDiameter,0.14125790779209746,0.01995379651380071
AverageParticleSpeed,ParticlesDetected,RadarReflectivity,RainAccumulated,SnowDepthIntensity,VolumeEquivalentDiameter,0.14125790779209746,0.01995379651380071
AverageParticleSpeed,ParticlesDetected,RadarReflectivity,RainAbsolute,RainRate,SnowDepthIntensity,0.14125790779209665,0.01995379651380048
AverageParticleSpeed,ParticlesDetected,RadarReflectivity,RainAccumulated,RainRate,SnowDepthIntensity,0.14125790779209665,0.01995379651380048
ParticlesDetected,RadarReflectivity,RainAbsolute,RainRate,SnowDepthIntensity,VolumeEquivalentDiameter,0.14125790779209665,0.01995379651380048
ParticlesDetected,RadarReflectivity,RainAccumulated,RainRate,SnowDepthIntensity,VolumeEquivalentDiameter,0.14125790779209665,0.01995379651380048
AverageParticleSpeed,Humidity,ParticlesDetected,RainAbsolute,Temperature,VolumeEquivalentDiameter,0.14118248022581273,0.019932492722712
AverageParticleSpeed,Humidity,ParticlesDetected,RainAccumulated,Temperature,VolumeEquivalentDiameter,0.14118248022581273,0.019932492722712
AverageParticleSpeed,Humidity,ParticlesDetected,RainAbsolute,RainRate,Temperature,0.14118248022581256,0.019932492722711956
AverageParticleSpeed,Humidity,ParticlesDetected,RainAccumulated,RainRate,Temperature,0.14118248022581256,0.019932492722711956
Humidity,ParticlesDetected,RainAbsolute,RainRate,Temperature,VolumeEquivalentDiameter,0.14118248022581256,0.019932492722711956
Humidity,ParticlesDetected,RainAccumulated,RainRate,Temperature,VolumeEquivalentDiameter,0.14118248022581256,0.019932492722711956
Humidity,KineticEnergy,ParticlesDetected,RainIntensity,SnowDepthIntensity,WindSpeed,-0.1409870137541419,0.0198773380473106
AverageParticleSpeed,ParticlesDetected,Pressure,RadarReflectivity,RainAbsolute,SnowDepthIntensity,0.14064726063364677,0.019781651923748964
AverageParticleSpeed,ParticlesDetected,Pressure,RadarReflectivity,RainAccumulated,SnowDepthIntensity,0.14064726063364677,0.019781651923748964
ParticlesDetected,Pressure,RadarReflectivity,RainAbsolute,SnowDepthIntensity,VolumeEquivalentDiameter,0.14064726063364677,0.019781651923748964
ParticlesDetected,Pressure,RadarReflectivity,RainAccumulated,SnowDepthIntensity,VolumeEquivalentDiameter,0.14064726063364677,0.019781651923748964
ParticlesDetected,Pressure,RadarReflectivity,RainAbsolute,RainRate,SnowDepthIntensity,0.14064726063364652,0.019781651923748894
ParticlesDetected,Pressure,RadarReflectivity,RainAccumulated,RainRate,SnowDepthIntensity,0.14064726063364652,0.019781651923748894
AverageParticleSpeed,Humidity,ParticlesDetected,Pressure,RainAbsolute,Temperature,0.1403808360001479,0.019706779116100418
AverageParticleSpeed,Humidity,ParticlesDetected,Pressure,RainAccumulated,Temperature,0.1403808360001479,0.019706779116100418
Humidity,ParticlesDetected,Pressure,RainAbsolute,Temperature,VolumeEquivalentDiameter,0.1403808360001479,0.019706779116100418
Humidity,ParticlesDetected,Pressure,RainAccumulated,Temperature,VolumeEquivalentDiameter,0.1403808360001479,0.019706779116100418
Humidity,ParticlesDetected,Pressure,RainAbsolute,RainRate,Temperature,0.14038083600014786,0.01970677911610041
Humidity,ParticlesDetected,Pressure,RainAccumulated,RainRate,Temperature,0.14038083600014786,0.01970677911610041
Humidity,KineticEnergy,RadarReflectivity,RainIntensity,SnowDepthIntensity,WindSpeed,-0.14025339268964074,0.01967101416095457
ParticlesDetected,RadarReflectivity,RainAbsolute,RainIntensity,RainRate,SnowDepthIntensity,0.1399290158669978,0.01958012948150652
ParticlesDetected,RadarReflectivity,RainAccumulated,RainIntensity,RainRate,SnowDepthIntensity,0.1399290158669978,0.01958012948150652
AverageParticleSpeed,ParticlesDetected,RadarReflectivity,RainAbsolute,RainIntensity,SnowDepthIntensity,0.13992901586699727,0.019580129481506375
AverageParticleSpeed,ParticlesDetected,RadarReflectivity,RainAccumulated,RainIntensity,SnowDepthIntensity,0.13992901586699727,0.019580129481506375
ParticlesDetected,RadarReflectivity,RainAbsolute,RainIntensity,SnowDepthIntensity,VolumeEquivalentDiameter,0.13992901586699727,0.019580129481506375
ParticlesDetected,RadarReflectivity,RainAccumulated,RainIntensity,SnowDepthIntensity,VolumeEquivalentDiameter,0.13992901586699727,0.019580129481506375
AverageParticleSpeed,Humidity,ParticlesDetected,RainAbsolute,RainIntensity,Temperature,0.13948882322208914,0.019457131803883233
AverageParticleSpeed,Humidity,ParticlesDetected,RainAccumulated,RainIntensity,Temperature,0.13948882322208914,0.019457131803883233
Humidity,ParticlesDetected,RainAbsolute,RainIntensity,Temperature,VolumeEquivalentDiameter,0.13948882322208914,0.019457131803883233
Humidity,ParticlesDetected,RainAccumulated,RainIntensity,Temperature,VolumeEquivalentDiameter,0.13948882322208914,0.019457131803883233
Humidity,ParticlesDetected,RainAbsolute,RainIntensity,RainRate,Temperature,0.13948882322208894,0.019457131803883178
Humidity,ParticlesDetected,RainAccumulated,RainIntensity,RainRate,Temperature,0.13948882322208894,0.019457131803883178
KineticEnergy,ParticlesDetected,RadarReflectivity,RainAbsolute,RainRate,SnowDepthIntensity,0.13941173531772366,0.01943563194429904
KineticEnergy,ParticlesDetected,RadarReflectivity,RainAccumulated,RainRate,SnowDepthIntensity,0.13941173531772366,0.01943563194429904
AverageParticleSpeed,KineticEnergy,ParticlesDetected,RadarReflectivity,RainAbsolute,SnowDepthIntensity,0.13941173531772338,0.01943563194429896
AverageParticleSpeed,KineticEnergy,ParticlesDetected,RadarReflectivity,RainAccumulated,SnowDepthIntensity,0.13941173531772338,0.01943563194429896
KineticEnergy,ParticlesDetected,RadarReflectivity,RainAbsolute,SnowDepthIntensity,VolumeEquivalentDiameter,0.13941173531772338,0.01943563194429896
KineticEnergy,ParticlesDetected,RadarReflectivity,RainAccumulated,SnowDepthIntensity,VolumeEquivalentDiameter,0.13941173531772338,0.01943563194429896
ParticlesDetected,Pressure,RadarReflectivity,RainAbsolute,RainIntensity,SnowDepthIntensity,0.1393203336720039,0.0194101553744785
ParticlesDetected,Pressure,RadarReflectivity,RainAccumulated,RainIntensity,SnowDepthIntensity,0.1393203336720039,0.0194101553744785
AverageParticleSpeed,Humidity,KineticEnergy,ParticlesDetected,RainAbsolute,Temperature,0.13883455948352263,0.019275034906983783
AverageParticleSpeed,Humidity,KineticEnergy,ParticlesDetected,RainAccumulated,Temperature,0.13883455948352263,0.019275034906983783
Humidity,KineticEnergy,ParticlesDetected,RainAbsolute,Temperature,VolumeEquivalentDiameter,0.13883455948352263,0.019275034906983783
Humidity,KineticEnergy,ParticlesDetected,RainAccumulated,Temperature,VolumeEquivalentDiameter,0.13883455948352263,0.019275034906983783
Humidity,KineticEnergy,ParticlesDetected,RainAbsolute,RainRate,Temperature,0.1388345594835226,0.019275034906983776
Humidity,KineticEnergy,ParticlesDetected,RainAccumulated,RainRate,Temperature,0.1388345594835226,0.019275034906983776
AverageParticleSpeed,ParticlesDetected,RadarReflectivity,RainAbsolute,Temperature,VolumeEquivalentDiameter,0.1388235110946624,0.019271967232649855
AverageParticleSpeed,ParticlesDetected,RadarReflectivity,RainAccumulated,Temperature,VolumeEquivalentDiameter,0.1388235110946624,0.019271967232649855
AverageParticleSpeed,ParticlesDetected,RadarReflectivity,RainAbsolute,RainRate,Temperature,0.13882351109466223,0.019271967232649807
AverageParticleSpeed,ParticlesDetected,RadarReflectivity,RainAccumulated,RainRate,Temperature,0.13882351109466223,0.019271967232649807
ParticlesDetected,RadarReflectivity,RainAbsolute,RainRate,Temperature,VolumeEquivalentDiameter,0.13882351109466223,0.019271967232649807
ParticlesDetected,RadarReflectivity,RainAccumulated,RainRate,Temperature,VolumeEquivalentDiameter,0.13882351109466223,0.019271967232649807
KineticEnergy,ParticlesDetected,Pressure,RadarReflectivity,RainAbsolute,SnowDepthIntensity,0.13880400519595598,0.019266551858438976
KineticEnergy,ParticlesDetected,Pressure,RadarReflectivity,RainAccumulated,SnowDepthIntensity,0.13880400519595598,0.019266551858438976
Humidity,ParticlesDetected,Pressure,RainAbsolute,RainIntensity,Temperature,0.13868967679853036,0.019234826450480812
Humidity,ParticlesDetected,Pressure,RainAccumulated,RainIntensity,Temperature,0.13868967679853036,0.019234826450480812
ParticlesDetected,Pressure,RadarReflectivity,RainAbsolute,RainRate,Temperature,0.13819983901341076,0.019099195503332653
ParticlesDetected,Pressure,RadarReflectivity,RainAccumulated,RainRate,Temperature,0.13819983901341076,0.019099195503332653
AverageParticleSpeed,ParticlesDetected,Pressure,RadarReflectivity,RainAbsolute,Temperature,0.13819983901341065,0.01909919550333262
AverageParticleSpeed,ParticlesDetected,Pressure,RadarReflectivity,RainAccumulated,Temperature,0.13819983901341065,0.01909919550333262
ParticlesDetected,Pressure,RadarReflectivity,RainAbsolute,Temperature,VolumeEquivalentDiameter,0.13819983901341065,0.01909919550333262
ParticlesDetected,Pressure,RadarReflectivity,RainAccumulated,Temperature,VolumeEquivalentDiameter,0.13819983901341065,0.01909919550333262
KineticEnergy,ParticlesDetected,RadarReflectivity,RainAbsolute,RainIntensity,SnowDepthIntensity,0.13810087209963434,0.019071850874679563
KineticEnergy,ParticlesDetected,RadarReflectivity,RainAccumulated,RainIntensity,SnowDepthIntensity,0.13810087209963434,0.019071850874679563
Humidity,KineticEnergy,ParticlesDetected,Pressure,RainAbsolute,Temperature,0.13803669844479652,0.01905413011753969
Humidity,KineticEnergy,ParticlesDetected,Pressure,RainAccumulated,Temperature,0.13803669844479652,0.01905413011753969
Humidity,RadarReflectivity,RainAbsolute,RainAccumulated,RainRate,WeatherCode4680,0.13754491713974162,0.018918604230978388
AverageParticleSpeed,Humidity,RadarReflectivity,RainAbsolute,RainAccumulated,WeatherCode4680,0.13754491713974157,0.018918604230978374
Humidity,RadarReflectivity,RainAbsolute,RainAccumulated,VolumeEquivalentDiameter,WeatherCode4680,0.13754491713974157,0.018918604230978374
AverageParticleSpeed,ParticlesDetected,RadarReflectivity,RainAbsolute,RainIntensity,Temperature,0.13750442132060517,0.018907465882714497
AverageParticleSpeed,ParticlesDetected,RadarReflectivity,RainAccumulated,RainIntensity,Temperature,0.13750442132060517,0.018907465882714497
ParticlesDetected,RadarReflectivity,RainAbsolute,RainIntensity,RainRate,Temperature,0.13750442132060517,0.018907465882714497
ParticlesDetected,RadarReflectivity,RainAbsolute,RainIntensity,Temperature,VolumeEquivalentDiameter,0.13750442132060517,0.018907465882714497
ParticlesDetected,RadarReflectivity,RainAccumulated,RainIntensity,RainRate,Temperature,0.13750442132060517,0.018907465882714497
ParticlesDetected,RadarReflectivity,RainAccumulated,RainIntensity,Temperature,VolumeEquivalentDiameter,0.13750442132060517,0.018907465882714497
Humidity,RadarReflectivity,RainAbsolute,RainRate,SnowDepthIntensity,Temperature,0.1372938301024689,0.018849595784205597
Humidity,RadarReflectivity,RainAccumulated,RainRate,SnowDepthIntensity,Temperature,0.1372938301024689,0.018849595784205597
AverageParticleSpeed,Humidity,RadarReflectivity,RainAbsolute,SnowDepthIntensity,Temperature,0.13729383010246865,0.018849595784205527
AverageParticleSpeed,Humidity,RadarReflectivity,RainAccumulated,SnowDepthIntensity,Temperature,0.13729383010246865,0.018849595784205527
Humidity,RadarReflectivity,RainAbsolute,SnowDepthIntensity,Temperature,VolumeEquivalentDiameter,0.13729383010246865,0.018849595784205527
Humidity,RadarReflectivity,RainAccumulated,SnowDepthIntensity,Temperature,VolumeEquivalentDiameter,0.13729383010246865,0.018849595784205527
Humidity,Pressure,RadarReflectivity,RainAbsolute,RainAccumulated,WeatherCode4680,0.13721969731529976,0.018829245331302483
Humidity,KineticEnergy,ParticlesDetected,RainAbsolute,RainIntensity,Temperature,0.1371649210037626,0.018814215553968432
Humidity,KineticEnergy,ParticlesDetected,RainAccumulated,RainIntensity,Temperature,0.1371649210037626,0.018814215553968432
AverageParticleSpeed,KineticEnergy,ParticlesDetected,RadarReflectivity,RainAbsolute,Temperature,0.13698472489135155,0.01876481485355927
AverageParticleSpeed,KineticEnergy,ParticlesDetected,RadarReflectivity,RainAccumulated,Temperature,0.13698472489135155,0.01876481485355927
KineticEnergy,ParticlesDetected,RadarReflectivity,RainAbsolute,Temperature,VolumeEquivalentDiameter,0.13698472489135155,0.01876481485355927
KineticEnergy,ParticlesDetected,RadarReflectivity,RainAccumulated,Temperature,VolumeEquivalentDiameter,0.13698472489135155,0.01876481485355927
KineticEnergy,ParticlesDetected,RadarReflectivity,RainAbsolute,RainRate,Temperature,0.13698472489135136,0.018764814853559214
KineticEnergy,ParticlesDetected,RadarReflectivity,RainAccumulated,RainRate,Temperature,0.13698472489135136,0.018764814853559214
Humidity,RadarReflectivity,RainAbsolute,RainAccumulated,RainIntensity,WeatherCode4680,0.13691450115661422,0.018745580626964516
ParticlesDetected,Pressure,RadarReflectivity,RainAbsolute,RainIntensity,Temperature,0.13688278810844726,0.01873689768034207
ParticlesDetected,Pressure,RadarReflectivity,RainAccumulated,RainIntensity,Temperature,0.13688278810844726,0.01873689768034207
Humidity,KineticEnergy,RadarReflectivity,RainAbsolute,RainAccumulated,WeatherCode4680,0.1366996245999665,0.01868678736577177
Humidity,Pressure,RadarReflectivity,RainAbsolute,SnowDepthIntensity,Temperature,0.13651684148244098,0.01863684800834192
Humidity,Pressure,RadarReflectivity,RainAccumulated,SnowDepthIntensity,Temperature,0.13651684148244098,0.01863684800834192
KineticEnergy,ParticlesDetected,Pressure,RadarReflectivity,RainAbsolute,Temperature,0.13636409901300467,0.018595167499628543
KineticEnergy,ParticlesDetected,Pressure,RadarReflectivity,RainAccumulated,Temperature,0.13636409901300467,0.018595167499628543
Humidity,RadarReflectivity,RainAbsolute,RainIntensity,SnowDepthIntensity,Temperature,0.13576114668822648,0.018431088950102148
Humidity,RadarReflectivity,RainAccumulated,RainIntensity,SnowDepthIntensity,Temperature,0.13576114668822648,0.018431088950102148
KineticEnergy,ParticlesDetected,RadarReflectivity,RainAbsolute,RainIntensity,Temperature,0.13568321749143555,0.018409935508828204
KineticEnergy,ParticlesDetected,RadarReflectivity,RainAccumulated,RainIntensity,Temperature,0.13568321749143555,0.018409935508828204
Humidity,KineticEnergy,RadarReflectivity,RainAbsolute,SnowDepthIntensity,Temperature,0.13520815680975407,0.018281245667891046
Humidity,KineticEnergy,RadarReflectivity,RainAccumulated,SnowDepthIntensity,Temperature,0.13520815680975407,0.018281245667891046
AverageParticleSpeed,Humidity,ParticlesDetected,RainAbsolute,RainAccumulated,WeatherCode4680,0.13441157361223594,0.01806647112091752
Humidity,ParticlesDetected,RainAbsolute,RainAccumulated,VolumeEquivalentDiameter,WeatherCode4680,0.13441157361223594,0.01806647112091752
Humidity,ParticlesDetected,RainAbsolute,RainAccumulated,RainRate,WeatherCode4680,0.13441157361223582,0.01806647112091749
Humidity,ParticlesDetected,Pressure,RainAbsolute,RainAccumulated,WeatherCode4680,0.1340845419012124,0.017978664376857988
AverageParticleSpeed,Humidity,ParticlesDetected,RainAbsolute,RainRate,WindSpeed,0.13386777362660646,0.017920580815744352
AverageParticleSpeed,Humidity,ParticlesDetected,RainAccumulated,RainRate,WindSpeed,0.13386777362660646,0.017920580815744352
Humidity,ParticlesDetected,RainAbsolute,RainRate,VolumeEquivalentDiameter,WindSpeed,0.13386777362660646,0.017920580815744352
Humidity,ParticlesDetected,RainAccumulated,RainRate,VolumeEquivalentDiameter,WindSpeed,0.13386777362660646,0.017920580815744352
AverageParticleSpeed,Humidity,ParticlesDetected,RainAbsolute,VolumeEquivalentDiameter,WindSpeed,0.13386777362660632,0.017920580815744314
AverageParticleSpeed,Humidity,ParticlesDetected,RainAccumulated,VolumeEquivalentDiameter,WindSpeed,0.13386777362660632,0.017920580815744314
Humidity,ParticlesDetected,RainAbsolute,RainAccumulated,RainIntensity,WeatherCode4680,0.1337719030467923,0.017894922044760397
Humidity,KineticEnergy,ParticlesDetected,RainAbsolute,RainAccumulated,WeatherCode4680,0.1335491355452898,0.017835371604894186
AverageParticleSpeed,Humidity,ParticlesDetected,Pressure,RainAbsolute,WindSpeed,0.1329425897797523,0.0176737321773475
AverageParticleSpeed,Humidity,ParticlesDetected,Pressure,RainAccumulated,WindSpeed,0.1329425897797523,0.0176737321773475
Humidity,ParticlesDetected,Pressure,RainAbsolute,VolumeEquivalentDiameter,WindSpeed,0.1329425897797523,0.0176737321773475
Humidity,ParticlesDetected,Pressure,RainAccumulated,VolumeEquivalentDiameter,WindSpeed,0.1329425897797523,0.0176737321773475
Humidity,ParticlesDetected,Pressure,RainAbsolute,RainRate,WindSpeed,0.13294258977975223,0.017673732177347485
Humidity,ParticlesDetected,Pressure,RainAccumulated,RainRate,WindSpeed,0.13294258977975223,0.017673732177347485
AverageParticleSpeed,ParticlesDetected,RadarReflectivity,RainAbsolute,RainAccumulated,WeatherCode4680,0.13261005907747833,0.017585427768532294
ParticlesDetected,RadarReflectivity,RainAbsolute,RainAccumulated,VolumeEquivalentDiameter,WeatherCode4680,0.13261005907747833,0.017585427768532294
ParticlesDetected,RadarReflectivity,RainAbsolute,RainAccumulated,RainRate,WeatherCode4680,0.13261005907747792,0.017585427768532183
ParticlesDetected,Pressure,RadarReflectivity,RainAbsolute,RainAccumulated,WeatherCode4680,0.1323191798987095,0.01750836536906705
Humidity,RadarReflectivity,RainAbsolute,RainAccumulated,SnowDepthIntensity,WeatherCode4680,0.13209930799913983,0.017450227173851605
ParticlesDetected,RadarReflectivity,RainAbsolute,RainAccumulated,RainIntensity,WeatherCode4680,0.13204706409728903,0.017436427136713558
AverageParticleSpeed,Humidity,ParticlesDetected,RainAbsolute,RainIntensity,WindSpeed,0.13200908929393934,0.01742639965621525
AverageParticleSpeed,Humidity,ParticlesDetected,RainAccumulated,RainIntensity,WindSpeed,0.13200908929393934,0.01742639965621525
Humidity,ParticlesDetected,RainAbsolute,RainIntensity,VolumeEquivalentDiameter,WindSpeed,0.13200908929393934,0.01742639965621525
Humidity,ParticlesDetected,RainAccumulated,RainIntensity,VolumeEquivalentDiameter,WindSpeed,0.13200908929393934,0.01742639965621525
Humidity,ParticlesDetected,RainAbsolute,RainIntensity,RainRate,WindSpeed,0.13200908929393929,0.017426399656215237
Humidity,ParticlesDetected,RainAccumulated,RainIntensity,RainRate,WindSpeed,0.13200908929393929,0.017426399656215237
KineticEnergy,ParticlesDetected,RadarReflectivity,RainAbsolute,RainAccumulated,WeatherCode4680,0.13184633544023924,0.017383456169020088
AverageParticleSpeed,Humidity,KineticEnergy,ParticlesDetected,RainAbsolute,WindSpeed,0.13128133980314524,0.017234790180508885
AverageParticleSpeed,Humidity,KineticEnergy,ParticlesDetected,RainAccumulated,WindSpeed,0.13128133980314524,0.017234790180508885
Humidity,KineticEnergy,ParticlesDetected,RainAbsolute,VolumeEquivalentDiameter,WindSpeed,0.13128133980314524,0.017234790180508885
Humidity,KineticEnergy,ParticlesDetected,RainAccumulated,VolumeEquivalentDiameter,WindSpeed,0.13128133980314524,0.017234790180508885
Humidity,KineticEnergy,ParticlesDetected,RainAbsolute,RainRate,WindSpeed,0.13128133980314508,0.017234790180508844
Humidity,KineticEnergy,ParticlesDetected,RainAccumulated,RainRate,WindSpeed,0.13128133980314508,0.017234790180508844
AverageParticleSpeed,ParticlesDetected,RadarReflectivity,RainAbsolute,RainRate,WindSpeed,0.13121300358526936,0.01721685230986791
AverageParticleSpeed,ParticlesDetected,RadarReflectivity,RainAccumulated,RainRate,WindSpeed,0.13121300358526936,0.01721685230986791
ParticlesDetected,RadarReflectivity,RainAbsolute,RainRate,VolumeEquivalentDiameter,WindSpeed,0.13121300358526936,0.01721685230986791
ParticlesDetected,RadarReflectivity,RainAccumulated,RainRate,VolumeEquivalentDiameter,WindSpeed,0.13121300358526936,0.01721685230986791
AverageParticleSpeed,ParticlesDetected,RadarReflectivity,RainAbsolute,VolumeEquivalentDiameter,WindSpeed,0.13121300358526924,0.01721685230986788
AverageParticleSpeed,ParticlesDetected,RadarReflectivity,RainAccumulated,VolumeEquivalentDiameter,WindSpeed,0.13121300358526924,0.01721685230986788
Humidity,ParticlesDetected,Pressure,RainAbsolute,RainIntensity,WindSpeed,0.131088308884598,0.017184144726223774
Humidity,ParticlesDetected,Pressure,RainAccumulated,RainIntensity,WindSpeed,0.131088308884598,0.017184144726223774
AverageParticleSpeed,ParticlesDetected,Pressure,RadarReflectivity,RainAbsolute,WindSpeed,0.1305258954154747,0.017037009374011442
AverageParticleSpeed,ParticlesDetected,Pressure,RadarReflectivity,RainAccumulated,WindSpeed,0.1305258954154747,0.017037009374011442
ParticlesDetected,Pressure,RadarReflectivity,RainAbsolute,VolumeEquivalentDiameter,WindSpeed,0.1305258954154747,0.017037009374011442
ParticlesDetected,Pressure,RadarReflectivity,RainAccumulated,VolumeEquivalentDiameter,WindSpeed,0.1305258954154747,0.017037009374011442
ParticlesDetected,Pressure,RadarReflectivity,RainAbsolute,RainRate,WindSpeed,0.13052589541547455,0.0170370093740114
ParticlesDetected,Pressure,RadarReflectivity,RainAccumulated,RainRate,WindSpeed,0.13052589541547455,0.0170370093740114
Humidity,RadarReflectivity,RainAbsolute,RainRate,SnowDepthIntensity,WindSpeed,0.13051797040945393,0.01703494059980309
Humidity,RadarReflectivity,RainAccumulated,RainRate,SnowDepthIntensity,WindSpeed,0.13051797040945393,0.01703494059980309
AverageParticleSpeed,Humidity,RadarReflectivity,RainAbsolute,SnowDepthIntensity,WindSpeed,0.13051797040945376,0.017034940599803046
AverageParticleSpeed,Humidity,RadarReflectivity,RainAccumulated,SnowDepthIntensity,WindSpeed,0.13051797040945376,0.017034940599803046
Humidity,RadarReflectivity,RainAbsolute,SnowDepthIntensity,VolumeEquivalentDiameter,WindSpeed,0.13051797040945376,0.017034940599803046
Humidity,RadarReflectivity,RainAccumulated,SnowDepthIntensity,VolumeEquivalentDiameter,WindSpeed,0.13051797040945376,0.017034940599803046
Humidity,KineticEnergy,ParticlesDetected,Pressure,RainAbsolute,WindSpeed,0.13036276475940994,0.016994450435717255
Humidity,KineticEnergy,ParticlesDetected,Pressure,RainAccumulated,WindSpeed,0.13036276475940994,0.016994450435717255
Humidity,RadarReflectivity,RainAbsolute,RainAccumulated,Temperature,WeatherCode4680,0.13013863665614486,0.01693606475072009
AverageParticleSpeed,ParticlesDetected,RadarReflectivity,RainAbsolute,RainIntensity,WindSpeed,0.12985189133387787,0.016861513682985226
AverageParticleSpeed,ParticlesDetected,RadarReflectivity,RainAccumulated,RainIntensity,WindSpeed,0.12985189133387787,0.016861513682985226
ParticlesDetected,RadarReflectivity,RainAbsolute,RainIntensity,VolumeEquivalentDiameter,WindSpeed,0.12985189133387787,0.016861513682985226
ParticlesDetected,RadarReflectivity,RainAccumulated,RainIntensity,VolumeEquivalentDiameter,WindSpeed,0.12985189133387787,0.016861513682985226
ParticlesDetected,RadarReflectivity,RainAbsolute,RainIntensity,RainRate,WindSpeed,0.12985189133387773,0.01686151368298519
ParticlesDetected,RadarReflectivity,RainAccumulated,RainIntensity,RainRate,WindSpeed,0.12985189133387773,0.01686151368298519
Humidity,Pressure,RadarReflectivity,RainAbsolute,SnowDepthIntensity,WindSpeed,0.12962545391053412,0.016802758301512007
Humidity,Pressure,RadarReflectivity,RainAccumulated,SnowDepthIntensity,WindSpeed,0.12962545391053412,0.016802758301512007
Humidity,KineticEnergy,ParticlesDetected,RainAbsolute,RainIntensity,WindSpeed,0.12945691204391732,0.016759092075946544
Humidity,KineticEnergy,ParticlesDetected,RainAccumulated,RainIntensity,WindSpeed,0.12945691204391732,0.016759092075946544
KineticEnergy,ParticlesDetected,RadarReflectivity,RainAbsolute,RainRate,WindSpeed,0.12931199386403533,0.01672159175709231
KineticEnergy,ParticlesDetected,RadarReflectivity,RainAccumulated,RainRate,WindSpeed,0.12931199386403533,0.01672159175709231
AverageParticleSpeed,KineticEnergy,ParticlesDetected,RadarReflectivity,RainAbsolute,WindSpeed,0.12931199386403514,0.01672159175709226
AverageParticleSpeed,KineticEnergy,ParticlesDetected,RadarReflectivity,RainAccumulated,WindSpeed,0.12931199386403514,0.01672159175709226
KineticEnergy,ParticlesDetected,RadarReflectivity,RainAbsolute,VolumeEquivalentDiameter,WindSpeed,0.12931199386403514,0.01672159175709226
KineticEnergy,ParticlesDetected,RadarReflectivity,RainAccumulated,VolumeEquivalentDiameter,WindSpeed,0.12931199386403514,0.01672159175709226
ParticlesDetected,Pressure,RadarReflectivity,RainAbsolute,RainIntensity,WindSpeed,0.12916772288620762,0.016684300635608124
ParticlesDetected,Pressure,RadarReflectivity,RainAccumulated,RainIntensity,WindSpeed,0.12916772288620762,0.016684300635608124
Humidity,ParticlesDetected,RainAbsolute,RainAccumulated,SnowDepthIntensity,WeatherCode4680,0.12901935053790575,0.016645992813223
Humidity,RadarReflectivity,RainAbsolute,RainIntensity,SnowDepthIntensity,WindSpeed,0.12883368977132403,0.016598119620093763
Humidity,RadarReflectivity,RainAccumulated,RainIntensity,SnowDepthIntensity,WindSpeed,0.12883368977132403,0.016598119620093763
KineticEnergy,ParticlesDetected,Pressure,RadarReflectivity,RainAbsolute,WindSpeed,0.1286292644602957,0.016545487675596694
KineticEnergy,ParticlesDetected,Pressure,RadarReflectivity,RainAccumulated,WindSpeed,0.1286292644602957,0.016545487675596694
Humidity,KineticEnergy,RadarReflectivity,RainAbsolute,SnowDepthIntensity,WindSpeed,0.12821904410143523,0.01644012327028579
Humidity,KineticEnergy,RadarReflectivity,RainAccumulated,SnowDepthIntensity,WindSpeed,0.12821904410143523,0.01644012327028579
AverageParticleSpeed,ParticlesDetected,RadarReflectivity,RainAbsolute,SnowDepthIntensity,Temperature,0.1280572169378454,0.016398650809866397
AverageParticleSpeed,ParticlesDetected,RadarReflectivity,RainAccumulated,SnowDepthIntensity,Temperature,0.1280572169378454,0.016398650809866397
ParticlesDetected,RadarReflectivity,RainAbsolute,RainRate,SnowDepthIntensity,Temperature,0.1280572169378454,0.016398650809866397
ParticlesDetected,RadarReflectivity,RainAbsolute,SnowDepthIntensity,Temperature,VolumeEquivalentDiameter,0.1280572169378454,0.016398650809866397
ParticlesDetected,RadarReflectivity,RainAccumulated,RainRate,SnowDepthIntensity,Temperature,0.1280572169378454,0.016398650809866397
ParticlesDetected,RadarReflectivity,RainAccumulated,SnowDepthIntensity,Temperature,VolumeEquivalentDiameter,0.1280572169378454,0.016398650809866397
KineticEnergy,ParticlesDetected,RadarReflectivity,RainAbsolute,RainIntensity,WindSpeed,0.12797146557796302,0.016376696002171773
KineticEnergy,ParticlesDetected,RadarReflectivity,RainAccumulated,RainIntensity,WindSpeed,0.12797146557796302,0.016376696002171773
ParticlesDetected,RadarReflectivity,RainAbsolute,RainAccumulated,SnowDepthIntensity,WeatherCode4680,0.12786013494507698,0.016348214108173293
ParticlesDetected,Pressure,RadarReflectivity,RainAbsolute,SnowDepthIntensity,Temperature,0.12744969715334323,0.016243425304478906
ParticlesDetected,Pressure,RadarReflectivity,RainAccumulated,SnowDepthIntensity,Temperature,0.12744969715334323,0.016243425304478906
Humidity,ParticlesDetected,RainAbsolute,RainRate,SnowDepthIntensity,Temperature,0.1274384714807908,0.01624056401336033
Humidity,ParticlesDetected,RainAccumulated,RainRate,SnowDepthIntensity,Temperature,0.1274384714807908,0.01624056401336033
AverageParticleSpeed,Humidity,ParticlesDetected,RainAbsolute,SnowDepthIntensity,Temperature,0.1274384714807907,0.01624056401336031
AverageParticleSpeed,Humidity,ParticlesDetected,RainAccumulated,SnowDepthIntensity,Temperature,0.1274384714807907,0.01624056401336031
Humidity,ParticlesDetected,RainAbsolute,SnowDepthIntensity,Temperature,VolumeEquivalentDiameter,0.1274384714807907,0.01624056401336031
Humidity,ParticlesDetected,RainAccumulated,SnowDepthIntensity,Temperature,VolumeEquivalentDiameter,0.1274384714807907,0.01624056401336031
Humidity,ParticlesDetected,RainAbsolute,RainAccumulated,Temperature,WeatherCode4680,0.12710525438123743,0.016155745691319078
Humidity,RadarReflectivity,RainAbsolute,RainAccumulated,WeatherCode4680,WindSpeed,0.12698380145627972,0.016124885832287866
ParticlesDetected,RadarReflectivity,RainAbsolute,RainIntensity,SnowDepthIntensity,Temperature,0.1268605104101524,0.016093589101524385
ParticlesDetected,RadarReflectivity,RainAccumulated,RainIntensity,SnowDepthIntensity,Temperature,0.1268605104101524,0.016093589101524385
Humidity,ParticlesDetected,Pressure,RainAbsolute,SnowDepthIntensity,Temperature,0.1266573984755799,0.016042096588601833
Humidity,ParticlesDetected,Pressure,RainAccumulated,SnowDepthIntensity,Temperature,0.1266573984755799,0.016042096588601833
ParticlesDetected,RadarReflectivity,RainAbsolute,RainAccumulated,Temperature,WeatherCode4680,0.12642566255941878,0.015983448153588025
KineticEnergy,ParticlesDetected,RadarReflectivity,RainAbsolute,SnowDepthIntensity,Temperature,0.12640166666847888,0.015977381336569244
KineticEnergy,ParticlesDetected,RadarReflectivity,RainAccumulated,SnowDepthIntensity,Temperature,0.12640166666847888,0.015977381336569244
Humidity,ParticlesDetected,RainAbsolute,RainIntensity,SnowDepthIntensity,Temperature,0.125925817719476,0.015857311568318697
Humidity,ParticlesDetected,RainAccumulated,RainIntensity,SnowDepthIntensity,Temperature,0.125925817719476,0.015857311568318697
Humidity,KineticEnergy,ParticlesDetected,RainAbsolute,SnowDepthIntensity,Temperature,0.12536137703409622,0.015715474851884827
Humidity,KineticEnergy,ParticlesDetected,RainAccumulated,SnowDepthIntensity,Temperature,0.12536137703409622,0.015715474851884827
AverageParticleSpeed,Humidity,RadarReflectivity,RainAbsolute,Temperature,WindSpeed,0.12468361478765447,0.015546003796516208
AverageParticleSpeed,Humidity,RadarReflectivity,RainAccumulated,Temperature,WindSpeed,0.12468361478765447,0.015546003796516208
Humidity,RadarReflectivity,RainAbsolute,Temperature,VolumeEquivalentDiameter,WindSpeed,0.12468361478765447,0.015546003796516208
Humidity,RadarReflectivity,RainAccumulated,Temperature,VolumeEquivalentDiameter,WindSpeed,0.12468361478765447,0.015546003796516208
Humidity,RadarReflectivity,RainAbsolute,RainRate,Temperature,WindSpeed,0.12468361478765436,0.01554600379651618
Humidity,RadarReflectivity,RainAccumulated,RainRate,Temperature,WindSpeed,0.12468361478765436,0.01554600379651618
Humidity,Pressure,RadarReflectivity,RainAbsolute,Temperature,WindSpeed,0.12377119051300126,0.015319307601005652
Humidity,Pressure,RadarReflectivity,RainAccumulated,Temperature,WindSpeed,0.12377119051300126,0.015319307601005652
Humidity,ParticlesDetected,RainAbsolute,RainAccumulated,WeatherCode4680,WindSpeed,0.12375405876153688,0.015315067059953922
Humidity,RadarReflectivity,RainAbsolute,RainIntensity,Temperature,WindSpeed,0.12308734845686893,0.015150495350142675
Humidity,RadarReflectivity,RainAccumulated,RainIntensity,Temperature,WindSpeed,0.12308734845686893,0.015150495350142675
ParticlesDetected,RadarReflectivity,RainAbsolute,RainAccumulated,WeatherCode4680,WindSpeed,0.12308564124348083,0.015150075080318869
Humidity,KineticEnergy,RadarReflectivity,RainAbsolute,Temperature,WindSpeed,0.12249722518613856,0.01500557017830354
Humidity,KineticEnergy,RadarReflectivity,RainAccumulated,Temperature,WindSpeed,0.12249722518613856,0.01500557017830354
ParticlesDetected,RadarReflectivity,RainAbsolute,RainRate,SnowDepthIntensity,WindSpeed,0.12017395038104592,0.014441778350186087
ParticlesDetected,RadarReflectivity,RainAccumulated,RainRate,SnowDepthIntensity,WindSpeed,0.12017395038104592,0.014441778350186087
AverageParticleSpeed,ParticlesDetected,RadarReflectivity,RainAbsolute,SnowDepthIntensity,WindSpeed,0.12017395038104589,0.01444177835018608
AverageParticleSpeed,ParticlesDetected,RadarReflectivity,RainAccumulated,SnowDepthIntensity,WindSpeed,0.12017395038104589,0.01444177835018608
ParticlesDetected,RadarReflectivity,RainAbsolute,SnowDepthIntensity,VolumeEquivalentDiameter,WindSpeed,0.12017395038104589,0.01444177835018608
ParticlesDetected,RadarReflectivity,RainAccumulated,SnowDepthIntensity,VolumeEquivalentDiameter,WindSpeed,0.12017395038104589,0.01444177835018608
AverageParticleSpeed,Humidity,ParticlesDetected,Pressure,Temperature,VolumeEquivalentDiameter,-0.11954679847069546,0.014291437024593075
AverageParticleSpeed,Humidity,ParticlesDetected,Pressure,RainRate,Temperature,-0.1195467984706954,0.014291437024593059
Humidity,ParticlesDetected,Pressure,RainRate,Temperature,VolumeEquivalentDiameter,-0.1195467984706954,0.014291437024593059
ParticlesDetected,Pressure,RadarReflectivity,RainAbsolute,SnowDepthIntensity,WindSpeed,0.11950977522522886,0.014282586374384726
ParticlesDetected,Pressure,RadarReflectivity,RainAccumulated,SnowDepthIntensity,WindSpeed,0.11950977522522886,0.014282586374384726
Humidity,ParticlesDetected,RainAbsolute,RainRate,SnowDepthIntensity,WindSpeed,0.11900368663536669,0.014161877432808553
Humidity,ParticlesDetected,RainAccumulated,RainRate,SnowDepthIntensity,WindSpeed,0.11900368663536669,0.014161877432808553
AverageParticleSpeed,Humidity,ParticlesDetected,RainAbsolute,SnowDepthIntensity,WindSpeed,0.11900368663536663,0.014161877432808539
AverageParticleSpeed,Humidity,ParticlesDetected,RainAccumulated,SnowDepthIntensity,WindSpeed,0.11900368663536663,0.014161877432808539
Humidity,ParticlesDetected,RainAbsolute,SnowDepthIntensity,VolumeEquivalentDiameter,WindSpeed,0.11900368663536663,0.014161877432808539
Humidity,ParticlesDetected,RainAccumulated,SnowDepthIntensity,VolumeEquivalentDiameter,WindSpeed,0.11900368663536663,0.014161877432808539
ParticlesDetected,RadarReflectivity,RainAbsolute,RainIntensity,SnowDepthIntensity,WindSpeed,0.11895058106024481,0.01414924073456987
ParticlesDetected,RadarReflectivity,RainAccumulated,RainIntensity,SnowDepthIntensity,WindSpeed,0.11895058106024481,0.01414924073456987
AverageParticleSpeed,Humidity,ParticlesDetected,Pressure,RainIntensity,Temperature,-0.11869893203694984,0.014089436466712436
Humidity,ParticlesDetected,Pressure,RainIntensity,Temperature,VolumeEquivalentDiameter,-0.11869893203694984,0.014089436466712436
Humidity,ParticlesDetected,Pressure,RainIntensity,RainRate,Temperature,-0.11869893203694969,0.0140894364667124
KineticEnergy,ParticlesDetected,RadarReflectivity,RainAbsolute,SnowDepthIntensity,WindSpeed,0.11847952233803914,0.014037397213449916
KineticEnergy,ParticlesDetected,RadarReflectivity,RainAccumulated,SnowDepthIntensity,WindSpeed,0.11847952233803914,0.014037397213449916
AverageParticleSpeed,Humidity,ParticlesDetected,RainRate,Temperature,VolumeEquivalentDiameter,-0.11826239419188873,0.013985993879997678
AverageParticleSpeed,Humidity,KineticEnergy,ParticlesDetected,Pressure,Temperature,-0.11817839332423834,0.01396613264869838
Humidity,KineticEnergy,ParticlesDetected,Pressure,Temperature,VolumeEquivalentDiameter,-0.11817839332423834,0.01396613264869838
Humidity,KineticEnergy,ParticlesDetected,Pressure,RainRate,Temperature,-0.11817839332423818,0.013966132648698344
Humidity,ParticlesDetected,Pressure,RainAbsolute,SnowDepthIntensity,WindSpeed,0.11811361177681863,0.013950825286965028
Humidity,ParticlesDetected,Pressure,RainAccumulated,SnowDepthIntensity,WindSpeed,0.11811361177681863,0.013950825286965028
AverageParticleSpeed,Humidity,ParticlesDetected,RainIntensity,Temperature,VolumeEquivalentDiameter,-0.1174294451292882,0.013789674583372508
AverageParticleSpeed,Humidity,ParticlesDetected,RainIntensity,RainRate,Temperature,-0.11742944512928813,0.013789674583372491
Humidity,ParticlesDetected,RainIntensity,RainRate,Temperature,VolumeEquivalentDiameter,-0.11742944512928813,0.013789674583372491
ParticlesDetected,RadarReflectivity,RainAbsolute,RainRate,Temperature,WindSpeed,0.11742125904669885,0.013787752076111957
ParticlesDetected,RadarReflectivity,RainAccumulated,RainRate,Temperature,WindSpeed,0.11742125904669885,0.013787752076111957
AverageParticleSpeed,ParticlesDetected,RadarReflectivity,RainAbsolute,Temperature,WindSpeed,0.11742125904669883,0.01378775207611195
AverageParticleSpeed,ParticlesDetected,RadarReflectivity,RainAccumulated,Temperature,WindSpeed,0.11742125904669883,0.01378775207611195
ParticlesDetected,RadarReflectivity,RainAbsolute,Temperature,VolumeEquivalentDiameter,WindSpeed,0.11742125904669883,0.01378775207611195
ParticlesDetected,RadarReflectivity,RainAccumulated,Temperature,VolumeEquivalentDiameter,WindSpeed,0.11742125904669883,0.01378775207611195
Humidity,ParticlesDetected,RainAbsolute,RainIntensity,SnowDepthIntensity,WindSpeed,0.1173806538267875,0.013778217892804123
Humidity,ParticlesDetected,RainAccumulated,RainIntensity,SnowDepthIntensity,WindSpeed,0.1173806538267875,0.013778217892804123
Humidity,KineticEnergy,ParticlesDetected,Pressure,RainIntensity,Temperature,-0.11734384515003493,0.013769577994595376
AverageParticleSpeed,Humidity,ParticlesDetected,Pressure,RainRate,VolumeEquivalentDiameter,-0.11713131993884003,0.013719746110614904
AverageParticleSpeed,Humidity,KineticEnergy,ParticlesDetected,Temperature,VolumeEquivalentDiameter,-0.11691578620716174,0.013669301064438751
AverageParticleSpeed,Humidity,KineticEnergy,ParticlesDetected,RainRate,Temperature,-0.11691578620716166,0.013669301064438732
Humidity,KineticEnergy,ParticlesDetected,RainRate,Temperature,VolumeEquivalentDiameter,-0.11691578620716166,0.013669301064438732
Humidity,KineticEnergy,ParticlesDetected,RainAbsolute,SnowDepthIntensity,WindSpeed,0.11676991176549267,0.013635212293720944
Humidity,KineticEnergy,ParticlesDetected,RainAccumulated,SnowDepthIntensity,WindSpeed,0.11676991176549267,0.013635212293720944
ParticlesDetected,Pressure,RadarReflectivity,RainAbsolute,Temperature,WindSpeed,0.11674199110397084,0.013628692486919605
ParticlesDetected,Pressure,RadarReflectivity,RainAccumulated,Temperature,WindSpeed,0.11674199110397084,0.013628692486919605
ParticlesDetected,RadarReflectivity,RainAbsolute,RainIntensity,Temperature,WindSpeed,0.11620803957051172,0.013504308460821618
ParticlesDetected,RadarReflectivity,RainAccumulated,RainIntensity,Temperature,WindSpeed,0.11620803957051172,0.013504308460821618
AverageParticleSpeed,Humidity,ParticlesDetected,Pressure,RainIntensity,RainRate,-0.11619277972678826,0.013500762060637939
Humidity,ParticlesDetected,Pressure,RainIntensity,RainRate,VolumeEquivalentDiameter,-0.11619277972678826,0.013500762060637939
AverageParticleSpeed,Humidity,ParticlesDetected,Pressure,RainIntensity,VolumeEquivalentDiameter,-0.11619277972678824,0.013500762060637932
AverageParticleSpeed,Humidity,Pressure,RadarReflectivity,Temperature,VolumeEquivalentDiameter,-0.11615770389640796,0.01349261217448559
AverageParticleSpeed,Humidity,Pressure,RadarReflectivity,RainRate,Temperature,-0.11615770389640791,0.013492612174485576
Humidity,Pressure,RadarReflectivity,RainRate,Temperature,VolumeEquivalentDiameter,-0.11615770389640791,0.013492612174485576
AverageParticleSpeed,Humidity,KineticEnergy,ParticlesDetected,RainIntensity,Temperature,-0.11609584815298368,0.013478245958360644
Humidity,KineticEnergy,ParticlesDetected,RainIntensity,Temperature,VolumeEquivalentDiameter,-0.11609584815298368,0.013478245958360644
Humidity,KineticEnergy,ParticlesDetected,RainIntensity,RainRate,Temperature,-0.11609584815298359,0.013478245958360622
KineticEnergy,ParticlesDetected,RadarReflectivity,RainAbsolute,Temperature,WindSpeed,0.11573584441490951,0.013394785682432141
KineticEnergy,ParticlesDetected,RadarReflectivity,RainAccumulated,Temperature,WindSpeed,0.11573584441490951,0.013394785682432141
AverageParticleSpeed,Humidity,KineticEnergy,ParticlesDetected,Pressure,VolumeEquivalentDiameter,-0.11561058399888591,0.013365807132563454
AverageParticleSpeed,Humidity,KineticEnergy,ParticlesDetected,Pressure,RainRate,-0.11561058399888573,0.013365807132563412
Humidity,KineticEnergy,ParticlesDetected,Pressure,RainRate,VolumeEquivalentDiameter,-0.11561058399888573,0.013365807132563412
Humidity,Pressure,RadarReflectivity,RainIntensity,RainRate,Temperature,-0.11543786920106522,0.013325901645682241
AverageParticleSpeed,Humidity,Pressure,RadarReflectivity,RainIntensity,Temperature,-0.1154378692010651,0.013325901645682214
Humidity,Pressure,RadarReflectivity,RainIntensity,Temperature,VolumeEquivalentDiameter,-0.1154378692010651,0.013325901645682214
AverageParticleSpeed,Humidity,KineticEnergy,Pressure,RadarReflectivity,Temperature,-0.11499207218226601,0.013223176664771475
Humidity,KineticEnergy,Pressure,RadarReflectivity,Temperature,VolumeEquivalentDiameter,-0.11499207218226601,0.013223176664771475
Humidity,KineticEnergy,Pressure,RadarReflectivity,RainRate,Temperature,-0.11499207218226597,0.013223176664771467
AverageParticleSpeed,Humidity,RadarReflectivity,RainRate,Temperature,VolumeEquivalentDiameter,-0.11480818293327437,0.013180918868440193
AverageParticleSpeed,Humidity,ParticlesDetected,RainIntensity,RainRate,VolumeEquivalentDiameter,-0.1147890211179283,0.013176519369212188
AverageParticleSpeed,Humidity,KineticEnergy,ParticlesDetected,Pressure,RainIntensity,-0.11469116542972596,0.013154063427628768
Humidity,KineticEnergy,ParticlesDetected,Pressure,RainIntensity,VolumeEquivalentDiameter,-0.11469116542972596,0.013154063427628768
Humidity,KineticEnergy,ParticlesDetected,Pressure,RainIntensity,RainRate,-0.11469116542972589,0.01315406342762875
Humidity,KineticEnergy,Pressure,RadarReflectivity,RainIntensity,Temperature,-0.11427411353395962,0.013058573023972293
AverageParticleSpeed,Humidity,KineticEnergy,ParticlesDetected,RainRate,VolumeEquivalentDiameter,-0.11421553925126744,0.013045189406457814
AverageParticleSpeed,Humidity,RadarReflectivity,RainIntensity,RainRate,Temperature,-0.11410334368567615,0.01301957304025153
Humidity,RadarReflectivity,RainIntensity,RainRate,Temperature,VolumeEquivalentDiameter,-0.11410334368567615,0.01301957304025153
AverageParticleSpeed,Humidity,RadarReflectivity,RainIntensity,Temperature,VolumeEquivalentDiameter,-0.114103343685676,0.013019573040251496
AverageParticleSpeed,Humidity,ParticlesDetected,Pressure,SnowDepthIntensity,Temperature,-0.11403395700068554,0.013003743349234199
Humidity,ParticlesDetected,Pressure,SnowDepthIntensity,Temperature,VolumeEquivalentDiameter,-0.11403395700068554,0.013003743349234199
Humidity,ParticlesDetected,Pressure,RainRate,SnowDepthIntensity,Temperature,-0.11403395700068546,0.01300374334923418
AverageParticleSpeed,Humidity,Pressure,RadarReflectivity,RainRate,VolumeEquivalentDiameter,-0.11398507933328839,0.012992598310616048
AverageParticleSpeed,Humidity,KineticEnergy,RadarReflectivity,RainRate,Temperature,-0.11366419998241102,0.012919550357641526
Humidity,KineticEnergy,RadarReflectivity,RainRate,Temperature,VolumeEquivalentDiameter,-0.11366419998241102,0.012919550357641526
AverageParticleSpeed,Humidity,KineticEnergy,RadarReflectivity,Temperature,VolumeEquivalentDiameter,-0.11366419998241079,0.012919550357641472
AverageParticleSpeed,Pressure,RainAbsolute,RainRate,VolumeEquivalentDiameter,WeatherCode4680,0.11363888027463061,0.012913795110071829
AverageParticleSpeed,Pressure,RainAccumulated,RainRate,VolumeEquivalentDiameter,WeatherCode4680,0.11363888027463061,0.012913795110071829
Humidity,ParticlesDetected,RainAbsolute,RainRate,Temperature,WindSpeed,0.11358661221063551,0.012901918473489293
Humidity,ParticlesDetected,RainAccumulated,RainRate,Temperature,WindSpeed,0.11358661221063551,0.012901918473489293
AverageParticleSpeed,Humidity,ParticlesDetected,RainAbsolute,Temperature,WindSpeed,0.11358661221063526,0.012901918473489236
AverageParticleSpeed,Humidity,ParticlesDetected,RainAccumulated,Temperature,WindSpeed,0.11358661221063526,0.012901918473489236
Humidity,ParticlesDetected,RainAbsolute,Temperature,VolumeEquivalentDiameter,WindSpeed,0.11358661221063526,0.012901918473489236
Humidity,ParticlesDetected,RainAccumulated,Temperature,VolumeEquivalentDiameter,WindSpeed,0.11358661221063526,0.012901918473489236
AverageParticleSpeed,RainAbsolute,RainIntensity,RainRate,VolumeEquivalentDiameter,WeatherCode4680,0.1133201091680617,0.012841447141861423
AverageParticleSpeed,RainAccumulated,RainIntensity,RainRate,VolumeEquivalentDiameter,WeatherCode4680,0.1133201091680617,0.012841447141861423
AverageParticleSpeed,Humidity,KineticEnergy,ParticlesDetected,RainIntensity,VolumeEquivalentDiameter,-0.11331438671934646,0.012840150237581602
AverageParticleSpeed,Humidity,KineticEnergy,ParticlesDetected,RainIntensity,RainRate,-0.11331438671934643,0.012840150237581595
Humidity,KineticEnergy,ParticlesDetected,RainIntensity,RainRate,VolumeEquivalentDiameter,-0.11331438671934643,0.012840150237581595
Humidity,ParticlesDetected,Pressure,RainIntensity,SnowDepthIntensity,Temperature,-0.11328475920123461,0.01283343666728171
AverageParticleSpeed,Humidity,Pressure,RadarReflectivity,RainIntensity,RainRate,-0.11317724024486174,0.012809087709443152
Humidity,Pressure,RadarReflectivity,RainIntensity,RainRate,VolumeEquivalentDiameter,-0.11317724024486174,0.012809087709443152
AverageParticleSpeed,Humidity,Pressure,RadarReflectivity,RainIntensity,VolumeEquivalentDiameter,-0.1131772402448616,0.01280908770944312
AverageParticleSpeed,KineticEnergy,RainAbsolute,RainRate,VolumeEquivalentDiameter,WeatherCode4680,0.11304411895587235,0.01277897283050942
AverageParticleSpeed,KineticEnergy,RainAccumulated,RainRate,VolumeEquivalentDiameter,WeatherCode4680,0.11304411895587235,0.01277897283050942
Humidity,KineticEnergy,RadarReflectivity,RainIntensity,RainRate,Temperature,-0.11296103625018372,0.01276019571071532
AverageParticleSpeed,Humidity,KineticEnergy,RadarReflectivity,RainIntensity,Temperature,-0.11296103625018367,0.012760195710715308
Humidity,KineticEnergy,RadarReflectivity,RainIntensity,Temperature,VolumeEquivalentDiameter,-0.11296103625018367,0.012760195710715308
AverageParticleSpeed,Humidity,ParticlesDetected,SnowDepthIntensity,Temperature,VolumeEquivalentDiameter,-0.11286220435641318,0.012737877172188772
AverageParticleSpeed,Humidity,ParticlesDetected,RainRate,SnowDepthIntensity,Temperature,-0.11286220435641298,0.012737877172188725
Humidity,ParticlesDetected,RainRate,SnowDepthIntensity,Temperature,VolumeEquivalentDiameter,-0.11286220435641298,0.012737877172188725
Humidity,KineticEnergy,ParticlesDetected,Pressure,SnowDepthIntensity,Temperature,-0.11284098221795234,0.012733087267912236
Humidity,ParticlesDetected,Pressure,RadarReflectivity,Temperature,WindSpeed,-0.11279093841086696,0.012721795787603983
AverageParticleSpeed,Pressure,RainAbsolute,RainIntensity,RainRate,WeatherCode4680,0.11278669224033365,0.01272083794651574
AverageParticleSpeed,Pressure,RainAccumulated,RainIntensity,RainRate,WeatherCode4680,0.11278669224033365,0.01272083794651574
Pressure,RainAbsolute,RainIntensity,RainRate,VolumeEquivalentDiameter,WeatherCode4680,0.11278669224033365,0.01272083794651574
Pressure,RainAccumulated,RainIntensity,RainRate,VolumeEquivalentDiameter,WeatherCode4680,0.11278669224033365,0.01272083794651574
AverageParticleSpeed,Pressure,RainAbsolute,RainIntensity,VolumeEquivalentDiameter,WeatherCode4680,0.11278669224033343,0.01272083794651569
AverageParticleSpeed,Pressure,RainAccumulated,RainIntensity,VolumeEquivalentDiameter,WeatherCode4680,0.11278669224033343,0.01272083794651569
Humidity,ParticlesDetected,Pressure,RainAbsolute,Temperature,WindSpeed,0.11267635033149431,0.012695959924025639
Humidity,ParticlesDetected,Pressure,RainAccumulated,Temperature,WindSpeed,0.11267635033149431,0.012695959924025639
AverageParticleSpeed,Humidity,KineticEnergy,Pressure,RadarReflectivity,VolumeEquivalentDiameter,-0.1126727361967378,0.01269514548205967
AverageParticleSpeed,Humidity,KineticEnergy,Pressure,RadarReflectivity,RainRate,-0.11267273619673752,0.012695145482059607
Humidity,KineticEnergy,Pressure,RadarReflectivity,RainRate,VolumeEquivalentDiameter,-0.11267273619673752,0.012695145482059607
AverageParticleSpeed,KineticEnergy,Pressure,RainAbsolute,RainRate,WeatherCode4680,0.11251134718422501,0.012658803245209217
AverageParticleSpeed,KineticEnergy,Pressure,RainAccumulated,RainRate,WeatherCode4680,0.11251134718422501,0.012658803245209217
KineticEnergy,Pressure,RainAbsolute,RainRate,VolumeEquivalentDiameter,WeatherCode4680,0.11251134718422501,0.012658803245209217
KineticEnergy,Pressure,RainAccumulated,RainRate,VolumeEquivalentDiameter,WeatherCode4680,0.11251134718422501,0.012658803245209217
AverageParticleSpeed,KineticEnergy,Pressure,RainAbsolute,VolumeEquivalentDiameter,WeatherCode4680,0.112511347184225,0.012658803245209214
AverageParticleSpeed,KineticEnergy,Pressure,RainAccumulated,VolumeEquivalentDiameter,WeatherCode4680,0.112511347184225,0.012658803245209214
AverageParticleSpeed,KineticEnergy,RainAbsolute,RainIntensity,RainRate,WeatherCode4680,0.11219580067003229,0.012587897687989619
AverageParticleSpeed,KineticEnergy,RainAccumulated,RainIntensity,RainRate,WeatherCode4680,0.11219580067003229,0.012587897687989619
KineticEnergy,RainAbsolute,RainIntensity,RainRate,VolumeEquivalentDiameter,WeatherCode4680,0.11219580067003229,0.012587897687989619
KineticEnergy,RainAccumulated,RainIntensity,RainRate,VolumeEquivalentDiameter,WeatherCode4680,0.11219580067003229,0.012587897687989619
AverageParticleSpeed,KineticEnergy,RainAbsolute,RainIntensity,VolumeEquivalentDiameter,WeatherCode4680,0.11219580067003197,0.012587897687989546
AverageParticleSpeed,KineticEnergy,RainAccumulated,RainIntensity,VolumeEquivalentDiameter,WeatherCode4680,0.11219580067003197,0.012587897687989546
AverageParticleSpeed,Humidity,ParticlesDetected,RainIntensity,SnowDepthIntensity,Temperature,-0.11212582304962859,0.012572200194556623
Humidity,ParticlesDetected,RainIntensity,SnowDepthIntensity,Temperature,VolumeEquivalentDiameter,-0.11212582304962859,0.012572200194556623
Humidity,ParticlesDetected,RainIntensity,RainRate,SnowDepthIntensity,Temperature,-0.11212582304962834,0.012572200194556566
Humidity,ParticlesDetected,RainAbsolute,RainIntensity,Temperature,WindSpeed,0.11203582705358098,0.012552026543579908
Humidity,ParticlesDetected,RainAccumulated,RainIntensity,Temperature,WindSpeed,0.11203582705358098,0.012552026543579908
Humidity,ParticlesDetected,RadarReflectivity,RainRate,Temperature,WindSpeed,-0.11199213483142631,0.01254223826410037
AverageParticleSpeed,Humidity,ParticlesDetected,RadarReflectivity,Temperature,WindSpeed,-0.11199213483142625,0.012542238264100357
Humidity,ParticlesDetected,RadarReflectivity,Temperature,VolumeEquivalentDiameter,WindSpeed,-0.11199213483142625,0.012542238264100357
AverageParticleSpeed,Humidity,KineticEnergy,Pressure,RadarReflectivity,RainIntensity,-0.11186999359340943,0.012514895466589468
Humidity,KineticEnergy,Pressure,RadarReflectivity,RainIntensity,VolumeEquivalentDiameter,-0.11186999359340943,0.012514895466589468
Humidity,KineticEnergy,Pressure,RadarReflectivity,RainIntensity,RainRate,-0.11186999359340934,0.012514895466589446
AverageParticleSpeed,Humidity,KineticEnergy,ParticlesDetected,SnowDepthIntensity,Temperature,-0.11168774263423482,0.012474151854731075
Humidity,KineticEnergy,ParticlesDetected,SnowDepthIntensity,Temperature,VolumeEquivalentDiameter,-0.11168774263423482,0.012474151854731075
Humidity,KineticEnergy,ParticlesDetected,RainRate,SnowDepthIntensity,Temperature,-0.11168774263423467,0.01247415185473104
AverageParticleSpeed,Humidity,RadarReflectivity,RainIntensity,RainRate,VolumeEquivalentDiameter,-0.11168375071660658,0.01247326017412912
KineticEnergy,Pressure,RainAbsolute,RainIntensity,RainRate,WeatherCode4680,0.11166467785401332,0.012469000280240573
KineticEnergy,Pressure,RainAccumulated,RainIntensity,RainRate,WeatherCode4680,0.11166467785401332,0.012469000280240573
AverageParticleSpeed,KineticEnergy,Pressure,RainAbsolute,RainIntensity,WeatherCode4680,0.11166467785401313,0.01246900028024053
AverageParticleSpeed,KineticEnergy,Pressure,RainAccumulated,RainIntensity,WeatherCode4680,0.11166467785401313,0.01246900028024053
KineticEnergy,Pressure,RainAbsolute,RainIntensity,VolumeEquivalentDiameter,WeatherCode4680,0.11166467785401313,0.01246900028024053
KineticEnergy,Pressure,RainAccumulated,RainIntensity,VolumeEquivalentDiameter,WeatherCode4680,0.11166467785401313,0.01246900028024053
Humidity,ParticlesDetected,RadarReflectivity,RainIntensity,Temperature,WindSpeed,-0.11148312973255554,0.01242848821496581
Humidity,KineticEnergy,ParticlesDetected,RainAbsolute,Temperature,WindSpeed,0.11144559830296023,0.012420121381104772
Humidity,KineticEnergy,ParticlesDetected,RainAccumulated,Temperature,WindSpeed,0.11144559830296023,0.012420121381104772
AverageParticleSpeed,Humidity,KineticEnergy,RadarReflectivity,RainRate,VolumeEquivalentDiameter,-0.11118786552516546,0.012362741440042279
Humidity,KineticEnergy,ParticlesDetected,RadarReflectivity,Temperature,WindSpeed,-0.11116727383034425,0.012358162770870741
AverageParticleSpeed,Humidity,ParticlesDetected,Pressure,RainRate,SnowDepthIntensity,-0.11115446912092387,0.01235531600555442
Humidity,ParticlesDetected,Pressure,RainRate,SnowDepthIntensity,VolumeEquivalentDiameter,-0.11115446912092387,0.01235531600555442
AverageParticleSpeed,Humidity,ParticlesDetected,Pressure,SnowDepthIntensity,VolumeEquivalentDiameter,-0.11115446912092361,0.01235531600555436
Humidity,RadarReflectivity,RainAbsolute,SnowDepthIntensity,Temperature,WindSpeed,0.11100604670440224,0.012322342404939932
Humidity,RadarReflectivity,RainAccumulated,SnowDepthIntensity,Temperature,WindSpeed,0.11100604670440224,0.012322342404939932
Humidity,KineticEnergy,ParticlesDetected,RainIntensity,SnowDepthIntensity,Temperature,-0.1109632448300961,0.01231284170322385
Humidity,Pressure,RadarReflectivity,RainRate,SnowDepthIntensity,Temperature,-0.1106722826253173,0.012248354141498108
AverageParticleSpeed,Humidity,Pressure,RadarReflectivity,SnowDepthIntensity,Temperature,-0.11067228262531702,0.012248354141498047
Humidity,Pressure,RadarReflectivity,SnowDepthIntensity,Temperature,VolumeEquivalentDiameter,-0.11067228262531702,0.012248354141498047
Humidity,ParticlesDetected,Pressure,RadarReflectivity,RainRate,WindSpeed,-0.11042647923168385,0.012194007315505503
AverageParticleSpeed,Humidity,ParticlesDetected,Pressure,RadarReflectivity,WindSpeed,-0.11042647923168378,0.012194007315505488
Humidity,ParticlesDetected,Pressure,RadarReflectivity,VolumeEquivalentDiameter,WindSpeed,-0.11042647923168378,0.012194007315505488
AverageParticleSpeed,Humidity,KineticEnergy,RadarReflectivity,RainIntensity,RainRate,-0.11040407592922953,0.012189059981787079
Humidity,KineticEnergy,RadarReflectivity,RainIntensity,RainRate,VolumeEquivalentDiameter,-0.11040407592922953,0.012189059981787079
AverageParticleSpeed,Humidity,KineticEnergy,RadarReflectivity,RainIntensity,VolumeEquivalentDiameter,-0.11040407592922928,0.012189059981787024
AverageParticleSpeed,Humidity,ParticlesDetected,Pressure,RainIntensity,SnowDepthIntensity,-0.11034323299111069,0.01217562906693054
Humidity,ParticlesDetected,Pressure,RainIntensity,SnowDepthIntensity,VolumeEquivalentDiameter,-0.11034323299111069,0.01217562906693054
Humidity,ParticlesDetected,Pressure,RainIntensity,RainRate,SnowDepthIntensity,-0.11034323299111061,0.01217562906693052
Humidity,Pressure,RadarReflectivity,RainIntensity,SnowDepthIntensity,Temperature,-0.11002829107515906,0.012106224836919926
Humidity,ParticlesDetected,Pressure,RadarReflectivity,RainIntensity,WindSpeed,-0.10989054871781564,0.012075932697502614
AverageParticleSpeed,Humidity,ParticlesDetected,RainRate,SnowDepthIntensity,VolumeEquivalentDiameter,-0.10987112487420023,0.0120716640811221
Humidity,KineticEnergy,ParticlesDetected,Pressure,RainRate,SnowDepthIntensity,-0.10985808810487999,0.012068799522059574
AverageParticleSpeed,Humidity,KineticEnergy,ParticlesDetected,Pressure,SnowDepthIntensity,-0.10985808810487992,0.012068799522059559
Humidity,KineticEnergy,ParticlesDetected,Pressure,SnowDepthIntensity,VolumeEquivalentDiameter,-0.10985808810487992,0.012068799522059559
Humidity,KineticEnergy,Pressure,RadarReflectivity,SnowDepthIntensity,Temperature,-0.10964645856785997,0.012022345876473432
AverageParticleSpeed,Humidity,ParticlesDetected,RadarReflectivity,RainRate,WindSpeed,-0.10957979271781478,0.012007730972079252
Humidity,ParticlesDetected,RadarReflectivity,RainRate,VolumeEquivalentDiameter,WindSpeed,-0.10957979271781478,0.012007730972079252
AverageParticleSpeed,Humidity,ParticlesDetected,RadarReflectivity,VolumeEquivalentDiameter,WindSpeed,-0.1095797927178147,0.012007730972079236
Humidity,KineticEnergy,ParticlesDetected,Pressure,RadarReflectivity,WindSpeed,-0.1095551111916112,0.012002322388206293
AverageParticleSpeed,Humidity,RadarReflectivity,RainRate,SnowDepthIntensity,Temperature,-0.10944732351777102,0.011978716625203634
Humidity,RadarReflectivity,RainRate,SnowDepthIntensity,Temperature,VolumeEquivalentDiameter,-0.10944732351777102,0.011978716625203634
AverageParticleSpeed,Humidity,RadarReflectivity,SnowDepthIntensity,Temperature,VolumeEquivalentDiameter,-0.10944732351777084,0.011978716625203594
AverageParticleSpeed,Humidity,ParticlesDetected,RainIntensity,RainRate,SnowDepthIntensity,-0.1090756055504152,0.011897487726189768
Humidity,ParticlesDetected,RainIntensity,RainRate,SnowDepthIntensity,VolumeEquivalentDiameter,-0.1090756055504152,0.011897487726189768
AverageParticleSpeed,Humidity,ParticlesDetected,RainIntensity,SnowDepthIntensity,VolumeEquivalentDiameter,-0.10907560555041508,0.011897487726189742
Humidity,KineticEnergy,ParticlesDetected,Pressure,RainIntensity,SnowDepthIntensity,-0.10906318266836296,0.011894777813752706
Humidity,ParticlesDetected,RadarReflectivity,RainIntensity,RainRate,WindSpeed,-0.10905063960329321,0.011892041997887341
AverageParticleSpeed,Humidity,ParticlesDetected,RadarReflectivity,RainIntensity,WindSpeed,-0.10905063960329316,0.011892041997887329
Humidity,ParticlesDetected,RadarReflectivity,RainIntensity,VolumeEquivalentDiameter,WindSpeed,-0.10905063960329316,0.011892041997887329
AverageParticleSpeed,Humidity,RadarReflectivity,RainIntensity,SnowDepthIntensity,Temperature,-0.10881624597296388,0.011840975387648578
Humidity,RadarReflectivity,RainIntensity,SnowDepthIntensity,Temperature,VolumeEquivalentDiameter,-0.10881624597296388,0.011840975387648578
Humidity,RadarReflectivity,RainIntensity,RainRate,SnowDepthIntensity,Temperature,-0.10881624597296376,0.01184097538764855
AverageParticleSpeed,Humidity,KineticEnergy,ParticlesDetected,RadarReflectivity,WindSpeed,-0.1087183319393597,0.0118196756996768
Humidity,KineticEnergy,ParticlesDetected,RadarReflectivity,VolumeEquivalentDiameter,WindSpeed,-0.1087183319393597,0.0118196756996768
Humidity,KineticEnergy,ParticlesDetected,RadarReflectivity,RainRate,WindSpeed,-0.10871833193935963,0.011819675699676785
Humidity,ParticlesDetected,RadarReflectivity,SnowDepthIntensity,Temperature,WindSpeed,-0.10860159554092647,0.011794306554034979
AverageParticleSpeed,Humidity,KineticEnergy,ParticlesDetected,RainRate,SnowDepthIntensity,-0.10859748270220683,0.011793413249256111
Humidity,KineticEnergy,ParticlesDetected,RainRate,SnowDepthIntensity,VolumeEquivalentDiameter,-0.10859748270220683,0.011793413249256111
AverageParticleSpeed,Humidity,KineticEnergy,ParticlesDetected,SnowDepthIntensity,VolumeEquivalentDiameter,-0.10859748270220632,0.011793413249256
Humidity,KineticEnergy,RadarReflectivity,RainRate,SnowDepthIntensity,Temperature,-0.10843992549143293,0.011759217440587525
AverageParticleSpeed,Humidity,KineticEnergy,RadarReflectivity,SnowDepthIntensity,Temperature,-0.10843992549143278,0.011759217440587492
Humidity,KineticEnergy,RadarReflectivity,SnowDepthIntensity,Temperature,VolumeEquivalentDiameter,-0.10843992549143278,0.011759217440587492
Humidity,KineticEnergy,ParticlesDetected,RadarReflectivity,RainIntensity,WindSpeed,-0.10819636437638434,0.01170645326426733
Humidity,ParticlesDetected,RadarReflectivity,RainAbsolute,RainAccumulated,WeatherCode4680,0.10798264678472057,0.011660252006633723
AverageParticleSpeed,Humidity,Pressure,RadarReflectivity,RainRate,SnowDepthIntensity,-0.10788334591373788,0.011638816325543224
Humidity,Pressure,RadarReflectivity,RainRate,SnowDepthIntensity,VolumeEquivalentDiameter,-0.10788334591373788,0.011638816325543224
AverageParticleSpeed,Humidity,Pressure,RadarReflectivity,SnowDepthIntensity,VolumeEquivalentDiameter,-0.10788334591373767,0.011638816325543179
AverageParticleSpeed,Humidity,KineticEnergy,ParticlesDetected,RainIntensity,SnowDepthIntensity,-0.10781791109559495,0.011624701953017617
Humidity,KineticEnergy,ParticlesDetected,RainIntensity,SnowDepthIntensity,VolumeEquivalentDiameter,-0.10781791109559495,0.011624701953017617
Humidity,KineticEnergy,ParticlesDetected,RainIntensity,RainRate,SnowDepthIntensity,-0.10781791109559469,0.01162470195301756
Humidity,KineticEnergy,RadarReflectivity,RainIntensity,SnowDepthIntensity,Temperature,-0.10781241627735713,0.011623517103562141
ParticlesDetected,RadarReflectivity,RainAbsolute,SnowDepthIntensity,Temperature,WindSpeed,0.10751202305359339,0.011558835101076397
ParticlesDetected,RadarReflectivity,RainAccumulated,SnowDepthIntensity,Temperature,WindSpeed,0.10751202305359339,0.011558835101076397
AverageParticleSpeed,Humidity,Pressure,RadarReflectivity,RainIntensity,SnowDepthIntensity,-0.10718019979590405,0.011487595228289911
Humidity,Pressure,RadarReflectivity,RainIntensity,SnowDepthIntensity,VolumeEquivalentDiameter,-0.10718019979590405,0.011487595228289911
Humidity,Pressure,RadarReflectivity,RainIntensity,RainRate,SnowDepthIntensity,-0.10718019979590396,0.01148759522828989
Humidity,ParticlesDetected,Pressure,RadarReflectivity,SnowDepthIntensity,WindSpeed,-0.10689363003681658,0.011426248142447816
AverageParticleSpeed,RainAbsolute,RainRate,SnowDepthIntensity,VolumeEquivalentDiameter,WeatherCode4680,0.10683032211659893,0.011412717723536286
AverageParticleSpeed,RainAccumulated,RainRate,SnowDepthIntensity,VolumeEquivalentDiameter,WeatherCode4680,0.10683032211659893,0.011412717723536286
AverageParticleSpeed,Humidity,KineticEnergy,Pressure,RadarReflectivity,SnowDepthIntensity,-0.10675995897754101,0.011397688840886239
Humidity,KineticEnergy,Pressure,RadarReflectivity,SnowDepthIntensity,VolumeEquivalentDiameter,-0.10675995897754101,0.011397688840886239
Humidity,KineticEnergy,Pressure,RadarReflectivity,RainRate,SnowDepthIntensity,-0.10675995897754094,0.011397688840886225
AverageParticleSpeed,Humidity,RadarReflectivity,RainRate,SnowDepthIntensity,VolumeEquivalentDiameter,-0.10652894141088326,0.011348415358123398
AverageParticleSpeed,Pressure,RainAbsolute,SnowDepthIntensity,VolumeEquivalentDiameter,WeatherCode4680,0.10630862583639543,0.011301523927222721
AverageParticleSpeed,Pressure,RainAccumulated,SnowDepthIntensity,VolumeEquivalentDiameter,WeatherCode4680,0.10630862583639543,0.011301523927222721
AverageParticleSpeed,Pressure,RainAbsolute,RainRate,SnowDepthIntensity,WeatherCode4680,0.10630862583639536,0.011301523927222707
AverageParticleSpeed,Pressure,RainAccumulated,RainRate,SnowDepthIntensity,WeatherCode4680,0.10630862583639536,0.011301523927222707
Pressure,RainAbsolute,RainRate,SnowDepthIntensity,VolumeEquivalentDiameter,WeatherCode4680,0.10630862583639536,0.011301523927222707
Pressure,RainAccumulated,RainRate,SnowDepthIntensity,VolumeEquivalentDiameter,WeatherCode4680,0.10630862583639536,0.011301523927222707
Humidity,ParticlesDetected,RadarReflectivity,RainRate,SnowDepthIntensity,WindSpeed,-0.10609938155730635,0.011257078766842878
AverageParticleSpeed,Humidity,ParticlesDetected,RadarReflectivity,SnowDepthIntensity,WindSpeed,-0.10609938155730624,0.011257078766842855
Humidity,ParticlesDetected,RadarReflectivity,SnowDepthIntensity,VolumeEquivalentDiameter,WindSpeed,-0.10609938155730624,0.011257078766842855
Humidity,KineticEnergy,Pressure,RadarReflectivity,RainIntensity,SnowDepthIntensity,-0.10606317515018984,0.011249397122939849
AverageParticleSpeed,RainAbsolute,RainIntensity,SnowDepthIntensity,VolumeEquivalentDiameter,WeatherCode4680,0.10603100754863033,0.011242574561777702
AverageParticleSpeed,RainAccumulated,RainIntensity,SnowDepthIntensity,VolumeEquivalentDiameter,WeatherCode4680,0.10603100754863033,0.011242574561777702
AverageParticleSpeed,RainAbsolute,RainIntensity,RainRate,SnowDepthIntensity,WeatherCode4680,0.10603100754863005,0.011242574561777643
AverageParticleSpeed,RainAccumulated,RainIntensity,RainRate,SnowDepthIntensity,WeatherCode4680,0.10603100754863005,0.011242574561777643
RainAbsolute,RainIntensity,RainRate,SnowDepthIntensity,VolumeEquivalentDiameter,WeatherCode4680,0.10603100754863005,0.011242574561777643
RainAccumulated,RainIntensity,RainRate,SnowDepthIntensity,VolumeEquivalentDiameter,WeatherCode4680,0.10603100754863005,0.011242574561777643
AverageParticleSpeed,Humidity,RadarReflectivity,RainIntensity,SnowDepthIntensity,VolumeEquivalentDiameter,-0.10584193515998136,0.011202515238409698
AverageParticleSpeed,Humidity,RadarReflectivity,RainIntensity,RainRate,SnowDepthIntensity,-0.1058419351599809,0.0112025152384096
Humidity,RadarReflectivity,RainIntensity,RainRate,SnowDepthIntensity,VolumeEquivalentDiameter,-0.1058419351599809,0.0112025152384096
AverageParticleSpeed,KineticEnergy,RainAbsolute,SnowDepthIntensity,VolumeEquivalentDiameter,WeatherCode4680,0.10577590808926912,0.01118854273210951
AverageParticleSpeed,KineticEnergy,RainAccumulated,SnowDepthIntensity,VolumeEquivalentDiameter,WeatherCode4680,0.10577590808926912,0.01118854273210951
AverageParticleSpeed,KineticEnergy,RainAbsolute,RainRate,SnowDepthIntensity,WeatherCode4680,0.10577590808926901,0.011188542732109485
AverageParticleSpeed,KineticEnergy,RainAccumulated,RainRate,SnowDepthIntensity,WeatherCode4680,0.10577590808926901,0.011188542732109485
KineticEnergy,RainAbsolute,RainRate,SnowDepthIntensity,VolumeEquivalentDiameter,WeatherCode4680,0.10577590808926901,0.011188542732109485
KineticEnergy,RainAccumulated,RainRate,SnowDepthIntensity,VolumeEquivalentDiameter,WeatherCode4680,0.10577590808926901,0.011188542732109485
Humidity,ParticlesDetected,RadarReflectivity,RainIntensity,SnowDepthIntensity,WindSpeed,-0.10561951899710832,0.011155482793180526
Pressure,RainAbsolute,RainIntensity,RainRate,SnowDepthIntensity,WeatherCode4680,0.10551098853119247,0.011132568700829428
Pressure,RainAccumulated,RainIntensity,RainRate,SnowDepthIntensity,WeatherCode4680,0.10551098853119247,0.011132568700829428
AverageParticleSpeed,Pressure,RainAbsolute,RainIntensity,SnowDepthIntensity,WeatherCode4680,0.10551098853119213,0.011132568700829357
AverageParticleSpeed,Pressure,RainAccumulated,RainIntensity,SnowDepthIntensity,WeatherCode4680,0.10551098853119213,0.011132568700829357
Pressure,RainAbsolute,RainIntensity,SnowDepthIntensity,VolumeEquivalentDiameter,WeatherCode4680,0.10551098853119213,0.011132568700829357
Pressure,RainAccumulated,RainIntensity,SnowDepthIntensity,VolumeEquivalentDiameter,WeatherCode4680,0.10551098853119213,0.011132568700829357
AverageParticleSpeed,Humidity,KineticEnergy,RadarReflectivity,RainRate,SnowDepthIntensity,-0.10542860622550708,0.01111519101065303
Humidity,KineticEnergy,RadarReflectivity,RainRate,SnowDepthIntensity,VolumeEquivalentDiameter,-0.10542860622550708,0.01111519101065303
AverageParticleSpeed,Humidity,KineticEnergy,RadarReflectivity,SnowDepthIntensity,VolumeEquivalentDiameter,-0.10542860622550691,0.011115191010652996
Humidity,KineticEnergy,ParticlesDetected,RadarReflectivity,SnowDepthIntensity,WindSpeed,-0.1053242819421093,0.01109320436662093
AverageParticleSpeed,KineticEnergy,Pressure,RainAbsolute,SnowDepthIntensity,WeatherCode4680,0.10525654008996922,0.011078939231711299
AverageParticleSpeed,KineticEnergy,Pressure,RainAccumulated,SnowDepthIntensity,WeatherCode4680,0.10525654008996922,0.011078939231711299
KineticEnergy,Pressure,RainAbsolute,SnowDepthIntensity,VolumeEquivalentDiameter,WeatherCode4680,0.10525654008996922,0.011078939231711299
KineticEnergy,Pressure,RainAccumulated,SnowDepthIntensity,VolumeEquivalentDiameter,WeatherCode4680,0.10525654008996922,0.011078939231711299
KineticEnergy,Pressure,RainAbsolute,RainRate,SnowDepthIntensity,WeatherCode4680,0.10525654008996917,0.011078939231711287
KineticEnergy,Pressure,RainAccumulated,RainRate,SnowDepthIntensity,WeatherCode4680,0.10525654008996917,0.011078939231711287
KineticEnergy,RainAbsolute,RainIntensity,RainRate,SnowDepthIntensity,WeatherCode4680,0.10498223757220564,0.011021270205667025
KineticEnergy,RainAccumulated,RainIntensity,RainRate,SnowDepthIntensity,WeatherCode4680,0.10498223757220564,0.011021270205667025
AverageParticleSpeed,KineticEnergy,RainAbsolute,RainIntensity,SnowDepthIntensity,WeatherCode4680,0.10498223757220543,0.011021270205666981
AverageParticleSpeed,KineticEnergy,RainAccumulated,RainIntensity,SnowDepthIntensity,WeatherCode4680,0.10498223757220543,0.011021270205666981
KineticEnergy,RainAbsolute,RainIntensity,SnowDepthIntensity,VolumeEquivalentDiameter,WeatherCode4680,0.10498223757220543,0.011021270205666981
KineticEnergy,RainAccumulated,RainIntensity,SnowDepthIntensity,VolumeEquivalentDiameter,WeatherCode4680,0.10498223757220543,0.011021270205666981
AverageParticleSpeed,Humidity,KineticEnergy,RadarReflectivity,RainIntensity,SnowDepthIntensity,-0.10474766603995735,0.010972073540818434
Humidity,KineticEnergy,RadarReflectivity,RainIntensity,SnowDepthIntensity,VolumeEquivalentDiameter,-0.10474766603995735,0.010972073540818434
Humidity,KineticEnergy,RadarReflectivity,RainIntensity,RainRate,SnowDepthIntensity,-0.10474766603995693,0.010972073540818346
KineticEnergy,Pressure,RainAbsolute,RainIntensity,SnowDepthIntensity,WeatherCode4680,0.10446455873499928,0.010912844031698114
KineticEnergy,Pressure,RainAccumulated,RainIntensity,SnowDepthIntensity,WeatherCode4680,0.10446455873499928,0.010912844031698114
AverageParticleSpeed,Pressure,RainIntensity,RainRate,Temperature,VolumeEquivalentDiameter,-0.10400592869215994,0.010817233203118658
AverageParticleSpeed,RainAbsolute,RainRate,Temperature,VolumeEquivalentDiameter,WeatherCode4680,0.10382309731775116,0.010779235536651229
AverageParticleSpeed,RainAccumulated,RainRate,Temperature,VolumeEquivalentDiameter,WeatherCode4680,0.10382309731775116,0.010779235536651229
AverageParticleSpeed,ParticlesDetected,Pressure,RainRate,Temperature,WindSpeed,-0.10335550173713388,0.010682359739334686
ParticlesDetected,Pressure,RainRate,Temperature,VolumeEquivalentDiameter,WindSpeed,-0.10335550173713388,0.010682359739334686
AverageParticleSpeed,ParticlesDetected,Pressure,Temperature,VolumeEquivalentDiameter,WindSpeed,-0.10335550173713381,0.01068235973933467
AverageParticleSpeed,Pressure,RainAbsolute,RainRate,Temperature,WeatherCode4680,0.10329452775820006,0.010669759464789562
AverageParticleSpeed,Pressure,RainAccumulated,RainRate,Temperature,WeatherCode4680,0.10329452775820006,0.010669759464789562
Pressure,RainAbsolute,RainRate,Temperature,VolumeEquivalentDiameter,WeatherCode4680,0.10329452775820006,0.010669759464789562
Pressure,RainAccumulated,RainRate,Temperature,VolumeEquivalentDiameter,WeatherCode4680,0.10329452775820006,0.010669759464789562
AverageParticleSpeed,Pressure,RainAbsolute,Temperature,VolumeEquivalentDiameter,WeatherCode4680,0.10329452775820003,0.010669759464789557
AverageParticleSpeed,Pressure,RainAccumulated,Temperature,VolumeEquivalentDiameter,WeatherCode4680,0.10329452775820003,0.010669759464789557
AverageParticleSpeed,RainAbsolute,RainIntensity,RainRate,Temperature,WeatherCode4680,0.10304358682136854,0.010617980785012915
AverageParticleSpeed,RainAccumulated,RainIntensity,RainRate,Temperature,WeatherCode4680,0.10304358682136854,0.010617980785012915
RainAbsolute,RainIntensity,RainRate,Temperature,VolumeEquivalentDiameter,WeatherCode4680,0.10304358682136854,0.010617980785012915
RainAccumulated,RainIntensity,RainRate,Temperature,VolumeEquivalentDiameter,WeatherCode4680,0.10304358682136854,0.010617980785012915
AverageParticleSpeed,RainAbsolute,RainIntensity,Temperature,VolumeEquivalentDiameter,WeatherCode4680,0.1030435868213682,0.010617980785012847
AverageParticleSpeed,RainAccumulated,RainIntensity,Temperature,VolumeEquivalentDiameter,WeatherCode4680,0.1030435868213682,0.010617980785012847
AverageParticleSpeed,KineticEnergy,RainAbsolute,RainRate,Temperature,WeatherCode4680,0.10279357573824578,0.010566519213054472
AverageParticleSpeed,KineticEnergy,RainAccumulated,RainRate,Temperature,WeatherCode4680,0.10279357573824578,0.010566519213054472
KineticEnergy,RainAbsolute,RainRate,Temperature,VolumeEquivalentDiameter,WeatherCode4680,0.10279357573824578,0.010566519213054472
KineticEnergy,RainAccumulated,RainRate,Temperature,VolumeEquivalentDiameter,WeatherCode4680,0.10279357573824578,0.010566519213054472
AverageParticleSpeed,KineticEnergy,RainAbsolute,Temperature,VolumeEquivalentDiameter,WeatherCode4680,0.1027935757382456,0.010566519213054435
AverageParticleSpeed,KineticEnergy,RainAccumulated,Temperature,VolumeEquivalentDiameter,WeatherCode4680,0.1027935757382456,0.010566519213054435
AverageParticleSpeed,Pressure,RainAbsolute,RainIntensity,Temperature,WeatherCode4680,0.10251671950118489,0.010509677777284622
AverageParticleSpeed,Pressure,RainAccumulated,RainIntensity,Temperature,WeatherCode4680,0.10251671950118489,0.010509677777284622
Pressure,RainAbsolute,RainIntensity,Temperature,VolumeEquivalentDiameter,WeatherCode4680,0.10251671950118489,0.010509677777284622
Pressure,RainAccumulated,RainIntensity,Temperature,VolumeEquivalentDiameter,WeatherCode4680,0.10251671950118489,0.010509677777284622
Pressure,RainAbsolute,RainIntensity,RainRate,Temperature,WeatherCode4680,0.10251671950118485,0.010509677777284614
Pressure,RainAccumulated,RainIntensity,RainRate,Temperature,WeatherCode4680,0.10251671950118485,0.010509677777284614
AverageParticleSpeed,ParticlesDetected,Pressure,RainIntensity,Temperature,WindSpeed,-0.10245253072558991,0.010496521052077944
ParticlesDetected,Pressure,RainIntensity,Temperature,VolumeEquivalentDiameter,WindSpeed,-0.10245253072558991,0.010496521052077944
ParticlesDetected,Pressure,RainIntensity,RainRate,Temperature,WindSpeed,-0.10245253072558973,0.010496521052077908
KineticEnergy,Pressure,RainAbsolute,RainRate,Temperature,WeatherCode4680,0.10226737830149439,0.010458616664660966
KineticEnergy,Pressure,RainAccumulated,RainRate,Temperature,WeatherCode4680,0.10226737830149439,0.010458616664660966
AverageParticleSpeed,KineticEnergy,Pressure,RainAbsolute,Temperature,WeatherCode4680,0.10226737830149428,0.010458616664660943
AverageParticleSpeed,KineticEnergy,Pressure,RainAccumulated,Temperature,WeatherCode4680,0.10226737830149428,0.010458616664660943
KineticEnergy,Pressure,RainAbsolute,Temperature,VolumeEquivalentDiameter,WeatherCode4680,0.10226737830149428,0.010458616664660943
KineticEnergy,Pressure,RainAccumulated,Temperature,VolumeEquivalentDiameter,WeatherCode4680,0.10226737830149428,0.010458616664660943
KineticEnergy,RainAbsolute,RainIntensity,RainRate,Temperature,WeatherCode4680,0.10201925646140947,0.010407928688938837
KineticEnergy,RainAccumulated,RainIntensity,RainRate,Temperature,WeatherCode4680,0.10201925646140947,0.010407928688938837
AverageParticleSpeed,KineticEnergy,RainAbsolute,RainIntensity,Temperature,WeatherCode4680,0.10201925646140939,0.010407928688938821
AverageParticleSpeed,KineticEnergy,RainAccumulated,RainIntensity,Temperature,WeatherCode4680,0.10201925646140939,0.010407928688938821
KineticEnergy,RainAbsolute,RainIntensity,Temperature,VolumeEquivalentDiameter,WeatherCode4680,0.10201925646140939,0.010407928688938821
KineticEnergy,RainAccumulated,RainIntensity,Temperature,VolumeEquivalentDiameter,WeatherCode4680,0.10201925646140939,0.010407928688938821
AverageParticleSpeed,KineticEnergy,Pressure,RainRate,Temperature,VolumeEquivalentDiameter,-0.10194468126274157,0.010392718037761973
KineticEnergy,ParticlesDetected,Pressure,RainRate,Temperature,WindSpeed,-0.10183634879301774,0.010370641935493165
AverageParticleSpeed,KineticEnergy,ParticlesDetected,Pressure,Temperature,WindSpeed,-0.10183634879301763,0.010370641935493143
KineticEnergy,ParticlesDetected,Pressure,Temperature,VolumeEquivalentDiameter,WindSpeed,-0.10183634879301763,0.010370641935493143
AverageParticleSpeed,ParticlesDetected,RainRate,Temperature,VolumeEquivalentDiameter,WindSpeed,-0.10180585481023091,0.010364432073641816
KineticEnergy,Pressure,RainAbsolute,RainIntensity,Temperature,WeatherCode4680,0.10149477360983779,0.010301189070112226
KineticEnergy,Pressure,RainAccumulated,RainIntensity,Temperature,WeatherCode4680,0.10149477360983779,0.010301189070112226
Humidity,ParticlesDetected,RainAbsolute,SnowDepthIntensity,Temperature,WindSpeed,0.1010305385386246,0.010207169717404511
Humidity,ParticlesDetected,RainAccumulated,SnowDepthIntensity,Temperature,WindSpeed,0.1010305385386246,0.010207169717404511
AverageParticleSpeed,Pressure,RadarReflectivity,RainRate,Temperature,WindSpeed,-0.10099962765258752,0.010200924785961322
AverageParticleSpeed,Pressure,RadarReflectivity,Temperature,VolumeEquivalentDiameter,WindSpeed,-0.10099962765258752,0.010200924785961322
Pressure,RadarReflectivity,RainRate,Temperature,VolumeEquivalentDiameter,WindSpeed,-0.10099962765258752,0.010200924785961322
KineticEnergy,ParticlesDetected,Pressure,RainIntensity,Temperature,WindSpeed,-0.10095870836687651,0.01019266079510802
AverageParticleSpeed,ParticlesDetected,RainIntensity,Temperature,VolumeEquivalentDiameter,WindSpeed,-0.10092545548815908,0.01018594756549238
AverageParticleSpeed,ParticlesDetected,RainIntensity,RainRate,Temperature,WindSpeed,-0.10092545548815905,0.010185947565492374
ParticlesDetected,RainIntensity,RainRate,Temperature,VolumeEquivalentDiameter,WindSpeed,-0.10092545548815905,0.010185947565492374
AverageParticleSpeed,KineticEnergy,ParticlesDetected,Temperature,VolumeEquivalentDiameter,WindSpeed,-0.10032013250271653,0.0100641289853626
AverageParticleSpeed,KineticEnergy,ParticlesDetected,RainRate,Temperature,WindSpeed,-0.10032013250271649,0.010064128985362592
KineticEnergy,ParticlesDetected,RainRate,Temperature,VolumeEquivalentDiameter,WindSpeed,-0.10032013250271649,0.010064128985362592
Pressure,RadarReflectivity,RainIntensity,RainRate,Temperature,WindSpeed,-0.10018348010727064,0.010036729686403893
AverageParticleSpeed,Pressure,RadarReflectivity,RainIntensity,Temperature,WindSpeed,-0.1001834801072704,0.010036729686403845
Pressure,RadarReflectivity,RainIntensity,Temperature,VolumeEquivalentDiameter,WindSpeed,-0.1001834801072704,0.010036729686403845
AverageParticleSpeed,KineticEnergy,Pressure,RainIntensity,Temperature,VolumeEquivalentDiameter,-0.10001984571481971,0.01000396953681634
AverageParticleSpeed,KineticEnergy,Pressure,RainIntensity,RainRate,Temperature,-0.1000198457148197,0.010003969536816336
KineticEnergy,Pressure,RainIntensity,RainRate,Temperature,VolumeEquivalentDiameter,-0.1000198457148197,0.010003969536816336
