Variable 1,Variable 2,Variable 3,Variable 4,Variable 5,Variable 6,Variable 7,Variable 8,Variable 9,Correlation (r),R²
AverageParticleSpeed,KineticEnergy,Pressure,RainAbsolute,RainAccumulated,RainIntensity,RainRate,VolumeEquivalentDiameter,WindSpeed,0.38042908334283493,0.14472628745306965
AverageParticleSpeed,KineticEnergy,Pressure,RainAbsolute,RainAccumulated,RainIntensity,RainRate,SnowDepthIntensity,VolumeEquivalentDiameter,0.374938525350321,0.14057889779187333
AverageParticleSpeed,KineticEnergy,Pressure,RainAbsolute,RainAccumulated,RainIntensity,RainRate,Temperature,VolumeEquivalentDiameter,0.3738375145443249,0.13975448728067832
AverageParticleSpeed,Pressure,RainAbsolute,RainAccumulated,RainIntensity,RainRate,SnowDepthIntensity,VolumeEquivalentDiameter,WindSpeed,0.3720791428170598,0.13844288851947797
AverageParticleSpeed,KineticEnergy,Pressure,RainAbsolute,RainAccumulated,RainRate,SnowDepthIntensity,VolumeEquivalentDiameter,WindSpeed,0.3716894190019167,0.1381530241979824
AverageParticleSpeed,Pressure,RainAbsolute,RainAccumulated,RainIntensity,RainRate,Temperature,VolumeEquivalentDiameter,WindSpeed,0.3712862568029408,0.1378534844907393
AverageParticleSpeed,KineticEnergy,Pressure,RainAbsolute,RainAccumulated,RainRate,Temperature,VolumeEquivalentDiameter,WindSpeed,0.3709125775205687,0.1375761401629519
AverageParticleSpeed,KineticEnergy,RainAbsolute,RainAccumulated,RainIntensity,RainRate,SnowDepthIntensity,VolumeEquivalentDiameter,WindSpeed,0.37065455290629706,0.13738479759016697
AverageParticleSpeed,KineticEnergy,Pressure,RainAbsolute,RainAccumulated,RainIntensity,SnowDepthIntensity,VolumeEquivalentDiameter,WindSpeed,0.3705480104412622,0.13730582804197775
KineticEnergy,Pressure,RainAbsolute,RainAccumulated,RainIntensity,RainRate,SnowDepthIntensity,VolumeEquivalentDiameter,WindSpeed,0.3705480104412622,0.13730582804197775
AverageParticleSpeed,KineticEnergy,Pressure,RainAbsolute,RainAccumulated,RainIntensity,RainRate,SnowDepthIntensity,WindSpeed,0.3705480104412621,0.1373058280419777
AverageParticleSpeed,KineticEnergy,RainAbsolute,RainAccumulated,RainIntensity,RainRate,Temperature,VolumeEquivalentDiameter,WindSpeed,0.36997265702768795,0.1368797669481272
AverageParticleSpeed,KineticEnergy,Pressure,RainAbsolute,RainAccumulated,RainIntensity,Temperature,VolumeEquivalentDiameter,WindSpeed,0.3698661594287631,0.1368009758905832
AverageParticleSpeed,KineticEnergy,Pressure,RainAbsolute,RainAccumulated,RainIntensity,RainRate,Temperature,WindSpeed,0.36986615942876283,0.13680097589058302
KineticEnergy,Pressure,RainAbsolute,RainAccumulated,RainIntensity,RainRate,Temperature,VolumeEquivalentDiameter,WindSpeed,0.36986615942876283,0.13680097589058302
AverageParticleSpeed,Pressure,RainAbsolute,RainAccumulated,RainIntensity,RainRate,SnowDepthIntensity,Temperature,VolumeEquivalentDiameter,0.3654157104896327,0.13352864147264304
AverageParticleSpeed,KineticEnergy,Pressure,RainAbsolute,RainAccumulated,RainRate,SnowDepthIntensity,Temperature,VolumeEquivalentDiameter,0.3650378758190115,0.13325265078245604
AverageParticleSpeed,KineticEnergy,RainAbsolute,RainAccumulated,RainIntensity,RainRate,SnowDepthIntensity,Temperature,VolumeEquivalentDiameter,0.3639923289032167,0.13249041550038748
KineticEnergy,Pressure,RainAbsolute,RainAccumulated,RainIntensity,RainRate,SnowDepthIntensity,Temperature,VolumeEquivalentDiameter,0.3639062868198663,0.1324277855870228
AverageParticleSpeed,KineticEnergy,Pressure,RainAbsolute,RainAccumulated,RainIntensity,RainRate,SnowDepthIntensity,Temperature,0.36390628681986625,0.13242778558702276
AverageParticleSpeed,KineticEnergy,Pressure,RainAbsolute,RainAccumulated,RainIntensity,SnowDepthIntensity,Temperature,VolumeEquivalentDiameter,0.3639062868198661,0.13242778558702265
AverageParticleSpeed,Pressure,RainAbsolute,RainAccumulated,RainRate,SnowDepthIntensity,Temperature,VolumeEquivalentDiameter,WindSpeed,0.3617842984139169,0.13088787857885006
AverageParticleSpeed,RainAbsolute,RainAccumulated,RainIntensity,RainRate,SnowDepthIntensity,Temperature,VolumeEquivalentDiameter,WindSpeed,0.3607084069674187,0.13011055485697293
AverageParticleSpeed,Pressure,RainAbsolute,RainAccumulated,RainIntensity,RainRate,SnowDepthIntensity,Temperature,WindSpeed,0.3605763808979065,0.13001532646143216
AverageParticleSpeed,Pressure,RainAbsolute,RainAccumulated,RainIntensity,SnowDepthIntensity,Temperature,VolumeEquivalentDiameter,WindSpeed,0.3605763808979064,0.13001532646143207
Pressure,RainAbsolute,RainAccumulated,RainIntensity,RainRate,SnowDepthIntensity,Temperature,VolumeEquivalentDiameter,WindSpeed,0.3605763808979064,0.13001532646143207
AverageParticleSpeed,KineticEnergy,RainAbsolute,RainAccumulated,RainRate,SnowDepthIntensity,Temperature,VolumeEquivalentDiameter,WindSpeed,0.3602722372515605,0.1297960849342447
AverageParticleSpeed,KineticEnergy,Pressure,RainAbsolute,RainAccumulated,SnowDepthIntensity,Temperature,VolumeEquivalentDiameter,WindSpeed,0.36013898166423947,0.1297000861141554
AverageParticleSpeed,KineticEnergy,Pressure,RainAbsolute,RainAccumulated,RainRate,SnowDepthIntensity,Temperature,WindSpeed,0.36013898166423924,0.12970008611415526
KineticEnergy,Pressure,RainAbsolute,RainAccumulated,RainRate,SnowDepthIntensity,Temperature,VolumeEquivalentDiameter,WindSpeed,0.36013898166423924,0.12970008611415526
AverageParticleSpeed,KineticEnergy,RainAbsolute,RainAccumulated,RainIntensity,SnowDepthIntensity,Temperature,VolumeEquivalentDiameter,WindSpeed,0.35901587666137935,0.12889239969493876
AverageParticleSpeed,KineticEnergy,RainAbsolute,RainAccumulated,RainIntensity,RainRate,SnowDepthIntensity,Temperature,WindSpeed,0.359015876661379,0.12889239969493851
KineticEnergy,RainAbsolute,RainAccumulated,RainIntensity,RainRate,SnowDepthIntensity,Temperature,VolumeEquivalentDiameter,WindSpeed,0.359015876661379,0.12889239969493851
KineticEnergy,Pressure,RainAbsolute,RainAccumulated,RainIntensity,RainRate,SnowDepthIntensity,Temperature,WindSpeed,0.35887942052154603,0.12879443847388067
KineticEnergy,Pressure,RainAbsolute,RainAccumulated,RainIntensity,SnowDepthIntensity,Temperature,VolumeEquivalentDiameter,WindSpeed,0.3588794205215455,0.12879443847388028
AverageParticleSpeed,KineticEnergy,Pressure,RainAbsolute,RainAccumulated,RainIntensity,SnowDepthIntensity,Temperature,WindSpeed,0.3588794205215454,0.12879443847388022
AverageParticleSpeed,Humidity,KineticEnergy,Pressure,RainAbsolute,RainAccumulated,RainIntensity,RainRate,VolumeEquivalentDiameter,0.35351375137980645,0.12497197241462361
AverageParticleSpeed,Humidity,Pressure,RainAbsolute,RainAccumulated,RainIntensity,RainRate,VolumeEquivalentDiameter,WindSpeed,0.35146086011677125,0.12352473619402064
AverageParticleSpeed,Humidity,KineticEnergy,Pressure,RainAbsolute,RainAccumulated,RainRate,VolumeEquivalentDiameter,WindSpeed,0.3509880170150329,0.12319258808814502
AverageParticleSpeed,Humidity,KineticEnergy,RainAbsolute,RainAccumulated,RainIntensity,RainRate,VolumeEquivalentDiameter,WindSpeed,0.34977566948556477,0.12234301896407504
AverageParticleSpeed,Humidity,KineticEnergy,Pressure,RainAbsolute,RainAccumulated,RainIntensity,RainRate,WindSpeed,0.3496472476484519,0.12225319778813785
Humidity,KineticEnergy,Pressure,RainAbsolute,RainAccumulated,RainIntensity,RainRate,VolumeEquivalentDiameter,WindSpeed,0.34964724764845184,0.12225319778813781
AverageParticleSpeed,Humidity,KineticEnergy,Pressure,RainAbsolute,RainAccumulated,RainIntensity,VolumeEquivalentDiameter,WindSpeed,0.34964724764845173,0.12225319778813773
AverageParticleSpeed,Humidity,Pressure,RainAbsolute,RainAccumulated,RainIntensity,RainRate,SnowDepthIntensity,VolumeEquivalentDiameter,0.3432723872824015,0.11783593187055905
AverageParticleSpeed,Humidity,KineticEnergy,Pressure,RainAbsolute,RainAccumulated,RainRate,SnowDepthIntensity,VolumeEquivalentDiameter,0.3428210587566663,0.11752627832704164
AverageParticleSpeed,Humidity,KineticEnergy,RainAbsolute,RainAccumulated,RainIntensity,RainRate,SnowDepthIntensity,VolumeEquivalentDiameter,0.3415826532171795,0.11667870897888792
AverageParticleSpeed,Humidity,KineticEnergy,Pressure,RainAbsolute,RainAccumulated,RainIntensity,SnowDepthIntensity,VolumeEquivalentDiameter,0.3414637689574971,0.11659750551065895
AverageParticleSpeed,Humidity,KineticEnergy,Pressure,RainAbsolute,RainAccumulated,RainIntensity,RainRate,SnowDepthIntensity,0.34146376895749647,0.11659750551065853
Humidity,KineticEnergy,Pressure,RainAbsolute,RainAccumulated,RainIntensity,RainRate,SnowDepthIntensity,VolumeEquivalentDiameter,0.3414637689574964,0.11659750551065849
AverageParticleSpeed,KineticEnergy,Pressure,RainAbsolute,RainIntensity,RainRate,SnowDepthIntensity,VolumeEquivalentDiameter,WindSpeed,0.3401398977196131,0.11569515002070888
AverageParticleSpeed,KineticEnergy,Pressure,RainAccumulated,RainIntensity,RainRate,SnowDepthIntensity,VolumeEquivalentDiameter,WindSpeed,0.3401398977196131,0.11569515002070888
AverageParticleSpeed,Humidity,Pressure,RainAbsolute,RainAccumulated,RainRate,SnowDepthIntensity,VolumeEquivalentDiameter,WindSpeed,0.3396724145372782,0.11537734919758456
AverageParticleSpeed,KineticEnergy,Pressure,RainAbsolute,RainIntensity,RainRate,Temperature,VolumeEquivalentDiameter,WindSpeed,0.3393823860257202,0.11518040394451096
AverageParticleSpeed,KineticEnergy,Pressure,RainAccumulated,RainIntensity,RainRate,Temperature,VolumeEquivalentDiameter,WindSpeed,0.3393823860257202,0.11518040394451096
AverageParticleSpeed,Humidity,Pressure,RainAbsolute,RainAccumulated,RainIntensity,RainRate,Temperature,VolumeEquivalentDiameter,0.3390022657892829,0.1149225362102676
AverageParticleSpeed,Humidity,KineticEnergy,Pressure,RainAbsolute,RainAccumulated,RainRate,Temperature,VolumeEquivalentDiameter,0.33857396894639674,0.11463233244811563
AverageParticleSpeed,Humidity,RainAbsolute,RainAccumulated,RainIntensity,RainRate,SnowDepthIntensity,VolumeEquivalentDiameter,WindSpeed,0.33835865714766084,0.11448658086676829
AverageParticleSpeed,Humidity,Pressure,RainAbsolute,RainAccumulated,RainIntensity,SnowDepthIntensity,VolumeEquivalentDiameter,WindSpeed,0.3381936287819267,0.11437493054868765
AverageParticleSpeed,Humidity,Pressure,RainAbsolute,RainAccumulated,RainIntensity,RainRate,SnowDepthIntensity,WindSpeed,0.33819362878192655,0.11437493054868754
Humidity,Pressure,RainAbsolute,RainAccumulated,RainIntensity,RainRate,SnowDepthIntensity,VolumeEquivalentDiameter,WindSpeed,0.33819362878192655,0.11437493054868754
AverageParticleSpeed,Humidity,KineticEnergy,RainAbsolute,RainAccumulated,RainRate,SnowDepthIntensity,VolumeEquivalentDiameter,WindSpeed,0.3378343202256513,0.1141320279223279
Humidity,KineticEnergy,Pressure,RainAbsolute,RainAccumulated,RainRate,SnowDepthIntensity,VolumeEquivalentDiameter,WindSpeed,0.33766761538769435,0.11401941848161189
AverageParticleSpeed,Humidity,KineticEnergy,Pressure,RainAbsolute,RainAccumulated,RainRate,SnowDepthIntensity,WindSpeed,0.3376676153876943,0.11401941848161185
AverageParticleSpeed,Humidity,KineticEnergy,Pressure,RainAbsolute,RainAccumulated,SnowDepthIntensity,VolumeEquivalentDiameter,WindSpeed,0.33766761538769424,0.1140194184816118
AverageParticleSpeed,Humidity,KineticEnergy,RainAbsolute,RainAccumulated,RainIntensity,RainRate,Temperature,VolumeEquivalentDiameter,0.3374556211812377,0.11387629626681499
AverageParticleSpeed,Humidity,KineticEnergy,Pressure,RainAbsolute,RainAccumulated,RainIntensity,Temperature,VolumeEquivalentDiameter,0.3373235568886291,0.11378718203199618
AverageParticleSpeed,Humidity,KineticEnergy,Pressure,RainAbsolute,RainAccumulated,RainIntensity,RainRate,Temperature,0.33732355688862903,0.11378718203199614
Humidity,KineticEnergy,Pressure,RainAbsolute,RainAccumulated,RainIntensity,RainRate,Temperature,VolumeEquivalentDiameter,0.33732355688862903,0.11378718203199614
AverageParticleSpeed,Humidity,KineticEnergy,RainAbsolute,RainAccumulated,RainIntensity,SnowDepthIntensity,VolumeEquivalentDiameter,WindSpeed,0.33631205607536313,0.1131057990616382
Humidity,KineticEnergy,RainAbsolute,RainAccumulated,RainIntensity,RainRate,SnowDepthIntensity,VolumeEquivalentDiameter,WindSpeed,0.33631205607536313,0.1131057990616382
AverageParticleSpeed,Humidity,KineticEnergy,RainAbsolute,RainAccumulated,RainIntensity,RainRate,SnowDepthIntensity,WindSpeed,0.3363120560753631,0.11310579906163816
Humidity,KineticEnergy,Pressure,RainAbsolute,RainAccumulated,RainIntensity,RainRate,SnowDepthIntensity,WindSpeed,0.33614086178484803,0.11299067896146031
AverageParticleSpeed,Humidity,KineticEnergy,Pressure,RainAbsolute,RainAccumulated,RainIntensity,SnowDepthIntensity,WindSpeed,0.33614086178484787,0.1129906789614602
Humidity,KineticEnergy,Pressure,RainAbsolute,RainAccumulated,RainIntensity,SnowDepthIntensity,VolumeEquivalentDiameter,WindSpeed,0.3361408617848478,0.11299067896146016
AverageParticleSpeed,Humidity,Pressure,RainAbsolute,RainAccumulated,RainRate,Temperature,VolumeEquivalentDiameter,WindSpeed,0.33533773612262874,0.11245139726784978
AverageParticleSpeed,Humidity,RainAbsolute,RainAccumulated,RainIntensity,RainRate,Temperature,VolumeEquivalentDiameter,WindSpeed,0.3341576276200057,0.11166132009663042
AverageParticleSpeed,Humidity,Pressure,RainAbsolute,RainAccumulated,RainIntensity,RainRate,Temperature,WindSpeed,0.3339785157400203,0.11154164897590699
Humidity,Pressure,RainAbsolute,RainAccumulated,RainIntensity,RainRate,Temperature,VolumeEquivalentDiameter,WindSpeed,0.3339785157400202,0.11154164897590692
AverageParticleSpeed,Humidity,Pressure,RainAbsolute,RainAccumulated,RainIntensity,Temperature,VolumeEquivalentDiameter,WindSpeed,0.3339785157400201,0.11154164897590683
AverageParticleSpeed,KineticEnergy,Pressure,RainAbsolute,RainIntensity,RainRate,SnowDepthIntensity,Temperature,VolumeEquivalentDiameter,0.3336747927930445,0.1113388673454812
AverageParticleSpeed,KineticEnergy,Pressure,RainAccumulated,RainIntensity,RainRate,SnowDepthIntensity,Temperature,VolumeEquivalentDiameter,0.3336747927930445,0.1113388673454812
AverageParticleSpeed,Humidity,KineticEnergy,RainAbsolute,RainAccumulated,RainRate,Temperature,VolumeEquivalentDiameter,WindSpeed,0.3336579312324316,0.11132761507430605
AverageParticleSpeed,Humidity,KineticEnergy,Pressure,RainAbsolute,RainAccumulated,Temperature,VolumeEquivalentDiameter,WindSpeed,0.33347726178840154,0.1112070841298901
AverageParticleSpeed,Humidity,KineticEnergy,Pressure,RainAbsolute,RainAccumulated,RainRate,Temperature,WindSpeed,0.3334772617884015,0.11120708412989005
Humidity,KineticEnergy,Pressure,RainAbsolute,RainAccumulated,RainRate,Temperature,VolumeEquivalentDiameter,WindSpeed,0.3334772617884014,0.11120708412989001
Humidity,KineticEnergy,RainAbsolute,RainAccumulated,RainIntensity,RainRate,Temperature,VolumeEquivalentDiameter,WindSpeed,0.33225184668906166,0.11039128962829173
AverageParticleSpeed,Humidity,KineticEnergy,RainAbsolute,RainAccumulated,RainIntensity,RainRate,Temperature,WindSpeed,0.33225184668906155,0.11039128962829166
AverageParticleSpeed,Humidity,KineticEnergy,RainAbsolute,RainAccumulated,RainIntensity,Temperature,VolumeEquivalentDiameter,WindSpeed,0.3322518466890615,0.11039128962829162
Humidity,KineticEnergy,Pressure,RainAbsolute,RainAccumulated,RainIntensity,RainRate,Temperature,WindSpeed,0.33206720002154305,0.11026862533014749
AverageParticleSpeed,Humidity,KineticEnergy,Pressure,RainAbsolute,RainAccumulated,RainIntensity,Temperature,WindSpeed,0.3320672000215429,0.11026862533014738
Humidity,KineticEnergy,Pressure,RainAbsolute,RainAccumulated,RainIntensity,Temperature,VolumeEquivalentDiameter,WindSpeed,0.3320672000215429,0.11026862533014738
AverageParticleSpeed,Humidity,Pressure,RainAbsolute,RainAccumulated,RainRate,SnowDepthIntensity,Temperature,VolumeEquivalentDiameter,0.3281035523929053,0.10765194109284394
AverageParticleSpeed,Humidity,RainAbsolute,RainAccumulated,RainIntensity,RainRate,SnowDepthIntensity,Temperature,VolumeEquivalentDiameter,0.3269114983258841,0.10687112773767454
AverageParticleSpeed,Humidity,Pressure,RainAbsolute,RainAccumulated,RainIntensity,SnowDepthIntensity,Temperature,VolumeEquivalentDiameter,0.3267479962609214,0.10676425306052709
Humidity,Pressure,RainAbsolute,RainAccumulated,RainIntensity,RainRate,SnowDepthIntensity,Temperature,VolumeEquivalentDiameter,0.3267479962609211,0.1067642530605269
AverageParticleSpeed,Humidity,Pressure,RainAbsolute,RainAccumulated,RainIntensity,RainRate,SnowDepthIntensity,Temperature,0.326747996260921,0.10676425306052684
AverageParticleSpeed,Humidity,KineticEnergy,RainAbsolute,RainAccumulated,RainRate,SnowDepthIntensity,Temperature,VolumeEquivalentDiameter,0.32644336392666157,0.10656526985175481
AverageParticleSpeed,Humidity,KineticEnergy,Pressure,RainAbsolute,RainAccumulated,SnowDepthIntensity,Temperature,VolumeEquivalentDiameter,0.3262784811953531,0.10645764729114637
Humidity,KineticEnergy,Pressure,RainAbsolute,RainAccumulated,RainRate,SnowDepthIntensity,Temperature,VolumeEquivalentDiameter,0.326278481195353,0.10645764729114633
AverageParticleSpeed,Humidity,KineticEnergy,Pressure,RainAbsolute,RainAccumulated,RainRate,SnowDepthIntensity,Temperature,0.32627848119535297,0.1064576472911463
AverageParticleSpeed,Humidity,KineticEnergy,RainAbsolute,RainAccumulated,RainIntensity,SnowDepthIntensity,Temperature,VolumeEquivalentDiameter,0.3250534758272716,0.10565976214739066
AverageParticleSpeed,Humidity,KineticEnergy,RainAbsolute,RainAccumulated,RainIntensity,RainRate,SnowDepthIntensity,Temperature,0.32505347582727134,0.10565976214739048
Humidity,KineticEnergy,RainAbsolute,RainAccumulated,RainIntensity,RainRate,SnowDepthIntensity,Temperature,VolumeEquivalentDiameter,0.32505347582727134,0.10565976214739048
Humidity,KineticEnergy,Pressure,RainAbsolute,RainAccumulated,RainIntensity,RainRate,SnowDepthIntensity,Temperature,0.3248847821795237,0.10555012169183657
AverageParticleSpeed,Humidity,KineticEnergy,Pressure,RainAbsolute,RainAccumulated,RainIntensity,SnowDepthIntensity,Temperature,0.32488478217952355,0.10555012169183646
Humidity,KineticEnergy,Pressure,RainAbsolute,RainAccumulated,RainIntensity,SnowDepthIntensity,Temperature,VolumeEquivalentDiameter,0.32488478217952355,0.10555012169183646
AverageParticleSpeed,KineticEnergy,Pressure,RadarReflectivity,RainAbsolute,RainAccumulated,RainIntensity,RainRate,VolumeEquivalentDiameter,0.324668008191551,0.10540931554306902
AverageParticleSpeed,Humidity,RainAbsolute,RainAccumulated,RainRate,SnowDepthIntensity,Temperature,VolumeEquivalentDiameter,WindSpeed,0.3220602815584506,0.1037228249575085
AverageParticleSpeed,Humidity,Pressure,RainAbsolute,RainAccumulated,RainRate,SnowDepthIntensity,Temperature,WindSpeed,0.32184510054387183,0.10358426874409497
AverageParticleSpeed,Humidity,Pressure,RainAbsolute,RainAccumulated,SnowDepthIntensity,Temperature,VolumeEquivalentDiameter,WindSpeed,0.32184510054387183,0.10358426874409497
Humidity,Pressure,RainAbsolute,RainAccumulated,RainRate,SnowDepthIntensity,Temperature,VolumeEquivalentDiameter,WindSpeed,0.3218451005438718,0.10358426874409493
AverageParticleSpeed,Humidity,RainAbsolute,RainAccumulated,RainIntensity,RainRate,SnowDepthIntensity,Temperature,WindSpeed,0.3205508176076028,0.10275282666890263
Humidity,RainAbsolute,RainAccumulated,RainIntensity,RainRate,SnowDepthIntensity,Temperature,VolumeEquivalentDiameter,WindSpeed,0.3205508176076028,0.10275282666890263
AverageParticleSpeed,Humidity,RainAbsolute,RainAccumulated,RainIntensity,SnowDepthIntensity,Temperature,VolumeEquivalentDiameter,WindSpeed,0.3205508176076026,0.10275282666890252
Humidity,Pressure,RainAbsolute,RainAccumulated,RainIntensity,RainRate,SnowDepthIntensity,Temperature,WindSpeed,0.3203315531782664,0.10261230396160051
AverageParticleSpeed,Humidity,Pressure,RainAbsolute,RainAccumulated,RainIntensity,SnowDepthIntensity,Temperature,WindSpeed,0.3203315531782662,0.1026123039616004
Humidity,Pressure,RainAbsolute,RainAccumulated,RainIntensity,SnowDepthIntensity,Temperature,VolumeEquivalentDiameter,WindSpeed,0.3203315531782662,0.1026123039616004
AverageParticleSpeed,Humidity,KineticEnergy,RainAbsolute,RainAccumulated,RainRate,SnowDepthIntensity,Temperature,WindSpeed,0.32001285416133834,0.10240822682848601
Humidity,KineticEnergy,RainAbsolute,RainAccumulated,RainRate,SnowDepthIntensity,Temperature,VolumeEquivalentDiameter,WindSpeed,0.32001285416133834,0.10240822682848601
AverageParticleSpeed,Humidity,KineticEnergy,RainAbsolute,RainAccumulated,SnowDepthIntensity,Temperature,VolumeEquivalentDiameter,WindSpeed,0.3200128541613383,0.10240822682848597
Humidity,KineticEnergy,Pressure,RainAbsolute,RainAccumulated,RainRate,SnowDepthIntensity,Temperature,WindSpeed,0.31979202688019703,0.10226694045614466
AverageParticleSpeed,Humidity,KineticEnergy,Pressure,RainAbsolute,RainAccumulated,SnowDepthIntensity,Temperature,WindSpeed,0.31979202688019676,0.10226694045614448
Humidity,KineticEnergy,Pressure,RainAbsolute,RainAccumulated,SnowDepthIntensity,Temperature,VolumeEquivalentDiameter,WindSpeed,0.3197920268801967,0.10226694045614444
AverageParticleSpeed,Pressure,RadarReflectivity,RainAbsolute,RainAccumulated,RainIntensity,RainRate,VolumeEquivalentDiameter,WindSpeed,0.3185702400660589,0.10148699785574639
Humidity,KineticEnergy,RainAbsolute,RainAccumulated,RainIntensity,RainRate,SnowDepthIntensity,Temperature,WindSpeed,0.31846420556773264,0.10141945022788708
AverageParticleSpeed,Humidity,KineticEnergy,RainAbsolute,RainAccumulated,RainIntensity,SnowDepthIntensity,Temperature,WindSpeed,0.3184642055677324,0.10141945022788693
Humidity,KineticEnergy,RainAbsolute,RainAccumulated,RainIntensity,SnowDepthIntensity,Temperature,VolumeEquivalentDiameter,WindSpeed,0.3184642055677324,0.10141945022788693
Humidity,KineticEnergy,Pressure,RainAbsolute,RainAccumulated,RainIntensity,SnowDepthIntensity,Temperature,WindSpeed,0.31823920912919784,0.10127619422717732
AverageParticleSpeed,KineticEnergy,Pressure,RadarReflectivity,RainAbsolute,RainAccumulated,RainRate,VolumeEquivalentDiameter,WindSpeed,0.3179486215315995,0.10109132593384428
AverageParticleSpeed,KineticEnergy,RadarReflectivity,RainAbsolute,RainAccumulated,RainIntensity,RainRate,VolumeEquivalentDiameter,WindSpeed,0.31662266519875093,0.10024991211756032
AverageParticleSpeed,KineticEnergy,Pressure,RadarReflectivity,RainAbsolute,RainAccumulated,RainIntensity,RainRate,WindSpeed,0.3163953239124797,0.10010600099368296
KineticEnergy,Pressure,RadarReflectivity,RainAbsolute,RainAccumulated,RainIntensity,RainRate,VolumeEquivalentDiameter,WindSpeed,0.3163953239124797,0.10010600099368296
AverageParticleSpeed,KineticEnergy,Pressure,RadarReflectivity,RainAbsolute,RainAccumulated,RainIntensity,VolumeEquivalentDiameter,WindSpeed,0.31639532391247965,0.10010600099368291
AverageParticleSpeed,KineticEnergy,ParticlesDetected,Pressure,RainAbsolute,RainAccumulated,RainIntensity,RainRate,VolumeEquivalentDiameter,0.3161564546292652,0.09995490380374664
AverageParticleSpeed,Pressure,RainAbsolute,RainIntensity,RainRate,SnowDepthIntensity,Temperature,VolumeEquivalentDiameter,WindSpeed,0.31585417455957987,0.09976385958671355
AverageParticleSpeed,Pressure,RainAccumulated,RainIntensity,RainRate,SnowDepthIntensity,Temperature,VolumeEquivalentDiameter,WindSpeed,0.31585417455957987,0.09976385958671355
AverageParticleSpeed,KineticEnergy,Pressure,RainAbsolute,RainRate,SnowDepthIntensity,Temperature,VolumeEquivalentDiameter,WindSpeed,0.3147160805768273,0.09904621137364006
AverageParticleSpeed,KineticEnergy,Pressure,RainAccumulated,RainRate,SnowDepthIntensity,Temperature,VolumeEquivalentDiameter,WindSpeed,0.3147160805768273,0.09904621137364006
AverageParticleSpeed,Pressure,RadarReflectivity,RainAbsolute,RainAccumulated,RainIntensity,RainRate,SnowDepthIntensity,VolumeEquivalentDiameter,0.3136588323695129,0.0983818631234062
AverageParticleSpeed,Pressure,RadarReflectivity,RainAbsolute,RainAccumulated,RainIntensity,RainRate,Temperature,VolumeEquivalentDiameter,0.313178380850874,0.0980806982323751
AverageParticleSpeed,KineticEnergy,Pressure,RadarReflectivity,RainAbsolute,RainAccumulated,RainRate,SnowDepthIntensity,VolumeEquivalentDiameter,0.31309179526055286,0.09802647225947596
AverageParticleSpeed,KineticEnergy,Pressure,RadarReflectivity,RainAbsolute,RainAccumulated,RainRate,Temperature,VolumeEquivalentDiameter,0.3126117724343852,0.09772612026456784
AverageParticleSpeed,KineticEnergy,RainAbsolute,RainIntensity,RainRate,SnowDepthIntensity,Temperature,VolumeEquivalentDiameter,WindSpeed,0.3122123810131278,0.0974765708578865
AverageParticleSpeed,KineticEnergy,RainAccumulated,RainIntensity,RainRate,SnowDepthIntensity,Temperature,VolumeEquivalentDiameter,WindSpeed,0.3122123810131278,0.0974765708578865
AverageParticleSpeed,KineticEnergy,RadarReflectivity,RainAbsolute,RainAccumulated,RainIntensity,RainRate,SnowDepthIntensity,VolumeEquivalentDiameter,0.31181683507158015,0.09722973863405701
AverageParticleSpeed,KineticEnergy,Pressure,RadarReflectivity,RainAbsolute,RainAccumulated,RainIntensity,SnowDepthIntensity,VolumeEquivalentDiameter,0.3116116312129137,0.09710180870717293
AverageParticleSpeed,KineticEnergy,Pressure,RadarReflectivity,RainAbsolute,RainAccumulated,RainIntensity,RainRate,SnowDepthIntensity,0.3116116312129135,0.09710180870717282
KineticEnergy,Pressure,RadarReflectivity,RainAbsolute,RainAccumulated,RainIntensity,RainRate,SnowDepthIntensity,VolumeEquivalentDiameter,0.3116116312129135,0.09710180870717282
AverageParticleSpeed,KineticEnergy,Pressure,RainAbsolute,RainIntensity,RainRate,SnowDepthIntensity,Temperature,WindSpeed,0.31160431590912735,0.09709724969319523
AverageParticleSpeed,KineticEnergy,Pressure,RainAbsolute,RainIntensity,SnowDepthIntensity,Temperature,VolumeEquivalentDiameter,WindSpeed,0.31160431590912735,0.09709724969319523
AverageParticleSpeed,KineticEnergy,Pressure,RainAccumulated,RainIntensity,RainRate,SnowDepthIntensity,Temperature,WindSpeed,0.31160431590912735,0.09709724969319523
AverageParticleSpeed,KineticEnergy,Pressure,RainAccumulated,RainIntensity,SnowDepthIntensity,Temperature,VolumeEquivalentDiameter,WindSpeed,0.31160431590912735,0.09709724969319523
KineticEnergy,Pressure,RainAbsolute,RainIntensity,RainRate,SnowDepthIntensity,Temperature,VolumeEquivalentDiameter,WindSpeed,0.31160431590912735,0.09709724969319523
KineticEnergy,Pressure,RainAccumulated,RainIntensity,RainRate,SnowDepthIntensity,Temperature,VolumeEquivalentDiameter,WindSpeed,0.31160431590912735,0.09709724969319523
AverageParticleSpeed,KineticEnergy,RadarReflectivity,RainAbsolute,RainAccumulated,RainIntensity,RainRate,Temperature,VolumeEquivalentDiameter,0.31137062393244275,0.09695166544807869
KineticEnergy,Pressure,RadarReflectivity,RainAbsolute,RainAccumulated,RainIntensity,RainRate,Temperature,VolumeEquivalentDiameter,0.31116461744370705,0.09682341914888856
AverageParticleSpeed,KineticEnergy,Pressure,RadarReflectivity,RainAbsolute,RainAccumulated,RainIntensity,RainRate,Temperature,0.311164617443707,0.09682341914888852
AverageParticleSpeed,KineticEnergy,Pressure,RadarReflectivity,RainAbsolute,RainAccumulated,RainIntensity,Temperature,VolumeEquivalentDiameter,0.311164617443707,0.09682341914888852
AverageParticleSpeed,ParticlesDetected,Pressure,RainAbsolute,RainAccumulated,RainIntensity,RainRate,VolumeEquivalentDiameter,WindSpeed,0.3091900905185487,0.09559851207486833
AverageParticleSpeed,KineticEnergy,ParticlesDetected,Pressure,RainAbsolute,RainAccumulated,RainRate,VolumeEquivalentDiameter,WindSpeed,0.3084947119803489,0.09516898731983842
AverageParticleSpeed,KineticEnergy,ParticlesDetected,RainAbsolute,RainAccumulated,RainIntensity,RainRate,VolumeEquivalentDiameter,WindSpeed,0.3070886336449418,0.0943034289139173
AverageParticleSpeed,KineticEnergy,ParticlesDetected,Pressure,RainAbsolute,RainAccumulated,RainIntensity,VolumeEquivalentDiameter,WindSpeed,0.3068378735592286,0.09414948065034916
AverageParticleSpeed,KineticEnergy,ParticlesDetected,Pressure,RainAbsolute,RainAccumulated,RainIntensity,RainRate,WindSpeed,0.30683787355922854,0.09414948065034912
KineticEnergy,ParticlesDetected,Pressure,RainAbsolute,RainAccumulated,RainIntensity,RainRate,VolumeEquivalentDiameter,WindSpeed,0.30683787355922854,0.09414948065034912
AverageParticleSpeed,Pressure,RadarReflectivity,RainAbsolute,RainAccumulated,RainRate,SnowDepthIntensity,VolumeEquivalentDiameter,WindSpeed,0.3062467584193018,0.0937870770423302
AverageParticleSpeed,Pressure,RadarReflectivity,RainAbsolute,RainAccumulated,RainRate,Temperature,VolumeEquivalentDiameter,WindSpeed,0.3059414682237549,0.09360018197890682
AverageParticleSpeed,ParticlesDetected,Pressure,RainAbsolute,RainAccumulated,RainIntensity,RainRate,SnowDepthIntensity,VolumeEquivalentDiameter,0.30541609564983524,0.0932789914819893
AverageParticleSpeed,ParticlesDetected,Pressure,RainAbsolute,RainAccumulated,RainIntensity,RainRate,Temperature,VolumeEquivalentDiameter,0.30523074436691416,0.09316580730678051
AverageParticleSpeed,RadarReflectivity,RainAbsolute,RainAccumulated,RainIntensity,RainRate,SnowDepthIntensity,VolumeEquivalentDiameter,WindSpeed,0.3049367060325878,0.09298639468600488
AverageParticleSpeed,KineticEnergy,ParticlesDetected,Pressure,RainAbsolute,RainAccumulated,RainRate,SnowDepthIntensity,VolumeEquivalentDiameter,0.3047842524694641,0.09289344055337004
AverageParticleSpeed,Pressure,RadarReflectivity,RainAbsolute,RainAccumulated,RainIntensity,SnowDepthIntensity,VolumeEquivalentDiameter,WindSpeed,0.30468442028963466,0.09283259596723074
AverageParticleSpeed,Pressure,RadarReflectivity,RainAbsolute,RainAccumulated,RainIntensity,RainRate,SnowDepthIntensity,WindSpeed,0.30468442028963444,0.0928325959672306
Pressure,RadarReflectivity,RainAbsolute,RainAccumulated,RainIntensity,RainRate,SnowDepthIntensity,VolumeEquivalentDiameter,WindSpeed,0.3046844202896344,0.09283259596723056
AverageParticleSpeed,RadarReflectivity,RainAbsolute,RainAccumulated,RainIntensity,RainRate,Temperature,VolumeEquivalentDiameter,WindSpeed,0.3046638478892281,0.09282006021067073
AverageParticleSpeed,KineticEnergy,ParticlesDetected,Pressure,RainAbsolute,RainAccumulated,RainRate,Temperature,VolumeEquivalentDiameter,0.3045951399416524,0.0927781992760748
AverageParticleSpeed,Pressure,RadarReflectivity,RainAbsolute,RainAccumulated,RainIntensity,RainRate,Temperature,WindSpeed,0.30441035186006066,0.09266566231956594
AverageParticleSpeed,Pressure,RadarReflectivity,RainAbsolute,RainAccumulated,RainIntensity,Temperature,VolumeEquivalentDiameter,WindSpeed,0.30441035186006066,0.09266566231956594
Pressure,RadarReflectivity,RainAbsolute,RainAccumulated,RainIntensity,RainRate,Temperature,VolumeEquivalentDiameter,WindSpeed,0.30441035186006066,0.09266566231956594
AverageParticleSpeed,KineticEnergy,RadarReflectivity,RainAbsolute,RainAccumulated,RainRate,SnowDepthIntensity,VolumeEquivalentDiameter,WindSpeed,0.30432475428147543,0.0926135560684804
AverageParticleSpeed,KineticEnergy,Pressure,RadarReflectivity,RainAbsolute,RainAccumulated,SnowDepthIntensity,VolumeEquivalentDiameter,WindSpeed,0.30407119674490024,0.09245929268987584
AverageParticleSpeed,KineticEnergy,Pressure,RadarReflectivity,RainAbsolute,RainAccumulated,RainRate,SnowDepthIntensity,WindSpeed,0.3040711967449,0.0924592926898757
KineticEnergy,Pressure,RadarReflectivity,RainAbsolute,RainAccumulated,RainRate,SnowDepthIntensity,VolumeEquivalentDiameter,WindSpeed,0.30407119674489996,0.09245929268987566
AverageParticleSpeed,KineticEnergy,RadarReflectivity,RainAbsolute,RainAccumulated,RainRate,Temperature,VolumeEquivalentDiameter,WindSpeed,0.30404970449536195,0.09244622280371692
AverageParticleSpeed,KineticEnergy,Pressure,RadarReflectivity,RainAbsolute,RainAccumulated,Temperature,VolumeEquivalentDiameter,WindSpeed,0.303794899867138,0.0922913411852844
AverageParticleSpeed,KineticEnergy,Pressure,RadarReflectivity,RainAbsolute,RainAccumulated,RainRate,Temperature,WindSpeed,0.30379489986713787,0.09229134118528433
KineticEnergy,Pressure,RadarReflectivity,RainAbsolute,RainAccumulated,RainRate,Temperature,VolumeEquivalentDiameter,WindSpeed,0.30379489986713787,0.09229134118528433
AverageParticleSpeed,KineticEnergy,ParticlesDetected,RainAbsolute,RainAccumulated,RainIntensity,RainRate,SnowDepthIntensity,VolumeEquivalentDiameter,0.30343883123595644,0.09207512430184325
AverageParticleSpeed,KineticEnergy,ParticlesDetected,RainAbsolute,RainAccumulated,RainIntensity,RainRate,Temperature,VolumeEquivalentDiameter,0.3032734047638585,0.09197475803706315
AverageParticleSpeed,KineticEnergy,ParticlesDetected,Pressure,RainAbsolute,RainAccumulated,RainIntensity,RainRate,SnowDepthIntensity,0.3032140905993099,0.09193878473796653
AverageParticleSpeed,KineticEnergy,ParticlesDetected,Pressure,RainAbsolute,RainAccumulated,RainIntensity,SnowDepthIntensity,VolumeEquivalentDiameter,0.3032140905993099,0.09193878473796653
KineticEnergy,ParticlesDetected,Pressure,RainAbsolute,RainAccumulated,RainIntensity,RainRate,SnowDepthIntensity,VolumeEquivalentDiameter,0.3032140905993099,0.09193878473796653
KineticEnergy,ParticlesDetected,Pressure,RainAbsolute,RainAccumulated,RainIntensity,RainRate,Temperature,VolumeEquivalentDiameter,0.30304821228512013,0.09183821896920724
AverageParticleSpeed,KineticEnergy,ParticlesDetected,Pressure,RainAbsolute,RainAccumulated,RainIntensity,RainRate,Temperature,0.3030482122851201,0.0918382189692072
AverageParticleSpeed,KineticEnergy,ParticlesDetected,Pressure,RainAbsolute,RainAccumulated,RainIntensity,Temperature,VolumeEquivalentDiameter,0.3030482122851201,0.0918382189692072
AverageParticleSpeed,KineticEnergy,RadarReflectivity,RainAbsolute,RainAccumulated,RainIntensity,RainRate,SnowDepthIntensity,WindSpeed,0.30275182017388813,0.0916586646186023
KineticEnergy,RadarReflectivity,RainAbsolute,RainAccumulated,RainIntensity,RainRate,SnowDepthIntensity,VolumeEquivalentDiameter,WindSpeed,0.3027518201738881,0.09165866461860227
AverageParticleSpeed,KineticEnergy,RadarReflectivity,RainAbsolute,RainAccumulated,RainIntensity,SnowDepthIntensity,VolumeEquivalentDiameter,WindSpeed,0.3027518201738879,0.09165866461860216
AverageParticleSpeed,KineticEnergy,RadarReflectivity,RainAbsolute,RainAccumulated,RainIntensity,RainRate,Temperature,WindSpeed,0.30250583175497875,0.09150977824577151
KineticEnergy,RadarReflectivity,RainAbsolute,RainAccumulated,RainIntensity,RainRate,Temperature,VolumeEquivalentDiameter,WindSpeed,0.30250583175497875,0.09150977824577151
AverageParticleSpeed,KineticEnergy,RadarReflectivity,RainAbsolute,RainAccumulated,RainIntensity,Temperature,VolumeEquivalentDiameter,WindSpeed,0.3025058317549787,0.09150977824577147
AverageParticleSpeed,KineticEnergy,Pressure,RadarReflectivity,RainAbsolute,RainAccumulated,RainIntensity,SnowDepthIntensity,WindSpeed,0.3024952458571132,0.09150337376615535
KineticEnergy,Pressure,RadarReflectivity,RainAbsolute,RainAccumulated,RainIntensity,RainRate,SnowDepthIntensity,WindSpeed,0.3024952458571132,0.09150337376615535
KineticEnergy,Pressure,RadarReflectivity,RainAbsolute,RainAccumulated,RainIntensity,SnowDepthIntensity,VolumeEquivalentDiameter,WindSpeed,0.3024952458571132,0.09150337376615535
AverageParticleSpeed,KineticEnergy,Pressure,RadarReflectivity,RainAbsolute,RainAccumulated,RainIntensity,Temperature,WindSpeed,0.30224801111627797,0.0913538602237457
KineticEnergy,Pressure,RadarReflectivity,RainAbsolute,RainAccumulated,RainIntensity,Temperature,VolumeEquivalentDiameter,WindSpeed,0.30224801111627797,0.0913538602237457
KineticEnergy,Pressure,RadarReflectivity,RainAbsolute,RainAccumulated,RainIntensity,RainRate,Temperature,WindSpeed,0.3022480111162779,0.09135386022374566
AverageParticleSpeed,Pressure,RadarReflectivity,RainAbsolute,RainAccumulated,RainRate,SnowDepthIntensity,Temperature,VolumeEquivalentDiameter,0.30166360152063654,0.09100092848240139
AverageParticleSpeed,RadarReflectivity,RainAbsolute,RainAccumulated,RainIntensity,RainRate,SnowDepthIntensity,Temperature,VolumeEquivalentDiameter,0.30043936050859965,0.0902638093428163
AverageParticleSpeed,Pressure,RadarReflectivity,RainAbsolute,RainAccumulated,RainIntensity,SnowDepthIntensity,Temperature,VolumeEquivalentDiameter,0.3002103311268716,0.09012624291530591
AverageParticleSpeed,Pressure,RadarReflectivity,RainAbsolute,RainAccumulated,RainIntensity,RainRate,SnowDepthIntensity,Temperature,0.3002103311268715,0.09012624291530584
Pressure,RadarReflectivity,RainAbsolute,RainAccumulated,RainIntensity,RainRate,SnowDepthIntensity,Temperature,VolumeEquivalentDiameter,0.30021033112687145,0.0901262429153058
AverageParticleSpeed,KineticEnergy,RadarReflectivity,RainAbsolute,RainAccumulated,RainRate,SnowDepthIntensity,Temperature,VolumeEquivalentDiameter,0.2998807822232015,0.08992848354679922
AverageParticleSpeed,KineticEnergy,Pressure,RadarReflectivity,RainAbsolute,RainAccumulated,SnowDepthIntensity,Temperature,VolumeEquivalentDiameter,0.29965060467802285,0.08979048488390473
AverageParticleSpeed,KineticEnergy,Pressure,RadarReflectivity,RainAbsolute,RainAccumulated,RainRate,SnowDepthIntensity,Temperature,0.29965060467802274,0.08979048488390466
KineticEnergy,Pressure,RadarReflectivity,RainAbsolute,RainAccumulated,RainRate,SnowDepthIntensity,Temperature,VolumeEquivalentDiameter,0.29965060467802274,0.08979048488390466
AverageParticleSpeed,KineticEnergy,RadarReflectivity,RainAbsolute,RainAccumulated,RainIntensity,RainRate,SnowDepthIntensity,Temperature,0.2984183931507983,0.08905353737070444
AverageParticleSpeed,KineticEnergy,RadarReflectivity,RainAbsolute,RainAccumulated,RainIntensity,SnowDepthIntensity,Temperature,VolumeEquivalentDiameter,0.2984183931507983,0.08905353737070444
KineticEnergy,RadarReflectivity,RainAbsolute,RainAccumulated,RainIntensity,RainRate,SnowDepthIntensity,Temperature,VolumeEquivalentDiameter,0.2984183931507983,0.08905353737070444
KineticEnergy,Pressure,RadarReflectivity,RainAbsolute,RainAccumulated,RainIntensity,RainRate,SnowDepthIntensity,Temperature,0.2981854297123139,0.08891455049271728
AverageParticleSpeed,KineticEnergy,Pressure,RadarReflectivity,RainAbsolute,RainAccumulated,RainIntensity,SnowDepthIntensity,Temperature,0.2981854297123135,0.08891455049271704
KineticEnergy,Pressure,RadarReflectivity,RainAbsolute,RainAccumulated,RainIntensity,SnowDepthIntensity,Temperature,VolumeEquivalentDiameter,0.2981854297123135,0.08891455049271704
AverageParticleSpeed,ParticlesDetected,Pressure,RainAbsolute,RainAccumulated,RainRate,SnowDepthIntensity,VolumeEquivalentDiameter,WindSpeed,0.29715585083926943,0.08830159968801014
AverageParticleSpeed,ParticlesDetected,Pressure,RainAbsolute,RainAccumulated,RainRate,Temperature,VolumeEquivalentDiameter,WindSpeed,0.2971344357718264,0.08828887292144164
AverageParticleSpeed,ParticlesDetected,RainAbsolute,RainAccumulated,RainIntensity,RainRate,SnowDepthIntensity,VolumeEquivalentDiameter,WindSpeed,0.29577888342068304,0.087485147877586
AverageParticleSpeed,ParticlesDetected,RainAbsolute,RainAccumulated,RainIntensity,RainRate,Temperature,VolumeEquivalentDiameter,WindSpeed,0.29577850928198934,0.08748492655307585
AverageParticleSpeed,ParticlesDetected,Pressure,RainAbsolute,RainAccumulated,RainIntensity,SnowDepthIntensity,VolumeEquivalentDiameter,WindSpeed,0.2955058799200308,0.08732372506731166
ParticlesDetected,Pressure,RainAbsolute,RainAccumulated,RainIntensity,RainRate,SnowDepthIntensity,VolumeEquivalentDiameter,WindSpeed,0.2955058799200305,0.0873237250673115
AverageParticleSpeed,ParticlesDetected,Pressure,RainAbsolute,RainAccumulated,RainIntensity,RainRate,SnowDepthIntensity,WindSpeed,0.29550587992003047,0.08732372506731147
AverageParticleSpeed,ParticlesDetected,Pressure,RainAbsolute,RainAccumulated,RainIntensity,Temperature,VolumeEquivalentDiameter,WindSpeed,0.2955044686353261,0.08732289098344642
AverageParticleSpeed,ParticlesDetected,Pressure,RainAbsolute,RainAccumulated,RainIntensity,RainRate,Temperature,WindSpeed,0.295504468635326,0.08732289098344635
ParticlesDetected,Pressure,RainAbsolute,RainAccumulated,RainIntensity,RainRate,Temperature,VolumeEquivalentDiameter,WindSpeed,0.2955044686353259,0.08732289098344632
AverageParticleSpeed,KineticEnergy,ParticlesDetected,RainAbsolute,RainAccumulated,RainRate,SnowDepthIntensity,VolumeEquivalentDiameter,WindSpeed,0.29510502870656374,0.08708697796790181
AverageParticleSpeed,KineticEnergy,ParticlesDetected,RainAbsolute,RainAccumulated,RainRate,Temperature,VolumeEquivalentDiameter,WindSpeed,0.2950977934277895,0.08708270768595033
AverageParticleSpeed,KineticEnergy,ParticlesDetected,Pressure,RainAbsolute,RainAccumulated,SnowDepthIntensity,VolumeEquivalentDiameter,WindSpeed,0.29483071834995334,0.08692515248274951
AverageParticleSpeed,KineticEnergy,ParticlesDetected,Pressure,RainAbsolute,RainAccumulated,RainRate,SnowDepthIntensity,WindSpeed,0.2948307183499533,0.08692515248274947
KineticEnergy,ParticlesDetected,Pressure,RainAbsolute,RainAccumulated,RainRate,SnowDepthIntensity,VolumeEquivalentDiameter,WindSpeed,0.2948307183499533,0.08692515248274947
KineticEnergy,ParticlesDetected,Pressure,RainAbsolute,RainAccumulated,RainRate,Temperature,VolumeEquivalentDiameter,WindSpeed,0.29482239094536805,0.08692024220274344
AverageParticleSpeed,KineticEnergy,ParticlesDetected,Pressure,RainAbsolute,RainAccumulated,Temperature,VolumeEquivalentDiameter,WindSpeed,0.294822390945368,0.0869202422027434
AverageParticleSpeed,KineticEnergy,ParticlesDetected,Pressure,RainAbsolute,RainAccumulated,RainRate,Temperature,WindSpeed,0.29482239094536794,0.08692024220274337
AverageParticleSpeed,ParticlesDetected,Pressure,RainAbsolute,RainAccumulated,RainRate,SnowDepthIntensity,Temperature,VolumeEquivalentDiameter,0.29390163015594456,0.08637816820832162
AverageParticleSpeed,KineticEnergy,ParticlesDetected,RainAbsolute,RainAccumulated,RainIntensity,Temperature,VolumeEquivalentDiameter,WindSpeed,0.293462151706411,0.08612003448415657
AverageParticleSpeed,KineticEnergy,ParticlesDetected,RainAbsolute,RainAccumulated,RainIntensity,RainRate,Temperature,WindSpeed,0.29346215170641093,0.08612003448415655
KineticEnergy,ParticlesDetected,RainAbsolute,RainAccumulated,RainIntensity,RainRate,Temperature,VolumeEquivalentDiameter,WindSpeed,0.29346215170641093,0.08612003448415655
AverageParticleSpeed,KineticEnergy,ParticlesDetected,RainAbsolute,RainAccumulated,RainIntensity,RainRate,SnowDepthIntensity,WindSpeed,0.29345124390089067,0.08611363254698003
KineticEnergy,ParticlesDetected,RainAbsolute,RainAccumulated,RainIntensity,RainRate,SnowDepthIntensity,VolumeEquivalentDiameter,WindSpeed,0.29345124390089067,0.08611363254698003
AverageParticleSpeed,KineticEnergy,ParticlesDetected,RainAbsolute,RainAccumulated,RainIntensity,SnowDepthIntensity,VolumeEquivalentDiameter,WindSpeed,0.29345124390089056,0.08611363254697996
AverageParticleSpeed,KineticEnergy,ParticlesDetected,Pressure,RainAbsolute,RainAccumulated,RainIntensity,Temperature,WindSpeed,0.2931837504700852,0.08595671153970519
KineticEnergy,ParticlesDetected,Pressure,RainAbsolute,RainAccumulated,RainIntensity,Temperature,VolumeEquivalentDiameter,WindSpeed,0.29318375047008516,0.08595671153970516
KineticEnergy,ParticlesDetected,Pressure,RainAbsolute,RainAccumulated,RainIntensity,RainRate,Temperature,WindSpeed,0.29318375047008505,0.08595671153970509
AverageParticleSpeed,KineticEnergy,ParticlesDetected,Pressure,RainAbsolute,RainAccumulated,RainIntensity,SnowDepthIntensity,WindSpeed,0.2931739785230708,0.08595098168304599
KineticEnergy,ParticlesDetected,Pressure,RainAbsolute,RainAccumulated,RainIntensity,SnowDepthIntensity,VolumeEquivalentDiameter,WindSpeed,0.2931739785230708,0.08595098168304599
KineticEnergy,ParticlesDetected,Pressure,RainAbsolute,RainAccumulated,RainIntensity,RainRate,SnowDepthIntensity,WindSpeed,0.2931739785230707,0.08595098168304592
AverageParticleSpeed,ParticlesDetected,RainAbsolute,RainAccumulated,RainIntensity,RainRate,SnowDepthIntensity,Temperature,VolumeEquivalentDiameter,0.292608451865069,0.08561970610287241
AverageParticleSpeed,RadarReflectivity,RainAbsolute,RainAccumulated,RainRate,SnowDepthIntensity,Temperature,VolumeEquivalentDiameter,WindSpeed,0.29247552127987103,0.0855419305479323
ParticlesDetected,Pressure,RainAbsolute,RainAccumulated,RainIntensity,RainRate,SnowDepthIntensity,Temperature,VolumeEquivalentDiameter,0.29236220372221305,0.0854756581653088
AverageParticleSpeed,ParticlesDetected,Pressure,RainAbsolute,RainAccumulated,RainIntensity,RainRate,SnowDepthIntensity,Temperature,0.29236220372221294,0.08547565816530875
AverageParticleSpeed,ParticlesDetected,Pressure,RainAbsolute,RainAccumulated,RainIntensity,SnowDepthIntensity,Temperature,VolumeEquivalentDiameter,0.29236220372221267,0.08547565816530858
AverageParticleSpeed,Pressure,RadarReflectivity,RainAbsolute,RainAccumulated,SnowDepthIntensity,Temperature,VolumeEquivalentDiameter,WindSpeed,0.2921980507933142,0.08537970088741222
Pressure,RadarReflectivity,RainAbsolute,RainAccumulated,RainRate,SnowDepthIntensity,Temperature,VolumeEquivalentDiameter,WindSpeed,0.2921980507933141,0.08537970088741217
AverageParticleSpeed,Pressure,RadarReflectivity,RainAbsolute,RainAccumulated,RainRate,SnowDepthIntensity,Temperature,WindSpeed,0.29219805079331396,0.08537970088741208
AverageParticleSpeed,KineticEnergy,ParticlesDetected,RainAbsolute,RainAccumulated,RainRate,SnowDepthIntensity,Temperature,VolumeEquivalentDiameter,0.29199109592295447,0.085258800098288
AverageParticleSpeed,KineticEnergy,ParticlesDetected,Pressure,RainAbsolute,RainAccumulated,SnowDepthIntensity,Temperature,VolumeEquivalentDiameter,0.29174364214447246,0.085114352731722
AverageParticleSpeed,KineticEnergy,ParticlesDetected,Pressure,RainAbsolute,RainAccumulated,RainRate,SnowDepthIntensity,Temperature,0.29174364214447235,0.08511435273172194
KineticEnergy,ParticlesDetected,Pressure,RainAbsolute,RainAccumulated,RainRate,SnowDepthIntensity,Temperature,VolumeEquivalentDiameter,0.29174364214447235,0.08511435273172194
AverageParticleSpeed,RadarReflectivity,RainAbsolute,RainAccumulated,RainIntensity,RainRate,SnowDepthIntensity,Temperature,WindSpeed,0.2909371979201649,0.08464445313363722
AverageParticleSpeed,RadarReflectivity,RainAbsolute,RainAccumulated,RainIntensity,SnowDepthIntensity,Temperature,VolumeEquivalentDiameter,WindSpeed,0.2909371979201649,0.08464445313363722
RadarReflectivity,RainAbsolute,RainAccumulated,RainIntensity,RainRate,SnowDepthIntensity,Temperature,VolumeEquivalentDiameter,WindSpeed,0.29093719792016487,0.08464445313363718
Pressure,RadarReflectivity,RainAbsolute,RainAccumulated,RainIntensity,RainRate,SnowDepthIntensity,Temperature,WindSpeed,0.2906570390620196,0.0844815143563004
Pressure,RadarReflectivity,RainAbsolute,RainAccumulated,RainIntensity,SnowDepthIntensity,Temperature,VolumeEquivalentDiameter,WindSpeed,0.29065703906201956,0.08448151435630037
AverageParticleSpeed,Pressure,RadarReflectivity,RainAbsolute,RainAccumulated,RainIntensity,SnowDepthIntensity,Temperature,WindSpeed,0.2906570390620195,0.08448151435630033
AverageParticleSpeed,KineticEnergy,ParticlesDetected,RainAbsolute,RainAccumulated,RainIntensity,SnowDepthIntensity,Temperature,VolumeEquivalentDiameter,0.29044823109360357,0.08436017494540335
AverageParticleSpeed,KineticEnergy,ParticlesDetected,RainAbsolute,RainAccumulated,RainIntensity,RainRate,SnowDepthIntensity,Temperature,0.29044823109360335,0.08436017494540321
KineticEnergy,ParticlesDetected,RainAbsolute,RainAccumulated,RainIntensity,RainRate,SnowDepthIntensity,Temperature,VolumeEquivalentDiameter,0.29044823109360335,0.08436017494540321
AverageParticleSpeed,KineticEnergy,RadarReflectivity,RainAbsolute,RainAccumulated,SnowDepthIntensity,Temperature,VolumeEquivalentDiameter,WindSpeed,0.29033729643134254,0.08429574569906127
AverageParticleSpeed,KineticEnergy,RadarReflectivity,RainAbsolute,RainAccumulated,RainRate,SnowDepthIntensity,Temperature,WindSpeed,0.29033729643134243,0.0842957456990612
KineticEnergy,RadarReflectivity,RainAbsolute,RainAccumulated,RainRate,SnowDepthIntensity,Temperature,VolumeEquivalentDiameter,WindSpeed,0.29033729643134243,0.0842957456990612
KineticEnergy,ParticlesDetected,Pressure,RainAbsolute,RainAccumulated,RainIntensity,RainRate,SnowDepthIntensity,Temperature,0.29019799029891596,0.08421487357352972
AverageParticleSpeed,KineticEnergy,ParticlesDetected,Pressure,RainAbsolute,RainAccumulated,RainIntensity,SnowDepthIntensity,Temperature,0.29019799029891585,0.08421487357352966
KineticEnergy,ParticlesDetected,Pressure,RainAbsolute,RainAccumulated,RainIntensity,SnowDepthIntensity,Temperature,VolumeEquivalentDiameter,0.29019799029891585,0.08421487357352966
KineticEnergy,Pressure,RadarReflectivity,RainAbsolute,RainAccumulated,RainRate,SnowDepthIntensity,Temperature,WindSpeed,0.2900560296342797,0.08413250032720213
AverageParticleSpeed,KineticEnergy,Pressure,RadarReflectivity,RainAbsolute,RainAccumulated,SnowDepthIntensity,Temperature,WindSpeed,0.2900560296342793,0.0841325003272019
KineticEnergy,Pressure,RadarReflectivity,RainAbsolute,RainAccumulated,SnowDepthIntensity,Temperature,VolumeEquivalentDiameter,WindSpeed,0.2900560296342793,0.0841325003272019
AverageParticleSpeed,KineticEnergy,RadarReflectivity,RainAbsolute,RainAccumulated,RainIntensity,SnowDepthIntensity,Temperature,WindSpeed,0.28878902391272426,0.08339910033246403
KineticEnergy,RadarReflectivity,RainAbsolute,RainAccumulated,RainIntensity,RainRate,SnowDepthIntensity,Temperature,WindSpeed,0.28878902391272426,0.08339910033246403
KineticEnergy,RadarReflectivity,RainAbsolute,RainAccumulated,RainIntensity,SnowDepthIntensity,Temperature,VolumeEquivalentDiameter,WindSpeed,0.28878902391272426,0.08339910033246403
KineticEnergy,Pressure,RadarReflectivity,RainAbsolute,RainAccumulated,RainIntensity,SnowDepthIntensity,Temperature,WindSpeed,0.2885051069599213,0.08323519674195565
AverageParticleSpeed,Humidity,Pressure,RadarReflectivity,RainAbsolute,RainAccumulated,RainIntensity,RainRate,VolumeEquivalentDiameter,0.284247924497923,0.08079688258137695
AverageParticleSpeed,ParticlesDetected,RainAbsolute,RainAccumulated,RainRate,SnowDepthIntensity,Temperature,VolumeEquivalentDiameter,WindSpeed,0.28387883519157575,0.08058719306972582
AverageParticleSpeed,Humidity,KineticEnergy,Pressure,RadarReflectivity,RainAbsolute,RainAccumulated,RainRate,VolumeEquivalentDiameter,0.28367094818869,0.08046920684627044
AverageParticleSpeed,ParticlesDetected,Pressure,RainAbsolute,RainAccumulated,RainRate,SnowDepthIntensity,Temperature,WindSpeed,0.2835832121825226,0.08041943823175762
AverageParticleSpeed,ParticlesDetected,Pressure,RainAbsolute,RainAccumulated,SnowDepthIntensity,Temperature,VolumeEquivalentDiameter,WindSpeed,0.2835832121825226,0.08041943823175762
ParticlesDetected,Pressure,RainAbsolute,RainAccumulated,RainRate,SnowDepthIntensity,Temperature,VolumeEquivalentDiameter,WindSpeed,0.2835832121825226,0.08041943823175762
AverageParticleSpeed,Humidity,KineticEnergy,RadarReflectivity,RainAbsolute,RainAccumulated,RainIntensity,RainRate,VolumeEquivalentDiameter,0.28243133571126144,0.07976745939164727
AverageParticleSpeed,ParticlesDetected,RainAbsolute,RainAccumulated,RainIntensity,RainRate,SnowDepthIntensity,Temperature,WindSpeed,0.2822630604084054,0.0796724352711191
ParticlesDetected,RainAbsolute,RainAccumulated,RainIntensity,RainRate,SnowDepthIntensity,Temperature,VolumeEquivalentDiameter,WindSpeed,0.2822630604084054,0.0796724352711191
AverageParticleSpeed,ParticlesDetected,RainAbsolute,RainAccumulated,RainIntensity,SnowDepthIntensity,Temperature,VolumeEquivalentDiameter,WindSpeed,0.282263060408405,0.07967243527111888
AverageParticleSpeed,Humidity,KineticEnergy,Pressure,RadarReflectivity,RainAbsolute,RainAccumulated,RainIntensity,VolumeEquivalentDiameter,0.2821701658792611,0.07962000251232972
AverageParticleSpeed,Humidity,KineticEnergy,Pressure,RadarReflectivity,RainAbsolute,RainAccumulated,RainIntensity,RainRate,0.282170165879261,0.07962000251232969
Humidity,KineticEnergy,Pressure,RadarReflectivity,RainAbsolute,RainAccumulated,RainIntensity,RainRate,VolumeEquivalentDiameter,0.2821701658792609,0.07962000251232962
AverageParticleSpeed,ParticlesDetected,Pressure,RainAbsolute,RainAccumulated,RainIntensity,SnowDepthIntensity,Temperature,WindSpeed,0.28196481167606996,0.0795041550235216
ParticlesDetected,Pressure,RainAbsolute,RainAccumulated,RainIntensity,SnowDepthIntensity,Temperature,VolumeEquivalentDiameter,WindSpeed,0.2819648116760699,0.07950415502352157
ParticlesDetected,Pressure,RainAbsolute,RainAccumulated,RainIntensity,RainRate,SnowDepthIntensity,Temperature,WindSpeed,0.28196481167606985,0.07950415502352154
AverageParticleSpeed,KineticEnergy,ParticlesDetected,RainAbsolute,RainAccumulated,SnowDepthIntensity,Temperature,VolumeEquivalentDiameter,WindSpeed,0.2816074607053521,0.07930276192491642
AverageParticleSpeed,KineticEnergy,ParticlesDetected,RainAbsolute,RainAccumulated,RainRate,SnowDepthIntensity,Temperature,WindSpeed,0.2816074607053519,0.07930276192491632
KineticEnergy,ParticlesDetected,RainAbsolute,RainAccumulated,RainRate,SnowDepthIntensity,Temperature,VolumeEquivalentDiameter,WindSpeed,0.28160746070535186,0.0793027619249163
KineticEnergy,ParticlesDetected,Pressure,RainAbsolute,RainAccumulated,RainRate,SnowDepthIntensity,Temperature,WindSpeed,0.28130809055395223,0.07913424181111059
AverageParticleSpeed,KineticEnergy,ParticlesDetected,Pressure,RainAbsolute,RainAccumulated,SnowDepthIntensity,Temperature,WindSpeed,0.2813080905539521,0.07913424181111052
KineticEnergy,ParticlesDetected,Pressure,RainAbsolute,RainAccumulated,SnowDepthIntensity,Temperature,VolumeEquivalentDiameter,WindSpeed,0.2813080905539521,0.07913424181111052
AverageParticleSpeed,KineticEnergy,ParticlesDetected,RainAbsolute,RainAccumulated,RainIntensity,SnowDepthIntensity,Temperature,WindSpeed,0.2799879882652274,0.07839327357280912
KineticEnergy,ParticlesDetected,RainAbsolute,RainAccumulated,RainIntensity,SnowDepthIntensity,Temperature,VolumeEquivalentDiameter,WindSpeed,0.27998798826522736,0.07839327357280909
KineticEnergy,ParticlesDetected,RainAbsolute,RainAccumulated,RainIntensity,RainRate,SnowDepthIntensity,Temperature,WindSpeed,0.27998798826522725,0.07839327357280904
KineticEnergy,ParticlesDetected,Pressure,RainAbsolute,RainAccumulated,RainIntensity,SnowDepthIntensity,Temperature,WindSpeed,0.2796860552110533,0.07822428947952034
AverageParticleSpeed,Humidity,ParticlesDetected,Pressure,RainAbsolute,RainAccumulated,RainIntensity,RainRate,VolumeEquivalentDiameter,0.27647259622834774,0.076437096465243
AverageParticleSpeed,Humidity,Pressure,RadarReflectivity,RainAbsolute,RainAccumulated,RainRate,VolumeEquivalentDiameter,WindSpeed,0.2759275681383541,0.07613602285874606
AverageParticleSpeed,Humidity,KineticEnergy,ParticlesDetected,Pressure,RainAbsolute,RainAccumulated,RainRate,VolumeEquivalentDiameter,0.2758327502750417,0.07608370612429353
AverageParticleSpeed,Humidity,RadarReflectivity,RainAbsolute,RainAccumulated,RainIntensity,RainRate,VolumeEquivalentDiameter,WindSpeed,0.2746479563522209,0.07543149992845143
AverageParticleSpeed,Humidity,KineticEnergy,ParticlesDetected,RainAbsolute,RainAccumulated,RainIntensity,RainRate,VolumeEquivalentDiameter,0.27452398609484935,0.07536341894140504
AverageParticleSpeed,Humidity,Pressure,RadarReflectivity,RainAbsolute,RainAccumulated,RainIntensity,RainRate,WindSpeed,0.27433567435945594,0.07526006222625745
Humidity,Pressure,RadarReflectivity,RainAbsolute,RainAccumulated,RainIntensity,RainRate,VolumeEquivalentDiameter,WindSpeed,0.27433567435945594,0.07526006222625745
AverageParticleSpeed,Humidity,Pressure,RadarReflectivity,RainAbsolute,RainAccumulated,RainIntensity,VolumeEquivalentDiameter,WindSpeed,0.2743356743594557,0.07526006222625733
AverageParticleSpeed,Humidity,KineticEnergy,ParticlesDetected,Pressure,RainAbsolute,RainAccumulated,RainIntensity,RainRate,0.27424479253651857,0.07521020623339811
AverageParticleSpeed,Humidity,KineticEnergy,ParticlesDetected,Pressure,RainAbsolute,RainAccumulated,RainIntensity,VolumeEquivalentDiameter,0.2742447925365185,0.07521020623339808
Humidity,KineticEnergy,ParticlesDetected,Pressure,RainAbsolute,RainAccumulated,RainIntensity,RainRate,VolumeEquivalentDiameter,0.27424479253651846,0.07521020623339805
AverageParticleSpeed,Humidity,KineticEnergy,RadarReflectivity,RainAbsolute,RainAccumulated,RainRate,VolumeEquivalentDiameter,WindSpeed,0.27402438121605505,0.07508936150084186
AverageParticleSpeed,Humidity,KineticEnergy,Pressure,RadarReflectivity,RainAbsolute,RainAccumulated,VolumeEquivalentDiameter,WindSpeed,0.2737108802874947,0.07491764598775524
AverageParticleSpeed,Humidity,KineticEnergy,Pressure,RadarReflectivity,RainAbsolute,RainAccumulated,RainRate,WindSpeed,0.2737108802874944,0.07491764598775509
Humidity,KineticEnergy,Pressure,RadarReflectivity,RainAbsolute,RainAccumulated,RainRate,VolumeEquivalentDiameter,WindSpeed,0.27371088028749435,0.07491764598775506
AverageParticleSpeed,Humidity,KineticEnergy,RadarReflectivity,RainAbsolute,RainAccumulated,RainIntensity,VolumeEquivalentDiameter,WindSpeed,0.27242627769218464,0.0742160767772193
AverageParticleSpeed,Humidity,KineticEnergy,RadarReflectivity,RainAbsolute,RainAccumulated,RainIntensity,RainRate,WindSpeed,0.27242627769218447,0.07421607677721921
Humidity,KineticEnergy,RadarReflectivity,RainAbsolute,RainAccumulated,RainIntensity,RainRate,VolumeEquivalentDiameter,WindSpeed,0.2724262776921844,0.07421607677721917
AverageParticleSpeed,Humidity,Pressure,RadarReflectivity,RainAbsolute,RainAccumulated,RainRate,SnowDepthIntensity,VolumeEquivalentDiameter,0.2723847846766673,0.07419347092335442
AverageParticleSpeed,Humidity,KineticEnergy,Pressure,RadarReflectivity,RainAbsolute,RainAccumulated,RainIntensity,WindSpeed,0.2721098799183893,0.07404378674920024
Humidity,KineticEnergy,Pressure,RadarReflectivity,RainAbsolute,RainAccumulated,RainIntensity,VolumeEquivalentDiameter,WindSpeed,0.2721098799183893,0.07404378674920024
Humidity,KineticEnergy,Pressure,RadarReflectivity,RainAbsolute,RainAccumulated,RainIntensity,RainRate,WindSpeed,0.2721098799183892,0.07404378674920019
AverageParticleSpeed,Humidity,KineticEnergy,Pressure,RainAbsolute,RainIntensity,RainRate,VolumeEquivalentDiameter,WindSpeed,0.2714668797664998,0.07369426681015925
AverageParticleSpeed,Humidity,KineticEnergy,Pressure,RainAccumulated,RainIntensity,RainRate,VolumeEquivalentDiameter,WindSpeed,0.2714668797664998,0.07369426681015925
AverageParticleSpeed,Humidity,RadarReflectivity,RainAbsolute,RainAccumulated,RainIntensity,RainRate,SnowDepthIntensity,VolumeEquivalentDiameter,0.27118678164709414,0.07354227054010871
AverageParticleSpeed,Humidity,Pressure,RadarReflectivity,RainAbsolute,RainAccumulated,RainIntensity,SnowDepthIntensity,VolumeEquivalentDiameter,0.2709034894494598,0.07338870059589357
AverageParticleSpeed,Humidity,Pressure,RadarReflectivity,RainAbsolute,RainAccumulated,RainIntensity,RainRate,SnowDepthIntensity,0.2709034894494597,0.07338870059589352
Humidity,Pressure,RadarReflectivity,RainAbsolute,RainAccumulated,RainIntensity,RainRate,SnowDepthIntensity,VolumeEquivalentDiameter,0.27090348944945963,0.07338870059589349
AverageParticleSpeed,Humidity,KineticEnergy,RadarReflectivity,RainAbsolute,RainAccumulated,RainRate,SnowDepthIntensity,VolumeEquivalentDiameter,0.2706285048884044,0.07323978765813312
AverageParticleSpeed,Humidity,KineticEnergy,Pressure,RadarReflectivity,RainAbsolute,RainAccumulated,RainRate,SnowDepthIntensity,0.27034417474690525,0.07308597281958525
Humidity,KineticEnergy,Pressure,RadarReflectivity,RainAbsolute,RainAccumulated,RainRate,SnowDepthIntensity,VolumeEquivalentDiameter,0.27034417474690525,0.07308597281958525
AverageParticleSpeed,Humidity,KineticEnergy,Pressure,RadarReflectivity,RainAbsolute,RainAccumulated,SnowDepthIntensity,VolumeEquivalentDiameter,0.27034417474690503,0.07308597281958512
AverageParticleSpeed,Humidity,Pressure,RadarReflectivity,RainAbsolute,RainAccumulated,RainRate,Temperature,VolumeEquivalentDiameter,0.26976665015589124,0.07277404553633102
AverageParticleSpeed,Humidity,KineticEnergy,RadarReflectivity,RainAbsolute,RainAccumulated,RainIntensity,SnowDepthIntensity,VolumeEquivalentDiameter,0.26914311792574636,0.0724380179267922
AverageParticleSpeed,Humidity,KineticEnergy,RadarReflectivity,RainAbsolute,RainAccumulated,RainIntensity,RainRate,SnowDepthIntensity,0.2691431179257463,0.07243801792679218
Humidity,KineticEnergy,RadarReflectivity,RainAbsolute,RainAccumulated,RainIntensity,RainRate,SnowDepthIntensity,VolumeEquivalentDiameter,0.2691431179257462,0.07243801792679212
AverageParticleSpeed,Humidity,KineticEnergy,Pressure,RadarReflectivity,RainAbsolute,RainAccumulated,RainIntensity,SnowDepthIntensity,0.26885620442211405,0.07228365865626558
Humidity,KineticEnergy,Pressure,RadarReflectivity,RainAbsolute,RainAccumulated,RainIntensity,SnowDepthIntensity,VolumeEquivalentDiameter,0.26885620442211405,0.07228365865626558
Humidity,KineticEnergy,Pressure,RadarReflectivity,RainAbsolute,RainAccumulated,RainIntensity,RainRate,SnowDepthIntensity,0.268856204422114,0.07228365865626556
AverageParticleSpeed,Humidity,RadarReflectivity,RainAbsolute,RainAccumulated,RainIntensity,RainRate,Temperature,VolumeEquivalentDiameter,0.26862413876067365,0.07215892792491364
AverageParticleSpeed,Humidity,Pressure,RadarReflectivity,RainAbsolute,RainAccumulated,RainIntensity,RainRate,Temperature,0.26833418933746805,0.07200323716739615
Humidity,Pressure,RadarReflectivity,RainAbsolute,RainAccumulated,RainIntensity,RainRate,Temperature,VolumeEquivalentDiameter,0.268334189337468,0.07200323716739612
AverageParticleSpeed,Humidity,Pressure,RadarReflectivity,RainAbsolute,RainAccumulated,RainIntensity,Temperature,VolumeEquivalentDiameter,0.26833418933746783,0.07200323716739604
AverageParticleSpeed,Humidity,KineticEnergy,RadarReflectivity,RainAbsolute,RainAccumulated,RainRate,Temperature,VolumeEquivalentDiameter,0.26807431590288017,0.07186383884679719
AverageParticleSpeed,Humidity,KineticEnergy,Pressure,RadarReflectivity,RainAbsolute,RainAccumulated,Temperature,VolumeEquivalentDiameter,0.2677833535756199,0.07170792445220546
Humidity,KineticEnergy,Pressure,RadarReflectivity,RainAbsolute,RainAccumulated,RainRate,Temperature,VolumeEquivalentDiameter,0.2677833535756198,0.07170792445220539
AverageParticleSpeed,Humidity,KineticEnergy,Pressure,RadarReflectivity,RainAbsolute,RainAccumulated,RainRate,Temperature,0.2677833535756197,0.07170792445220536
AverageParticleSpeed,Humidity,KineticEnergy,Pressure,RainAbsolute,RainIntensity,RainRate,SnowDepthIntensity,VolumeEquivalentDiameter,0.2677547980393306,0.07169263187308272
AverageParticleSpeed,Humidity,KineticEnergy,Pressure,RainAccumulated,RainIntensity,RainRate,SnowDepthIntensity,VolumeEquivalentDiameter,0.2677547980393306,0.07169263187308272
AverageParticleSpeed,Humidity,ParticlesDetected,Pressure,RainAbsolute,RainAccumulated,RainRate,VolumeEquivalentDiameter,WindSpeed,0.26731293359579295,0.07145620446758881
AverageParticleSpeed,Humidity,KineticEnergy,RadarReflectivity,RainAbsolute,RainAccumulated,RainIntensity,RainRate,Temperature,0.2666359264536733,0.07109471727580867
Humidity,KineticEnergy,RadarReflectivity,RainAbsolute,RainAccumulated,RainIntensity,RainRate,Temperature,VolumeEquivalentDiameter,0.2666359264536733,0.07109471727580867
AverageParticleSpeed,Humidity,KineticEnergy,RadarReflectivity,RainAbsolute,RainAccumulated,RainIntensity,Temperature,VolumeEquivalentDiameter,0.2666359264536731,0.07109471727580859
AverageParticleSpeed,Humidity,KineticEnergy,Pressure,RadarReflectivity,RainAbsolute,RainAccumulated,RainIntensity,Temperature,0.2663424959993553,0.07093832517516659
Humidity,KineticEnergy,Pressure,RadarReflectivity,RainAbsolute,RainAccumulated,RainIntensity,Temperature,VolumeEquivalentDiameter,0.2663424959993553,0.07093832517516659
Humidity,KineticEnergy,Pressure,RadarReflectivity,RainAbsolute,RainAccumulated,RainIntensity,RainRate,Temperature,0.2663424959993552,0.07093832517516656
AverageParticleSpeed,Humidity,ParticlesDetected,RainAbsolute,RainAccumulated,RainIntensity,RainRate,VolumeEquivalentDiameter,WindSpeed,0.2659685599445885,0.07073927487899817
AverageParticleSpeed,Humidity,ParticlesDetected,Pressure,RainAbsolute,RainAccumulated,RainIntensity,VolumeEquivalentDiameter,WindSpeed,0.26563707037182516,0.07056305315572599
AverageParticleSpeed,Humidity,ParticlesDetected,Pressure,RainAbsolute,RainAccumulated,RainIntensity,RainRate,WindSpeed,0.2656370703718251,0.07056305315572596
Humidity,ParticlesDetected,Pressure,RainAbsolute,RainAccumulated,RainIntensity,RainRate,VolumeEquivalentDiameter,WindSpeed,0.26563707037182505,0.07056305315572593
AverageParticleSpeed,Humidity,KineticEnergy,ParticlesDetected,RainAbsolute,RainAccumulated,RainRate,VolumeEquivalentDiameter,WindSpeed,0.26528551265543987,0.07037640322485955
AverageParticleSpeed,Humidity,KineticEnergy,ParticlesDetected,Pressure,RainAbsolute,RainAccumulated,VolumeEquivalentDiameter,WindSpeed,0.2649527941441647,0.07019998312480014
AverageParticleSpeed,Humidity,KineticEnergy,ParticlesDetected,Pressure,RainAbsolute,RainAccumulated,RainRate,WindSpeed,0.2649527941441645,0.07019998312480001
Humidity,KineticEnergy,ParticlesDetected,Pressure,RainAbsolute,RainAccumulated,RainRate,VolumeEquivalentDiameter,WindSpeed,0.2649527941441645,0.07019998312480001
AverageParticleSpeed,Humidity,ParticlesDetected,Pressure,RainAbsolute,RainAccumulated,RainRate,SnowDepthIntensity,VolumeEquivalentDiameter,0.2648378937758045,0.07013910997960432
AverageParticleSpeed,Humidity,KineticEnergy,ParticlesDetected,RainAbsolute,RainAccumulated,RainIntensity,RainRate,WindSpeed,0.2636105633273256,0.06949052909774993
Humidity,KineticEnergy,ParticlesDetected,RainAbsolute,RainAccumulated,RainIntensity,RainRate,VolumeEquivalentDiameter,WindSpeed,0.2636105633273256,0.06949052909774993
AverageParticleSpeed,Humidity,KineticEnergy,ParticlesDetected,RainAbsolute,RainAccumulated,RainIntensity,VolumeEquivalentDiameter,WindSpeed,0.2636105633273254,0.06949052909774985
AverageParticleSpeed,Humidity,ParticlesDetected,RainAbsolute,RainAccumulated,RainIntensity,RainRate,SnowDepthIntensity,VolumeEquivalentDiameter,0.26358186850787346,0.0694754014061019
AverageParticleSpeed,Humidity,ParticlesDetected,Pressure,RainAbsolute,RainAccumulated,RainIntensity,RainRate,SnowDepthIntensity,0.2632826998499316,0.06931778004026916
Humidity,ParticlesDetected,Pressure,RainAbsolute,RainAccumulated,RainIntensity,RainRate,SnowDepthIntensity,VolumeEquivalentDiameter,0.2632826998499316,0.06931778004026916
AverageParticleSpeed,Humidity,ParticlesDetected,Pressure,RainAbsolute,RainAccumulated,RainIntensity,SnowDepthIntensity,VolumeEquivalentDiameter,0.2632826998499315,0.06931778004026913
AverageParticleSpeed,Humidity,KineticEnergy,ParticlesDetected,Pressure,RainAbsolute,RainAccumulated,RainIntensity,WindSpeed,0.2632750535945534,0.06931375384521496
Humidity,KineticEnergy,ParticlesDetected,Pressure,RainAbsolute,RainAccumulated,RainIntensity,VolumeEquivalentDiameter,WindSpeed,0.2632750535945534,0.06931375384521496
Humidity,KineticEnergy,ParticlesDetected,Pressure,RainAbsolute,RainAccumulated,RainIntensity,RainRate,WindSpeed,0.2632750535945533,0.0693137538452149
AverageParticleSpeed,Humidity,KineticEnergy,ParticlesDetected,RainAbsolute,RainAccumulated,RainRate,SnowDepthIntensity,VolumeEquivalentDiameter,0.2629710260917028,0.06915376056372304
AverageParticleSpeed,Humidity,KineticEnergy,ParticlesDetected,Pressure,RainAbsolute,RainAccumulated,RainRate,SnowDepthIntensity,0.262670795643633,0.0689959468840592
Humidity,KineticEnergy,ParticlesDetected,Pressure,RainAbsolute,RainAccumulated,RainRate,SnowDepthIntensity,VolumeEquivalentDiameter,0.262670795643633,0.0689959468840592
AverageParticleSpeed,Humidity,KineticEnergy,ParticlesDetected,Pressure,RainAbsolute,RainAccumulated,SnowDepthIntensity,VolumeEquivalentDiameter,0.2626707956436327,0.06899594688405906
AverageParticleSpeed,Humidity,ParticlesDetected,Pressure,RainAbsolute,RainAccumulated,RainRate,Temperature,VolumeEquivalentDiameter,0.2625503522238721,0.06893268745287928
AverageParticleSpeed,Humidity,RadarReflectivity,RainAbsolute,RainAccumulated,RainRate,SnowDepthIntensity,VolumeEquivalentDiameter,WindSpeed,0.262114917510609,0.06870422998159337
AverageParticleSpeed,Humidity,Pressure,RadarReflectivity,RainAbsolute,RainAccumulated,SnowDepthIntensity,VolumeEquivalentDiameter,WindSpeed,0.26178005411445215,0.0685287967321655
AverageParticleSpeed,Humidity,Pressure,RadarReflectivity,RainAbsolute,RainAccumulated,RainRate,SnowDepthIntensity,WindSpeed,0.261780054114452,0.06852879673216541
Humidity,Pressure,RadarReflectivity,RainAbsolute,RainAccumulated,RainRate,SnowDepthIntensity,VolumeEquivalentDiameter,WindSpeed,0.261780054114452,0.06852879673216541
Humidity,KineticEnergy,ParticlesDetected,RainAbsolute,RainAccumulated,RainIntensity,RainRate,SnowDepthIntensity,VolumeEquivalentDiameter,0.2614173439724619,0.06833902772961647
AverageParticleSpeed,Humidity,KineticEnergy,ParticlesDetected,RainAbsolute,RainAccumulated,RainIntensity,RainRate,SnowDepthIntensity,0.26141734397246186,0.06833902772961643
AverageParticleSpeed,Humidity,KineticEnergy,ParticlesDetected,RainAbsolute,RainAccumulated,RainIntensity,SnowDepthIntensity,VolumeEquivalentDiameter,0.26141734397246164,0.06833902772961632
AverageParticleSpeed,Humidity,ParticlesDetected,RainAbsolute,RainAccumulated,RainIntensity,RainRate,Temperature,VolumeEquivalentDiameter,0.26134147471207775,0.06829936640468358
Humidity,KineticEnergy,ParticlesDetected,Pressure,RainAbsolute,RainAccumulated,RainIntensity,RainRate,SnowDepthIntensity,0.26111459293070843,0.06818083064136957
AverageParticleSpeed,Humidity,KineticEnergy,ParticlesDetected,Pressure,RainAbsolute,RainAccumulated,RainIntensity,SnowDepthIntensity,0.2611145929307083,0.06818083064136951
Humidity,KineticEnergy,ParticlesDetected,Pressure,RainAbsolute,RainAccumulated,RainIntensity,SnowDepthIntensity,VolumeEquivalentDiameter,0.2611145929307083,0.06818083064136951
Humidity,ParticlesDetected,Pressure,RainAbsolute,RainAccumulated,RainIntensity,RainRate,Temperature,VolumeEquivalentDiameter,0.2610362843923623,0.06813994176937026
AverageParticleSpeed,Humidity,ParticlesDetected,Pressure,RainAbsolute,RainAccumulated,RainIntensity,RainRate,Temperature,0.26103628439236226,0.06813994176937023
AverageParticleSpeed,Humidity,ParticlesDetected,Pressure,RainAbsolute,RainAccumulated,RainIntensity,Temperature,VolumeEquivalentDiameter,0.26103628439236226,0.06813994176937023
AverageParticleSpeed,Humidity,KineticEnergy,ParticlesDetected,RainAbsolute,RainAccumulated,RainRate,Temperature,VolumeEquivalentDiameter,0.2607362900305926,0.06798341293891731
Humidity,RadarReflectivity,RainAbsolute,RainAccumulated,RainIntensity,RainRate,SnowDepthIntensity,VolumeEquivalentDiameter,WindSpeed,0.2605519017464313,0.06788729350368199
AverageParticleSpeed,Humidity,RadarReflectivity,RainAbsolute,RainAccumulated,RainIntensity,RainRate,SnowDepthIntensity,WindSpeed,0.2605519017464312,0.06788729350368194
AverageParticleSpeed,Humidity,RadarReflectivity,RainAbsolute,RainAccumulated,RainIntensity,SnowDepthIntensity,VolumeEquivalentDiameter,WindSpeed,0.2605519017464312,0.06788729350368194
AverageParticleSpeed,Humidity,KineticEnergy,ParticlesDetected,Pressure,RainAbsolute,RainAccumulated,RainRate,Temperature,0.2604300518111608,0.0678238118863639
AverageParticleSpeed,Humidity,KineticEnergy,ParticlesDetected,Pressure,RainAbsolute,RainAccumulated,Temperature,VolumeEquivalentDiameter,0.26043005181116075,0.06782381188636387
Humidity,KineticEnergy,ParticlesDetected,Pressure,RainAbsolute,RainAccumulated,RainRate,Temperature,VolumeEquivalentDiameter,0.26043005181116075,0.06782381188636387
AverageParticleSpeed,Humidity,Pressure,RadarReflectivity,RainAbsolute,RainAccumulated,RainIntensity,SnowDepthIntensity,WindSpeed,0.2602146089921401,0.06771164273293236
Humidity,Pressure,RadarReflectivity,RainAbsolute,RainAccumulated,RainIntensity,SnowDepthIntensity,VolumeEquivalentDiameter,WindSpeed,0.2602146089921401,0.06771164273293236
Humidity,Pressure,RadarReflectivity,RainAbsolute,RainAccumulated,RainIntensity,RainRate,SnowDepthIntensity,WindSpeed,0.26021460899214,0.0677116427329323
AverageParticleSpeed,Humidity,KineticEnergy,RadarReflectivity,RainAbsolute,RainAccumulated,SnowDepthIntensity,VolumeEquivalentDiameter,WindSpeed,0.2599550977277005,0.0675766528346183
AverageParticleSpeed,Humidity,KineticEnergy,RadarReflectivity,RainAbsolute,RainAccumulated,RainRate,SnowDepthIntensity,WindSpeed,0.25995509772770026,0.0675766528346182
Humidity,KineticEnergy,RadarReflectivity,RainAbsolute,RainAccumulated,RainRate,SnowDepthIntensity,VolumeEquivalentDiameter,WindSpeed,0.25995509772770026,0.0675766528346182
AverageParticleSpeed,Humidity,KineticEnergy,Pressure,RadarReflectivity,RainAbsolute,RainAccumulated,SnowDepthIntensity,WindSpeed,0.25961684419487235,0.06740090578970463
Humidity,KineticEnergy,Pressure,RadarReflectivity,RainAbsolute,RainAccumulated,RainRate,SnowDepthIntensity,WindSpeed,0.25961684419487235,0.06740090578970463
Humidity,KineticEnergy,Pressure,RadarReflectivity,RainAbsolute,RainAccumulated,SnowDepthIntensity,VolumeEquivalentDiameter,WindSpeed,0.25961684419487235,0.06740090578970463
AverageParticleSpeed,Humidity,RadarReflectivity,RainAbsolute,RainAccumulated,RainRate,Temperature,VolumeEquivalentDiameter,WindSpeed,0.2595345592552121,0.06735818744779722
AverageParticleSpeed,Humidity,KineticEnergy,ParticlesDetected,RainAbsolute,RainAccumulated,RainIntensity,Temperature,VolumeEquivalentDiameter,0.25922198236169725,0.06719603613952808
AverageParticleSpeed,Humidity,KineticEnergy,ParticlesDetected,RainAbsolute,RainAccumulated,RainIntensity,RainRate,Temperature,0.25922198236169697,0.06719603613952793
Humidity,KineticEnergy,ParticlesDetected,RainAbsolute,RainAccumulated,RainIntensity,RainRate,Temperature,VolumeEquivalentDiameter,0.25922198236169697,0.06719603613952793
AverageParticleSpeed,Humidity,Pressure,RadarReflectivity,RainAbsolute,RainAccumulated,RainRate,Temperature,WindSpeed,0.2591923672321925,0.06718068323142774
Humidity,Pressure,RadarReflectivity,RainAbsolute,RainAccumulated,RainRate,Temperature,VolumeEquivalentDiameter,WindSpeed,0.2591923672321925,0.06718068323142774
AverageParticleSpeed,Humidity,Pressure,RadarReflectivity,RainAbsolute,RainAccumulated,Temperature,VolumeEquivalentDiameter,WindSpeed,0.25919236723219224,0.0671806832314276
AverageParticleSpeed,Humidity,KineticEnergy,ParticlesDetected,Pressure,RainAbsolute,RainAccumulated,RainIntensity,Temperature,0.25891330571254323,0.06703609987499687
Humidity,KineticEnergy,ParticlesDetected,Pressure,RainAbsolute,RainAccumulated,RainIntensity,Temperature,VolumeEquivalentDiameter,0.2589133057125432,0.06703609987499684
Humidity,KineticEnergy,ParticlesDetected,Pressure,RainAbsolute,RainAccumulated,RainIntensity,RainRate,Temperature,0.25891330571254306,0.06703609987499679
AverageParticleSpeed,Humidity,KineticEnergy,RadarReflectivity,RainAbsolute,RainAccumulated,RainIntensity,SnowDepthIntensity,WindSpeed,0.2583880671969443,0.0667643932697726
Humidity,KineticEnergy,RadarReflectivity,RainAbsolute,RainAccumulated,RainIntensity,RainRate,SnowDepthIntensity,WindSpeed,0.2583880671969443,0.0667643932697726
Humidity,KineticEnergy,RadarReflectivity,RainAbsolute,RainAccumulated,RainIntensity,SnowDepthIntensity,VolumeEquivalentDiameter,WindSpeed,0.2583880671969442,0.06676439326977254
Humidity,KineticEnergy,Pressure,RadarReflectivity,RainAbsolute,RainAccumulated,RainIntensity,SnowDepthIntensity,WindSpeed,0.2580474490058031,0.06658848593840257
Humidity,RadarReflectivity,RainAbsolute,RainAccumulated,RainIntensity,RainRate,Temperature,VolumeEquivalentDiameter,WindSpeed,0.25801961402942,0.06657412122389085
AverageParticleSpeed,Humidity,RadarReflectivity,RainAbsolute,RainAccumulated,RainIntensity,RainRate,Temperature,WindSpeed,0.25801961402941986,0.0665741212238908
AverageParticleSpeed,Humidity,RadarReflectivity,RainAbsolute,RainAccumulated,RainIntensity,Temperature,VolumeEquivalentDiameter,WindSpeed,0.25801961402941975,0.06657412122389074
Humidity,Pressure,RadarReflectivity,RainAbsolute,RainAccumulated,RainIntensity,RainRate,Temperature,WindSpeed,0.25767510222895323,0.0663964583087015
Humidity,Pressure,RadarReflectivity,RainAbsolute,RainAccumulated,RainIntensity,Temperature,VolumeEquivalentDiameter,WindSpeed,0.25767510222895307,0.06639645830870142
AverageParticleSpeed,Humidity,Pressure,RadarReflectivity,RainAbsolute,RainAccumulated,RainIntensity,Temperature,WindSpeed,0.25767510222895296,0.06639645830870136
AverageParticleSpeed,Humidity,KineticEnergy,RadarReflectivity,RainAbsolute,RainAccumulated,Temperature,VolumeEquivalentDiameter,WindSpeed,0.2574304031216362,0.06627041245136811
AverageParticleSpeed,Humidity,KineticEnergy,RadarReflectivity,RainAbsolute,RainAccumulated,RainRate,Temperature,WindSpeed,0.25743040312163606,0.06627041245136805
Humidity,KineticEnergy,RadarReflectivity,RainAbsolute,RainAccumulated,RainRate,Temperature,VolumeEquivalentDiameter,WindSpeed,0.25743040312163595,0.066270412451368
AverageParticleSpeed,Humidity,RadarReflectivity,RainAbsolute,RainAccumulated,RainRate,SnowDepthIntensity,Temperature,VolumeEquivalentDiameter,0.25728644130570477,0.06619631287975386
Humidity,KineticEnergy,Pressure,RadarReflectivity,RainAbsolute,RainAccumulated,RainRate,Temperature,WindSpeed,0.2570849526379305,0.06609267287284698
AverageParticleSpeed,Humidity,KineticEnergy,Pressure,RadarReflectivity,RainAbsolute,RainAccumulated,Temperature,WindSpeed,0.25708495263793035,0.0660926728728469
Humidity,KineticEnergy,Pressure,RadarReflectivity,RainAbsolute,RainAccumulated,Temperature,VolumeEquivalentDiameter,WindSpeed,0.2570849526379303,0.06609267287284687
Humidity,Pressure,RadarReflectivity,RainAbsolute,RainAccumulated,RainRate,SnowDepthIntensity,Temperature,VolumeEquivalentDiameter,0.25697706687581623,0.06603721290009773
AverageParticleSpeed,Humidity,Pressure,RadarReflectivity,RainAbsolute,RainAccumulated,RainRate,SnowDepthIntensity,Temperature,0.2569770668758162,0.0660372129000977
AverageParticleSpeed,Humidity,Pressure,RadarReflectivity,RainAbsolute,RainAccumulated,SnowDepthIntensity,Temperature,VolumeEquivalentDiameter,0.2569770668758161,0.06603721290009767
AverageParticleSpeed,Humidity,KineticEnergy,Pressure,RainAbsolute,RainIntensity,RainRate,Temperature,VolumeEquivalentDiameter,0.25605788300268306,0.06556563944781572
AverageParticleSpeed,Humidity,KineticEnergy,Pressure,RainAccumulated,RainIntensity,RainRate,Temperature,VolumeEquivalentDiameter,0.25605788300268306,0.06556563944781572
AverageParticleSpeed,Humidity,KineticEnergy,RadarReflectivity,RainAbsolute,RainAccumulated,RainIntensity,Temperature,WindSpeed,0.255909536434193,0.06548969083796356
Humidity,KineticEnergy,RadarReflectivity,RainAbsolute,RainAccumulated,RainIntensity,Temperature,VolumeEquivalentDiameter,WindSpeed,0.2559095364341929,0.06548969083796351
Humidity,KineticEnergy,RadarReflectivity,RainAbsolute,RainAccumulated,RainIntensity,RainRate,Temperature,WindSpeed,0.2559095364341928,0.06548969083796345
AverageParticleSpeed,Humidity,RadarReflectivity,RainAbsolute,RainAccumulated,RainIntensity,SnowDepthIntensity,Temperature,VolumeEquivalentDiameter,0.2558746938448588,0.06547185895020022
Humidity,RadarReflectivity,RainAbsolute,RainAccumulated,RainIntensity,RainRate,SnowDepthIntensity,Temperature,VolumeEquivalentDiameter,0.2558746938448587,0.06547185895020019
AverageParticleSpeed,Humidity,RadarReflectivity,RainAbsolute,RainAccumulated,RainIntensity,RainRate,SnowDepthIntensity,Temperature,0.2558746938448585,0.06547185895020007
Humidity,Pressure,RadarReflectivity,RainAbsolute,RainAccumulated,RainIntensity,RainRate,SnowDepthIntensity,Temperature,0.2555632131732941,0.06531255592745856
AverageParticleSpeed,Humidity,Pressure,RadarReflectivity,RainAbsolute,RainAccumulated,RainIntensity,SnowDepthIntensity,Temperature,0.25556321317329406,0.06531255592745853
Humidity,Pressure,RadarReflectivity,RainAbsolute,RainAccumulated,RainIntensity,SnowDepthIntensity,Temperature,VolumeEquivalentDiameter,0.25556321317329406,0.06531255592745853
Humidity,KineticEnergy,Pressure,RadarReflectivity,RainAbsolute,RainAccumulated,RainIntensity,Temperature,WindSpeed,0.2555618232568003,0.06531184550634005
AverageParticleSpeed,Humidity,KineticEnergy,RadarReflectivity,RainAbsolute,RainAccumulated,RainRate,SnowDepthIntensity,Temperature,0.25534480478674965,0.06520096933158329
AverageParticleSpeed,Humidity,KineticEnergy,RadarReflectivity,RainAbsolute,RainAccumulated,SnowDepthIntensity,Temperature,VolumeEquivalentDiameter,0.2553448047867495,0.0652009693315832
Humidity,KineticEnergy,RadarReflectivity,RainAbsolute,RainAccumulated,RainRate,SnowDepthIntensity,Temperature,VolumeEquivalentDiameter,0.2553448047867494,0.06520096933158318
Humidity,KineticEnergy,Pressure,RadarReflectivity,RainAbsolute,RainAccumulated,RainRate,SnowDepthIntensity,Temperature,0.25503250591111937,0.06504157907130513
AverageParticleSpeed,Humidity,KineticEnergy,Pressure,RadarReflectivity,RainAbsolute,RainAccumulated,SnowDepthIntensity,Temperature,0.25503250591111926,0.06504157907130508
Humidity,KineticEnergy,Pressure,RadarReflectivity,RainAbsolute,RainAccumulated,SnowDepthIntensity,Temperature,VolumeEquivalentDiameter,0.25503250591111926,0.06504157907130508
Humidity,KineticEnergy,RadarReflectivity,RainAbsolute,RainAccumulated,RainIntensity,SnowDepthIntensity,Temperature,VolumeEquivalentDiameter,0.25392875039369145,0.06447981027650165
AverageParticleSpeed,Humidity,KineticEnergy,RadarReflectivity,RainAbsolute,RainAccumulated,RainIntensity,SnowDepthIntensity,Temperature,0.2539287503936914,0.06447981027650163
Humidity,KineticEnergy,RadarReflectivity,RainAbsolute,RainAccumulated,RainIntensity,RainRate,SnowDepthIntensity,Temperature,0.2539287503936912,0.06447981027650154
AverageParticleSpeed,Humidity,ParticlesDetected,RainAbsolute,RainAccumulated,RainRate,SnowDepthIntensity,VolumeEquivalentDiameter,WindSpeed,0.2537781057851636,0.06440332697590567
Humidity,KineticEnergy,Pressure,RadarReflectivity,RainAbsolute,RainAccumulated,RainIntensity,SnowDepthIntensity,Temperature,0.2536143937878222,0.06432026073636454
AverageParticleSpeed,Humidity,ParticlesDetected,Pressure,RainAbsolute,RainAccumulated,RainRate,SnowDepthIntensity,WindSpeed,0.25342669314076427,0.0642250887962631
Humidity,ParticlesDetected,Pressure,RainAbsolute,RainAccumulated,RainRate,SnowDepthIntensity,VolumeEquivalentDiameter,WindSpeed,0.2534266931407642,0.06422508879626307
AverageParticleSpeed,Humidity,ParticlesDetected,Pressure,RainAbsolute,RainAccumulated,SnowDepthIntensity,VolumeEquivalentDiameter,WindSpeed,0.25342669314076416,0.06422508879626304
AverageParticleSpeed,Humidity,ParticlesDetected,RainAbsolute,RainAccumulated,RainIntensity,SnowDepthIntensity,VolumeEquivalentDiameter,WindSpeed,0.25215175518881405,0.06358050764479961
AverageParticleSpeed,Humidity,ParticlesDetected,RainAbsolute,RainAccumulated,RainIntensity,RainRate,SnowDepthIntensity,WindSpeed,0.25215175518881394,0.06358050764479956
Humidity,ParticlesDetected,RainAbsolute,RainAccumulated,RainIntensity,RainRate,SnowDepthIntensity,VolumeEquivalentDiameter,WindSpeed,0.2521517551888139,0.06358050764479953
Humidity,ParticlesDetected,Pressure,RainAbsolute,RainAccumulated,RainIntensity,RainRate,SnowDepthIntensity,WindSpeed,0.2517980498150522,0.06340225789066352
AverageParticleSpeed,Humidity,ParticlesDetected,Pressure,RainAbsolute,RainAccumulated,RainIntensity,SnowDepthIntensity,WindSpeed,0.25179804981505216,0.06340225789066349
Humidity,ParticlesDetected,Pressure,RainAbsolute,RainAccumulated,RainIntensity,SnowDepthIntensity,VolumeEquivalentDiameter,WindSpeed,0.25179804981505216,0.06340225789066349
AverageParticleSpeed,Humidity,ParticlesDetected,RainAbsolute,RainAccumulated,RainRate,Temperature,VolumeEquivalentDiameter,WindSpeed,0.25152637053775084,0.06326551507589394
AverageParticleSpeed,Humidity,KineticEnergy,ParticlesDetected,RainAbsolute,RainAccumulated,RainRate,SnowDepthIntensity,WindSpeed,0.25150629353305953,0.06325541568673751
Humidity,KineticEnergy,ParticlesDetected,RainAbsolute,RainAccumulated,RainRate,SnowDepthIntensity,VolumeEquivalentDiameter,WindSpeed,0.25150629353305953,0.06325541568673751
AverageParticleSpeed,Humidity,KineticEnergy,ParticlesDetected,RainAbsolute,RainAccumulated,SnowDepthIntensity,VolumeEquivalentDiameter,WindSpeed,0.2515062935330592,0.06325541568673733
AverageParticleSpeed,ParticlesDetected,Pressure,RadarReflectivity,RainAbsolute,RainAccumulated,RainIntensity,RainRate,VolumeEquivalentDiameter,0.2514816302401825,0.06324301034825987
AverageParticleSpeed,Humidity,ParticlesDetected,Pressure,RainAbsolute,RainAccumulated,Temperature,VolumeEquivalentDiameter,WindSpeed,0.25116817557470883,0.06308545242152776
AverageParticleSpeed,Humidity,ParticlesDetected,Pressure,RainAbsolute,RainAccumulated,RainRate,Temperature,WindSpeed,0.25116817557470866,0.06308545242152767
Humidity,ParticlesDetected,Pressure,RainAbsolute,RainAccumulated,RainRate,Temperature,VolumeEquivalentDiameter,WindSpeed,0.25116817557470866,0.06308545242152767
AverageParticleSpeed,Humidity,KineticEnergy,ParticlesDetected,Pressure,RainAbsolute,RainAccumulated,SnowDepthIntensity,WindSpeed,0.25115165125858563,0.06307715192991421
Humidity,KineticEnergy,ParticlesDetected,Pressure,RainAbsolute,RainAccumulated,RainRate,SnowDepthIntensity,WindSpeed,0.25115165125858563,0.06307715192991421
Humidity,KineticEnergy,ParticlesDetected,Pressure,RainAbsolute,RainAccumulated,SnowDepthIntensity,VolumeEquivalentDiameter,WindSpeed,0.25115165125858563,0.06307715192991421
AverageParticleSpeed,KineticEnergy,ParticlesDetected,Pressure,RadarReflectivity,RainAbsolute,RainAccumulated,RainRate,VolumeEquivalentDiameter,0.25092599835237517,0.06296385664913619
AverageParticleSpeed,Humidity,ParticlesDetected,RainAbsolute,RainAccumulated,RainRate,SnowDepthIntensity,Temperature,VolumeEquivalentDiameter,0.25021869391529783,0.0626093947846775
AverageParticleSpeed,Humidity,ParticlesDetected,RainAbsolute,RainAccumulated,RainIntensity,Temperature,VolumeEquivalentDiameter,WindSpeed,0.24993925171025438,0.0624696295454819
Humidity,ParticlesDetected,RainAbsolute,RainAccumulated,RainIntensity,RainRate,Temperature,VolumeEquivalentDiameter,WindSpeed,0.24993925171025433,0.062469629545481874
AverageParticleSpeed,Humidity,ParticlesDetected,RainAbsolute,RainAccumulated,RainIntensity,RainRate,Temperature,WindSpeed,0.2499392517102543,0.06246962954548186
AverageParticleSpeed,Humidity,ParticlesDetected,Pressure,RainAbsolute,RainAccumulated,SnowDepthIntensity,Temperature,VolumeEquivalentDiameter,0.24989585746392093,0.062447939577628286
AverageParticleSpeed,Humidity,ParticlesDetected,Pressure,RainAbsolute,RainAccumulated,RainRate,SnowDepthIntensity,Temperature,0.24989585746392085,0.062447939577628245
Humidity,ParticlesDetected,Pressure,RainAbsolute,RainAccumulated,RainRate,SnowDepthIntensity,Temperature,VolumeEquivalentDiameter,0.24989585746392085,0.062447939577628245
Humidity,KineticEnergy,ParticlesDetected,RainAbsolute,RainAccumulated,RainIntensity,RainRate,SnowDepthIntensity,WindSpeed,0.2498820867563879,0.06244105728172697
AverageParticleSpeed,Humidity,KineticEnergy,ParticlesDetected,RainAbsolute,RainAccumulated,RainIntensity,SnowDepthIntensity,WindSpeed,0.2498820867563876,0.06244105728172682
Humidity,KineticEnergy,ParticlesDetected,RainAbsolute,RainAccumulated,RainIntensity,SnowDepthIntensity,VolumeEquivalentDiameter,WindSpeed,0.2498820867563876,0.06244105728172682
AverageParticleSpeed,KineticEnergy,ParticlesDetected,RadarReflectivity,RainAbsolute,RainAccumulated,RainIntensity,RainRate,VolumeEquivalentDiameter,0.24987469160245876,0.062437361503423876
AverageParticleSpeed,Humidity,ParticlesDetected,Pressure,RainAbsolute,RainAccumulated,RainIntensity,Temperature,WindSpeed,0.24957883831775468,0.06228959653603993
Humidity,ParticlesDetected,Pressure,RainAbsolute,RainAccumulated,RainIntensity,Temperature,VolumeEquivalentDiameter,WindSpeed,0.24957883831775463,0.0622895965360399
Humidity,ParticlesDetected,Pressure,RainAbsolute,RainAccumulated,RainIntensity,RainRate,Temperature,WindSpeed,0.24957883831775446,0.06228959653603982
AverageParticleSpeed,KineticEnergy,ParticlesDetected,Pressure,RadarReflectivity,RainAbsolute,RainAccumulated,RainIntensity,VolumeEquivalentDiameter,0.2495771013593326,0.06228872952292657
AverageParticleSpeed,KineticEnergy,ParticlesDetected,Pressure,RadarReflectivity,RainAbsolute,RainAccumulated,RainIntensity,RainRate,0.24957710135933253,0.06228872952292654
KineticEnergy,ParticlesDetected,Pressure,RadarReflectivity,RainAbsolute,RainAccumulated,RainIntensity,RainRate,VolumeEquivalentDiameter,0.24957710135933253,0.06228872952292654
Humidity,KineticEnergy,ParticlesDetected,Pressure,RainAbsolute,RainAccumulated,RainIntensity,SnowDepthIntensity,WindSpeed,0.24952523796653128,0.062262844382254066
AverageParticleSpeed,Humidity,KineticEnergy,ParticlesDetected,RainAbsolute,RainAccumulated,Temperature,VolumeEquivalentDiameter,WindSpeed,0.24929818353914746,0.06214958431591845
Humidity,KineticEnergy,ParticlesDetected,RainAbsolute,RainAccumulated,RainRate,Temperature,VolumeEquivalentDiameter,WindSpeed,0.24929818353914732,0.06214958431591838
AverageParticleSpeed,Humidity,KineticEnergy,ParticlesDetected,RainAbsolute,RainAccumulated,RainRate,Temperature,WindSpeed,0.24929818353914726,0.062149584315918355
Humidity,KineticEnergy,ParticlesDetected,Pressure,RainAbsolute,RainAccumulated,RainRate,Temperature,WindSpeed,0.24893684434541732,0.06196955247265453
AverageParticleSpeed,Humidity,KineticEnergy,ParticlesDetected,Pressure,RainAbsolute,RainAccumulated,Temperature,WindSpeed,0.24893684434541719,0.06196955247265446
Humidity,KineticEnergy,ParticlesDetected,Pressure,RainAbsolute,RainAccumulated,Temperature,VolumeEquivalentDiameter,WindSpeed,0.24893684434541713,0.061969552472654434
Humidity,ParticlesDetected,RainAbsolute,RainAccumulated,RainIntensity,RainRate,SnowDepthIntensity,Temperature,VolumeEquivalentDiameter,0.24874262460841254,0.061872893297081635
AverageParticleSpeed,Humidity,ParticlesDetected,RainAbsolute,RainAccumulated,RainIntensity,RainRate,SnowDepthIntensity,Temperature,0.24874262460841248,0.061872893297081615
AverageParticleSpeed,Humidity,ParticlesDetected,RainAbsolute,RainAccumulated,RainIntensity,SnowDepthIntensity,Temperature,VolumeEquivalentDiameter,0.24874262460841232,0.06187289329708153
AverageParticleSpeed,Humidity,ParticlesDetected,Pressure,RainAbsolute,RainAccumulated,RainIntensity,SnowDepthIntensity,Temperature,0.24841774439576772,0.06171137573068099
Humidity,ParticlesDetected,Pressure,RainAbsolute,RainAccumulated,RainIntensity,SnowDepthIntensity,Temperature,VolumeEquivalentDiameter,0.24841774439576772,0.06171137573068099
Humidity,ParticlesDetected,Pressure,RainAbsolute,RainAccumulated,RainIntensity,RainRate,SnowDepthIntensity,Temperature,0.24841774439576741,0.061711375730680834
Humidity,KineticEnergy,ParticlesDetected,RainAbsolute,RainAccumulated,RainRate,SnowDepthIntensity,Temperature,VolumeEquivalentDiameter,0.2481664564251883,0.06158659009463489
AverageParticleSpeed,Humidity,KineticEnergy,ParticlesDetected,RainAbsolute,RainAccumulated,RainRate,SnowDepthIntensity,Temperature,0.24816645642518825,0.06158659009463486
AverageParticleSpeed,Humidity,KineticEnergy,ParticlesDetected,RainAbsolute,RainAccumulated,SnowDepthIntensity,Temperature,VolumeEquivalentDiameter,0.24816645642518817,0.06158659009463482
Humidity,KineticEnergy,ParticlesDetected,Pressure,RainAbsolute,RainAccumulated,RainRate,SnowDepthIntensity,Temperature,0.2478407541397849,0.061425039412577306
AverageParticleSpeed,Humidity,KineticEnergy,ParticlesDetected,Pressure,RainAbsolute,RainAccumulated,SnowDepthIntensity,Temperature,0.24784075413978474,0.06142503941257722
Humidity,KineticEnergy,ParticlesDetected,Pressure,RainAbsolute,RainAccumulated,SnowDepthIntensity,Temperature,VolumeEquivalentDiameter,0.24784075413978474,0.06142503941257722
Humidity,KineticEnergy,ParticlesDetected,RainAbsolute,RainAccumulated,RainIntensity,RainRate,Temperature,WindSpeed,0.2477114298048184,0.06136095245594747
AverageParticleSpeed,Humidity,KineticEnergy,ParticlesDetected,RainAbsolute,RainAccumulated,RainIntensity,Temperature,WindSpeed,0.24771142980481814,0.061360952455947346
Humidity,KineticEnergy,ParticlesDetected,RainAbsolute,RainAccumulated,RainIntensity,Temperature,VolumeEquivalentDiameter,WindSpeed,0.24771142980481814,0.061360952455947346
Humidity,KineticEnergy,ParticlesDetected,Pressure,RainAbsolute,RainAccumulated,RainIntensity,Temperature,WindSpeed,0.2473479522982872,0.061181009506155765
Humidity,KineticEnergy,ParticlesDetected,RainAbsolute,RainAccumulated,RainIntensity,RainRate,SnowDepthIntensity,Temperature,0.24669105852325773,0.06085647835532537
AverageParticleSpeed,Humidity,KineticEnergy,ParticlesDetected,RainAbsolute,RainAccumulated,RainIntensity,SnowDepthIntensity,Temperature,0.24669105852325762,0.060856478355325316
Humidity,KineticEnergy,ParticlesDetected,RainAbsolute,RainAccumulated,RainIntensity,SnowDepthIntensity,Temperature,VolumeEquivalentDiameter,0.24669105852325762,0.060856478355325316
Humidity,KineticEnergy,ParticlesDetected,Pressure,RainAbsolute,RainAccumulated,RainIntensity,SnowDepthIntensity,Temperature,0.24636337883165269,0.060694914429348414
AverageParticleSpeed,Humidity,RadarReflectivity,RainAbsolute,RainAccumulated,RainRate,SnowDepthIntensity,Temperature,WindSpeed,0.24611878847994523,0.06057445804283602
Humidity,RadarReflectivity,RainAbsolute,RainAccumulated,RainRate,SnowDepthIntensity,Temperature,VolumeEquivalentDiameter,WindSpeed,0.2461187884799452,0.060574458042836
AverageParticleSpeed,Humidity,RadarReflectivity,RainAbsolute,RainAccumulated,SnowDepthIntensity,Temperature,VolumeEquivalentDiameter,WindSpeed,0.24611878847994503,0.06057445804283593
Humidity,Pressure,RadarReflectivity,RainAbsolute,RainAccumulated,RainRate,SnowDepthIntensity,Temperature,WindSpeed,0.24575665909786537,0.06039633549094441
AverageParticleSpeed,Humidity,Pressure,RadarReflectivity,RainAbsolute,RainAccumulated,SnowDepthIntensity,Temperature,WindSpeed,0.24575665909786532,0.060396335490944385
Humidity,Pressure,RadarReflectivity,RainAbsolute,RainAccumulated,SnowDepthIntensity,Temperature,VolumeEquivalentDiameter,WindSpeed,0.24575665909786526,0.06039633549094436
Humidity,RadarReflectivity,RainAbsolute,RainAccumulated,RainIntensity,SnowDepthIntensity,Temperature,VolumeEquivalentDiameter,WindSpeed,0.24463934845325105,0.05984841081163119
AverageParticleSpeed,Humidity,RadarReflectivity,RainAbsolute,RainAccumulated,RainIntensity,SnowDepthIntensity,Temperature,WindSpeed,0.24463934845325092,0.05984841081163112
Humidity,RadarReflectivity,RainAbsolute,RainAccumulated,RainIntensity,RainRate,SnowDepthIntensity,Temperature,WindSpeed,0.24463934845325075,0.05984841081163104
AverageParticleSpeed,Humidity,Pressure,RainAbsolute,RainIntensity,RainRate,SnowDepthIntensity,VolumeEquivalentDiameter,WindSpeed,0.24459252302949075,0.05982550232193196
AverageParticleSpeed,Humidity,Pressure,RainAccumulated,RainIntensity,RainRate,SnowDepthIntensity,VolumeEquivalentDiameter,WindSpeed,0.24459252302949075,0.05982550232193196
Humidity,Pressure,RadarReflectivity,RainAbsolute,RainAccumulated,RainIntensity,SnowDepthIntensity,Temperature,WindSpeed,0.24427538403617402,0.0596704632460203
AverageParticleSpeed,Humidity,KineticEnergy,RadarReflectivity,RainAbsolute,RainAccumulated,SnowDepthIntensity,Temperature,WindSpeed,0.2440785026843523,0.05957431547263537
Humidity,KineticEnergy,RadarReflectivity,RainAbsolute,RainAccumulated,SnowDepthIntensity,Temperature,VolumeEquivalentDiameter,WindSpeed,0.24407850268435224,0.05957431547263534
Humidity,KineticEnergy,RadarReflectivity,RainAbsolute,RainAccumulated,RainRate,SnowDepthIntensity,Temperature,WindSpeed,0.24407850268435205,0.05957431547263525
Humidity,KineticEnergy,Pressure,RadarReflectivity,RainAbsolute,RainAccumulated,SnowDepthIntensity,Temperature,WindSpeed,0.24371382888077203,0.05939643038772623
AverageParticleSpeed,Humidity,KineticEnergy,Pressure,RainAbsolute,RainRate,SnowDepthIntensity,VolumeEquivalentDiameter,WindSpeed,0.24340864644897303,0.05924776916612115
AverageParticleSpeed,Humidity,KineticEnergy,Pressure,RainAccumulated,RainRate,SnowDepthIntensity,VolumeEquivalentDiameter,WindSpeed,0.24340864644897303,0.05924776916612115
AverageParticleSpeed,Humidity,KineticEnergy,Pressure,RainIntensity,RainRate,Temperature,VolumeEquivalentDiameter,WindSpeed,-0.24278493337062282,0.05894452387177776
Humidity,KineticEnergy,RadarReflectivity,RainAbsolute,RainAccumulated,RainIntensity,SnowDepthIntensity,Temperature,WindSpeed,0.2425973227306033,0.0588534609960565
AverageParticleSpeed,ParticlesDetected,Pressure,RadarReflectivity,RainAbsolute,RainAccumulated,RainRate,SnowDepthIntensity,VolumeEquivalentDiameter,0.2416416894202888,0.058390706065891314
AverageParticleSpeed,ParticlesDetected,Pressure,RadarReflectivity,RainAbsolute,RainAccumulated,RainRate,VolumeEquivalentDiameter,WindSpeed,0.24142584670705564,0.05828643945821873
AverageParticleSpeed,Humidity,KineticEnergy,RainAbsolute,RainIntensity,RainRate,SnowDepthIntensity,VolumeEquivalentDiameter,WindSpeed,0.24099150132872998,0.058076903712675265
AverageParticleSpeed,Humidity,KineticEnergy,RainAccumulated,RainIntensity,RainRate,SnowDepthIntensity,VolumeEquivalentDiameter,WindSpeed,0.24099150132872998,0.058076903712675265
AverageParticleSpeed,ParticlesDetected,Pressure,RadarReflectivity,RainAbsolute,RainAccumulated,RainRate,Temperature,VolumeEquivalentDiameter,0.24098782693805962,0.05807513273232817
AverageParticleSpeed,ParticlesDetected,RadarReflectivity,RainAbsolute,RainAccumulated,RainIntensity,RainRate,SnowDepthIntensity,VolumeEquivalentDiameter,0.2406443037257252,0.057909680915639083
AverageParticleSpeed,ParticlesDetected,RadarReflectivity,RainAbsolute,RainAccumulated,RainIntensity,RainRate,VolumeEquivalentDiameter,WindSpeed,0.24038193760771862,0.057783475928041124
AverageParticleSpeed,ParticlesDetected,Pressure,RadarReflectivity,RainAbsolute,RainAccumulated,RainIntensity,SnowDepthIntensity,VolumeEquivalentDiameter,0.24033744372531596,0.05776208685641941
AverageParticleSpeed,ParticlesDetected,Pressure,RadarReflectivity,RainAbsolute,RainAccumulated,RainIntensity,RainRate,SnowDepthIntensity,0.24033744372531582,0.05776208685641935
ParticlesDetected,Pressure,RadarReflectivity,RainAbsolute,RainAccumulated,RainIntensity,RainRate,SnowDepthIntensity,VolumeEquivalentDiameter,0.24033744372531582,0.05776208685641935
AverageParticleSpeed,KineticEnergy,ParticlesDetected,RadarReflectivity,RainAbsolute,RainAccumulated,RainRate,SnowDepthIntensity,VolumeEquivalentDiameter,0.2401202401317857,0.05765772972094643
AverageParticleSpeed,Humidity,KineticEnergy,Pressure,RainAbsolute,RainIntensity,RainRate,SnowDepthIntensity,WindSpeed,0.24007303801588084,0.057635063582174566
AverageParticleSpeed,Humidity,KineticEnergy,Pressure,RainAccumulated,RainIntensity,RainRate,SnowDepthIntensity,WindSpeed,0.24007303801588084,0.057635063582174566
Humidity,KineticEnergy,Pressure,RainAbsolute,RainIntensity,RainRate,SnowDepthIntensity,VolumeEquivalentDiameter,WindSpeed,0.24007303801588073,0.05763506358217452
Humidity,KineticEnergy,Pressure,RainAccumulated,RainIntensity,RainRate,SnowDepthIntensity,VolumeEquivalentDiameter,WindSpeed,0.24007303801588073,0.05763506358217452
AverageParticleSpeed,Humidity,KineticEnergy,Pressure,RainAbsolute,RainIntensity,SnowDepthIntensity,VolumeEquivalentDiameter,WindSpeed,0.24007303801588067,0.05763506358217449
AverageParticleSpeed,Humidity,KineticEnergy,Pressure,RainAccumulated,RainIntensity,SnowDepthIntensity,VolumeEquivalentDiameter,WindSpeed,0.24007303801588067,0.05763506358217449
AverageParticleSpeed,ParticlesDetected,Pressure,RadarReflectivity,RainAbsolute,RainAccumulated,RainIntensity,VolumeEquivalentDiameter,WindSpeed,0.24004506502626194,0.057621633243462325
ParticlesDetected,Pressure,RadarReflectivity,RainAbsolute,RainAccumulated,RainIntensity,RainRate,VolumeEquivalentDiameter,WindSpeed,0.2400450650262617,0.0576216332434622
AverageParticleSpeed,ParticlesDetected,Pressure,RadarReflectivity,RainAbsolute,RainAccumulated,RainIntensity,RainRate,WindSpeed,0.24004506502626163,0.05762163324346218
AverageParticleSpeed,ParticlesDetected,RadarReflectivity,RainAbsolute,RainAccumulated,RainIntensity,RainRate,Temperature,VolumeEquivalentDiameter,0.24000016386719128,0.05760007865627867
AverageParticleSpeed,KineticEnergy,ParticlesDetected,Pressure,RadarReflectivity,RainAbsolute,RainAccumulated,RainRate,SnowDepthIntensity,0.23981291575564856,0.05751023456322579
KineticEnergy,ParticlesDetected,Pressure,RadarReflectivity,RainAbsolute,RainAccumulated,RainRate,SnowDepthIntensity,VolumeEquivalentDiameter,0.23981291575564856,0.05751023456322579
AverageParticleSpeed,KineticEnergy,ParticlesDetected,Pressure,RadarReflectivity,RainAbsolute,RainAccumulated,SnowDepthIntensity,VolumeEquivalentDiameter,0.2398129157556484,0.057510234563225716
AverageParticleSpeed,KineticEnergy,ParticlesDetected,RadarReflectivity,RainAbsolute,RainAccumulated,RainRate,VolumeEquivalentDiameter,WindSpeed,0.23981196437279628,0.057509778256339315
AverageParticleSpeed,ParticlesDetected,Pressure,RadarReflectivity,RainAbsolute,RainAccumulated,RainIntensity,RainRate,Temperature,0.23969004408832567,0.057451317235063505
ParticlesDetected,Pressure,RadarReflectivity,RainAbsolute,RainAccumulated,RainIntensity,RainRate,Temperature,VolumeEquivalentDiameter,0.23969004408832567,0.057451317235063505
AverageParticleSpeed,ParticlesDetected,Pressure,RadarReflectivity,RainAbsolute,RainAccumulated,RainIntensity,Temperature,VolumeEquivalentDiameter,0.23969004408832562,0.05745131723506348
KineticEnergy,ParticlesDetected,Pressure,RadarReflectivity,RainAbsolute,RainAccumulated,RainRate,VolumeEquivalentDiameter,WindSpeed,0.23947461675014609,0.05734809206762935
AverageParticleSpeed,KineticEnergy,ParticlesDetected,Pressure,RadarReflectivity,RainAbsolute,RainAccumulated,RainRate,WindSpeed,0.23947461675014606,0.057348092067629336
AverageParticleSpeed,KineticEnergy,ParticlesDetected,Pressure,RadarReflectivity,RainAbsolute,RainAccumulated,VolumeEquivalentDiameter,WindSpeed,0.239474616750146,0.05734809206762931
AverageParticleSpeed,KineticEnergy,ParticlesDetected,RadarReflectivity,RainAbsolute,RainAccumulated,RainRate,Temperature,VolumeEquivalentDiameter,0.23947147243113434,0.05734658610833553
AverageParticleSpeed,Humidity,KineticEnergy,Pressure,RainIntensity,RainRate,SnowDepthIntensity,VolumeEquivalentDiameter,WindSpeed,-0.23918519186815287,0.057209556009005104
AverageParticleSpeed,KineticEnergy,ParticlesDetected,Pressure,RadarReflectivity,RainAbsolute,RainAccumulated,Temperature,VolumeEquivalentDiameter,0.23916087248046974,0.05719792292561951
AverageParticleSpeed,KineticEnergy,ParticlesDetected,Pressure,RadarReflectivity,RainAbsolute,RainAccumulated,RainRate,Temperature,0.2391608724804697,0.05719792292561948
KineticEnergy,ParticlesDetected,Pressure,RadarReflectivity,RainAbsolute,RainAccumulated,RainRate,Temperature,VolumeEquivalentDiameter,0.2391608724804697,0.05719792292561948
AverageParticleSpeed,KineticEnergy,ParticlesDetected,RadarReflectivity,RainAbsolute,RainAccumulated,RainIntensity,RainRate,SnowDepthIntensity,0.23882129117146383,0.05703560911680511
AverageParticleSpeed,KineticEnergy,ParticlesDetected,RadarReflectivity,RainAbsolute,RainAccumulated,RainIntensity,SnowDepthIntensity,VolumeEquivalentDiameter,0.23882129117146383,0.05703560911680511
KineticEnergy,ParticlesDetected,RadarReflectivity,RainAbsolute,RainAccumulated,RainIntensity,RainRate,SnowDepthIntensity,VolumeEquivalentDiameter,0.23882129117146383,0.05703560911680511
KineticEnergy,ParticlesDetected,Pressure,RadarReflectivity,RainAbsolute,RainAccumulated,RainIntensity,SnowDepthIntensity,VolumeEquivalentDiameter,0.23851287785572273,0.056888392903018906
AverageParticleSpeed,KineticEnergy,ParticlesDetected,Pressure,RadarReflectivity,RainAbsolute,RainAccumulated,RainIntensity,SnowDepthIntensity,0.23851287785572267,0.056888392903018885
KineticEnergy,ParticlesDetected,Pressure,RadarReflectivity,RainAbsolute,RainAccumulated,RainIntensity,RainRate,SnowDepthIntensity,0.23851287785572267,0.056888392903018885
AverageParticleSpeed,KineticEnergy,ParticlesDetected,RadarReflectivity,RainAbsolute,RainAccumulated,RainIntensity,VolumeEquivalentDiameter,WindSpeed,0.23843694759663758,0.056852177979201696
KineticEnergy,ParticlesDetected,RadarReflectivity,RainAbsolute,RainAccumulated,RainIntensity,RainRate,VolumeEquivalentDiameter,WindSpeed,0.23843694759663747,0.05685217797920165
AverageParticleSpeed,KineticEnergy,ParticlesDetected,RadarReflectivity,RainAbsolute,RainAccumulated,RainIntensity,RainRate,WindSpeed,0.23843694759663744,0.05685217797920163
AverageParticleSpeed,Humidity,ParticlesDetected,RainAbsolute,RainAccumulated,SnowDepthIntensity,Temperature,VolumeEquivalentDiameter,WindSpeed,0.23835529160742186,0.05681324503725911
AverageParticleSpeed,Humidity,ParticlesDetected,RainAbsolute,RainAccumulated,RainRate,SnowDepthIntensity,Temperature,WindSpeed,0.2383552916074218,0.05681324503725908
Humidity,ParticlesDetected,RainAbsolute,RainAccumulated,RainRate,SnowDepthIntensity,Temperature,VolumeEquivalentDiameter,WindSpeed,0.2383552916074218,0.05681324503725908
AverageParticleSpeed,KineticEnergy,ParticlesDetected,RadarReflectivity,RainAbsolute,RainAccumulated,RainIntensity,Temperature,VolumeEquivalentDiameter,0.23817840732886886,0.05672895371771657
AverageParticleSpeed,KineticEnergy,ParticlesDetected,RadarReflectivity,RainAbsolute,RainAccumulated,RainIntensity,RainRate,Temperature,0.23817840732886872,0.0567289537177165
KineticEnergy,ParticlesDetected,RadarReflectivity,RainAbsolute,RainAccumulated,RainIntensity,RainRate,Temperature,VolumeEquivalentDiameter,0.23817840732886866,0.056728953717716475
KineticEnergy,ParticlesDetected,Pressure,RadarReflectivity,RainAbsolute,RainAccumulated,RainIntensity,VolumeEquivalentDiameter,WindSpeed,0.23809851937331974,0.05669090492776712
AverageParticleSpeed,KineticEnergy,ParticlesDetected,Pressure,RadarReflectivity,RainAbsolute,RainAccumulated,RainIntensity,WindSpeed,0.23809851937331963,0.056690904927767065
KineticEnergy,ParticlesDetected,Pressure,RadarReflectivity,RainAbsolute,RainAccumulated,RainIntensity,RainRate,WindSpeed,0.23809851937331952,0.05669090492776701
Humidity,ParticlesDetected,Pressure,RainAbsolute,RainAccumulated,RainRate,SnowDepthIntensity,Temperature,WindSpeed,0.23797951324930186,0.05663424872637464
AverageParticleSpeed,Humidity,ParticlesDetected,Pressure,RainAbsolute,RainAccumulated,SnowDepthIntensity,Temperature,WindSpeed,0.2379795132493017,0.05663424872637456
Humidity,ParticlesDetected,Pressure,RainAbsolute,RainAccumulated,SnowDepthIntensity,Temperature,VolumeEquivalentDiameter,WindSpeed,0.23797951324930167,0.05663424872637455
AverageParticleSpeed,KineticEnergy,ParticlesDetected,Pressure,RadarReflectivity,RainAbsolute,RainAccumulated,RainIntensity,Temperature,0.23786669917676628,0.056580566577250226
KineticEnergy,ParticlesDetected,Pressure,RadarReflectivity,RainAbsolute,RainAccumulated,RainIntensity,Temperature,VolumeEquivalentDiameter,0.23786669917676628,0.056580566577250226
KineticEnergy,ParticlesDetected,Pressure,RadarReflectivity,RainAbsolute,RainAccumulated,RainIntensity,RainRate,Temperature,0.23786669917676623,0.0565805665772502
Humidity,ParticlesDetected,RainAbsolute,RainAccumulated,RainIntensity,RainRate,SnowDepthIntensity,Temperature,WindSpeed,0.23682159148820062,0.05608446619500417
AverageParticleSpeed,Humidity,ParticlesDetected,RainAbsolute,RainAccumulated,RainIntensity,SnowDepthIntensity,Temperature,WindSpeed,0.2368215914882005,0.05608446619500412
Humidity,ParticlesDetected,RainAbsolute,RainAccumulated,RainIntensity,SnowDepthIntensity,Temperature,VolumeEquivalentDiameter,WindSpeed,0.2368215914882005,0.05608446619500412
Humidity,ParticlesDetected,Pressure,RainAbsolute,RainAccumulated,RainIntensity,SnowDepthIntensity,Temperature,WindSpeed,0.236444122624283,0.05590582312356697
Humidity,KineticEnergy,ParticlesDetected,RainAbsolute,RainAccumulated,RainRate,SnowDepthIntensity,Temperature,WindSpeed,0.2362183399269421,0.05579910411784037
Humidity,KineticEnergy,ParticlesDetected,RainAbsolute,RainAccumulated,SnowDepthIntensity,Temperature,VolumeEquivalentDiameter,WindSpeed,0.23621833992694194,0.055799104117840295
AverageParticleSpeed,Humidity,KineticEnergy,ParticlesDetected,RainAbsolute,RainAccumulated,SnowDepthIntensity,Temperature,WindSpeed,0.23621833992694188,0.05579910411784027
Humidity,KineticEnergy,ParticlesDetected,Pressure,RainAbsolute,RainAccumulated,SnowDepthIntensity,Temperature,WindSpeed,0.23584019923667837,0.055620599575996146
AverageParticleSpeed,Humidity,Pressure,RainAbsolute,RainIntensity,RainRate,SnowDepthIntensity,Temperature,VolumeEquivalentDiameter,0.23484687703790885,0.05515305565445868
AverageParticleSpeed,Humidity,Pressure,RainAccumulated,RainIntensity,RainRate,SnowDepthIntensity,Temperature,VolumeEquivalentDiameter,0.23484687703790885,0.05515305565445868
Humidity,KineticEnergy,ParticlesDetected,RainAbsolute,RainAccumulated,RainIntensity,SnowDepthIntensity,Temperature,WindSpeed,0.23468825412167416,0.05507857662267951
AverageParticleSpeed,Humidity,KineticEnergy,Pressure,RainAbsolute,RainRate,SnowDepthIntensity,Temperature,VolumeEquivalentDiameter,0.2339428646917839,0.054729263940198315
AverageParticleSpeed,Humidity,KineticEnergy,Pressure,RainAccumulated,RainRate,SnowDepthIntensity,Temperature,VolumeEquivalentDiameter,0.2339428646917839,0.054729263940198315
AverageParticleSpeed,Humidity,KineticEnergy,RainAbsolute,RainIntensity,RainRate,SnowDepthIntensity,Temperature,VolumeEquivalentDiameter,0.23206176883436327,0.053852664554533455
AverageParticleSpeed,Humidity,KineticEnergy,RainAccumulated,RainIntensity,RainRate,SnowDepthIntensity,Temperature,VolumeEquivalentDiameter,0.23206176883436327,0.053852664554533455
AverageParticleSpeed,Humidity,Pressure,RainAbsolute,RainIntensity,RainRate,Temperature,VolumeEquivalentDiameter,WindSpeed,0.23187228218185904,0.053764755244223666
AverageParticleSpeed,Humidity,Pressure,RainAccumulated,RainIntensity,RainRate,Temperature,VolumeEquivalentDiameter,WindSpeed,0.23187228218185904,0.053764755244223666
AverageParticleSpeed,Humidity,KineticEnergy,Pressure,RainAbsolute,RainIntensity,SnowDepthIntensity,Temperature,VolumeEquivalentDiameter,0.23129978487454153,0.05349959048300919
AverageParticleSpeed,Humidity,KineticEnergy,Pressure,RainAccumulated,RainIntensity,SnowDepthIntensity,Temperature,VolumeEquivalentDiameter,0.23129978487454153,0.05349959048300919
AverageParticleSpeed,Humidity,KineticEnergy,Pressure,RainAbsolute,RainIntensity,RainRate,SnowDepthIntensity,Temperature,0.2312997848745415,0.05349959048300918
AverageParticleSpeed,Humidity,KineticEnergy,Pressure,RainAccumulated,RainIntensity,RainRate,SnowDepthIntensity,Temperature,0.2312997848745415,0.05349959048300918
Humidity,KineticEnergy,Pressure,RainAbsolute,RainIntensity,RainRate,SnowDepthIntensity,Temperature,VolumeEquivalentDiameter,0.2312997848745415,0.05349959048300918
Humidity,KineticEnergy,Pressure,RainAccumulated,RainIntensity,RainRate,SnowDepthIntensity,Temperature,VolumeEquivalentDiameter,0.2312997848745415,0.05349959048300918
AverageParticleSpeed,Humidity,KineticEnergy,Pressure,RainAbsolute,RainRate,Temperature,VolumeEquivalentDiameter,WindSpeed,0.2308134326948236,0.05327484071236786
AverageParticleSpeed,Humidity,KineticEnergy,Pressure,RainAccumulated,RainRate,Temperature,VolumeEquivalentDiameter,WindSpeed,0.2308134326948236,0.05327484071236786
AverageParticleSpeed,ParticlesDetected,RadarReflectivity,RainAbsolute,RainAccumulated,RainRate,SnowDepthIntensity,Temperature,VolumeEquivalentDiameter,0.23054466611983138,0.05315084307630453
AverageParticleSpeed,ParticlesDetected,RadarReflectivity,RainAbsolute,RainAccumulated,RainRate,SnowDepthIntensity,VolumeEquivalentDiameter,WindSpeed,0.23038872588178716,0.05307896501343327
AverageParticleSpeed,KineticEnergy,Pressure,RadarReflectivity,RainAbsolute,RainIntensity,RainRate,SnowDepthIntensity,VolumeEquivalentDiameter,0.23026097418735833,0.0530201162337113
AverageParticleSpeed,KineticEnergy,Pressure,RadarReflectivity,RainAccumulated,RainIntensity,RainRate,SnowDepthIntensity,VolumeEquivalentDiameter,0.23026097418735833,0.0530201162337113
AverageParticleSpeed,ParticlesDetected,Pressure,RadarReflectivity,RainAbsolute,RainAccumulated,RainRate,SnowDepthIntensity,Temperature,0.23022644791577507,0.05300421731991509
ParticlesDetected,Pressure,RadarReflectivity,RainAbsolute,RainAccumulated,RainRate,SnowDepthIntensity,Temperature,VolumeEquivalentDiameter,0.23022644791577507,0.05300421731991509
AverageParticleSpeed,ParticlesDetected,Pressure,RadarReflectivity,RainAbsolute,RainAccumulated,SnowDepthIntensity,Temperature,VolumeEquivalentDiameter,0.230226447915775,0.053004217319915066
AverageParticleSpeed,ParticlesDetected,Pressure,RadarReflectivity,RainAbsolute,RainAccumulated,SnowDepthIntensity,VolumeEquivalentDiameter,WindSpeed,0.23004399327218758,0.05292023884061429
AverageParticleSpeed,ParticlesDetected,Pressure,RadarReflectivity,RainAbsolute,RainAccumulated,RainRate,SnowDepthIntensity,WindSpeed,0.23004399327218727,0.05292023884061414
ParticlesDetected,Pressure,RadarReflectivity,RainAbsolute,RainAccumulated,RainRate,SnowDepthIntensity,VolumeEquivalentDiameter,WindSpeed,0.23004399327218716,0.052920238840614094
AverageParticleSpeed,ParticlesDetected,RadarReflectivity,RainAbsolute,RainAccumulated,RainRate,Temperature,VolumeEquivalentDiameter,WindSpeed,0.22973090658446874,0.0527762894401219
AverageParticleSpeed,ParticlesDetected,Pressure,RadarReflectivity,RainAbsolute,RainAccumulated,Temperature,VolumeEquivalentDiameter,WindSpeed,0.22938204781844976,0.052616123861385575
AverageParticleSpeed,ParticlesDetected,Pressure,RadarReflectivity,RainAbsolute,RainAccumulated,RainRate,Temperature,WindSpeed,0.2293820478184497,0.05261612386138555
ParticlesDetected,Pressure,RadarReflectivity,RainAbsolute,RainAccumulated,RainRate,Temperature,VolumeEquivalentDiameter,WindSpeed,0.22938204781844965,0.05261612386138552
AverageParticleSpeed,ParticlesDetected,RadarReflectivity,RainAbsolute,RainAccumulated,RainIntensity,RainRate,SnowDepthIntensity,Temperature,0.22929736363622855,0.052577280970524824
ParticlesDetected,RadarReflectivity,RainAbsolute,RainAccumulated,RainIntensity,RainRate,SnowDepthIntensity,Temperature,VolumeEquivalentDiameter,0.22929736363622855,0.052577280970524824
AverageParticleSpeed,ParticlesDetected,RadarReflectivity,RainAbsolute,RainAccumulated,RainIntensity,SnowDepthIntensity,Temperature,VolumeEquivalentDiameter,0.2292973636362285,0.052577280970524796
AverageParticleSpeed,ParticlesDetected,RadarReflectivity,RainAbsolute,RainAccumulated,RainIntensity,SnowDepthIntensity,VolumeEquivalentDiameter,WindSpeed,0.2290662080024794,0.05247132764863516
ParticlesDetected,RadarReflectivity,RainAbsolute,RainAccumulated,RainIntensity,RainRate,SnowDepthIntensity,VolumeEquivalentDiameter,WindSpeed,0.22906620800247926,0.052471327648635095
AverageParticleSpeed,ParticlesDetected,RadarReflectivity,RainAbsolute,RainAccumulated,RainIntensity,RainRate,SnowDepthIntensity,WindSpeed,0.2290662080024792,0.05247132764863507
AverageParticleSpeed,ParticlesDetected,Pressure,RadarReflectivity,RainAbsolute,RainAccumulated,RainIntensity,SnowDepthIntensity,Temperature,0.22897827825382422,0.05243105191208575
ParticlesDetected,Pressure,RadarReflectivity,RainAbsolute,RainAccumulated,RainIntensity,SnowDepthIntensity,Temperature,VolumeEquivalentDiameter,0.22897827825382422,0.05243105191208575
ParticlesDetected,Pressure,RadarReflectivity,RainAbsolute,RainAccumulated,RainIntensity,RainRate,SnowDepthIntensity,Temperature,0.22897827825382397,0.052431051912085636
AverageParticleSpeed,Humidity,KineticEnergy,RainAbsolute,RainIntensity,RainRate,Temperature,VolumeEquivalentDiameter,WindSpeed,0.2289101719242507,0.052399866810390015
AverageParticleSpeed,Humidity,KineticEnergy,RainAccumulated,RainIntensity,RainRate,Temperature,VolumeEquivalentDiameter,WindSpeed,0.2289101719242507,0.052399866810390015
AverageParticleSpeed,KineticEnergy,ParticlesDetected,RadarReflectivity,RainAbsolute,RainAccumulated,SnowDepthIntensity,Temperature,VolumeEquivalentDiameter,0.22879931584107904,0.052349126929345846
AverageParticleSpeed,KineticEnergy,ParticlesDetected,RadarReflectivity,RainAbsolute,RainAccumulated,RainRate,SnowDepthIntensity,Temperature,0.2287993158410789,0.05234912692934578
KineticEnergy,ParticlesDetected,RadarReflectivity,RainAbsolute,RainAccumulated,RainRate,SnowDepthIntensity,Temperature,VolumeEquivalentDiameter,0.22879931584107885,0.052349126929345756
ParticlesDetected,Pressure,RadarReflectivity,RainAbsolute,RainAccumulated,RainIntensity,RainRate,SnowDepthIntensity,WindSpeed,0.22872066473008298,0.05231314247457103
AverageParticleSpeed,ParticlesDetected,Pressure,RadarReflectivity,RainAbsolute,RainAccumulated,RainIntensity,SnowDepthIntensity,WindSpeed,0.22872066473008293,0.052313142474571
ParticlesDetected,Pressure,RadarReflectivity,RainAbsolute,RainAccumulated,RainIntensity,SnowDepthIntensity,VolumeEquivalentDiameter,WindSpeed,0.22872066473008285,0.052313142474570966
AverageParticleSpeed,KineticEnergy,ParticlesDetected,RadarReflectivity,RainAbsolute,RainAccumulated,RainRate,SnowDepthIntensity,WindSpeed,0.2285320163246985,0.05222688248543226
AverageParticleSpeed,KineticEnergy,ParticlesDetected,RadarReflectivity,RainAbsolute,RainAccumulated,SnowDepthIntensity,VolumeEquivalentDiameter,WindSpeed,0.2285320163246985,0.05222688248543226
KineticEnergy,ParticlesDetected,RadarReflectivity,RainAbsolute,RainAccumulated,RainRate,SnowDepthIntensity,VolumeEquivalentDiameter,WindSpeed,0.2285320163246985,0.05222688248543226
KineticEnergy,ParticlesDetected,Pressure,RadarReflectivity,RainAbsolute,RainAccumulated,RainRate,SnowDepthIntensity,Temperature,0.22847988604252098,0.052203058326003374
AverageParticleSpeed,KineticEnergy,ParticlesDetected,Pressure,RadarReflectivity,RainAbsolute,RainAccumulated,SnowDepthIntensity,Temperature,0.22847988604252087,0.052203058326003325
KineticEnergy,ParticlesDetected,Pressure,RadarReflectivity,RainAbsolute,RainAccumulated,SnowDepthIntensity,Temperature,VolumeEquivalentDiameter,0.22847988604252087,0.052203058326003325
AverageParticleSpeed,KineticEnergy,Pressure,RadarReflectivity,RainAbsolute,RainIntensity,RainRate,Temperature,VolumeEquivalentDiameter,0.2284230481511951,0.0521770889266832
AverageParticleSpeed,KineticEnergy,Pressure,RadarReflectivity,RainAccumulated,RainIntensity,RainRate,Temperature,VolumeEquivalentDiameter,0.2284230481511951,0.0521770889266832
AverageParticleSpeed,ParticlesDetected,RadarReflectivity,RainAbsolute,RainAccumulated,RainIntensity,RainRate,Temperature,WindSpeed,0.22841232585445295,0.0521721906022408
ParticlesDetected,RadarReflectivity,RainAbsolute,RainAccumulated,RainIntensity,RainRate,Temperature,VolumeEquivalentDiameter,WindSpeed,0.22841232585445295,0.0521721906022408
AverageParticleSpeed,ParticlesDetected,RadarReflectivity,RainAbsolute,RainAccumulated,RainIntensity,Temperature,VolumeEquivalentDiameter,WindSpeed,0.22841232585445279,0.05217219060224072
KineticEnergy,ParticlesDetected,Pressure,RadarReflectivity,RainAbsolute,RainAccumulated,SnowDepthIntensity,VolumeEquivalentDiameter,WindSpeed,0.22818615194444913,0.052068919939215225
AverageParticleSpeed,KineticEnergy,ParticlesDetected,Pressure,RadarReflectivity,RainAbsolute,RainAccumulated,SnowDepthIntensity,WindSpeed,0.22818615194444902,0.052068919939215176
KineticEnergy,ParticlesDetected,Pressure,RadarReflectivity,RainAbsolute,RainAccumulated,RainRate,SnowDepthIntensity,WindSpeed,0.22818615194444888,0.052068919939215114
AverageParticleSpeed,ParticlesDetected,Pressure,RadarReflectivity,RainAbsolute,RainAccumulated,RainIntensity,Temperature,WindSpeed,0.22806263614847763,0.052012566006992896
ParticlesDetected,Pressure,RadarReflectivity,RainAbsolute,RainAccumulated,RainIntensity,Temperature,VolumeEquivalentDiameter,WindSpeed,0.22806263614847763,0.052012566006992896
ParticlesDetected,Pressure,RadarReflectivity,RainAbsolute,RainAccumulated,RainIntensity,RainRate,Temperature,WindSpeed,0.2280626361484776,0.05201256600699288
AverageParticleSpeed,Humidity,KineticEnergy,Pressure,RainAbsolute,RainIntensity,RainRate,Temperature,WindSpeed,0.22792886978514607,0.05195156968153407
AverageParticleSpeed,Humidity,KineticEnergy,Pressure,RainAccumulated,RainIntensity,RainRate,Temperature,WindSpeed,0.22792886978514607,0.05195156968153407
AverageParticleSpeed,Humidity,KineticEnergy,Pressure,RainAbsolute,RainIntensity,Temperature,VolumeEquivalentDiameter,WindSpeed,0.227928869785146,0.05195156968153405
AverageParticleSpeed,Humidity,KineticEnergy,Pressure,RainAccumulated,RainIntensity,Temperature,VolumeEquivalentDiameter,WindSpeed,0.227928869785146,0.05195156968153405
Humidity,KineticEnergy,Pressure,RainAbsolute,RainIntensity,RainRate,Temperature,VolumeEquivalentDiameter,WindSpeed,0.22792886978514595,0.05195156968153402
Humidity,KineticEnergy,Pressure,RainAccumulated,RainIntensity,RainRate,Temperature,VolumeEquivalentDiameter,WindSpeed,0.22792886978514595,0.05195156968153402
AverageParticleSpeed,KineticEnergy,ParticlesDetected,RadarReflectivity,RainAbsolute,RainAccumulated,RainRate,Temperature,WindSpeed,0.22787233044154617,0.051925798980861214
KineticEnergy,ParticlesDetected,RadarReflectivity,RainAbsolute,RainAccumulated,RainRate,Temperature,VolumeEquivalentDiameter,WindSpeed,0.22787233044154617,0.051925798980861214
AverageParticleSpeed,KineticEnergy,ParticlesDetected,RadarReflectivity,RainAbsolute,RainAccumulated,Temperature,VolumeEquivalentDiameter,WindSpeed,0.2278723304415461,0.05192579898086117
KineticEnergy,ParticlesDetected,RadarReflectivity,RainAbsolute,RainAccumulated,RainIntensity,RainRate,SnowDepthIntensity,Temperature,0.22755672247694014,0.05178206194444716
AverageParticleSpeed,KineticEnergy,ParticlesDetected,RadarReflectivity,RainAbsolute,RainAccumulated,RainIntensity,SnowDepthIntensity,Temperature,0.22755672247693995,0.051782061944447066
KineticEnergy,ParticlesDetected,RadarReflectivity,RainAbsolute,RainAccumulated,RainIntensity,SnowDepthIntensity,Temperature,VolumeEquivalentDiameter,0.22755672247693995,0.051782061944447066
KineticEnergy,ParticlesDetected,Pressure,RadarReflectivity,RainAbsolute,RainAccumulated,RainRate,Temperature,WindSpeed,0.2275223059589134,0.0517663997088614
KineticEnergy,ParticlesDetected,Pressure,RadarReflectivity,RainAbsolute,RainAccumulated,Temperature,VolumeEquivalentDiameter,WindSpeed,0.2275223059589133,0.05176639970886135
AverageParticleSpeed,KineticEnergy,ParticlesDetected,Pressure,RadarReflectivity,RainAbsolute,RainAccumulated,Temperature,WindSpeed,0.2275223059589132,0.051766399708861315
KineticEnergy,ParticlesDetected,Pressure,RadarReflectivity,RainAbsolute,RainAccumulated,RainIntensity,SnowDepthIntensity,Temperature,0.22723646857475446,0.05163641265032537
AverageParticleSpeed,KineticEnergy,ParticlesDetected,RadarReflectivity,RainAbsolute,RainAccumulated,RainIntensity,SnowDepthIntensity,WindSpeed,0.22721536190182862,0.05162682068417895
KineticEnergy,ParticlesDetected,RadarReflectivity,RainAbsolute,RainAccumulated,RainIntensity,SnowDepthIntensity,VolumeEquivalentDiameter,WindSpeed,0.22721536190182856,0.051626820684178926
KineticEnergy,ParticlesDetected,RadarReflectivity,RainAbsolute,RainAccumulated,RainIntensity,RainRate,SnowDepthIntensity,WindSpeed,0.22721536190182853,0.05162682068417891
AverageParticleSpeed,KineticEnergy,Pressure,RadarReflectivity,RainAbsolute,RainIntensity,RainRate,VolumeEquivalentDiameter,WindSpeed,0.22701267375327097,0.05153475404460904
AverageParticleSpeed,KineticEnergy,Pressure,RadarReflectivity,RainAccumulated,RainIntensity,RainRate,VolumeEquivalentDiameter,WindSpeed,0.22701267375327097,0.05153475404460904
KineticEnergy,ParticlesDetected,Pressure,RadarReflectivity,RainAbsolute,RainAccumulated,RainIntensity,SnowDepthIntensity,WindSpeed,0.2268687359551953,0.051469423353908125
AverageParticleSpeed,Humidity,Pressure,RainIntensity,RainRate,SnowDepthIntensity,Temperature,VolumeEquivalentDiameter,WindSpeed,-0.2268139529041669,0.05144456923201364
AverageParticleSpeed,KineticEnergy,ParticlesDetected,RadarReflectivity,RainAbsolute,RainAccumulated,RainIntensity,Temperature,WindSpeed,0.2265590699631291,0.05132901218255803
KineticEnergy,ParticlesDetected,RadarReflectivity,RainAbsolute,RainAccumulated,RainIntensity,Temperature,VolumeEquivalentDiameter,WindSpeed,0.2265590699631291,0.05132901218255803
KineticEnergy,ParticlesDetected,RadarReflectivity,RainAbsolute,RainAccumulated,RainIntensity,RainRate,Temperature,WindSpeed,0.22655906996312902,0.05132901218255799
KineticEnergy,ParticlesDetected,Pressure,RadarReflectivity,RainAbsolute,RainAccumulated,RainIntensity,Temperature,WindSpeed,0.22620826400045185,0.05117017870209812
AverageParticleSpeed,Humidity,KineticEnergy,Pressure,RainRate,SnowDepthIntensity,Temperature,VolumeEquivalentDiameter,WindSpeed,-0.22576953876207234,0.05097188463283889
AverageParticleSpeed,Humidity,KineticEnergy,Pressure,RainIntensity,SnowDepthIntensity,Temperature,VolumeEquivalentDiameter,WindSpeed,-0.2235911060213224,0.04999298269183823
AverageParticleSpeed,Humidity,KineticEnergy,Pressure,RainIntensity,RainRate,SnowDepthIntensity,Temperature,WindSpeed,-0.22359110602132234,0.04999298269183821
Humidity,KineticEnergy,Pressure,RainIntensity,RainRate,SnowDepthIntensity,Temperature,VolumeEquivalentDiameter,WindSpeed,-0.22359110602132234,0.04999298269183821
AverageParticleSpeed,Humidity,KineticEnergy,RainIntensity,RainRate,SnowDepthIntensity,Temperature,VolumeEquivalentDiameter,WindSpeed,-0.22184035788886616,0.04921314438826022
AverageParticleSpeed,ParticlesDetected,RadarReflectivity,RainAbsolute,RainAccumulated,SnowDepthIntensity,Temperature,VolumeEquivalentDiameter,WindSpeed,0.2188417545888804,0.047891713551539754
AverageParticleSpeed,ParticlesDetected,RadarReflectivity,RainAbsolute,RainAccumulated,RainRate,SnowDepthIntensity,Temperature,WindSpeed,0.21884175458888036,0.04789171355153974
ParticlesDetected,RadarReflectivity,RainAbsolute,RainAccumulated,RainRate,SnowDepthIntensity,Temperature,VolumeEquivalentDiameter,WindSpeed,0.21884175458888036,0.04789171355153974
ParticlesDetected,Pressure,RadarReflectivity,RainAbsolute,RainAccumulated,RainRate,SnowDepthIntensity,Temperature,WindSpeed,0.21848629778501583,0.04773626231980261
AverageParticleSpeed,ParticlesDetected,Pressure,RadarReflectivity,RainAbsolute,RainAccumulated,SnowDepthIntensity,Temperature,WindSpeed,0.21848629778501566,0.04773626231980254
ParticlesDetected,Pressure,RadarReflectivity,RainAbsolute,RainAccumulated,SnowDepthIntensity,Temperature,VolumeEquivalentDiameter,WindSpeed,0.21848629778501563,0.047736262319802526
ParticlesDetected,RadarReflectivity,RainAbsolute,RainAccumulated,RainIntensity,RainRate,SnowDepthIntensity,Temperature,WindSpeed,0.21758158615883208,0.04734174663539327
AverageParticleSpeed,ParticlesDetected,RadarReflectivity,RainAbsolute,RainAccumulated,RainIntensity,SnowDepthIntensity,Temperature,WindSpeed,0.21758158615883186,0.04734174663539317
ParticlesDetected,RadarReflectivity,RainAbsolute,RainAccumulated,RainIntensity,SnowDepthIntensity,Temperature,VolumeEquivalentDiameter,WindSpeed,0.21758158615883183,0.04734174663539316
ParticlesDetected,Pressure,RadarReflectivity,RainAbsolute,RainAccumulated,RainIntensity,SnowDepthIntensity,Temperature,WindSpeed,0.21722558895506733,0.04718695649687587
AverageParticleSpeed,KineticEnergy,ParticlesDetected,RadarReflectivity,RainAbsolute,RainAccumulated,SnowDepthIntensity,Temperature,WindSpeed,0.21707652882615228,0.04712221936721132
KineticEnergy,ParticlesDetected,RadarReflectivity,RainAbsolute,RainAccumulated,SnowDepthIntensity,Temperature,VolumeEquivalentDiameter,WindSpeed,0.2170765288261521,0.04712221936721125
KineticEnergy,ParticlesDetected,RadarReflectivity,RainAbsolute,RainAccumulated,RainRate,SnowDepthIntensity,Temperature,WindSpeed,0.21707652882615208,0.047122219367211234
KineticEnergy,ParticlesDetected,Pressure,RadarReflectivity,RainAbsolute,RainAccumulated,SnowDepthIntensity,Temperature,WindSpeed,0.2167203311667443,0.04696770194102332
KineticEnergy,ParticlesDetected,RadarReflectivity,RainAbsolute,RainAccumulated,RainIntensity,SnowDepthIntensity,Temperature,WindSpeed,0.2158226134196657,0.04657940046329446
AverageParticleSpeed,KineticEnergy,ParticlesDetected,Pressure,RainAbsolute,RainIntensity,RainRate,SnowDepthIntensity,VolumeEquivalentDiameter,0.21508428125236545,0.04626124804184664
AverageParticleSpeed,KineticEnergy,ParticlesDetected,Pressure,RainAccumulated,RainIntensity,RainRate,SnowDepthIntensity,VolumeEquivalentDiameter,0.21508428125236545,0.04626124804184664
AverageParticleSpeed,KineticEnergy,ParticlesDetected,Pressure,RainAbsolute,RainIntensity,RainRate,Temperature,VolumeEquivalentDiameter,0.21352068740404953,0.04559108394949784
AverageParticleSpeed,KineticEnergy,ParticlesDetected,Pressure,RainAccumulated,RainIntensity,RainRate,Temperature,VolumeEquivalentDiameter,0.21352068740404953,0.04559108394949784
AverageParticleSpeed,Humidity,ParticlesDetected,Pressure,RadarReflectivity,RainAbsolute,RainAccumulated,RainRate,VolumeEquivalentDiameter,0.2126260069962704,0.04520981885117803
AverageParticleSpeed,Humidity,ParticlesDetected,RadarReflectivity,RainAbsolute,RainAccumulated,RainIntensity,RainRate,VolumeEquivalentDiameter,0.21174581812177462,0.04483629149205966
AverageParticleSpeed,Humidity,ParticlesDetected,Pressure,RadarReflectivity,RainAbsolute,RainAccumulated,RainIntensity,VolumeEquivalentDiameter,0.2113967430975951,0.04468858299227062
AverageParticleSpeed,Humidity,ParticlesDetected,Pressure,RadarReflectivity,RainAbsolute,RainAccumulated,RainIntensity,RainRate,0.21139674309759507,0.04468858299227061
Humidity,ParticlesDetected,Pressure,RadarReflectivity,RainAbsolute,RainAccumulated,RainIntensity,RainRate,VolumeEquivalentDiameter,0.21139674309759507,0.04468858299227061
AverageParticleSpeed,Humidity,KineticEnergy,ParticlesDetected,RadarReflectivity,RainAbsolute,RainAccumulated,RainRate,VolumeEquivalentDiameter,0.21125546674647575,0.04462887223027132
AverageParticleSpeed,Pressure,RadarReflectivity,RainAbsolute,RainIntensity,RainRate,SnowDepthIntensity,Temperature,VolumeEquivalentDiameter,0.21119764339486236,0.044604444575543446
AverageParticleSpeed,Pressure,RadarReflectivity,RainAccumulated,RainIntensity,RainRate,SnowDepthIntensity,Temperature,VolumeEquivalentDiameter,0.21119764339486236,0.044604444575543446
AverageParticleSpeed,Humidity,KineticEnergy,ParticlesDetected,Pressure,RadarReflectivity,RainAbsolute,RainAccumulated,VolumeEquivalentDiameter,0.210906118054043,0.04448139063262592
Humidity,KineticEnergy,ParticlesDetected,Pressure,RadarReflectivity,RainAbsolute,RainAccumulated,RainRate,VolumeEquivalentDiameter,0.21090611805404275,0.044481390632625815
AverageParticleSpeed,Humidity,KineticEnergy,ParticlesDetected,Pressure,RadarReflectivity,RainAbsolute,RainAccumulated,RainRate,0.2109061180540427,0.044481390632625795
AverageParticleSpeed,KineticEnergy,Pressure,RadarReflectivity,RainAbsolute,RainRate,SnowDepthIntensity,Temperature,VolumeEquivalentDiameter,0.2103496357372622,0.044246969254798894
AverageParticleSpeed,KineticEnergy,Pressure,RadarReflectivity,RainAccumulated,RainRate,SnowDepthIntensity,Temperature,VolumeEquivalentDiameter,0.2103496357372622,0.044246969254798894
Humidity,KineticEnergy,ParticlesDetected,RadarReflectivity,RainAbsolute,RainAccumulated,RainIntensity,RainRate,VolumeEquivalentDiameter,0.21003245150115332,0.04411363068358432
AverageParticleSpeed,Humidity,KineticEnergy,ParticlesDetected,RadarReflectivity,RainAbsolute,RainAccumulated,RainIntensity,RainRate,0.2100324515011532,0.04411363068358427
AverageParticleSpeed,Humidity,KineticEnergy,ParticlesDetected,RadarReflectivity,RainAbsolute,RainAccumulated,RainIntensity,VolumeEquivalentDiameter,0.21003245150115313,0.04411363068358424
AverageParticleSpeed,Humidity,KineticEnergy,ParticlesDetected,Pressure,RadarReflectivity,RainAbsolute,RainAccumulated,RainIntensity,0.20968243078892565,0.043966721781552594
Humidity,KineticEnergy,ParticlesDetected,Pressure,RadarReflectivity,RainAbsolute,RainAccumulated,RainIntensity,VolumeEquivalentDiameter,0.20968243078892565,0.043966721781552594
Humidity,KineticEnergy,ParticlesDetected,Pressure,RadarReflectivity,RainAbsolute,RainAccumulated,RainIntensity,RainRate,0.2096824307889256,0.04396672178155257
AverageParticleSpeed,KineticEnergy,ParticlesDetected,Pressure,RainAbsolute,RainIntensity,RainRate,VolumeEquivalentDiameter,WindSpeed,0.20888287297732916,0.04363205462326303
AverageParticleSpeed,KineticEnergy,ParticlesDetected,Pressure,RainAccumulated,RainIntensity,RainRate,VolumeEquivalentDiameter,WindSpeed,0.20888287297732916,0.04363205462326303
AverageParticleSpeed,KineticEnergy,RadarReflectivity,RainAbsolute,RainIntensity,RainRate,SnowDepthIntensity,Temperature,VolumeEquivalentDiameter,0.20882220189965878,0.043606712006221855
AverageParticleSpeed,KineticEnergy,RadarReflectivity,RainAccumulated,RainIntensity,RainRate,SnowDepthIntensity,Temperature,VolumeEquivalentDiameter,0.20882220189965878,0.043606712006221855
AverageParticleSpeed,KineticEnergy,Pressure,RadarReflectivity,RainAbsolute,RainIntensity,SnowDepthIntensity,Temperature,VolumeEquivalentDiameter,0.20815987240931086,0.04333053248146058
AverageParticleSpeed,KineticEnergy,Pressure,RadarReflectivity,RainAccumulated,RainIntensity,SnowDepthIntensity,Temperature,VolumeEquivalentDiameter,0.20815987240931086,0.04333053248146058
AverageParticleSpeed,KineticEnergy,Pressure,RadarReflectivity,RainAbsolute,RainIntensity,RainRate,SnowDepthIntensity,Temperature,0.20815987240931083,0.043330532481460564
AverageParticleSpeed,KineticEnergy,Pressure,RadarReflectivity,RainAccumulated,RainIntensity,RainRate,SnowDepthIntensity,Temperature,0.20815987240931083,0.043330532481460564
KineticEnergy,Pressure,RadarReflectivity,RainAbsolute,RainIntensity,RainRate,SnowDepthIntensity,Temperature,VolumeEquivalentDiameter,0.2081598724093108,0.04333053248146055
KineticEnergy,Pressure,RadarReflectivity,RainAccumulated,RainIntensity,RainRate,SnowDepthIntensity,Temperature,VolumeEquivalentDiameter,0.2081598724093108,0.04333053248146055
AverageParticleSpeed,Pressure,RadarReflectivity,RainAbsolute,RainIntensity,RainRate,SnowDepthIntensity,VolumeEquivalentDiameter,WindSpeed,0.2080628159333776,0.04329013537412657
AverageParticleSpeed,Pressure,RadarReflectivity,RainAccumulated,RainIntensity,RainRate,SnowDepthIntensity,VolumeEquivalentDiameter,WindSpeed,0.2080628159333776,0.04329013537412657
AverageParticleSpeed,Humidity,Pressure,RainAbsolute,RainRate,SnowDepthIntensity,Temperature,VolumeEquivalentDiameter,WindSpeed,0.20786272378573936,0.04320691193962658
AverageParticleSpeed,Humidity,Pressure,RainAccumulated,RainRate,SnowDepthIntensity,Temperature,VolumeEquivalentDiameter,WindSpeed,0.20786272378573936,0.04320691193962658
AverageParticleSpeed,KineticEnergy,Pressure,RainAbsolute,RainAccumulated,RainIntensity,RainRate,VolumeEquivalentDiameter,WeatherCode4680,0.20745304598983674,0.04303676629046132
AverageParticleSpeed,KineticEnergy,Pressure,RadarReflectivity,RainAbsolute,RainRate,SnowDepthIntensity,VolumeEquivalentDiameter,WindSpeed,0.2071120797019299,0.042895413558458564
AverageParticleSpeed,KineticEnergy,Pressure,RadarReflectivity,RainAccumulated,RainRate,SnowDepthIntensity,VolumeEquivalentDiameter,WindSpeed,0.2071120797019299,0.042895413558458564
AverageParticleSpeed,Humidity,RainAbsolute,RainIntensity,RainRate,SnowDepthIntensity,Temperature,VolumeEquivalentDiameter,WindSpeed,0.2061055809037421,0.042479510479668976
AverageParticleSpeed,Humidity,RainAccumulated,RainIntensity,RainRate,SnowDepthIntensity,Temperature,VolumeEquivalentDiameter,WindSpeed,0.2061055809037421,0.042479510479668976
AverageParticleSpeed,Pressure,RadarReflectivity,RainAbsolute,RainIntensity,RainRate,Temperature,VolumeEquivalentDiameter,WindSpeed,0.20599493378106126,0.042433912743463816
AverageParticleSpeed,Pressure,RadarReflectivity,RainAccumulated,RainIntensity,RainRate,Temperature,VolumeEquivalentDiameter,WindSpeed,0.20599493378106126,0.042433912743463816
AverageParticleSpeed,KineticEnergy,RadarReflectivity,RainAbsolute,RainIntensity,RainRate,SnowDepthIntensity,VolumeEquivalentDiameter,WindSpeed,0.20547802912860516,0.04222122045457591
AverageParticleSpeed,KineticEnergy,RadarReflectivity,RainAccumulated,RainIntensity,RainRate,SnowDepthIntensity,VolumeEquivalentDiameter,WindSpeed,0.20547802912860516,0.04222122045457591
AverageParticleSpeed,Humidity,KineticEnergy,RainAbsolute,RainRate,SnowDepthIntensity,Temperature,VolumeEquivalentDiameter,WindSpeed,0.20511887298190726,0.0420737520533678
AverageParticleSpeed,Humidity,KineticEnergy,RainAccumulated,RainRate,SnowDepthIntensity,Temperature,VolumeEquivalentDiameter,WindSpeed,0.20511887298190726,0.0420737520533678
AverageParticleSpeed,Humidity,Pressure,RainAbsolute,RainIntensity,RainRate,SnowDepthIntensity,Temperature,WindSpeed,0.20507941324297724,0.04205756573608383
AverageParticleSpeed,Humidity,Pressure,RainAbsolute,RainIntensity,SnowDepthIntensity,Temperature,VolumeEquivalentDiameter,WindSpeed,0.20507941324297724,0.04205756573608383
AverageParticleSpeed,Humidity,Pressure,RainAccumulated,RainIntensity,RainRate,SnowDepthIntensity,Temperature,WindSpeed,0.20507941324297724,0.04205756573608383
AverageParticleSpeed,Humidity,Pressure,RainAccumulated,RainIntensity,SnowDepthIntensity,Temperature,VolumeEquivalentDiameter,WindSpeed,0.20507941324297724,0.04205756573608383
Humidity,Pressure,RainAbsolute,RainIntensity,RainRate,SnowDepthIntensity,Temperature,VolumeEquivalentDiameter,WindSpeed,0.20507941324297715,0.042057565736083796
Humidity,Pressure,RainAccumulated,RainIntensity,RainRate,SnowDepthIntensity,Temperature,VolumeEquivalentDiameter,WindSpeed,0.20507941324297715,0.042057565736083796
AverageParticleSpeed,KineticEnergy,Pressure,RadarReflectivity,RainAbsolute,RainRate,Temperature,VolumeEquivalentDiameter,WindSpeed,0.20502918848455565,0.04203696813063545
AverageParticleSpeed,KineticEnergy,Pressure,RadarReflectivity,RainAccumulated,RainRate,Temperature,VolumeEquivalentDiameter,WindSpeed,0.20502918848455565,0.04203696813063545
AverageParticleSpeed,KineticEnergy,Pressure,RadarReflectivity,RainAbsolute,RainIntensity,RainRate,SnowDepthIntensity,WindSpeed,0.20470810558421432,0.041905408491877835
AverageParticleSpeed,KineticEnergy,Pressure,RadarReflectivity,RainAccumulated,RainIntensity,RainRate,SnowDepthIntensity,WindSpeed,0.20470810558421432,0.041905408491877835
KineticEnergy,Pressure,RadarReflectivity,RainAbsolute,RainIntensity,RainRate,SnowDepthIntensity,VolumeEquivalentDiameter,WindSpeed,0.2047081055842143,0.04190540849187783
KineticEnergy,Pressure,RadarReflectivity,RainAccumulated,RainIntensity,RainRate,SnowDepthIntensity,VolumeEquivalentDiameter,WindSpeed,0.2047081055842143,0.04190540849187783
AverageParticleSpeed,KineticEnergy,Pressure,RadarReflectivity,RainAbsolute,RainIntensity,SnowDepthIntensity,VolumeEquivalentDiameter,WindSpeed,0.20470810558421423,0.0419054084918778
AverageParticleSpeed,KineticEnergy,Pressure,RadarReflectivity,RainAccumulated,RainIntensity,SnowDepthIntensity,VolumeEquivalentDiameter,WindSpeed,0.20470810558421423,0.0419054084918778
AverageParticleSpeed,Humidity,KineticEnergy,Pressure,RainAbsolute,RainRate,SnowDepthIntensity,Temperature,WindSpeed,0.20409177188670768,0.04165345135185593
AverageParticleSpeed,Humidity,KineticEnergy,Pressure,RainAccumulated,RainRate,SnowDepthIntensity,Temperature,WindSpeed,0.20409177188670768,0.04165345135185593
Humidity,KineticEnergy,Pressure,RainAbsolute,RainRate,SnowDepthIntensity,Temperature,VolumeEquivalentDiameter,WindSpeed,0.20409177188670752,0.04165345135185586
Humidity,KineticEnergy,Pressure,RainAccumulated,RainRate,SnowDepthIntensity,Temperature,VolumeEquivalentDiameter,WindSpeed,0.20409177188670752,0.04165345135185586
AverageParticleSpeed,Humidity,KineticEnergy,Pressure,RainAbsolute,SnowDepthIntensity,Temperature,VolumeEquivalentDiameter,WindSpeed,0.2040917718867075,0.041653451351855844
AverageParticleSpeed,Humidity,KineticEnergy,Pressure,RainAccumulated,SnowDepthIntensity,Temperature,VolumeEquivalentDiameter,WindSpeed,0.2040917718867075,0.041653451351855844
AverageParticleSpeed,KineticEnergy,RadarReflectivity,RainAbsolute,RainIntensity,RainRate,Temperature,VolumeEquivalentDiameter,WindSpeed,0.2034383976953925,0.04138718165686867
AverageParticleSpeed,KineticEnergy,RadarReflectivity,RainAccumulated,RainIntensity,RainRate,Temperature,VolumeEquivalentDiameter,WindSpeed,0.2034383976953925,0.04138718165686867
AverageParticleSpeed,Humidity,ParticlesDetected,RadarReflectivity,RainAbsolute,RainAccumulated,RainRate,SnowDepthIntensity,VolumeEquivalentDiameter,0.2027710456563884,0.04111609695658515
KineticEnergy,Pressure,RadarReflectivity,RainAbsolute,RainIntensity,RainRate,Temperature,VolumeEquivalentDiameter,WindSpeed,0.2026470116955466,0.041065811349135006
KineticEnergy,Pressure,RadarReflectivity,RainAccumulated,RainIntensity,RainRate,Temperature,VolumeEquivalentDiameter,WindSpeed,0.2026470116955466,0.041065811349135006
AverageParticleSpeed,KineticEnergy,Pressure,RadarReflectivity,RainAbsolute,RainIntensity,RainRate,Temperature,WindSpeed,0.20264701169554658,0.04106581134913499
AverageParticleSpeed,KineticEnergy,Pressure,RadarReflectivity,RainAccumulated,RainIntensity,RainRate,Temperature,WindSpeed,0.20264701169554658,0.04106581134913499
AverageParticleSpeed,KineticEnergy,Pressure,RadarReflectivity,RainAbsolute,RainIntensity,Temperature,VolumeEquivalentDiameter,WindSpeed,0.2026470116955465,0.04106581134913496
AverageParticleSpeed,KineticEnergy,Pressure,RadarReflectivity,RainAccumulated,RainIntensity,Temperature,VolumeEquivalentDiameter,WindSpeed,0.2026470116955465,0.04106581134913496
AverageParticleSpeed,Humidity,ParticlesDetected,Pressure,RadarReflectivity,RainAbsolute,RainAccumulated,RainRate,SnowDepthIntensity,0.20241697689981186,0.04097263253725897
Humidity,ParticlesDetected,Pressure,RadarReflectivity,RainAbsolute,RainAccumulated,RainRate,SnowDepthIntensity,VolumeEquivalentDiameter,0.2024169768998118,0.04097263253725895
AverageParticleSpeed,Humidity,ParticlesDetected,Pressure,RadarReflectivity,RainAbsolute,RainAccumulated,SnowDepthIntensity,VolumeEquivalentDiameter,0.20241697689981153,0.040972632537258837
AverageParticleSpeed,Humidity,KineticEnergy,RainAbsolute,RainIntensity,SnowDepthIntensity,Temperature,VolumeEquivalentDiameter,WindSpeed,0.20231671280338426,0.04093205227956707
AverageParticleSpeed,Humidity,KineticEnergy,RainAccumulated,RainIntensity,SnowDepthIntensity,Temperature,VolumeEquivalentDiameter,WindSpeed,0.20231671280338426,0.04093205227956707
AverageParticleSpeed,Humidity,KineticEnergy,RainAbsolute,RainIntensity,RainRate,SnowDepthIntensity,Temperature,WindSpeed,0.202316712803384,0.04093205227956696
AverageParticleSpeed,Humidity,KineticEnergy,RainAccumulated,RainIntensity,RainRate,SnowDepthIntensity,Temperature,WindSpeed,0.202316712803384,0.04093205227956696
Humidity,KineticEnergy,RainAbsolute,RainIntensity,RainRate,SnowDepthIntensity,Temperature,VolumeEquivalentDiameter,WindSpeed,0.202316712803384,0.04093205227956696
Humidity,KineticEnergy,RainAccumulated,RainIntensity,RainRate,SnowDepthIntensity,Temperature,VolumeEquivalentDiameter,WindSpeed,0.202316712803384,0.04093205227956696
AverageParticleSpeed,Humidity,ParticlesDetected,RadarReflectivity,RainAbsolute,RainAccumulated,RainIntensity,SnowDepthIntensity,VolumeEquivalentDiameter,0.20160006660611898,0.04064258685559161
AverageParticleSpeed,Humidity,ParticlesDetected,RadarReflectivity,RainAbsolute,RainAccumulated,RainIntensity,RainRate,SnowDepthIntensity,0.2016000666061186,0.04064258685559145
Humidity,ParticlesDetected,RadarReflectivity,RainAbsolute,RainAccumulated,RainIntensity,RainRate,SnowDepthIntensity,VolumeEquivalentDiameter,0.20160006660611848,0.04064258685559141
Humidity,KineticEnergy,Pressure,RainAbsolute,RainIntensity,RainRate,SnowDepthIntensity,Temperature,WindSpeed,0.20128688518898064,0.040516410149081875
Humidity,KineticEnergy,Pressure,RainAccumulated,RainIntensity,RainRate,SnowDepthIntensity,Temperature,WindSpeed,0.20128688518898064,0.040516410149081875
AverageParticleSpeed,Humidity,KineticEnergy,Pressure,RainAbsolute,RainIntensity,SnowDepthIntensity,Temperature,WindSpeed,0.20128688518898058,0.04051641014908185
AverageParticleSpeed,Humidity,KineticEnergy,Pressure,RainAccumulated,RainIntensity,SnowDepthIntensity,Temperature,WindSpeed,0.20128688518898058,0.04051641014908185
Humidity,KineticEnergy,Pressure,RainAbsolute,RainIntensity,SnowDepthIntensity,Temperature,VolumeEquivalentDiameter,WindSpeed,0.20128688518898052,0.040516410149081826
Humidity,KineticEnergy,Pressure,RainAccumulated,RainIntensity,SnowDepthIntensity,Temperature,VolumeEquivalentDiameter,WindSpeed,0.20128688518898052,0.040516410149081826
Humidity,ParticlesDetected,Pressure,RadarReflectivity,RainAbsolute,RainAccumulated,RainIntensity,RainRate,SnowDepthIntensity,0.20124555450491532,0.04049977320799084
AverageParticleSpeed,Humidity,ParticlesDetected,Pressure,RadarReflectivity,RainAbsolute,RainAccumulated,RainIntensity,SnowDepthIntensity,0.20124555450491505,0.04049977320799073
Humidity,ParticlesDetected,Pressure,RadarReflectivity,RainAbsolute,RainAccumulated,RainIntensity,SnowDepthIntensity,VolumeEquivalentDiameter,0.201245554504915,0.04049977320799071
Humidity,KineticEnergy,ParticlesDetected,RadarReflectivity,RainAbsolute,RainAccumulated,RainRate,SnowDepthIntensity,VolumeEquivalentDiameter,0.2011419040834078,0.04045806557829882
AverageParticleSpeed,Humidity,KineticEnergy,ParticlesDetected,RadarReflectivity,RainAbsolute,RainAccumulated,RainRate,SnowDepthIntensity,0.2011419040834077,0.040458065578298785
AverageParticleSpeed,Humidity,KineticEnergy,ParticlesDetected,RadarReflectivity,RainAbsolute,RainAccumulated,SnowDepthIntensity,VolumeEquivalentDiameter,0.2011419040834075,0.04045806557829871
AverageParticleSpeed,Humidity,ParticlesDetected,RadarReflectivity,RainAbsolute,RainAccumulated,RainRate,Temperature,VolumeEquivalentDiameter,0.20086597492640645,0.04034713988313575
Humidity,KineticEnergy,ParticlesDetected,Pressure,RadarReflectivity,RainAbsolute,RainAccumulated,RainRate,SnowDepthIntensity,0.20078724085766003,0.04031551609123198
Humidity,KineticEnergy,ParticlesDetected,Pressure,RadarReflectivity,RainAbsolute,RainAccumulated,SnowDepthIntensity,VolumeEquivalentDiameter,0.20078724085765984,0.04031551609123191
AverageParticleSpeed,Humidity,KineticEnergy,ParticlesDetected,Pressure,RadarReflectivity,RainAbsolute,RainAccumulated,SnowDepthIntensity,0.20078724085765978,0.04031551609123188
AverageParticleSpeed,Humidity,ParticlesDetected,RadarReflectivity,RainAbsolute,RainAccumulated,RainRate,VolumeEquivalentDiameter,WindSpeed,0.20064116826845757,0.0402568784041315
AverageParticleSpeed,Humidity,ParticlesDetected,Pressure,RadarReflectivity,RainAbsolute,RainAccumulated,RainRate,Temperature,0.2005069253854264,0.040203027127516944
Humidity,ParticlesDetected,Pressure,RadarReflectivity,RainAbsolute,RainAccumulated,RainRate,Temperature,VolumeEquivalentDiameter,0.2005069253854264,0.040203027127516944
AverageParticleSpeed,Humidity,ParticlesDetected,Pressure,RadarReflectivity,RainAbsolute,RainAccumulated,Temperature,VolumeEquivalentDiameter,0.200506925385426,0.04020302712751679
AverageParticleSpeed,Pressure,RainAbsolute,RainAccumulated,RainIntensity,RainRate,SnowDepthIntensity,VolumeEquivalentDiameter,WeatherCode4680,0.20048361888989422,0.04019368144318835
AverageParticleSpeed,Humidity,ParticlesDetected,Pressure,RadarReflectivity,RainAbsolute,RainAccumulated,VolumeEquivalentDiameter,WindSpeed,0.2002530525495041,0.040101285055394446
Humidity,ParticlesDetected,Pressure,RadarReflectivity,RainAbsolute,RainAccumulated,RainRate,VolumeEquivalentDiameter,WindSpeed,0.20025305254950376,0.040101285055394315
AverageParticleSpeed,Humidity,ParticlesDetected,Pressure,RadarReflectivity,RainAbsolute,RainAccumulated,RainRate,WindSpeed,0.20025305254950368,0.04010128505539428
AverageParticleSpeed,KineticEnergy,Pressure,RainAbsolute,RainAccumulated,RainRate,SnowDepthIntensity,VolumeEquivalentDiameter,WeatherCode4680,0.20017062616160472,0.04006827957792891
Humidity,KineticEnergy,ParticlesDetected,RadarReflectivity,RainAbsolute,RainAccumulated,RainIntensity,SnowDepthIntensity,VolumeEquivalentDiameter,0.19997712887051722,0.03999085207129545
AverageParticleSpeed,Humidity,KineticEnergy,ParticlesDetected,RadarReflectivity,RainAbsolute,RainAccumulated,RainIntensity,SnowDepthIntensity,0.19997712887051713,0.039990852071295414
Humidity,KineticEnergy,ParticlesDetected,RadarReflectivity,RainAbsolute,RainAccumulated,RainIntensity,RainRate,SnowDepthIntensity,0.19997712887051677,0.039990852071295276
AverageParticleSpeed,Humidity,ParticlesDetected,RadarReflectivity,RainAbsolute,RainAccumulated,RainIntensity,Temperature,VolumeEquivalentDiameter,0.1997123177932935,0.03988500987836945
AverageParticleSpeed,Humidity,ParticlesDetected,RadarReflectivity,RainAbsolute,RainAccumulated,RainIntensity,RainRate,Temperature,0.1997123177932931,0.03988500987836929
Humidity,ParticlesDetected,RadarReflectivity,RainAbsolute,RainAccumulated,RainIntensity,RainRate,Temperature,VolumeEquivalentDiameter,0.19971231779329301,0.03988500987836926
Humidity,KineticEnergy,ParticlesDetected,Pressure,RadarReflectivity,RainAbsolute,RainAccumulated,RainIntensity,SnowDepthIntensity,0.19962206359366771,0.03984896827339432
AverageParticleSpeed,KineticEnergy,RainAbsolute,RainAccumulated,RainIntensity,RainRate,SnowDepthIntensity,VolumeEquivalentDiameter,WeatherCode4680,0.19955743310991503,0.03982316910941821
AverageParticleSpeed,Humidity,ParticlesDetected,RadarReflectivity,RainAbsolute,RainAccumulated,RainIntensity,RainRate,WindSpeed,0.19940149577016553,0.03976095651537934
AverageParticleSpeed,Humidity,ParticlesDetected,RadarReflectivity,RainAbsolute,RainAccumulated,RainIntensity,VolumeEquivalentDiameter,WindSpeed,0.19940149577016553,0.03976095651537934
Humidity,ParticlesDetected,RadarReflectivity,RainAbsolute,RainAccumulated,RainIntensity,RainRate,VolumeEquivalentDiameter,WindSpeed,0.19940149577016544,0.03976095651537931
Humidity,ParticlesDetected,Pressure,RadarReflectivity,RainAbsolute,RainAccumulated,RainIntensity,Temperature,VolumeEquivalentDiameter,0.1993528480304936,0.03974155801786908
AverageParticleSpeed,Humidity,ParticlesDetected,Pressure,RadarReflectivity,RainAbsolute,RainAccumulated,RainIntensity,Temperature,0.19935284803049352,0.03974155801786904
Humidity,ParticlesDetected,Pressure,RadarReflectivity,RainAbsolute,RainAccumulated,RainIntensity,RainRate,Temperature,0.1993528480304934,0.039741558017869
AverageParticleSpeed,Humidity,KineticEnergy,ParticlesDetected,RadarReflectivity,RainAbsolute,RainAccumulated,Temperature,VolumeEquivalentDiameter,0.19925591295546652,0.03970291884771645
Humidity,KineticEnergy,ParticlesDetected,RadarReflectivity,RainAbsolute,RainAccumulated,RainRate,Temperature,VolumeEquivalentDiameter,0.19925591295546644,0.039702918847716415
AverageParticleSpeed,Humidity,KineticEnergy,ParticlesDetected,RadarReflectivity,RainAbsolute,RainAccumulated,RainRate,Temperature,0.19925591295546638,0.039702918847716394
AverageParticleSpeed,KineticEnergy,Pressure,RainAbsolute,RainAccumulated,RainIntensity,RainRate,SnowDepthIntensity,WeatherCode4680,0.19923980054182047,0.039696498119944405
KineticEnergy,Pressure,RainAbsolute,RainAccumulated,RainIntensity,RainRate,SnowDepthIntensity,VolumeEquivalentDiameter,WeatherCode4680,0.19923980054182042,0.039696498119944384
AverageParticleSpeed,KineticEnergy,Pressure,RainAbsolute,RainAccumulated,RainIntensity,SnowDepthIntensity,VolumeEquivalentDiameter,WeatherCode4680,0.19923980054182003,0.039696498119944225
Humidity,ParticlesDetected,Pressure,RadarReflectivity,RainAbsolute,RainAccumulated,RainIntensity,VolumeEquivalentDiameter,WindSpeed,0.1990130310297975,0.039606186519667144
AverageParticleSpeed,Humidity,ParticlesDetected,Pressure,RadarReflectivity,RainAbsolute,RainAccumulated,RainIntensity,WindSpeed,0.19901303102979748,0.03960618651966713
Humidity,ParticlesDetected,Pressure,RadarReflectivity,RainAbsolute,RainAccumulated,RainIntensity,RainRate,WindSpeed,0.19901303102979737,0.03960618651966709
Humidity,KineticEnergy,ParticlesDetected,RadarReflectivity,RainAbsolute,RainAccumulated,RainRate,VolumeEquivalentDiameter,WindSpeed,0.1989051992430262,0.039563278285907943
AverageParticleSpeed,Humidity,KineticEnergy,ParticlesDetected,RadarReflectivity,RainAbsolute,RainAccumulated,RainRate,WindSpeed,0.19890519924302608,0.0395632782859079
AverageParticleSpeed,Humidity,KineticEnergy,ParticlesDetected,RadarReflectivity,RainAbsolute,RainAccumulated,VolumeEquivalentDiameter,WindSpeed,0.19890519924302608,0.0395632782859079
AverageParticleSpeed,Humidity,KineticEnergy,ParticlesDetected,Pressure,RadarReflectivity,RainAbsolute,RainAccumulated,Temperature,0.19889630071501446,0.03955973843811746
Humidity,KineticEnergy,ParticlesDetected,Pressure,RadarReflectivity,RainAbsolute,RainAccumulated,Temperature,VolumeEquivalentDiameter,0.19889630071501446,0.03955973843811746
Humidity,KineticEnergy,ParticlesDetected,Pressure,RadarReflectivity,RainAbsolute,RainAccumulated,RainRate,Temperature,0.19889630071501432,0.03955973843811741
AverageParticleSpeed,Pressure,RainAbsolute,RainAccumulated,RainIntensity,RainRate,Temperature,VolumeEquivalentDiameter,WeatherCode4680,0.198777111262902,0.03951233996202413
Humidity,KineticEnergy,ParticlesDetected,Pressure,RadarReflectivity,RainAbsolute,RainAccumulated,VolumeEquivalentDiameter,WindSpeed,0.1985166261885181,0.039408850873271825
AverageParticleSpeed,Humidity,KineticEnergy,ParticlesDetected,Pressure,RadarReflectivity,RainAbsolute,RainAccumulated,WindSpeed,0.19851662618851804,0.039408850873271804
Humidity,KineticEnergy,ParticlesDetected,Pressure,RadarReflectivity,RainAbsolute,RainAccumulated,RainRate,WindSpeed,0.198516626188518,0.0394088508732718
AverageParticleSpeed,KineticEnergy,Pressure,RainAbsolute,RainAccumulated,RainRate,Temperature,VolumeEquivalentDiameter,WeatherCode4680,0.19846628221393672,0.03938886517582198
Humidity,KineticEnergy,ParticlesDetected,RadarReflectivity,RainAbsolute,RainAccumulated,RainIntensity,Temperature,VolumeEquivalentDiameter,0.1981078403412418,0.03924671640467095
AverageParticleSpeed,Humidity,KineticEnergy,ParticlesDetected,RadarReflectivity,RainAbsolute,RainAccumulated,RainIntensity,Temperature,0.1981078403412417,0.039246716404670916
Humidity,KineticEnergy,ParticlesDetected,RadarReflectivity,RainAbsolute,RainAccumulated,RainIntensity,RainRate,Temperature,0.1981078403412416,0.039246716404670874
AverageParticleSpeed,KineticEnergy,RainAbsolute,RainAccumulated,RainIntensity,RainRate,Temperature,VolumeEquivalentDiameter,WeatherCode4680,0.19787074707364913,0.03915283254748402
AverageParticleSpeed,ParticlesDetected,Pressure,RainAbsolute,RainIntensity,RainRate,SnowDepthIntensity,Temperature,VolumeEquivalentDiameter,0.19777861054685786,0.039116378789845675
AverageParticleSpeed,ParticlesDetected,Pressure,RainAccumulated,RainIntensity,RainRate,SnowDepthIntensity,Temperature,VolumeEquivalentDiameter,0.19777861054685786,0.039116378789845675
Humidity,KineticEnergy,ParticlesDetected,Pressure,RadarReflectivity,RainAbsolute,RainAccumulated,RainIntensity,Temperature,0.19774784824995023,0.039104211487485344
AverageParticleSpeed,Pressure,RainAbsolute,RainAccumulated,RainIntensity,RainRate,VolumeEquivalentDiameter,WeatherCode4680,WindSpeed,0.197707549836899,0.0390882752625099
Humidity,KineticEnergy,ParticlesDetected,RadarReflectivity,RainAbsolute,RainAccumulated,RainIntensity,RainRate,WindSpeed,0.19767277364263353,0.03907452543957183
Humidity,KineticEnergy,ParticlesDetected,RadarReflectivity,RainAbsolute,RainAccumulated,RainIntensity,VolumeEquivalentDiameter,WindSpeed,0.1976727736426334,0.039074525439571774
AverageParticleSpeed,Humidity,KineticEnergy,ParticlesDetected,RadarReflectivity,RainAbsolute,RainAccumulated,RainIntensity,WindSpeed,0.19767277364263328,0.03907452543957173
AverageParticleSpeed,KineticEnergy,Pressure,RainAbsolute,RainAccumulated,RainIntensity,RainRate,Temperature,WeatherCode4680,0.1975493168119443,0.039025732572865936
AverageParticleSpeed,KineticEnergy,Pressure,RainAbsolute,RainAccumulated,RainIntensity,Temperature,VolumeEquivalentDiameter,WeatherCode4680,0.1975493168119443,0.039025732572865936
KineticEnergy,Pressure,RainAbsolute,RainAccumulated,RainIntensity,RainRate,Temperature,VolumeEquivalentDiameter,WeatherCode4680,0.1975493168119443,0.039025732572865936
AverageParticleSpeed,KineticEnergy,Pressure,RainAbsolute,RainAccumulated,RainRate,VolumeEquivalentDiameter,WeatherCode4680,WindSpeed,0.19737890360585345,0.038958431588648784
Humidity,KineticEnergy,ParticlesDetected,Pressure,RadarReflectivity,RainAbsolute,RainAccumulated,RainIntensity,WindSpeed,0.19728389932279472,0.0389209369320066
AverageParticleSpeed,KineticEnergy,ParticlesDetected,Pressure,RainAbsolute,RainRate,SnowDepthIntensity,Temperature,VolumeEquivalentDiameter,0.19689756449208246,0.038768650902913766
AverageParticleSpeed,KineticEnergy,ParticlesDetected,Pressure,RainAccumulated,RainRate,SnowDepthIntensity,Temperature,VolumeEquivalentDiameter,0.19689756449208246,0.038768650902913766
AverageParticleSpeed,KineticEnergy,RainAbsolute,RainAccumulated,RainIntensity,RainRate,VolumeEquivalentDiameter,WeatherCode4680,WindSpeed,0.19675989354508697,0.038714455707873956
AverageParticleSpeed,KineticEnergy,Pressure,RainAbsolute,RainAccumulated,RainIntensity,RainRate,WeatherCode4680,WindSpeed,0.19641598112612102,0.03857923764173673
KineticEnergy,Pressure,RainAbsolute,RainAccumulated,RainIntensity,RainRate,VolumeEquivalentDiameter,WeatherCode4680,WindSpeed,0.19641598112612102,0.03857923764173673
AverageParticleSpeed,KineticEnergy,Pressure,RainAbsolute,RainAccumulated,RainIntensity,VolumeEquivalentDiameter,WeatherCode4680,WindSpeed,0.19641598112612083,0.03857923764173665
AverageParticleSpeed,KineticEnergy,ParticlesDetected,RainAbsolute,RainIntensity,RainRate,SnowDepthIntensity,Temperature,VolumeEquivalentDiameter,0.19540331329300714,0.0381824548458851
AverageParticleSpeed,KineticEnergy,ParticlesDetected,RainAccumulated,RainIntensity,RainRate,SnowDepthIntensity,Temperature,VolumeEquivalentDiameter,0.19540331329300714,0.0381824548458851
AverageParticleSpeed,KineticEnergy,ParticlesDetected,Pressure,RainAbsolute,RainIntensity,RainRate,SnowDepthIntensity,Temperature,0.1947210590800388,0.037916290849251966
AverageParticleSpeed,KineticEnergy,ParticlesDetected,Pressure,RainAbsolute,RainIntensity,SnowDepthIntensity,Temperature,VolumeEquivalentDiameter,0.1947210590800388,0.037916290849251966
AverageParticleSpeed,KineticEnergy,ParticlesDetected,Pressure,RainAccumulated,RainIntensity,RainRate,SnowDepthIntensity,Temperature,0.1947210590800388,0.037916290849251966
AverageParticleSpeed,KineticEnergy,ParticlesDetected,Pressure,RainAccumulated,RainIntensity,SnowDepthIntensity,Temperature,VolumeEquivalentDiameter,0.1947210590800388,0.037916290849251966
KineticEnergy,ParticlesDetected,Pressure,RainAbsolute,RainIntensity,RainRate,SnowDepthIntensity,Temperature,VolumeEquivalentDiameter,0.1947210590800388,0.037916290849251966
KineticEnergy,ParticlesDetected,Pressure,RainAccumulated,RainIntensity,RainRate,SnowDepthIntensity,Temperature,VolumeEquivalentDiameter,0.1947210590800388,0.037916290849251966
AverageParticleSpeed,ParticlesDetected,Pressure,RainAbsolute,RainIntensity,RainRate,SnowDepthIntensity,VolumeEquivalentDiameter,WindSpeed,0.1920648959734692,0.03688892426529955
AverageParticleSpeed,ParticlesDetected,Pressure,RainAccumulated,RainIntensity,RainRate,SnowDepthIntensity,VolumeEquivalentDiameter,WindSpeed,0.1920648959734692,0.03688892426529955
AverageParticleSpeed,Pressure,RainAbsolute,RainAccumulated,RainRate,SnowDepthIntensity,Temperature,VolumeEquivalentDiameter,WeatherCode4680,0.19177515051638247,0.036777708355581154
AverageParticleSpeed,Humidity,ParticlesDetected,RadarReflectivity,RainAbsolute,RainAccumulated,RainRate,SnowDepthIntensity,Temperature,0.19125959140408402,0.03658023130405717
Humidity,ParticlesDetected,RadarReflectivity,RainAbsolute,RainAccumulated,RainRate,SnowDepthIntensity,Temperature,VolumeEquivalentDiameter,0.19125959140408397,0.03658023130405715
AverageParticleSpeed,Humidity,ParticlesDetected,RadarReflectivity,RainAbsolute,RainAccumulated,SnowDepthIntensity,Temperature,VolumeEquivalentDiameter,0.19125959140408383,0.0365802313040571
AverageParticleSpeed,RainAbsolute,RainAccumulated,RainIntensity,RainRate,SnowDepthIntensity,Temperature,VolumeEquivalentDiameter,WeatherCode4680,0.19120893385287738,0.036560856385154036
AverageParticleSpeed,KineticEnergy,ParticlesDetected,Pressure,RainAbsolute,RainRate,SnowDepthIntensity,VolumeEquivalentDiameter,WindSpeed,0.1911018304304312,0.036519909593861276
AverageParticleSpeed,KineticEnergy,ParticlesDetected,Pressure,RainAccumulated,RainRate,SnowDepthIntensity,VolumeEquivalentDiameter,WindSpeed,0.1911018304304312,0.036519909593861276
AverageParticleSpeed,KineticEnergy,RainAbsolute,RainAccumulated,RainRate,SnowDepthIntensity,Temperature,VolumeEquivalentDiameter,WeatherCode4680,0.1909107234412875,0.03644690432487577
Humidity,ParticlesDetected,Pressure,RadarReflectivity,RainAbsolute,RainAccumulated,SnowDepthIntensity,Temperature,VolumeEquivalentDiameter,0.19089718156320104,0.03644173392877374
AverageParticleSpeed,Humidity,ParticlesDetected,Pressure,RadarReflectivity,RainAbsolute,RainAccumulated,SnowDepthIntensity,Temperature,0.190897181563201,0.036441733928773735
Humidity,ParticlesDetected,Pressure,RadarReflectivity,RainAbsolute,RainAccumulated,RainRate,SnowDepthIntensity,Temperature,0.19089718156320082,0.03644173392877366
AverageParticleSpeed,Pressure,RainAbsolute,RainAccumulated,RainIntensity,RainRate,SnowDepthIntensity,Temperature,WeatherCode4680,0.1908861932196634,0.03643753876189467
Pressure,RainAbsolute,RainAccumulated,RainIntensity,RainRate,SnowDepthIntensity,Temperature,VolumeEquivalentDiameter,WeatherCode4680,0.1908861932196634,0.03643753876189467
AverageParticleSpeed,Pressure,RainAbsolute,RainAccumulated,RainIntensity,SnowDepthIntensity,Temperature,VolumeEquivalentDiameter,WeatherCode4680,0.1908861932196631,0.03643753876189455
AverageParticleSpeed,KineticEnergy,Pressure,RainAbsolute,RainAccumulated,RainRate,SnowDepthIntensity,Temperature,WeatherCode4680,0.1905879836318458,0.036323779504852716
KineticEnergy,Pressure,RainAbsolute,RainAccumulated,RainRate,SnowDepthIntensity,Temperature,VolumeEquivalentDiameter,WeatherCode4680,0.19058798363184576,0.03632377950485271
AverageParticleSpeed,KineticEnergy,Pressure,RainAbsolute,RainAccumulated,SnowDepthIntensity,Temperature,VolumeEquivalentDiameter,WeatherCode4680,0.19058798363184562,0.03632377950485265
AverageParticleSpeed,Humidity,ParticlesDetected,RadarReflectivity,RainAbsolute,RainAccumulated,RainRate,SnowDepthIntensity,WindSpeed,0.19038477312742105,0.036246361838779585
AverageParticleSpeed,Humidity,ParticlesDetected,RadarReflectivity,RainAbsolute,RainAccumulated,SnowDepthIntensity,VolumeEquivalentDiameter,WindSpeed,0.19038477312742094,0.036246361838779544
Humidity,ParticlesDetected,RadarReflectivity,RainAbsolute,RainAccumulated,RainRate,SnowDepthIntensity,VolumeEquivalentDiameter,WindSpeed,0.19038477312742094,0.036246361838779544
AverageParticleSpeed,Pressure,RainAbsolute,RainAccumulated,RainRate,SnowDepthIntensity,VolumeEquivalentDiameter,WeatherCode4680,WindSpeed,0.1903819060205456,0.03624527014001586
AverageParticleSpeed,ParticlesDetected,Pressure,RainAbsolute,RainIntensity,RainRate,Temperature,VolumeEquivalentDiameter,WindSpeed,0.19018000997111903,0.036168436192614936
AverageParticleSpeed,ParticlesDetected,Pressure,RainAccumulated,RainIntensity,RainRate,Temperature,VolumeEquivalentDiameter,WindSpeed,0.19018000997111903,0.036168436192614936
AverageParticleSpeed,Humidity,ParticlesDetected,RadarReflectivity,RainAbsolute,RainAccumulated,RainIntensity,SnowDepthIntensity,Temperature,0.19016129603948,0.036161318511414756
Humidity,ParticlesDetected,RadarReflectivity,RainAbsolute,RainAccumulated,RainIntensity,RainRate,SnowDepthIntensity,Temperature,0.19016129603948,0.036161318511414756
Humidity,ParticlesDetected,RadarReflectivity,RainAbsolute,RainAccumulated,RainIntensity,SnowDepthIntensity,Temperature,VolumeEquivalentDiameter,0.19016129603947998,0.03616131851141474
AverageParticleSpeed,KineticEnergy,RainAbsolute,RainAccumulated,RainIntensity,SnowDepthIntensity,Temperature,VolumeEquivalentDiameter,WeatherCode4680,0.19002340500447373,0.03610889444949425
KineticEnergy,RainAbsolute,RainAccumulated,RainIntensity,RainRate,SnowDepthIntensity,Temperature,VolumeEquivalentDiameter,WeatherCode4680,0.19002340500447373,0.03610889444949425
AverageParticleSpeed,KineticEnergy,RainAbsolute,RainAccumulated,RainIntensity,RainRate,SnowDepthIntensity,Temperature,WeatherCode4680,0.19002340500447368,0.03610889444949423
Humidity,ParticlesDetected,Pressure,RadarReflectivity,RainAbsolute,RainAccumulated,RainRate,SnowDepthIntensity,WindSpeed,0.18999394180980536,0.036097697924427706
Humidity,ParticlesDetected,Pressure,RadarReflectivity,RainAbsolute,RainAccumulated,SnowDepthIntensity,VolumeEquivalentDiameter,WindSpeed,0.18999394180980533,0.03609769792442769
AverageParticleSpeed,Humidity,ParticlesDetected,Pressure,RadarReflectivity,RainAbsolute,RainAccumulated,SnowDepthIntensity,WindSpeed,0.18999394180980528,0.03609769792442767
Humidity,ParticlesDetected,Pressure,RadarReflectivity,RainAbsolute,RainAccumulated,RainIntensity,SnowDepthIntensity,Temperature,0.18979869860302898,0.036023545991403436
AverageParticleSpeed,RainAbsolute,RainAccumulated,RainIntensity,RainRate,SnowDepthIntensity,VolumeEquivalentDiameter,WeatherCode4680,WindSpeed,0.1897953000234328,0.036022255910984874
Humidity,KineticEnergy,ParticlesDetected,RadarReflectivity,RainAbsolute,RainAccumulated,RainRate,SnowDepthIntensity,Temperature,0.18973501863450531,0.035999377296236076
Humidity,KineticEnergy,ParticlesDetected,RadarReflectivity,RainAbsolute,RainAccumulated,SnowDepthIntensity,Temperature,VolumeEquivalentDiameter,0.1897350186345052,0.035999377296236035
AverageParticleSpeed,Humidity,KineticEnergy,ParticlesDetected,RadarReflectivity,RainAbsolute,RainAccumulated,SnowDepthIntensity,Temperature,0.18973501863450512,0.03599937729623601
KineticEnergy,Pressure,RainAbsolute,RainAccumulated,RainIntensity,RainRate,SnowDepthIntensity,Temperature,WeatherCode4680,0.18970062204743954,0.035986326005185504
AverageParticleSpeed,KineticEnergy,Pressure,RainAbsolute,RainAccumulated,RainIntensity,SnowDepthIntensity,Temperature,WeatherCode4680,0.1897006220474395,0.03598632600518549
KineticEnergy,Pressure,RainAbsolute,RainAccumulated,RainIntensity,SnowDepthIntensity,Temperature,VolumeEquivalentDiameter,WeatherCode4680,0.1897006220474395,0.03598632600518549
AverageParticleSpeed,KineticEnergy,ParticlesDetected,RainAbsolute,RainIntensity,RainRate,SnowDepthIntensity,VolumeEquivalentDiameter,WindSpeed,0.18955361520179906,0.03593057303607171
AverageParticleSpeed,KineticEnergy,ParticlesDetected,RainAccumulated,RainIntensity,RainRate,SnowDepthIntensity,VolumeEquivalentDiameter,WindSpeed,0.18955361520179906,0.03593057303607171
AverageParticleSpeed,KineticEnergy,RainAbsolute,RainAccumulated,RainRate,SnowDepthIntensity,VolumeEquivalentDiameter,WeatherCode4680,WindSpeed,0.18948107645763715,0.03590307833554494
AverageParticleSpeed,Pressure,RainAbsolute,RainAccumulated,RainIntensity,SnowDepthIntensity,VolumeEquivalentDiameter,WeatherCode4680,WindSpeed,0.18945062195869117,0.03589153816053492
AverageParticleSpeed,Pressure,RainAbsolute,RainAccumulated,RainIntensity,RainRate,SnowDepthIntensity,WeatherCode4680,WindSpeed,0.18945062195869092,0.03589153816053482
Pressure,RainAbsolute,RainAccumulated,RainIntensity,RainRate,SnowDepthIntensity,VolumeEquivalentDiameter,WeatherCode4680,WindSpeed,0.18945062195869092,0.03589153816053482
Humidity,KineticEnergy,ParticlesDetected,Pressure,RadarReflectivity,RainAbsolute,RainAccumulated,SnowDepthIntensity,Temperature,0.18937237942357865,0.03586189808854783
Humidity,ParticlesDetected,RadarReflectivity,RainAbsolute,RainAccumulated,RainIntensity,RainRate,SnowDepthIntensity,WindSpeed,0.18921130723185933,0.03580091878438906
AverageParticleSpeed,Humidity,ParticlesDetected,RadarReflectivity,RainAbsolute,RainAccumulated,RainIntensity,SnowDepthIntensity,WindSpeed,0.1892113072318591,0.03580091878438898
Humidity,ParticlesDetected,RadarReflectivity,RainAbsolute,RainAccumulated,RainIntensity,SnowDepthIntensity,VolumeEquivalentDiameter,WindSpeed,0.18921130723185894,0.035800918784388916
AverageParticleSpeed,KineticEnergy,ParticlesDetected,Pressure,RainAbsolute,RainRate,Temperature,VolumeEquivalentDiameter,WindSpeed,0.1891945158913033,0.03579456484334461
AverageParticleSpeed,KineticEnergy,ParticlesDetected,Pressure,RainAccumulated,RainRate,Temperature,VolumeEquivalentDiameter,WindSpeed,0.1891945158913033,0.03579456484334461
AverageParticleSpeed,KineticEnergy,Pressure,RainAbsolute,RainAccumulated,RainRate,SnowDepthIntensity,WeatherCode4680,WindSpeed,0.18913643282438472,0.03577259022153299
KineticEnergy,Pressure,RainAbsolute,RainAccumulated,RainRate,SnowDepthIntensity,VolumeEquivalentDiameter,WeatherCode4680,WindSpeed,0.18913643282438472,0.03577259022153299
AverageParticleSpeed,KineticEnergy,Pressure,RainAbsolute,RainAccumulated,SnowDepthIntensity,VolumeEquivalentDiameter,WeatherCode4680,WindSpeed,0.18913643282438447,0.035772590221532896
Humidity,ParticlesDetected,Pressure,RadarReflectivity,RainAbsolute,RainAccumulated,RainIntensity,SnowDepthIntensity,WindSpeed,0.18882039463456135,0.03565314142995148
AverageParticleSpeed,KineticEnergy,ParticlesDetected,Pressure,RainAbsolute,RainIntensity,RainRate,SnowDepthIntensity,WindSpeed,0.18876700545200054,0.0356329823473156
AverageParticleSpeed,KineticEnergy,ParticlesDetected,Pressure,RainAccumulated,RainIntensity,RainRate,SnowDepthIntensity,WindSpeed,0.18876700545200054,0.0356329823473156
KineticEnergy,ParticlesDetected,Pressure,RainAbsolute,RainIntensity,RainRate,SnowDepthIntensity,VolumeEquivalentDiameter,WindSpeed,0.18876700545200054,0.0356329823473156
KineticEnergy,ParticlesDetected,Pressure,RainAccumulated,RainIntensity,RainRate,SnowDepthIntensity,VolumeEquivalentDiameter,WindSpeed,0.18876700545200054,0.0356329823473156
AverageParticleSpeed,KineticEnergy,ParticlesDetected,Pressure,RainAbsolute,RainIntensity,SnowDepthIntensity,VolumeEquivalentDiameter,WindSpeed,0.1887670054520005,0.03563298234731559
AverageParticleSpeed,KineticEnergy,ParticlesDetected,Pressure,RainAccumulated,RainIntensity,SnowDepthIntensity,VolumeEquivalentDiameter,WindSpeed,0.1887670054520005,0.03563298234731559
Humidity,KineticEnergy,ParticlesDetected,RadarReflectivity,RainAbsolute,RainAccumulated,SnowDepthIntensity,VolumeEquivalentDiameter,WindSpeed,0.18875110634916484,0.035626980148033734
Humidity,KineticEnergy,ParticlesDetected,RadarReflectivity,RainAbsolute,RainAccumulated,RainRate,SnowDepthIntensity,WindSpeed,0.1887511063491648,0.03562698014803373
AverageParticleSpeed,Humidity,KineticEnergy,ParticlesDetected,RadarReflectivity,RainAbsolute,RainAccumulated,SnowDepthIntensity,WindSpeed,0.1887511063491647,0.035626980148033685
Humidity,KineticEnergy,ParticlesDetected,RadarReflectivity,RainAbsolute,RainAccumulated,RainIntensity,SnowDepthIntensity,Temperature,0.18864280320948418,0.03558610720273218
AverageParticleSpeed,Pressure,RainAbsolute,RainAccumulated,RainRate,Temperature,VolumeEquivalentDiameter,WeatherCode4680,WindSpeed,0.18861868787479596,0.0355770094156097
AverageParticleSpeed,KineticEnergy,RainAbsolute,RainAccumulated,RainIntensity,SnowDepthIntensity,VolumeEquivalentDiameter,WeatherCode4680,WindSpeed,0.1885517882364244,0.03555177684715343
AverageParticleSpeed,KineticEnergy,RainAbsolute,RainAccumulated,RainIntensity,RainRate,SnowDepthIntensity,WeatherCode4680,WindSpeed,0.18855178823642427,0.03555177684715338
KineticEnergy,RainAbsolute,RainAccumulated,RainIntensity,RainRate,SnowDepthIntensity,VolumeEquivalentDiameter,WeatherCode4680,WindSpeed,0.18855178823642427,0.03555177684715338
AverageParticleSpeed,Humidity,ParticlesDetected,RadarReflectivity,RainAbsolute,RainAccumulated,RainRate,Temperature,WindSpeed,0.18842523292658747,0.03550406840343874
Humidity,ParticlesDetected,RadarReflectivity,RainAbsolute,RainAccumulated,RainRate,Temperature,VolumeEquivalentDiameter,WindSpeed,0.18842523292658747,0.03550406840343874
AverageParticleSpeed,Humidity,ParticlesDetected,RadarReflectivity,RainAbsolute,RainAccumulated,Temperature,VolumeEquivalentDiameter,WindSpeed,0.18842523292658733,0.03550406840343869
Humidity,KineticEnergy,ParticlesDetected,Pressure,RadarReflectivity,RainAbsolute,RainAccumulated,SnowDepthIntensity,WindSpeed,0.18836020151215319,0.035479565513698956
KineticEnergy,Pressure,RainAbsolute,RainAccumulated,RainIntensity,RainRate,SnowDepthIntensity,WeatherCode4680,WindSpeed,0.18820718994600605,0.035421946347372
AverageParticleSpeed,KineticEnergy,Pressure,RainAbsolute,RainAccumulated,RainIntensity,SnowDepthIntensity,WeatherCode4680,WindSpeed,0.18820718994600602,0.03542194634737199
KineticEnergy,Pressure,RainAbsolute,RainAccumulated,RainIntensity,SnowDepthIntensity,VolumeEquivalentDiameter,WeatherCode4680,WindSpeed,0.188207189946006,0.03542194634737198
AverageParticleSpeed,RainAbsolute,RainAccumulated,RainIntensity,RainRate,Temperature,VolumeEquivalentDiameter,WeatherCode4680,WindSpeed,0.18804986551039207,0.03536275191847654
AverageParticleSpeed,Humidity,ParticlesDetected,Pressure,RadarReflectivity,RainAbsolute,RainAccumulated,Temperature,WindSpeed,0.18802880109798153,0.035354830042344305
Humidity,ParticlesDetected,Pressure,RadarReflectivity,RainAbsolute,RainAccumulated,Temperature,VolumeEquivalentDiameter,WindSpeed,0.18802880109798153,0.035354830042344305
Humidity,ParticlesDetected,Pressure,RadarReflectivity,RainAbsolute,RainAccumulated,RainRate,Temperature,WindSpeed,0.18802880109798148,0.035354830042344285
AverageParticleSpeed,Pressure,RadarReflectivity,RainAbsolute,RainRate,SnowDepthIntensity,Temperature,VolumeEquivalentDiameter,WindSpeed,0.18784081741402503,0.03528417268676909
AverageParticleSpeed,Pressure,RadarReflectivity,RainAccumulated,RainRate,SnowDepthIntensity,Temperature,VolumeEquivalentDiameter,WindSpeed,0.18784081741402503,0.03528417268676909
AverageParticleSpeed,KineticEnergy,RainAbsolute,RainAccumulated,RainRate,Temperature,VolumeEquivalentDiameter,WeatherCode4680,WindSpeed,0.18773760368889858,0.03524540783884995
AverageParticleSpeed,Pressure,RainAbsolute,RainAccumulated,RainIntensity,Temperature,VolumeEquivalentDiameter,WeatherCode4680,WindSpeed,0.18770099027839338,0.03523166175148953
AverageParticleSpeed,Pressure,RainAbsolute,RainAccumulated,RainIntensity,RainRate,Temperature,WeatherCode4680,WindSpeed,0.1877009902783933,0.03523166175148949
Pressure,RainAbsolute,RainAccumulated,RainIntensity,RainRate,Temperature,VolumeEquivalentDiameter,WeatherCode4680,WindSpeed,0.18770099027839318,0.03523166175148945
AverageParticleSpeed,KineticEnergy,ParticlesDetected,RainAbsolute,RainIntensity,RainRate,Temperature,VolumeEquivalentDiameter,WindSpeed,0.18766912385556106,0.035219700048713914
AverageParticleSpeed,KineticEnergy,ParticlesDetected,RainAccumulated,RainIntensity,RainRate,Temperature,VolumeEquivalentDiameter,WindSpeed,0.18766912385556106,0.035219700048713914
Humidity,KineticEnergy,ParticlesDetected,RadarReflectivity,RainAbsolute,RainAccumulated,RainIntensity,SnowDepthIntensity,WindSpeed,0.1875852995230497,0.03518824459715227
KineticEnergy,Pressure,RainAbsolute,RainAccumulated,RainRate,Temperature,VolumeEquivalentDiameter,WeatherCode4680,WindSpeed,0.1873887690105883,0.03511455075130362
AverageParticleSpeed,KineticEnergy,Pressure,RainAbsolute,RainAccumulated,RainRate,Temperature,WeatherCode4680,WindSpeed,0.18738876901058826,0.035114550751303604
AverageParticleSpeed,KineticEnergy,Pressure,RainAbsolute,RainAccumulated,Temperature,VolumeEquivalentDiameter,WeatherCode4680,WindSpeed,0.18738876901058812,0.035114550751303555
Humidity,ParticlesDetected,RadarReflectivity,RainAbsolute,RainAccumulated,RainIntensity,RainRate,Temperature,WindSpeed,0.1872679510962321,0.035069285507780774
AverageParticleSpeed,Humidity,ParticlesDetected,RadarReflectivity,RainAbsolute,RainAccumulated,RainIntensity,Temperature,WindSpeed,0.18726795109623204,0.035069285507780754
Humidity,ParticlesDetected,RadarReflectivity,RainAbsolute,RainAccumulated,RainIntensity,Temperature,VolumeEquivalentDiameter,WindSpeed,0.18726795109623193,0.03506928550778071
Humidity,ParticlesDetected,Pressure,RadarReflectivity,RainAbsolute,RainAccumulated,RainIntensity,Temperature,WindSpeed,0.18687146097946222,0.034920942928598674
AverageParticleSpeed,KineticEnergy,ParticlesDetected,Pressure,RainAbsolute,RainIntensity,RainRate,Temperature,WindSpeed,0.18685992985301733,0.03491663338467456
AverageParticleSpeed,KineticEnergy,ParticlesDetected,Pressure,RainAccumulated,RainIntensity,RainRate,Temperature,WindSpeed,0.18685992985301733,0.03491663338467456
KineticEnergy,ParticlesDetected,Pressure,RainAbsolute,RainIntensity,RainRate,Temperature,VolumeEquivalentDiameter,WindSpeed,0.18685992985301728,0.03491663338467454
KineticEnergy,ParticlesDetected,Pressure,RainAccumulated,RainIntensity,RainRate,Temperature,VolumeEquivalentDiameter,WindSpeed,0.18685992985301728,0.03491663338467454
AverageParticleSpeed,KineticEnergy,ParticlesDetected,Pressure,RainAbsolute,RainIntensity,Temperature,VolumeEquivalentDiameter,WindSpeed,0.18685992985301725,0.034916633384674524
AverageParticleSpeed,KineticEnergy,ParticlesDetected,Pressure,RainAccumulated,RainIntensity,Temperature,VolumeEquivalentDiameter,WindSpeed,0.18685992985301725,0.034916633384674524
KineticEnergy,RainAbsolute,RainAccumulated,RainIntensity,RainRate,Temperature,VolumeEquivalentDiameter,WeatherCode4680,WindSpeed,0.18682148544876487,0.034902267425283066
AverageParticleSpeed,KineticEnergy,RainAbsolute,RainAccumulated,RainIntensity,RainRate,Temperature,WeatherCode4680,WindSpeed,0.1868214854487648,0.034902267425283046
AverageParticleSpeed,KineticEnergy,RainAbsolute,RainAccumulated,RainIntensity,Temperature,VolumeEquivalentDiameter,WeatherCode4680,WindSpeed,0.1868214854487647,0.034902267425283004
Humidity,KineticEnergy,ParticlesDetected,RadarReflectivity,RainAbsolute,RainAccumulated,RainRate,Temperature,WindSpeed,0.18680911682498408,0.03489764612893055
Humidity,KineticEnergy,ParticlesDetected,RadarReflectivity,RainAbsolute,RainAccumulated,Temperature,VolumeEquivalentDiameter,WindSpeed,0.18680911682498397,0.03489764612893051
AverageParticleSpeed,Humidity,KineticEnergy,ParticlesDetected,RadarReflectivity,RainAbsolute,RainAccumulated,Temperature,WindSpeed,0.1868091168249839,0.03489764612893049
KineticEnergy,Pressure,RainAbsolute,RainAccumulated,RainIntensity,RainRate,Temperature,WeatherCode4680,WindSpeed,0.18647270987401351,0.03477207152775802
AverageParticleSpeed,KineticEnergy,Pressure,RainAbsolute,RainAccumulated,RainIntensity,Temperature,WeatherCode4680,WindSpeed,0.1864727098740134,0.03477207152775798
KineticEnergy,Pressure,RainAbsolute,RainAccumulated,RainIntensity,Temperature,VolumeEquivalentDiameter,WeatherCode4680,WindSpeed,0.18647270987401338,0.034772071527757964
AverageParticleSpeed,RadarReflectivity,RainAbsolute,RainIntensity,RainRate,SnowDepthIntensity,Temperature,VolumeEquivalentDiameter,WindSpeed,0.18646999039829784,0.03477105731914129
AverageParticleSpeed,RadarReflectivity,RainAccumulated,RainIntensity,RainRate,SnowDepthIntensity,Temperature,VolumeEquivalentDiameter,WindSpeed,0.18646999039829784,0.03477105731914129
Humidity,KineticEnergy,ParticlesDetected,Pressure,RadarReflectivity,RainAbsolute,RainAccumulated,Temperature,WindSpeed,0.1864126457941568,0.03474967451197777
AverageParticleSpeed,Pressure,RadarReflectivity,RainAbsolute,RainIntensity,RainRate,SnowDepthIntensity,Temperature,WindSpeed,0.18567807143209766,0.034476346210743164
AverageParticleSpeed,Pressure,RadarReflectivity,RainAccumulated,RainIntensity,RainRate,SnowDepthIntensity,Temperature,WindSpeed,0.18567807143209766,0.034476346210743164
Pressure,RadarReflectivity,RainAbsolute,RainIntensity,RainRate,SnowDepthIntensity,Temperature,VolumeEquivalentDiameter,WindSpeed,0.18567807143209766,0.034476346210743164
Pressure,RadarReflectivity,RainAccumulated,RainIntensity,RainRate,SnowDepthIntensity,Temperature,VolumeEquivalentDiameter,WindSpeed,0.18567807143209766,0.034476346210743164
AverageParticleSpeed,Pressure,RadarReflectivity,RainAbsolute,RainIntensity,SnowDepthIntensity,Temperature,VolumeEquivalentDiameter,WindSpeed,0.18567807143209764,0.03447634621074315
AverageParticleSpeed,Pressure,RadarReflectivity,RainAccumulated,RainIntensity,SnowDepthIntensity,Temperature,VolumeEquivalentDiameter,WindSpeed,0.18567807143209764,0.03447634621074315
Humidity,KineticEnergy,ParticlesDetected,RadarReflectivity,RainAbsolute,RainAccumulated,RainIntensity,Temperature,WindSpeed,0.18565889533751045,0.034469225417944664
AverageParticleSpeed,KineticEnergy,RadarReflectivity,RainAbsolute,RainRate,SnowDepthIntensity,Temperature,VolumeEquivalentDiameter,WindSpeed,0.1856353824532688,0.03446049521857138
AverageParticleSpeed,KineticEnergy,RadarReflectivity,RainAccumulated,RainRate,SnowDepthIntensity,Temperature,VolumeEquivalentDiameter,WindSpeed,0.1856353824532688,0.03446049521857138
AverageParticleSpeed,KineticEnergy,Pressure,RadarReflectivity,RainAbsolute,SnowDepthIntensity,Temperature,VolumeEquivalentDiameter,WindSpeed,0.18484402026966956,0.03416731182945401
AverageParticleSpeed,KineticEnergy,Pressure,RadarReflectivity,RainAccumulated,SnowDepthIntensity,Temperature,VolumeEquivalentDiameter,WindSpeed,0.18484402026966956,0.03416731182945401
KineticEnergy,Pressure,RadarReflectivity,RainAbsolute,RainRate,SnowDepthIntensity,Temperature,VolumeEquivalentDiameter,WindSpeed,0.18484402026966956,0.03416731182945401
KineticEnergy,Pressure,RadarReflectivity,RainAccumulated,RainRate,SnowDepthIntensity,Temperature,VolumeEquivalentDiameter,WindSpeed,0.18484402026966956,0.03416731182945401
AverageParticleSpeed,KineticEnergy,Pressure,RadarReflectivity,RainAbsolute,RainRate,SnowDepthIntensity,Temperature,WindSpeed,0.18484402026966953,0.034167311829454004
AverageParticleSpeed,KineticEnergy,Pressure,RadarReflectivity,RainAccumulated,RainRate,SnowDepthIntensity,Temperature,WindSpeed,0.18484402026966953,0.034167311829454004
AverageParticleSpeed,KineticEnergy,RadarReflectivity,RainAbsolute,RainIntensity,RainRate,SnowDepthIntensity,Temperature,WindSpeed,0.1834943177895,0.03367016466103402
AverageParticleSpeed,KineticEnergy,RadarReflectivity,RainAccumulated,RainIntensity,RainRate,SnowDepthIntensity,Temperature,WindSpeed,0.1834943177895,0.03367016466103402
KineticEnergy,RadarReflectivity,RainAbsolute,RainIntensity,RainRate,SnowDepthIntensity,Temperature,VolumeEquivalentDiameter,WindSpeed,0.1834943177895,0.03367016466103402
KineticEnergy,RadarReflectivity,RainAccumulated,RainIntensity,RainRate,SnowDepthIntensity,Temperature,VolumeEquivalentDiameter,WindSpeed,0.1834943177895,0.03367016466103402
AverageParticleSpeed,KineticEnergy,RadarReflectivity,RainAbsolute,RainIntensity,SnowDepthIntensity,Temperature,VolumeEquivalentDiameter,WindSpeed,0.18349431778949993,0.03367016466103399
AverageParticleSpeed,KineticEnergy,RadarReflectivity,RainAccumulated,RainIntensity,SnowDepthIntensity,Temperature,VolumeEquivalentDiameter,WindSpeed,0.18349431778949993,0.03367016466103399
AverageParticleSpeed,KineticEnergy,Pressure,RadarReflectivity,RainAbsolute,RainIntensity,SnowDepthIntensity,Temperature,WindSpeed,0.18270409360307208,0.03338078581932012
AverageParticleSpeed,KineticEnergy,Pressure,RadarReflectivity,RainAccumulated,RainIntensity,SnowDepthIntensity,Temperature,WindSpeed,0.18270409360307208,0.03338078581932012
KineticEnergy,Pressure,RadarReflectivity,RainAbsolute,RainIntensity,SnowDepthIntensity,Temperature,VolumeEquivalentDiameter,WindSpeed,0.18270409360307202,0.0333807858193201
KineticEnergy,Pressure,RadarReflectivity,RainAccumulated,RainIntensity,SnowDepthIntensity,Temperature,VolumeEquivalentDiameter,WindSpeed,0.18270409360307202,0.0333807858193201
KineticEnergy,Pressure,RadarReflectivity,RainAbsolute,RainIntensity,RainRate,SnowDepthIntensity,Temperature,WindSpeed,0.1827040936030719,0.03338078581932006
KineticEnergy,Pressure,RadarReflectivity,RainAccumulated,RainIntensity,RainRate,SnowDepthIntensity,Temperature,WindSpeed,0.1827040936030719,0.03338078581932006
AverageParticleSpeed,RainAbsolute,RainAccumulated,RainRate,SnowDepthIntensity,Temperature,VolumeEquivalentDiameter,WeatherCode4680,WindSpeed,0.18107042928406555,0.032786500361115786
AverageParticleSpeed,Pressure,RainAbsolute,RainAccumulated,RainRate,SnowDepthIntensity,Temperature,WeatherCode4680,WindSpeed,0.18072172032705897,0.03266034019797172
Pressure,RainAbsolute,RainAccumulated,RainRate,SnowDepthIntensity,Temperature,VolumeEquivalentDiameter,WeatherCode4680,WindSpeed,0.18072172032705894,0.032660340197971705
AverageParticleSpeed,Pressure,RainAbsolute,RainAccumulated,SnowDepthIntensity,Temperature,VolumeEquivalentDiameter,WeatherCode4680,WindSpeed,0.18072172032705885,0.03266034019797168
AverageParticleSpeed,RainAbsolute,RainAccumulated,RainIntensity,SnowDepthIntensity,Temperature,VolumeEquivalentDiameter,WeatherCode4680,WindSpeed,0.18018540217226722,0.03246677915598168
AverageParticleSpeed,RainAbsolute,RainAccumulated,RainIntensity,RainRate,SnowDepthIntensity,Temperature,WeatherCode4680,WindSpeed,0.18018540217226706,0.032466779155981625
RainAbsolute,RainAccumulated,RainIntensity,RainRate,SnowDepthIntensity,Temperature,VolumeEquivalentDiameter,WeatherCode4680,WindSpeed,0.18018540217226706,0.032466779155981625
KineticEnergy,RainAbsolute,RainAccumulated,RainRate,SnowDepthIntensity,Temperature,VolumeEquivalentDiameter,WeatherCode4680,WindSpeed,0.17988730525882224,0.0323594425932807
AverageParticleSpeed,KineticEnergy,RainAbsolute,RainAccumulated,RainRate,SnowDepthIntensity,Temperature,WeatherCode4680,WindSpeed,0.1798873052588222,0.032359442593280684
AverageParticleSpeed,KineticEnergy,RainAbsolute,RainAccumulated,SnowDepthIntensity,Temperature,VolumeEquivalentDiameter,WeatherCode4680,WindSpeed,0.1798873052588222,0.032359442593280684
Pressure,RainAbsolute,RainAccumulated,RainIntensity,RainRate,SnowDepthIntensity,Temperature,WeatherCode4680,WindSpeed,0.1798368464687023,0.0323412913478076
AverageParticleSpeed,Pressure,RainAbsolute,RainAccumulated,RainIntensity,SnowDepthIntensity,Temperature,WeatherCode4680,WindSpeed,0.17983684646870213,0.03234129134780754
Pressure,RainAbsolute,RainAccumulated,RainIntensity,SnowDepthIntensity,Temperature,VolumeEquivalentDiameter,WeatherCode4680,WindSpeed,0.1798368464687021,0.032341291347807534
AverageParticleSpeed,KineticEnergy,Pressure,RainAbsolute,RainAccumulated,SnowDepthIntensity,Temperature,WeatherCode4680,WindSpeed,0.17953883030367998,0.0322341915868136
KineticEnergy,Pressure,RainAbsolute,RainAccumulated,RainRate,SnowDepthIntensity,Temperature,WeatherCode4680,WindSpeed,0.17953883030367998,0.0322341915868136
KineticEnergy,Pressure,RainAbsolute,RainAccumulated,SnowDepthIntensity,Temperature,VolumeEquivalentDiameter,WeatherCode4680,WindSpeed,0.17953883030367998,0.0322341915868136
KineticEnergy,RainAbsolute,RainAccumulated,RainIntensity,RainRate,SnowDepthIntensity,Temperature,WeatherCode4680,WindSpeed,0.17900454130117344,0.03204262580644351
KineticEnergy,RainAbsolute,RainAccumulated,RainIntensity,SnowDepthIntensity,Temperature,VolumeEquivalentDiameter,WeatherCode4680,WindSpeed,0.1790045413011732,0.03204262580644342
AverageParticleSpeed,KineticEnergy,RainAbsolute,RainAccumulated,RainIntensity,SnowDepthIntensity,Temperature,WeatherCode4680,WindSpeed,0.17900454130117316,0.03204262580644341
Humidity,ParticlesDetected,RadarReflectivity,RainAbsolute,RainAccumulated,RainRate,SnowDepthIntensity,Temperature,WindSpeed,0.1788210367757165,0.03197696319354216
AverageParticleSpeed,Humidity,ParticlesDetected,RadarReflectivity,RainAbsolute,RainAccumulated,SnowDepthIntensity,Temperature,WindSpeed,0.17882103677571648,0.031976963193542145
Humidity,ParticlesDetected,RadarReflectivity,RainAbsolute,RainAccumulated,SnowDepthIntensity,Temperature,VolumeEquivalentDiameter,WindSpeed,0.17882103677571645,0.03197696319354214
KineticEnergy,Pressure,RainAbsolute,RainAccumulated,RainIntensity,SnowDepthIntensity,Temperature,WeatherCode4680,WindSpeed,0.1786562366272668,0.03191805088581794
Humidity,ParticlesDetected,Pressure,RadarReflectivity,RainAbsolute,RainAccumulated,SnowDepthIntensity,Temperature,WindSpeed,0.17842416174454293,0.03183518149424282
Humidity,ParticlesDetected,RadarReflectivity,RainAbsolute,RainAccumulated,RainIntensity,SnowDepthIntensity,Temperature,WindSpeed,0.17772640610232435,0.031586675426048316
Humidity,KineticEnergy,ParticlesDetected,RadarReflectivity,RainAbsolute,RainAccumulated,SnowDepthIntensity,Temperature,WindSpeed,0.17730092654546165,0.031435618553879184
AverageParticleSpeed,ParticlesDetected,Pressure,RainAbsolute,RainRate,SnowDepthIntensity,Temperature,VolumeEquivalentDiameter,WindSpeed,0.17377407119628394,0.03019742782013116
AverageParticleSpeed,ParticlesDetected,Pressure,RainAccumulated,RainRate,SnowDepthIntensity,Temperature,VolumeEquivalentDiameter,WindSpeed,0.17377407119628394,0.03019742782013116
AverageParticleSpeed,Humidity,Pressure,RainAbsolute,RainAccumulated,RainIntensity,RainRate,VolumeEquivalentDiameter,WeatherCode4680,0.17329711224127825,0.030031889111166193
AverageParticleSpeed,Humidity,KineticEnergy,Pressure,RainAbsolute,RainAccumulated,RainRate,VolumeEquivalentDiameter,WeatherCode4680,0.17301456564632647,0.029934039925787012
AverageParticleSpeed,Humidity,KineticEnergy,RainAbsolute,RainAccumulated,RainIntensity,RainRate,VolumeEquivalentDiameter,WeatherCode4680,0.17251513800731874,0.02976147284168423
AverageParticleSpeed,ParticlesDetected,RainAbsolute,RainIntensity,RainRate,SnowDepthIntensity,Temperature,VolumeEquivalentDiameter,WindSpeed,0.1724624308996739,0.02974329007182479
AverageParticleSpeed,ParticlesDetected,RainAccumulated,RainIntensity,RainRate,SnowDepthIntensity,Temperature,VolumeEquivalentDiameter,WindSpeed,0.1724624308996739,0.02974329007182479
Humidity,KineticEnergy,Pressure,RainAbsolute,RainAccumulated,RainIntensity,RainRate,VolumeEquivalentDiameter,WeatherCode4680,0.17216942612761496,0.029642311293112265
AverageParticleSpeed,Humidity,KineticEnergy,Pressure,RainAbsolute,RainAccumulated,RainIntensity,RainRate,WeatherCode4680,0.17216942612761493,0.029642311293112254
AverageParticleSpeed,Humidity,KineticEnergy,Pressure,RainAbsolute,RainAccumulated,RainIntensity,VolumeEquivalentDiameter,WeatherCode4680,0.1721694261276148,0.02964231129311221
AverageParticleSpeed,KineticEnergy,Pressure,RainIntensity,RainRate,SnowDepthIntensity,Temperature,VolumeEquivalentDiameter,WindSpeed,-0.17201157495731922,0.02958798191929745
AverageParticleSpeed,Humidity,KineticEnergy,Pressure,RainIntensity,RainRate,SnowDepthIntensity,Temperature,VolumeEquivalentDiameter,-0.17180415459312115,0.02951666753545707
AverageParticleSpeed,ParticlesDetected,Pressure,RainAbsolute,RainIntensity,RainRate,SnowDepthIntensity,Temperature,WindSpeed,0.17166065207544515,0.02946737947096703
AverageParticleSpeed,ParticlesDetected,Pressure,RainAccumulated,RainIntensity,RainRate,SnowDepthIntensity,Temperature,WindSpeed,0.17166065207544515,0.02946737947096703
ParticlesDetected,Pressure,RainAbsolute,RainIntensity,RainRate,SnowDepthIntensity,Temperature,VolumeEquivalentDiameter,WindSpeed,0.17166065207544515,0.02946737947096703
ParticlesDetected,Pressure,RainAccumulated,RainIntensity,RainRate,SnowDepthIntensity,Temperature,VolumeEquivalentDiameter,WindSpeed,0.17166065207544515,0.02946737947096703
AverageParticleSpeed,ParticlesDetected,Pressure,RainAbsolute,RainIntensity,SnowDepthIntensity,Temperature,VolumeEquivalentDiameter,WindSpeed,0.17166065207544504,0.029467379470966993
AverageParticleSpeed,ParticlesDetected,Pressure,RainAccumulated,RainIntensity,SnowDepthIntensity,Temperature,VolumeEquivalentDiameter,WindSpeed,0.17166065207544504,0.029467379470966993
AverageParticleSpeed,KineticEnergy,ParticlesDetected,RainAbsolute,RainRate,SnowDepthIntensity,Temperature,VolumeEquivalentDiameter,WindSpeed,0.17161801804860488,0.02945274411893127
AverageParticleSpeed,KineticEnergy,ParticlesDetected,RainAccumulated,RainRate,SnowDepthIntensity,Temperature,VolumeEquivalentDiameter,WindSpeed,0.17161801804860488,0.02945274411893127
AverageParticleSpeed,KineticEnergy,ParticlesDetected,Pressure,RainAbsolute,SnowDepthIntensity,Temperature,VolumeEquivalentDiameter,WindSpeed,0.1708173077159176,0.029178552615314483
AverageParticleSpeed,KineticEnergy,ParticlesDetected,Pressure,RainAccumulated,SnowDepthIntensity,Temperature,VolumeEquivalentDiameter,WindSpeed,0.1708173077159176,0.029178552615314483
AverageParticleSpeed,KineticEnergy,ParticlesDetected,Pressure,RainAbsolute,RainRate,SnowDepthIntensity,Temperature,WindSpeed,0.1708173077159175,0.029178552615314445
AverageParticleSpeed,KineticEnergy,ParticlesDetected,Pressure,RainAccumulated,RainRate,SnowDepthIntensity,Temperature,WindSpeed,0.1708173077159175,0.029178552615314445
KineticEnergy,ParticlesDetected,Pressure,RainAbsolute,RainRate,SnowDepthIntensity,Temperature,VolumeEquivalentDiameter,WindSpeed,0.1708173077159174,0.029178552615314417
KineticEnergy,ParticlesDetected,Pressure,RainAccumulated,RainRate,SnowDepthIntensity,Temperature,VolumeEquivalentDiameter,WindSpeed,0.1708173077159174,0.029178552615314417
AverageParticleSpeed,KineticEnergy,ParticlesDetected,RainAbsolute,RainIntensity,RainRate,SnowDepthIntensity,Temperature,WindSpeed,0.169535876735676,0.028742413500534324
AverageParticleSpeed,KineticEnergy,ParticlesDetected,RainAccumulated,RainIntensity,RainRate,SnowDepthIntensity,Temperature,WindSpeed,0.169535876735676,0.028742413500534324
KineticEnergy,ParticlesDetected,RainAbsolute,RainIntensity,RainRate,SnowDepthIntensity,Temperature,VolumeEquivalentDiameter,WindSpeed,0.169535876735676,0.028742413500534324
KineticEnergy,ParticlesDetected,RainAccumulated,RainIntensity,RainRate,SnowDepthIntensity,Temperature,VolumeEquivalentDiameter,WindSpeed,0.169535876735676,0.028742413500534324
AverageParticleSpeed,KineticEnergy,ParticlesDetected,RainAbsolute,RainIntensity,SnowDepthIntensity,Temperature,VolumeEquivalentDiameter,WindSpeed,0.16953587673567572,0.02874241350053423
AverageParticleSpeed,KineticEnergy,ParticlesDetected,RainAccumulated,RainIntensity,SnowDepthIntensity,Temperature,VolumeEquivalentDiameter,WindSpeed,0.16953587673567572,0.02874241350053423
AverageParticleSpeed,Humidity,KineticEnergy,Pressure,RadarReflectivity,RainAbsolute,RainIntensity,RainRate,VolumeEquivalentDiameter,0.16922328996409103,0.02863652186627083
AverageParticleSpeed,Humidity,KineticEnergy,Pressure,RadarReflectivity,RainAccumulated,RainIntensity,RainRate,VolumeEquivalentDiameter,0.16922328996409103,0.02863652186627083
KineticEnergy,ParticlesDetected,Pressure,RainAbsolute,RainIntensity,SnowDepthIntensity,Temperature,VolumeEquivalentDiameter,WindSpeed,0.16873738153692106,0.028472303927936468
KineticEnergy,ParticlesDetected,Pressure,RainAccumulated,RainIntensity,SnowDepthIntensity,Temperature,VolumeEquivalentDiameter,WindSpeed,0.16873738153692106,0.028472303927936468
AverageParticleSpeed,KineticEnergy,ParticlesDetected,Pressure,RainAbsolute,RainIntensity,SnowDepthIntensity,Temperature,WindSpeed,0.168737381536921,0.028472303927936447
AverageParticleSpeed,KineticEnergy,ParticlesDetected,Pressure,RainAccumulated,RainIntensity,SnowDepthIntensity,Temperature,WindSpeed,0.168737381536921,0.028472303927936447
KineticEnergy,ParticlesDetected,Pressure,RainAbsolute,RainIntensity,RainRate,SnowDepthIntensity,Temperature,WindSpeed,0.168737381536921,0.028472303927936447
KineticEnergy,ParticlesDetected,Pressure,RainAccumulated,RainIntensity,RainRate,SnowDepthIntensity,Temperature,WindSpeed,0.168737381536921,0.028472303927936447
AverageParticleSpeed,Humidity,Pressure,RainAbsolute,RainAccumulated,RainRate,SnowDepthIntensity,VolumeEquivalentDiameter,WeatherCode4680,0.1668237491072818,0.027830163266209303
AverageParticleSpeed,Humidity,RainAbsolute,RainAccumulated,RainIntensity,RainRate,SnowDepthIntensity,VolumeEquivalentDiameter,WeatherCode4680,0.16635311695872537,0.027673359521883364
AverageParticleSpeed,Pressure,RadarReflectivity,RainAbsolute,RainAccumulated,RainIntensity,RainRate,VolumeEquivalentDiameter,WeatherCode4680,0.1661244358732942,0.027597328194220238
AverageParticleSpeed,Humidity,KineticEnergy,RainAbsolute,RainAccumulated,RainRate,SnowDepthIntensity,VolumeEquivalentDiameter,WeatherCode4680,0.166083360217105,0.02758368254100466
AverageParticleSpeed,Humidity,Pressure,RainAbsolute,RainAccumulated,RainIntensity,RainRate,SnowDepthIntensity,WeatherCode4680,0.16600802953608942,0.027558665870455138
Humidity,Pressure,RainAbsolute,RainAccumulated,RainIntensity,RainRate,SnowDepthIntensity,VolumeEquivalentDiameter,WeatherCode4680,0.16600802953608942,0.027558665870455138
AverageParticleSpeed,Humidity,Pressure,RainAbsolute,RainAccumulated,RainIntensity,SnowDepthIntensity,VolumeEquivalentDiameter,WeatherCode4680,0.16600802953608937,0.02755866587045512
AverageParticleSpeed,KineticEnergy,Pressure,RadarReflectivity,RainAbsolute,RainAccumulated,RainRate,VolumeEquivalentDiameter,WeatherCode4680,0.1658695105973719,0.027512694545811667
AverageParticleSpeed,Humidity,KineticEnergy,Pressure,RainAbsolute,RainAccumulated,RainRate,SnowDepthIntensity,WeatherCode4680,0.1657383696572438,0.027469207176641197
Humidity,KineticEnergy,Pressure,RainAbsolute,RainAccumulated,RainRate,SnowDepthIntensity,VolumeEquivalentDiameter,WeatherCode4680,0.16573836965724378,0.027469207176641187
AverageParticleSpeed,Humidity,KineticEnergy,Pressure,RainAbsolute,RainAccumulated,SnowDepthIntensity,VolumeEquivalentDiameter,WeatherCode4680,0.16573836965724362,0.02746920717664113
AverageParticleSpeed,KineticEnergy,RadarReflectivity,RainAbsolute,RainAccumulated,RainIntensity,RainRate,VolumeEquivalentDiameter,WeatherCode4680,0.16544991683010407,0.027373674979088353
Humidity,KineticEnergy,RainAbsolute,RainAccumulated,RainIntensity,RainRate,SnowDepthIntensity,VolumeEquivalentDiameter,WeatherCode4680,0.1652696978078569,0.027314073013500344
AverageParticleSpeed,Humidity,KineticEnergy,RainAbsolute,RainAccumulated,RainIntensity,RainRate,SnowDepthIntensity,WeatherCode4680,0.16526969780785689,0.027314073013500334
AverageParticleSpeed,Humidity,KineticEnergy,RainAbsolute,RainAccumulated,RainIntensity,SnowDepthIntensity,VolumeEquivalentDiameter,WeatherCode4680,0.16526969780785636,0.02731407301350016
AverageParticleSpeed,KineticEnergy,Pressure,RadarReflectivity,RainAbsolute,RainAccumulated,RainIntensity,VolumeEquivalentDiameter,WeatherCode4680,0.16513998390268164,0.02727121428337795
AverageParticleSpeed,KineticEnergy,Pressure,RadarReflectivity,RainAbsolute,RainAccumulated,RainIntensity,RainRate,WeatherCode4680,0.1651399839026814,0.027271214283377868
KineticEnergy,Pressure,RadarReflectivity,RainAbsolute,RainAccumulated,RainIntensity,RainRate,VolumeEquivalentDiameter,WeatherCode4680,0.1651399839026814,0.027271214283377868
Humidity,KineticEnergy,Pressure,RainAbsolute,RainAccumulated,RainIntensity,RainRate,SnowDepthIntensity,WeatherCode4680,0.1649249221984805,0.02720022996217485
AverageParticleSpeed,Humidity,KineticEnergy,Pressure,RainAbsolute,RainAccumulated,RainIntensity,SnowDepthIntensity,WeatherCode4680,0.16492492219848026,0.027200229962174766
Humidity,KineticEnergy,Pressure,RainAbsolute,RainAccumulated,RainIntensity,SnowDepthIntensity,VolumeEquivalentDiameter,WeatherCode4680,0.16492492219848026,0.027200229962174766
AverageParticleSpeed,Humidity,Pressure,RainAbsolute,RainAccumulated,RainRate,Temperature,VolumeEquivalentDiameter,WeatherCode4680,0.1644631906684976,0.027048141084862597
AverageParticleSpeed,Humidity,RainAbsolute,RainAccumulated,RainIntensity,RainRate,Temperature,VolumeEquivalentDiameter,WeatherCode4680,0.16401428402105164,0.026900685362938197
AverageParticleSpeed,Humidity,KineticEnergy,RainAbsolute,RainAccumulated,RainRate,Temperature,VolumeEquivalentDiameter,WeatherCode4680,0.16374870054303237,0.02681363692953169
AverageParticleSpeed,Humidity,Pressure,RainAbsolute,RainAccumulated,RainIntensity,Temperature,VolumeEquivalentDiameter,WeatherCode4680,0.1636653784201907,0.02678635609342422
AverageParticleSpeed,Humidity,Pressure,RainAbsolute,RainAccumulated,RainIntensity,RainRate,Temperature,WeatherCode4680,0.1636653784201905,0.026786356093424155
Humidity,Pressure,RainAbsolute,RainAccumulated,RainIntensity,RainRate,Temperature,VolumeEquivalentDiameter,WeatherCode4680,0.1636653784201905,0.026786356093424155
AverageParticleSpeed,Humidity,KineticEnergy,Pressure,RainAbsolute,RainAccumulated,Temperature,VolumeEquivalentDiameter,WeatherCode4680,0.16339990050038442,0.02669952748353553
AverageParticleSpeed,Humidity,KineticEnergy,Pressure,RainAbsolute,RainAccumulated,RainRate,Temperature,WeatherCode4680,0.16339990050038433,0.0266995274835355
Humidity,KineticEnergy,Pressure,RainAbsolute,RainAccumulated,RainRate,Temperature,VolumeEquivalentDiameter,WeatherCode4680,0.16339990050038433,0.0266995274835355
AverageParticleSpeed,Humidity,KineticEnergy,RainAbsolute,RainAccumulated,RainIntensity,RainRate,Temperature,WeatherCode4680,0.1629525521433867,0.02655353425004316
Humidity,KineticEnergy,RainAbsolute,RainAccumulated,RainIntensity,RainRate,Temperature,VolumeEquivalentDiameter,WeatherCode4680,0.1629525521433867,0.02655353425004316
AverageParticleSpeed,Humidity,KineticEnergy,RainAbsolute,RainAccumulated,RainIntensity,Temperature,VolumeEquivalentDiameter,WeatherCode4680,0.16295255214338655,0.026553534250043115
AverageParticleSpeed,ParticlesDetected,Pressure,RainAbsolute,RainAccumulated,RainIntensity,RainRate,VolumeEquivalentDiameter,WeatherCode4680,0.16275370444047466,0.02648876830909738
Humidity,KineticEnergy,Pressure,RainAbsolute,RainAccumulated,RainIntensity,RainRate,Temperature,WeatherCode4680,0.16260398634862067,0.026440056376462417
AverageParticleSpeed,Humidity,KineticEnergy,Pressure,RainAbsolute,RainAccumulated,RainIntensity,Temperature,WeatherCode4680,0.16260398634862056,0.02644005637646238
Humidity,KineticEnergy,Pressure,RainAbsolute,RainAccumulated,RainIntensity,Temperature,VolumeEquivalentDiameter,WeatherCode4680,0.1626039863486205,0.02644005637646236
AverageParticleSpeed,Humidity,Pressure,RainAbsolute,RainAccumulated,RainRate,VolumeEquivalentDiameter,WeatherCode4680,WindSpeed,0.16259548357236722,0.02643729127813194
AverageParticleSpeed,KineticEnergy,ParticlesDetected,Pressure,RainAbsolute,RainAccumulated,RainRate,VolumeEquivalentDiameter,WeatherCode4680,0.16248774595947932,0.026402267586992288
AverageParticleSpeed,Humidity,RainAbsolute,RainAccumulated,RainIntensity,RainRate,VolumeEquivalentDiameter,WeatherCode4680,WindSpeed,0.1621283627525504,0.026285606008822574
AverageParticleSpeed,KineticEnergy,ParticlesDetected,RainAbsolute,RainAccumulated,RainIntensity,RainRate,VolumeEquivalentDiameter,WeatherCode4680,0.16205706083425064,0.026262490966236014
AverageParticleSpeed,Humidity,KineticEnergy,RainAbsolute,RainAccumulated,RainRate,VolumeEquivalentDiameter,WeatherCode4680,WindSpeed,0.1618472360340617,0.026194527811865282
AverageParticleSpeed,Humidity,Pressure,RainAbsolute,RainAccumulated,RainIntensity,VolumeEquivalentDiameter,WeatherCode4680,WindSpeed,0.16175580008675094,0.026164938861704935
AverageParticleSpeed,Humidity,Pressure,RainAbsolute,RainAccumulated,RainIntensity,RainRate,WeatherCode4680,WindSpeed,0.16175580008675086,0.02616493886170491
Humidity,Pressure,RainAbsolute,RainAccumulated,RainIntensity,RainRate,VolumeEquivalentDiameter,WeatherCode4680,WindSpeed,0.16175580008675086,0.02616493886170491
AverageParticleSpeed,KineticEnergy,ParticlesDetected,Pressure,RainAbsolute,RainAccumulated,RainIntensity,VolumeEquivalentDiameter,WeatherCode4680,0.16174494854879296,0.02616142838105168
AverageParticleSpeed,KineticEnergy,ParticlesDetected,Pressure,RainAbsolute,RainAccumulated,RainIntensity,RainRate,WeatherCode4680,0.16174494854879287,0.026161428381051652
KineticEnergy,ParticlesDetected,Pressure,RainAbsolute,RainAccumulated,RainIntensity,RainRate,VolumeEquivalentDiameter,WeatherCode4680,0.16174494854879287,0.026161428381051652
AverageParticleSpeed,Humidity,KineticEnergy,Pressure,RainAbsolute,RainAccumulated,VolumeEquivalentDiameter,WeatherCode4680,WindSpeed,0.16147482208060188,0.026074118165962033
Humidity,KineticEnergy,Pressure,RainAbsolute,RainAccumulated,RainRate,VolumeEquivalentDiameter,WeatherCode4680,WindSpeed,0.16147482208060188,0.026074118165962033
AverageParticleSpeed,Humidity,KineticEnergy,Pressure,RainAbsolute,RainAccumulated,RainRate,WeatherCode4680,WindSpeed,0.16147482208060182,0.026074118165962012
AverageParticleSpeed,Humidity,KineticEnergy,RainAbsolute,RainAccumulated,RainIntensity,VolumeEquivalentDiameter,WeatherCode4680,WindSpeed,0.16100966359496954,0.02592411177096526
Humidity,KineticEnergy,RainAbsolute,RainAccumulated,RainIntensity,RainRate,VolumeEquivalentDiameter,WeatherCode4680,WindSpeed,0.16100966359496943,0.025924111770965225
AverageParticleSpeed,Humidity,KineticEnergy,RainAbsolute,RainAccumulated,RainIntensity,RainRate,WeatherCode4680,WindSpeed,0.1610096635949694,0.025924111770965215
AverageParticleSpeed,Humidity,KineticEnergy,Pressure,RainAbsolute,RainAccumulated,RainIntensity,WeatherCode4680,WindSpeed,0.1606375943298214,0.025804436712072266
Humidity,KineticEnergy,Pressure,RainAbsolute,RainAccumulated,RainIntensity,VolumeEquivalentDiameter,WeatherCode4680,WindSpeed,0.16063759432982133,0.025804436712072245
Humidity,KineticEnergy,Pressure,RainAbsolute,RainAccumulated,RainIntensity,RainRate,WeatherCode4680,WindSpeed,0.1606375943298212,0.025804436712072203
AverageParticleSpeed,Pressure,RadarReflectivity,RainAbsolute,RainAccumulated,RainRate,SnowDepthIntensity,VolumeEquivalentDiameter,WeatherCode4680,0.16056735085210427,0.02578187415966275
AverageParticleSpeed,RadarReflectivity,RainAbsolute,RainAccumulated,RainIntensity,RainRate,SnowDepthIntensity,VolumeEquivalentDiameter,WeatherCode4680,0.16017094133233395,0.025654730447285962
AverageParticleSpeed,KineticEnergy,RadarReflectivity,RainAbsolute,RainAccumulated,RainRate,SnowDepthIntensity,VolumeEquivalentDiameter,WeatherCode4680,0.15992768144456687,0.02557686329223486
AverageParticleSpeed,Pressure,RadarReflectivity,RainAbsolute,RainAccumulated,RainIntensity,SnowDepthIntensity,VolumeEquivalentDiameter,WeatherCode4680,0.15986248318489474,0.025556013530040753
AverageParticleSpeed,Pressure,RadarReflectivity,RainAbsolute,RainAccumulated,RainIntensity,RainRate,SnowDepthIntensity,WeatherCode4680,0.15986248318489463,0.02555601353004072
Pressure,RadarReflectivity,RainAbsolute,RainAccumulated,RainIntensity,RainRate,SnowDepthIntensity,VolumeEquivalentDiameter,WeatherCode4680,0.15986248318489463,0.02555601353004072
AverageParticleSpeed,KineticEnergy,Pressure,RadarReflectivity,RainAbsolute,RainAccumulated,SnowDepthIntensity,VolumeEquivalentDiameter,WeatherCode4680,0.1596193502062231,0.02547833696025689
AverageParticleSpeed,KineticEnergy,Pressure,RadarReflectivity,RainAbsolute,RainAccumulated,RainRate,SnowDepthIntensity,WeatherCode4680,0.159619350206223,0.025478336960256864
KineticEnergy,Pressure,RadarReflectivity,RainAbsolute,RainAccumulated,RainRate,SnowDepthIntensity,VolumeEquivalentDiameter,WeatherCode4680,0.159619350206223,0.025478336960256864
AverageParticleSpeed,KineticEnergy,RadarReflectivity,RainAbsolute,RainAccumulated,RainIntensity,RainRate,SnowDepthIntensity,WeatherCode4680,0.15922498857936493,0.025352596988098892
KineticEnergy,RadarReflectivity,RainAbsolute,RainAccumulated,RainIntensity,RainRate,SnowDepthIntensity,VolumeEquivalentDiameter,WeatherCode4680,0.15922498857936493,0.025352596988098892
AverageParticleSpeed,KineticEnergy,RadarReflectivity,RainAbsolute,RainAccumulated,RainIntensity,SnowDepthIntensity,VolumeEquivalentDiameter,WeatherCode4680,0.15922498857936443,0.025352596988098733
AverageParticleSpeed,Pressure,RadarReflectivity,RainAbsolute,RainAccumulated,RainRate,Temperature,VolumeEquivalentDiameter,WeatherCode4680,0.1589898737380388,0.02527777995123752
KineticEnergy,Pressure,RadarReflectivity,RainAbsolute,RainAccumulated,RainIntensity,RainRate,SnowDepthIntensity,WeatherCode4680,0.1589169505978303,0.02525459718731323
AverageParticleSpeed,KineticEnergy,Pressure,RadarReflectivity,RainAbsolute,RainAccumulated,RainIntensity,SnowDepthIntensity,WeatherCode4680,0.15891695059783018,0.025254597187313196
KineticEnergy,Pressure,RadarReflectivity,RainAbsolute,RainAccumulated,RainIntensity,SnowDepthIntensity,VolumeEquivalentDiameter,WeatherCode4680,0.15891695059783012,0.02525459718731318
AverageParticleSpeed,RadarReflectivity,RainAbsolute,RainAccumulated,RainIntensity,RainRate,Temperature,VolumeEquivalentDiameter,WeatherCode4680,0.15860462445491333,0.02515542689848409
AverageParticleSpeed,KineticEnergy,RadarReflectivity,RainAbsolute,RainAccumulated,RainRate,Temperature,VolumeEquivalentDiameter,WeatherCode4680,0.15836265950619227,0.02507873192587419
AverageParticleSpeed,Pressure,RadarReflectivity,RainAbsolute,RainAccumulated,RainIntensity,Temperature,VolumeEquivalentDiameter,WeatherCode4680,0.15829307536851464,0.025056697709622256
Pressure,RadarReflectivity,RainAbsolute,RainAccumulated,RainIntensity,RainRate,Temperature,VolumeEquivalentDiameter,WeatherCode4680,0.15829307536851453,0.02505669770962222
AverageParticleSpeed,Pressure,RadarReflectivity,RainAbsolute,RainAccumulated,RainIntensity,RainRate,Temperature,WeatherCode4680,0.1582930753685145,0.02505669770962221
AverageParticleSpeed,KineticEnergy,Pressure,RadarReflectivity,RainAbsolute,RainAccumulated,RainRate,Temperature,WeatherCode4680,0.158051242137142,0.02498019514109349
KineticEnergy,Pressure,RadarReflectivity,RainAbsolute,RainAccumulated,RainRate,Temperature,VolumeEquivalentDiameter,WeatherCode4680,0.15805124213714197,0.02498019514109348
AverageParticleSpeed,KineticEnergy,Pressure,RadarReflectivity,RainAbsolute,RainAccumulated,Temperature,VolumeEquivalentDiameter,WeatherCode4680,0.15805124213714192,0.024980195141093463
AverageParticleSpeed,Humidity,RainAbsolute,RainAccumulated,RainRate,SnowDepthIntensity,Temperature,VolumeEquivalentDiameter,WeatherCode4680,0.15790480210858754,0.024933926528952193
AverageParticleSpeed,KineticEnergy,RadarReflectivity,RainAbsolute,RainAccumulated,RainIntensity,Temperature,VolumeEquivalentDiameter,WeatherCode4680,0.15766784668527278,0.024859149878370682
KineticEnergy,RadarReflectivity,RainAbsolute,RainAccumulated,RainIntensity,RainRate,Temperature,VolumeEquivalentDiameter,WeatherCode4680,0.15766784668527264,0.02485914987837064
AverageParticleSpeed,KineticEnergy,RadarReflectivity,RainAbsolute,RainAccumulated,RainIntensity,RainRate,Temperature,WeatherCode4680,0.15766784668527262,0.02485914987837063
Humidity,Pressure,RainAbsolute,RainAccumulated,RainRate,SnowDepthIntensity,Temperature,VolumeEquivalentDiameter,WeatherCode4680,0.15755739198031687,0.02482433176763922
AverageParticleSpeed,Humidity,Pressure,RainAbsolute,RainAccumulated,RainRate,SnowDepthIntensity,Temperature,WeatherCode4680,0.15755739198031685,0.02482433176763921
AverageParticleSpeed,Humidity,Pressure,RainAbsolute,RainAccumulated,SnowDepthIntensity,Temperature,VolumeEquivalentDiameter,WeatherCode4680,0.15755739198031674,0.024824331767639176
AverageParticleSpeed,KineticEnergy,Pressure,RadarReflectivity,RainAbsolute,RainAccumulated,RainIntensity,Temperature,WeatherCode4680,0.15735673080699736,0.02476114073026583
KineticEnergy,Pressure,RadarReflectivity,RainAbsolute,RainAccumulated,RainIntensity,Temperature,VolumeEquivalentDiameter,WeatherCode4680,0.15735673080699736,0.02476114073026583
KineticEnergy,Pressure,RadarReflectivity,RainAbsolute,RainAccumulated,RainIntensity,RainRate,Temperature,WeatherCode4680,0.15735673080699733,0.02476114073026582
AverageParticleSpeed,ParticlesDetected,Pressure,RainAbsolute,RainAccumulated,RainRate,SnowDepthIntensity,VolumeEquivalentDiameter,WeatherCode4680,0.15726218903953437,0.024731396101506244
AverageParticleSpeed,Humidity,RainAbsolute,RainAccumulated,RainIntensity,RainRate,SnowDepthIntensity,Temperature,WeatherCode4680,0.15713662728855776,0.024691919635623116
Humidity,RainAbsolute,RainAccumulated,RainIntensity,RainRate,SnowDepthIntensity,Temperature,VolumeEquivalentDiameter,WeatherCode4680,0.15713662728855776,0.024691919635623116
AverageParticleSpeed,Humidity,RainAbsolute,RainAccumulated,RainIntensity,SnowDepthIntensity,Temperature,VolumeEquivalentDiameter,WeatherCode4680,0.1571366272885576,0.024691919635623064
AverageParticleSpeed,Humidity,KineticEnergy,RainAbsolute,RainAccumulated,RainRate,SnowDepthIntensity,Temperature,WeatherCode4680,0.15688328818524752,0.024612366111815425
AverageParticleSpeed,Humidity,KineticEnergy,RainAbsolute,RainAccumulated,SnowDepthIntensity,Temperature,VolumeEquivalentDiameter,WeatherCode4680,0.15688328818524752,0.024612366111815425
Humidity,KineticEnergy,RainAbsolute,RainAccumulated,RainRate,SnowDepthIntensity,Temperature,VolumeEquivalentDiameter,WeatherCode4680,0.15688328818524752,0.024612366111815425
AverageParticleSpeed,ParticlesDetected,RainAbsolute,RainAccumulated,RainIntensity,RainRate,SnowDepthIntensity,VolumeEquivalentDiameter,WeatherCode4680,0.15685616583959217,0.02460385676189764
Humidity,Pressure,RainAbsolute,RainAccumulated,RainIntensity,RainRate,SnowDepthIntensity,Temperature,WeatherCode4680,0.15678952201292384,0.02458295421304113
Humidity,Pressure,RainAbsolute,RainAccumulated,RainIntensity,SnowDepthIntensity,Temperature,VolumeEquivalentDiameter,WeatherCode4680,0.1567895220129237,0.024582954213041085
AverageParticleSpeed,Humidity,Pressure,RainAbsolute,RainAccumulated,RainIntensity,SnowDepthIntensity,Temperature,WeatherCode4680,0.15678952201292365,0.024582954213041068
AverageParticleSpeed,Humidity,KineticEnergy,ParticlesDetected,Pressure,RainAbsolute,RainIntensity,RainRate,VolumeEquivalentDiameter,0.15675416848881585,0.02457186933862007
AverageParticleSpeed,Humidity,KineticEnergy,ParticlesDetected,Pressure,RainAccumulated,RainIntensity,RainRate,VolumeEquivalentDiameter,0.15675416848881585,0.02457186933862007
AverageParticleSpeed,KineticEnergy,ParticlesDetected,RainAbsolute,RainAccumulated,RainRate,SnowDepthIntensity,VolumeEquivalentDiameter,WeatherCode4680,0.15660327275439276,0.024524585037386734
AverageParticleSpeed,ParticlesDetected,Pressure,RainAbsolute,RainAccumulated,RainIntensity,SnowDepthIntensity,VolumeEquivalentDiameter,WeatherCode4680,0.15654573311119374,0.024506566555321102
AverageParticleSpeed,ParticlesDetected,Pressure,RainAbsolute,RainAccumulated,RainIntensity,RainRate,SnowDepthIntensity,WeatherCode4680,0.15654573311119369,0.024506566555321085
ParticlesDetected,Pressure,RainAbsolute,RainAccumulated,RainIntensity,RainRate,SnowDepthIntensity,VolumeEquivalentDiameter,WeatherCode4680,0.15654573311119369,0.024506566555321085
AverageParticleSpeed,Humidity,KineticEnergy,Pressure,RainAbsolute,RainAccumulated,SnowDepthIntensity,Temperature,WeatherCode4680,0.15653631754158093,0.024503618709478658
Humidity,KineticEnergy,Pressure,RainAbsolute,RainAccumulated,SnowDepthIntensity,Temperature,VolumeEquivalentDiameter,WeatherCode4680,0.15653631754158093,0.024503618709478658
Humidity,KineticEnergy,Pressure,RainAbsolute,RainAccumulated,RainRate,SnowDepthIntensity,Temperature,WeatherCode4680,0.15653631754158082,0.024503618709478623
AverageParticleSpeed,Pressure,RadarReflectivity,RainAbsolute,RainAccumulated,RainRate,VolumeEquivalentDiameter,WeatherCode4680,WindSpeed,0.15642781812878573,0.024469662284532467
AverageParticleSpeed,KineticEnergy,ParticlesDetected,Pressure,RainAbsolute,RainAccumulated,RainRate,SnowDepthIntensity,WeatherCode4680,0.15629298707872935,0.02442749780999186
AverageParticleSpeed,KineticEnergy,ParticlesDetected,Pressure,RainAbsolute,RainAccumulated,SnowDepthIntensity,VolumeEquivalentDiameter,WeatherCode4680,0.15629298707872935,0.02442749780999186
KineticEnergy,ParticlesDetected,Pressure,RainAbsolute,RainAccumulated,RainRate,SnowDepthIntensity,VolumeEquivalentDiameter,WeatherCode4680,0.15629298707872935,0.02442749780999186
AverageParticleSpeed,Humidity,KineticEnergy,RainAbsolute,RainAccumulated,RainIntensity,SnowDepthIntensity,Temperature,WeatherCode4680,0.15611741778723637,0.024372648136554508
Humidity,KineticEnergy,RainAbsolute,RainAccumulated,RainIntensity,RainRate,SnowDepthIntensity,Temperature,WeatherCode4680,0.15611741778723637,0.024372648136554508
Humidity,KineticEnergy,RainAbsolute,RainAccumulated,RainIntensity,SnowDepthIntensity,Temperature,VolumeEquivalentDiameter,WeatherCode4680,0.15611741778723637,0.024372648136554508
AverageParticleSpeed,RadarReflectivity,RainAbsolute,RainAccumulated,RainIntensity,RainRate,VolumeEquivalentDiameter,WeatherCode4680,WindSpeed,0.1560374006978571,0.024347670416543614
AverageParticleSpeed,KineticEnergy,ParticlesDetected,RainAbsolute,RainAccumulated,RainIntensity,RainRate,SnowDepthIntensity,WeatherCode4680,0.15588971546442,0.024301603387577825
KineticEnergy,ParticlesDetected,RainAbsolute,RainAccumulated,RainIntensity,RainRate,SnowDepthIntensity,VolumeEquivalentDiameter,WeatherCode4680,0.15588971546441996,0.024301603387577815
AverageParticleSpeed,KineticEnergy,ParticlesDetected,RainAbsolute,RainAccumulated,RainIntensity,SnowDepthIntensity,VolumeEquivalentDiameter,WeatherCode4680,0.15588971546441976,0.024301603387577756
AverageParticleSpeed,KineticEnergy,RadarReflectivity,RainAbsolute,RainAccumulated,RainRate,VolumeEquivalentDiameter,WeatherCode4680,WindSpeed,0.15578640612109143,0.024269404332125634
Humidity,KineticEnergy,Pressure,RainAbsolute,RainAccumulated,RainIntensity,SnowDepthIntensity,Temperature,WeatherCode4680,0.15577076545981333,0.024264531371936175
AverageParticleSpeed,ParticlesDetected,Pressure,RainAbsolute,RainAccumulated,RainRate,Temperature,VolumeEquivalentDiameter,WeatherCode4680,0.15573892199876793,0.02425461182533832
AverageParticleSpeed,Humidity,RainAbsolute,RainAccumulated,RainRate,SnowDepthIntensity,VolumeEquivalentDiameter,WeatherCode4680,WindSpeed,0.15572442294242553,0.024250095900751428
AverageParticleSpeed,Pressure,RadarReflectivity,RainAbsolute,RainAccumulated,RainIntensity,RainRate,WeatherCode4680,WindSpeed,0.15570834088740626,0.02424508742190871
Pressure,RadarReflectivity,RainAbsolute,RainAccumulated,RainIntensity,RainRate,VolumeEquivalentDiameter,WeatherCode4680,WindSpeed,0.15570834088740626,0.02424508742190871
AverageParticleSpeed,Pressure,RadarReflectivity,RainAbsolute,RainAccumulated,RainIntensity,VolumeEquivalentDiameter,WeatherCode4680,WindSpeed,0.155708340887406,0.024245087421908635
AverageParticleSpeed,KineticEnergy,ParticlesDetected,Pressure,RainAbsolute,RainAccumulated,RainIntensity,SnowDepthIntensity,WeatherCode4680,0.15557976579909646,0.024205063526101706
KineticEnergy,ParticlesDetected,Pressure,RainAbsolute,RainAccumulated,RainIntensity,SnowDepthIntensity,VolumeEquivalentDiameter,WeatherCode4680,0.1555797657990964,0.02420506352610169
KineticEnergy,ParticlesDetected,Pressure,RainAbsolute,RainAccumulated,RainIntensity,RainRate,SnowDepthIntensity,WeatherCode4680,0.1555797657990963,0.024205063526101654
AverageParticleSpeed,KineticEnergy,Pressure,RadarReflectivity,RainAbsolute,RainAccumulated,VolumeEquivalentDiameter,WeatherCode4680,WindSpeed,0.15545751554601578,0.02416703913973974
AverageParticleSpeed,KineticEnergy,Pressure,RadarReflectivity,RainAbsolute,RainAccumulated,RainRate,WeatherCode4680,WindSpeed,0.1554575155460155,0.02416703913973965
KineticEnergy,Pressure,RadarReflectivity,RainAbsolute,RainAccumulated,RainRate,VolumeEquivalentDiameter,WeatherCode4680,WindSpeed,0.1554575155460155,0.02416703913973965
AverageParticleSpeed,Humidity,Pressure,RainAbsolute,RainAccumulated,RainRate,SnowDepthIntensity,WeatherCode4680,WindSpeed,0.15535414936344052,0.02413491172443819
Humidity,Pressure,RainAbsolute,RainAccumulated,RainRate,SnowDepthIntensity,VolumeEquivalentDiameter,WeatherCode4680,WindSpeed,0.1553541493634405,0.024134911724438178
AverageParticleSpeed,Humidity,Pressure,RainAbsolute,RainAccumulated,SnowDepthIntensity,VolumeEquivalentDiameter,WeatherCode4680,WindSpeed,0.15535414936344039,0.024134911724438143
AverageParticleSpeed,ParticlesDetected,RainAbsolute,RainAccumulated,RainIntensity,RainRate,Temperature,VolumeEquivalentDiameter,WeatherCode4680,0.15534318213413253,0.024131504235558272
AverageParticleSpeed,KineticEnergy,ParticlesDetected,RainAbsolute,RainAccumulated,RainRate,Temperature,VolumeEquivalentDiameter,WeatherCode4680,0.1550912629173258,0.02405329983329108
AverageParticleSpeed,KineticEnergy,RadarReflectivity,RainAbsolute,RainAccumulated,RainIntensity,RainRate,WeatherCode4680,WindSpeed,0.1550691738283612,0.024046448671810498
KineticEnergy,RadarReflectivity,RainAbsolute,RainAccumulated,RainIntensity,RainRate,VolumeEquivalentDiameter,WeatherCode4680,WindSpeed,0.1550691738283612,0.024046448671810498
AverageParticleSpeed,KineticEnergy,RadarReflectivity,RainAbsolute,RainAccumulated,RainIntensity,VolumeEquivalentDiameter,WeatherCode4680,WindSpeed,0.15506917382836113,0.02404644867181048
AverageParticleSpeed,ParticlesDetected,Pressure,RainAbsolute,RainAccumulated,RainIntensity,RainRate,Temperature,WeatherCode4680,0.15502959607587075,0.024034175659447637
ParticlesDetected,Pressure,RainAbsolute,RainAccumulated,RainIntensity,RainRate,Temperature,VolumeEquivalentDiameter,WeatherCode4680,0.15502959607587072,0.02403417565944763
AverageParticleSpeed,ParticlesDetected,Pressure,RainAbsolute,RainAccumulated,RainIntensity,Temperature,VolumeEquivalentDiameter,WeatherCode4680,0.15502959607587063,0.024034175659447602
AverageParticleSpeed,Humidity,Pressure,RadarReflectivity,RainAbsolute,RainIntensity,RainRate,SnowDepthIntensity,VolumeEquivalentDiameter,0.15499728831577536,0.024024159385243594
AverageParticleSpeed,Humidity,Pressure,RadarReflectivity,RainAccumulated,RainIntensity,RainRate,SnowDepthIntensity,VolumeEquivalentDiameter,0.15499728831577536,0.024024159385243594
AverageParticleSpeed,Humidity,RainAbsolute,RainAccumulated,RainIntensity,RainRate,SnowDepthIntensity,WeatherCode4680,WindSpeed,0.15491889725948305,0.023999864728094265
AverageParticleSpeed,Humidity,RainAbsolute,RainAccumulated,RainIntensity,SnowDepthIntensity,VolumeEquivalentDiameter,WeatherCode4680,WindSpeed,0.15491889725948305,0.023999864728094265
Humidity,RainAbsolute,RainAccumulated,RainIntensity,RainRate,SnowDepthIntensity,VolumeEquivalentDiameter,WeatherCode4680,WindSpeed,0.15491889725948305,0.023999864728094265
AverageParticleSpeed,KineticEnergy,ParticlesDetected,Pressure,RainAbsolute,RainAccumulated,RainRate,Temperature,WeatherCode4680,0.15477782914204868,0.023956176393925215
KineticEnergy,ParticlesDetected,Pressure,RainAbsolute,RainAccumulated,RainRate,Temperature,VolumeEquivalentDiameter,WeatherCode4680,0.15477782914204866,0.023956176393925208
AverageParticleSpeed,KineticEnergy,ParticlesDetected,Pressure,RainAbsolute,RainAccumulated,Temperature,VolumeEquivalentDiameter,WeatherCode4680,0.15477782914204852,0.023956176393925162
AverageParticleSpeed,KineticEnergy,Pressure,RadarReflectivity,RainAbsolute,RainAccumulated,RainIntensity,WeatherCode4680,WindSpeed,0.15474067667306518,0.023944677017238097
KineticEnergy,Pressure,RadarReflectivity,RainAbsolute,RainAccumulated,RainIntensity,VolumeEquivalentDiameter,WeatherCode4680,WindSpeed,0.15474067667306515,0.02394467701723809
KineticEnergy,Pressure,RadarReflectivity,RainAbsolute,RainAccumulated,RainIntensity,RainRate,WeatherCode4680,WindSpeed,0.15474067667306513,0.02394467701723808
AverageParticleSpeed,Humidity,KineticEnergy,RainAbsolute,RainAccumulated,SnowDepthIntensity,VolumeEquivalentDiameter,WeatherCode4680,WindSpeed,0.1546519550169838,0.023917227190575183
Humidity,KineticEnergy,RainAbsolute,RainAccumulated,RainRate,SnowDepthIntensity,VolumeEquivalentDiameter,WeatherCode4680,WindSpeed,0.15465195501698367,0.02391722719057514
AverageParticleSpeed,Humidity,KineticEnergy,RainAbsolute,RainAccumulated,RainRate,SnowDepthIntensity,WeatherCode4680,WindSpeed,0.15465195501698364,0.02391722719057513
AverageParticleSpeed,Humidity,Pressure,RainAbsolute,RainAccumulated,RainIntensity,SnowDepthIntensity,WeatherCode4680,WindSpeed,0.15454904386616633,0.023885406959946204
Humidity,Pressure,RainAbsolute,RainAccumulated,RainIntensity,SnowDepthIntensity,VolumeEquivalentDiameter,WeatherCode4680,WindSpeed,0.1545490438661663,0.023885406959946197
Humidity,Pressure,RainAbsolute,RainAccumulated,RainIntensity,RainRate,SnowDepthIntensity,WeatherCode4680,WindSpeed,0.15454904386616616,0.02388540695994615
AverageParticleSpeed,KineticEnergy,ParticlesDetected,RainAbsolute,RainAccumulated,RainIntensity,Temperature,VolumeEquivalentDiameter,WeatherCode4680,0.15438466140426557,0.02383462367690973
AverageParticleSpeed,KineticEnergy,ParticlesDetected,RainAbsolute,RainAccumulated,RainIntensity,RainRate,Temperature,WeatherCode4680,0.1543846614042655,0.0238346236769097
KineticEnergy,ParticlesDetected,RainAbsolute,RainAccumulated,RainIntensity,RainRate,Temperature,VolumeEquivalentDiameter,WeatherCode4680,0.1543846614042655,0.0238346236769097
AverageParticleSpeed,Humidity,KineticEnergy,Pressure,RadarReflectivity,RainAbsolute,RainRate,SnowDepthIntensity,VolumeEquivalentDiameter,0.15433979876072074,0.023820773481499774
AverageParticleSpeed,Humidity,KineticEnergy,Pressure,RadarReflectivity,RainAccumulated,RainRate,SnowDepthIntensity,VolumeEquivalentDiameter,0.15433979876072074,0.023820773481499774
Humidity,KineticEnergy,Pressure,RainAbsolute,RainAccumulated,RainRate,SnowDepthIntensity,WeatherCode4680,WindSpeed,0.15428228134442845,0.023803022336841374
AverageParticleSpeed,Humidity,KineticEnergy,Pressure,RainAbsolute,RainAccumulated,SnowDepthIntensity,WeatherCode4680,WindSpeed,0.1542822813444284,0.023803022336841357
Humidity,KineticEnergy,Pressure,RainAbsolute,RainAccumulated,SnowDepthIntensity,VolumeEquivalentDiameter,WeatherCode4680,WindSpeed,0.15428228134442837,0.02380302233684135
AverageParticleSpeed,KineticEnergy,ParticlesDetected,Pressure,RainAbsolute,RainAccumulated,RainIntensity,Temperature,WeatherCode4680,0.15407157222966622,0.023738049369321255
KineticEnergy,ParticlesDetected,Pressure,RainAbsolute,RainAccumulated,RainIntensity,RainRate,Temperature,WeatherCode4680,0.15407157222966622,0.023738049369321255
KineticEnergy,ParticlesDetected,Pressure,RainAbsolute,RainAccumulated,RainIntensity,Temperature,VolumeEquivalentDiameter,WeatherCode4680,0.15407157222966622,0.023738049369321255
AverageParticleSpeed,Humidity,KineticEnergy,RainAbsolute,RainAccumulated,RainIntensity,SnowDepthIntensity,WeatherCode4680,WindSpeed,0.15384929578822745,0.023669605814533503
Humidity,KineticEnergy,RainAbsolute,RainAccumulated,RainIntensity,RainRate,SnowDepthIntensity,WeatherCode4680,WindSpeed,0.15384929578822745,0.023669605814533503
Humidity,KineticEnergy,RainAbsolute,RainAccumulated,RainIntensity,SnowDepthIntensity,VolumeEquivalentDiameter,WeatherCode4680,WindSpeed,0.15384929578822745,0.023669605814533503
Humidity,KineticEnergy,Pressure,RainAbsolute,RainAccumulated,RainIntensity,SnowDepthIntensity,WeatherCode4680,WindSpeed,0.153480057044599,0.023556127910413362
AverageParticleSpeed,Humidity,KineticEnergy,RadarReflectivity,RainAbsolute,RainIntensity,RainRate,SnowDepthIntensity,VolumeEquivalentDiameter,0.15333916029841127,0.023512898081021867
AverageParticleSpeed,Humidity,KineticEnergy,RadarReflectivity,RainAccumulated,RainIntensity,RainRate,SnowDepthIntensity,VolumeEquivalentDiameter,0.15333916029841127,0.023512898081021867
AverageParticleSpeed,Humidity,RainAbsolute,RainAccumulated,RainRate,Temperature,VolumeEquivalentDiameter,WeatherCode4680,WindSpeed,0.15331825906273158,0.023506488562026875
AverageParticleSpeed,RadarReflectivity,RainAbsolute,RainAccumulated,RainRate,SnowDepthIntensity,Temperature,VolumeEquivalentDiameter,WeatherCode4680,0.1533025503921436,0.02350167195673573
AverageParticleSpeed,Pressure,RadarReflectivity,RainAbsolute,RainAccumulated,SnowDepthIntensity,Temperature,VolumeEquivalentDiameter,WeatherCode4680,0.15299301626576756,0.023406863026097416
AverageParticleSpeed,Pressure,RadarReflectivity,RainAbsolute,RainAccumulated,RainRate,SnowDepthIntensity,Temperature,WeatherCode4680,0.15299301626576736,0.023406863026097357
Pressure,RadarReflectivity,RainAbsolute,RainAccumulated,RainRate,SnowDepthIntensity,Temperature,VolumeEquivalentDiameter,WeatherCode4680,0.15299301626576736,0.023406863026097357
AverageParticleSpeed,ParticlesDetected,Pressure,RainAbsolute,RainAccumulated,RainRate,VolumeEquivalentDiameter,WeatherCode4680,WindSpeed,0.1529477332532428,0.023393009107305112
AverageParticleSpeed,Humidity,Pressure,RainAbsolute,RainAccumulated,RainRate,Temperature,WeatherCode4680,WindSpeed,0.1529439535069219,0.023391852914327483
Humidity,Pressure,RainAbsolute,RainAccumulated,RainRate,Temperature,VolumeEquivalentDiameter,WeatherCode4680,WindSpeed,0.1529439535069219,0.023391852914327483
AverageParticleSpeed,Humidity,Pressure,RainAbsolute,RainAccumulated,Temperature,VolumeEquivalentDiameter,WeatherCode4680,WindSpeed,0.15294395350692172,0.023391852914327434
AverageParticleSpeed,RadarReflectivity,RainAbsolute,RainAccumulated,RainIntensity,RainRate,SnowDepthIntensity,Temperature,WeatherCode4680,0.15263139032186865,0.02329634131158662
RadarReflectivity,RainAbsolute,RainAccumulated,RainIntensity,RainRate,SnowDepthIntensity,Temperature,VolumeEquivalentDiameter,WeatherCode4680,0.15263139032186865,0.02329634131158662
AverageParticleSpeed,RadarReflectivity,RainAbsolute,RainAccumulated,RainIntensity,SnowDepthIntensity,Temperature,VolumeEquivalentDiameter,WeatherCode4680,0.15263139032186862,0.02329634131158661
AverageParticleSpeed,Humidity,KineticEnergy,Pressure,RadarReflectivity,RainAbsolute,RainIntensity,RainRate,SnowDepthIntensity,0.15256862186549125,0.023277184377935255
AverageParticleSpeed,Humidity,KineticEnergy,Pressure,RadarReflectivity,RainAccumulated,RainIntensity,RainRate,SnowDepthIntensity,0.15256862186549125,0.023277184377935255
Humidity,KineticEnergy,Pressure,RadarReflectivity,RainAbsolute,RainIntensity,RainRate,SnowDepthIntensity,VolumeEquivalentDiameter,0.15256862186549125,0.023277184377935255
Humidity,KineticEnergy,Pressure,RadarReflectivity,RainAccumulated,RainIntensity,RainRate,SnowDepthIntensity,VolumeEquivalentDiameter,0.15256862186549125,0.023277184377935255
AverageParticleSpeed,Humidity,KineticEnergy,Pressure,RadarReflectivity,RainAbsolute,RainIntensity,SnowDepthIntensity,VolumeEquivalentDiameter,0.15256862186549117,0.023277184377935228
AverageParticleSpeed,Humidity,KineticEnergy,Pressure,RadarReflectivity,RainAccumulated,RainIntensity,SnowDepthIntensity,VolumeEquivalentDiameter,0.15256862186549117,0.023277184377935228
AverageParticleSpeed,ParticlesDetected,RainAbsolute,RainAccumulated,RainIntensity,RainRate,VolumeEquivalentDiameter,WeatherCode4680,WindSpeed,0.15254774619619227,0.023270814869537894
AverageParticleSpeed,Humidity,RainAbsolute,RainAccumulated,RainIntensity,RainRate,Temperature,WeatherCode4680,WindSpeed,0.15253028150574816,0.02326548677622278
Humidity,RainAbsolute,RainAccumulated,RainIntensity,RainRate,Temperature,VolumeEquivalentDiameter,WeatherCode4680,WindSpeed,0.15253028150574816,0.02326548677622278
AverageParticleSpeed,Humidity,RainAbsolute,RainAccumulated,RainIntensity,Temperature,VolumeEquivalentDiameter,WeatherCode4680,WindSpeed,0.15253028150574807,0.02326548677622275
AverageParticleSpeed,KineticEnergy,RadarReflectivity,RainAbsolute,RainAccumulated,SnowDepthIntensity,Temperature,VolumeEquivalentDiameter,WeatherCode4680,0.15240067961753617,0.023225967147886904
AverageParticleSpeed,KineticEnergy,RadarReflectivity,RainAbsolute,RainAccumulated,RainRate,SnowDepthIntensity,Temperature,WeatherCode4680,0.152400679617536,0.023225967147886856
KineticEnergy,RadarReflectivity,RainAbsolute,RainAccumulated,RainRate,SnowDepthIntensity,Temperature,VolumeEquivalentDiameter,WeatherCode4680,0.15240067961753598,0.023225967147886845
AverageParticleSpeed,Humidity,ParticlesDetected,Pressure,RainIntensity,RainRate,Temperature,VolumeEquivalentDiameter,WindSpeed,-0.15239206712868825,0.023223342123754626
Pressure,RadarReflectivity,RainAbsolute,RainAccumulated,RainIntensity,RainRate,SnowDepthIntensity,Temperature,WeatherCode4680,0.15232219720025494,0.023202051759913356
AverageParticleSpeed,Pressure,RadarReflectivity,RainAbsolute,RainAccumulated,RainIntensity,SnowDepthIntensity,Temperature,WeatherCode4680,0.15232219720025486,0.023202051759913328
Pressure,RadarReflectivity,RainAbsolute,RainAccumulated,RainIntensity,SnowDepthIntensity,Temperature,VolumeEquivalentDiameter,WeatherCode4680,0.15232219720025486,0.023202051759913328
AverageParticleSpeed,KineticEnergy,ParticlesDetected,RainAbsolute,RainAccumulated,RainRate,VolumeEquivalentDiameter,WeatherCode4680,WindSpeed,0.1522869429327778,0.023191312987811123
AverageParticleSpeed,Humidity,KineticEnergy,RainAbsolute,RainAccumulated,RainRate,Temperature,WeatherCode4680,WindSpeed,0.15226749387992605,0.02318538969247332
Humidity,KineticEnergy,RainAbsolute,RainAccumulated,RainRate,Temperature,VolumeEquivalentDiameter,WeatherCode4680,WindSpeed,0.15226749387992602,0.02318538969247331
AverageParticleSpeed,Humidity,KineticEnergy,RainAbsolute,RainAccumulated,Temperature,VolumeEquivalentDiameter,WeatherCode4680,WindSpeed,0.15226749387992594,0.023185389692473284
AverageParticleSpeed,ParticlesDetected,Pressure,RainAbsolute,RainAccumulated,RainIntensity,VolumeEquivalentDiameter,WeatherCode4680,WindSpeed,0.15221674238405586,0.023169936662014026
ParticlesDetected,Pressure,RainAbsolute,RainAccumulated,RainIntensity,RainRate,VolumeEquivalentDiameter,WeatherCode4680,WindSpeed,0.15221674238405575,0.023169936662013994
AverageParticleSpeed,ParticlesDetected,Pressure,RainAbsolute,RainAccumulated,RainIntensity,RainRate,WeatherCode4680,WindSpeed,0.1522167423840557,0.023169936662013977
Humidity,Pressure,RainAbsolute,RainAccumulated,RainIntensity,RainRate,Temperature,WeatherCode4680,WindSpeed,0.15215641399538282,0.02315157431993433
AverageParticleSpeed,Humidity,Pressure,RainAbsolute,RainAccumulated,RainIntensity,Temperature,WeatherCode4680,WindSpeed,0.15215641399538274,0.023151574319934306
Humidity,Pressure,RainAbsolute,RainAccumulated,RainIntensity,Temperature,VolumeEquivalentDiameter,WeatherCode4680,WindSpeed,0.15215641399538274,0.023151574319934306
KineticEnergy,Pressure,RadarReflectivity,RainAbsolute,RainAccumulated,RainRate,SnowDepthIntensity,Temperature,WeatherCode4680,0.15209163478796103,0.023131865372474518
KineticEnergy,Pressure,RadarReflectivity,RainAbsolute,RainAccumulated,SnowDepthIntensity,Temperature,VolumeEquivalentDiameter,WeatherCode4680,0.1520916347879608,0.023131865372474452
AverageParticleSpeed,KineticEnergy,Pressure,RadarReflectivity,RainAbsolute,RainAccumulated,SnowDepthIntensity,Temperature,WeatherCode4680,0.15209163478796078,0.02313186537247444
AverageParticleSpeed,KineticEnergy,ParticlesDetected,Pressure,RainAbsolute,RainAccumulated,VolumeEquivalentDiameter,WeatherCode4680,WindSpeed,0.1519561328578888,0.023090666313124356
AverageParticleSpeed,KineticEnergy,ParticlesDetected,Pressure,RainAbsolute,RainAccumulated,RainRate,WeatherCode4680,WindSpeed,0.15195613285788875,0.023090666313124338
KineticEnergy,ParticlesDetected,Pressure,RainAbsolute,RainAccumulated,RainRate,VolumeEquivalentDiameter,WeatherCode4680,WindSpeed,0.15195613285788875,0.023090666313124338
AverageParticleSpeed,Humidity,KineticEnergy,Pressure,RainAbsolute,RainAccumulated,Temperature,WeatherCode4680,WindSpeed,0.1518938151644027,0.023071731085197732
Humidity,KineticEnergy,Pressure,RainAbsolute,RainAccumulated,Temperature,VolumeEquivalentDiameter,WeatherCode4680,WindSpeed,0.15189381516440267,0.023071731085197722
Humidity,KineticEnergy,Pressure,RainAbsolute,RainAccumulated,RainRate,Temperature,WeatherCode4680,WindSpeed,0.15189381516440248,0.023071731085197663
AverageParticleSpeed,KineticEnergy,RadarReflectivity,RainAbsolute,RainAccumulated,RainIntensity,SnowDepthIntensity,Temperature,WeatherCode4680,0.15173196209477371,0.02302258832112985
KineticEnergy,RadarReflectivity,RainAbsolute,RainAccumulated,RainIntensity,RainRate,SnowDepthIntensity,Temperature,WeatherCode4680,0.1517319620947737,0.023022588321129838
KineticEnergy,RadarReflectivity,RainAbsolute,RainAccumulated,RainIntensity,SnowDepthIntensity,Temperature,VolumeEquivalentDiameter,WeatherCode4680,0.1517319620947737,0.023022588321129838
AverageParticleSpeed,Humidity,KineticEnergy,ParticlesDetected,Pressure,RainRate,Temperature,VolumeEquivalentDiameter,WindSpeed,-0.15170901005111945,0.023015623730690663
AverageParticleSpeed,KineticEnergy,ParticlesDetected,RainAbsolute,RainAccumulated,RainIntensity,RainRate,WeatherCode4680,WindSpeed,0.15155898771273216,0.022970126756508096
KineticEnergy,ParticlesDetected,RainAbsolute,RainAccumulated,RainIntensity,RainRate,VolumeEquivalentDiameter,WeatherCode4680,WindSpeed,0.15155898771273216,0.022970126756508096
AverageParticleSpeed,KineticEnergy,ParticlesDetected,RainAbsolute,RainAccumulated,RainIntensity,VolumeEquivalentDiameter,WeatherCode4680,WindSpeed,0.15155898771273185,0.022970126756508006
AverageParticleSpeed,Humidity,KineticEnergy,RainAbsolute,RainAccumulated,RainIntensity,Temperature,WeatherCode4680,WindSpeed,0.15148200977962506,0.022946799286874424
Humidity,KineticEnergy,RainAbsolute,RainAccumulated,RainIntensity,RainRate,Temperature,WeatherCode4680,WindSpeed,0.15148200977962503,0.022946799286874413
Humidity,KineticEnergy,RainAbsolute,RainAccumulated,RainIntensity,Temperature,VolumeEquivalentDiameter,WeatherCode4680,WindSpeed,0.15148200977962503,0.022946799286874413
KineticEnergy,Pressure,RadarReflectivity,RainAbsolute,RainAccumulated,RainIntensity,SnowDepthIntensity,Temperature,WeatherCode4680,0.1514232663095904,0.022929005579865137
AverageParticleSpeed,Humidity,Pressure,RadarReflectivity,RainIntensity,RainRate,Temperature,VolumeEquivalentDiameter,WindSpeed,-0.1514198723734488,0.022927977749591526
AverageParticleSpeed,KineticEnergy,ParticlesDetected,Pressure,RainAbsolute,RainAccumulated,RainIntensity,WeatherCode4680,WindSpeed,0.15122862129103534,0.022870095897587386
KineticEnergy,ParticlesDetected,Pressure,RainAbsolute,RainAccumulated,RainIntensity,VolumeEquivalentDiameter,WeatherCode4680,WindSpeed,0.15122862129103534,0.022870095897587386
KineticEnergy,ParticlesDetected,Pressure,RainAbsolute,RainAccumulated,RainIntensity,RainRate,WeatherCode4680,WindSpeed,0.15122862129103526,0.022870095897587362
Humidity,KineticEnergy,Pressure,RainAbsolute,RainAccumulated,RainIntensity,Temperature,WeatherCode4680,WindSpeed,0.1511087835380183,0.02283386446233967
AverageParticleSpeed,Humidity,KineticEnergy,Pressure,RadarReflectivity,RainRate,Temperature,VolumeEquivalentDiameter,WindSpeed,-0.15080572708208506,0.022742367320756324
AverageParticleSpeed,Humidity,KineticEnergy,Pressure,RadarReflectivity,RainIntensity,RainRate,VolumeEquivalentDiameter,WindSpeed,-0.15076372991859485,0.022729702258967012
AverageParticleSpeed,Humidity,KineticEnergy,ParticlesDetected,Pressure,RainIntensity,RainRate,VolumeEquivalentDiameter,WindSpeed,-0.150695188490769,0.022709039834268394
AverageParticleSpeed,RadarReflectivity,RainAbsolute,RainAccumulated,RainRate,SnowDepthIntensity,VolumeEquivalentDiameter,WeatherCode4680,WindSpeed,0.15057839380765858,0.022673852681694313
AverageParticleSpeed,Humidity,KineticEnergy,ParticlesDetected,Pressure,RainIntensity,Temperature,VolumeEquivalentDiameter,WindSpeed,-0.1505357330284851,0.022661006918423342
Humidity,KineticEnergy,ParticlesDetected,Pressure,RainIntensity,RainRate,Temperature,VolumeEquivalentDiameter,WindSpeed,-0.15053573302848508,0.022661006918423335
AverageParticleSpeed,Humidity,KineticEnergy,ParticlesDetected,Pressure,RainIntensity,RainRate,Temperature,WindSpeed,-0.15053573302848502,0.022661006918423317
Pressure,RadarReflectivity,RainAbsolute,RainAccumulated,RainRate,SnowDepthIntensity,VolumeEquivalentDiameter,WeatherCode4680,WindSpeed,0.15025200284678966,0.022575664359471687
AverageParticleSpeed,Pressure,RadarReflectivity,RainAbsolute,RainAccumulated,RainRate,SnowDepthIntensity,WeatherCode4680,WindSpeed,0.15025200284678963,0.02257566435947168
AverageParticleSpeed,Pressure,RadarReflectivity,RainAbsolute,RainAccumulated,SnowDepthIntensity,VolumeEquivalentDiameter,WeatherCode4680,WindSpeed,0.1502520028467896,0.022575664359471673
AverageParticleSpeed,ParticlesDetected,RainAbsolute,RainAccumulated,RainRate,SnowDepthIntensity,Temperature,VolumeEquivalentDiameter,WeatherCode4680,0.15010381033130002,0.02253115387597489
AverageParticleSpeed,RadarReflectivity,RainAbsolute,RainAccumulated,RainIntensity,RainRate,SnowDepthIntensity,WeatherCode4680,WindSpeed,0.14988703575550752,0.02246612348757279
RadarReflectivity,RainAbsolute,RainAccumulated,RainIntensity,RainRate,SnowDepthIntensity,VolumeEquivalentDiameter,WeatherCode4680,WindSpeed,0.14988703575550752,0.02246612348757279
AverageParticleSpeed,RadarReflectivity,RainAbsolute,RainAccumulated,RainIntensity,SnowDepthIntensity,VolumeEquivalentDiameter,WeatherCode4680,WindSpeed,0.14988703575550744,0.022466123487572764
AverageParticleSpeed,ParticlesDetected,Pressure,RainAbsolute,RainAccumulated,SnowDepthIntensity,Temperature,VolumeEquivalentDiameter,WeatherCode4680,0.14979244633700128,0.02243777697962341
AverageParticleSpeed,ParticlesDetected,Pressure,RainAbsolute,RainAccumulated,RainRate,SnowDepthIntensity,Temperature,WeatherCode4680,0.14979244633700095,0.02243777697962331
ParticlesDetected,Pressure,RainAbsolute,RainAccumulated,RainRate,SnowDepthIntensity,Temperature,VolumeEquivalentDiameter,WeatherCode4680,0.14979244633700095,0.02243777697962331
Humidity,KineticEnergy,Pressure,RadarReflectivity,RainIntensity,RainRate,Temperature,VolumeEquivalentDiameter,WindSpeed,-0.1497244810554931,0.022417420227336712
AverageParticleSpeed,Humidity,KineticEnergy,Pressure,RadarReflectivity,RainIntensity,RainRate,Temperature,WindSpeed,-0.14972448105549302,0.022417420227336688
AverageParticleSpeed,Humidity,KineticEnergy,Pressure,RadarReflectivity,RainIntensity,Temperature,VolumeEquivalentDiameter,WindSpeed,-0.14972448105549294,0.022417420227336664
KineticEnergy,RadarReflectivity,RainAbsolute,RainAccumulated,RainRate,SnowDepthIntensity,VolumeEquivalentDiameter,WeatherCode4680,WindSpeed,0.14964845498538595,0.022394660079513087
AverageParticleSpeed,KineticEnergy,RadarReflectivity,RainAbsolute,RainAccumulated,RainRate,SnowDepthIntensity,WeatherCode4680,WindSpeed,0.1496484549853859,0.02239466007951307
AverageParticleSpeed,KineticEnergy,RadarReflectivity,RainAbsolute,RainAccumulated,SnowDepthIntensity,VolumeEquivalentDiameter,WeatherCode4680,WindSpeed,0.1496484549853857,0.02239466007951301
Pressure,RadarReflectivity,RainAbsolute,RainAccumulated,RainIntensity,RainRate,SnowDepthIntensity,WeatherCode4680,WindSpeed,0.14956107729296353,0.022368515841031812
Pressure,RadarReflectivity,RainAbsolute,RainAccumulated,RainIntensity,SnowDepthIntensity,VolumeEquivalentDiameter,WeatherCode4680,WindSpeed,0.14956107729296342,0.022368515841031777
AverageParticleSpeed,Pressure,RadarReflectivity,RainAbsolute,RainAccumulated,RainIntensity,SnowDepthIntensity,WeatherCode4680,WindSpeed,0.1495610772929634,0.02236851584103177
AverageParticleSpeed,Humidity,Pressure,RadarReflectivity,RainAbsolute,RainIntensity,RainRate,Temperature,VolumeEquivalentDiameter,0.14948724648723036,0.022346436862333965
AverageParticleSpeed,Humidity,Pressure,RadarReflectivity,RainAccumulated,RainIntensity,RainRate,Temperature,VolumeEquivalentDiameter,0.14948724648723036,0.022346436862333965
AverageParticleSpeed,ParticlesDetected,RainAbsolute,RainAccumulated,RainIntensity,RainRate,SnowDepthIntensity,Temperature,WeatherCode4680,0.14942238073137093,0.02232704786343077
ParticlesDetected,RainAbsolute,RainAccumulated,RainIntensity,RainRate,SnowDepthIntensity,Temperature,VolumeEquivalentDiameter,WeatherCode4680,0.14942238073137093,0.02232704786343077
AverageParticleSpeed,ParticlesDetected,RainAbsolute,RainAccumulated,RainIntensity,SnowDepthIntensity,Temperature,VolumeEquivalentDiameter,WeatherCode4680,0.14942238073137076,0.022327047863430722
AverageParticleSpeed,Humidity,KineticEnergy,ParticlesDetected,RainIntensity,RainRate,Temperature,VolumeEquivalentDiameter,WindSpeed,-0.14937746764629029,0.0223136278404185
AverageParticleSpeed,KineticEnergy,Pressure,RadarReflectivity,RainAbsolute,RainAccumulated,SnowDepthIntensity,WeatherCode4680,WindSpeed,0.1493226818940823,0.022297263328041293
KineticEnergy,Pressure,RadarReflectivity,RainAbsolute,RainAccumulated,SnowDepthIntensity,VolumeEquivalentDiameter,WeatherCode4680,WindSpeed,0.1493226818940823,0.022297263328041293
KineticEnergy,Pressure,RadarReflectivity,RainAbsolute,RainAccumulated,RainRate,SnowDepthIntensity,WeatherCode4680,WindSpeed,0.14932268189408227,0.022297263328041283
AverageParticleSpeed,KineticEnergy,ParticlesDetected,RainAbsolute,RainAccumulated,RainRate,SnowDepthIntensity,Temperature,WeatherCode4680,0.1491830005369892,0.022255567649219325
KineticEnergy,ParticlesDetected,RainAbsolute,RainAccumulated,RainRate,SnowDepthIntensity,Temperature,VolumeEquivalentDiameter,WeatherCode4680,0.1491830005369892,0.022255567649219325
AverageParticleSpeed,KineticEnergy,ParticlesDetected,RainAbsolute,RainAccumulated,SnowDepthIntensity,Temperature,VolumeEquivalentDiameter,WeatherCode4680,0.14918300053698907,0.022255567649219283
ParticlesDetected,Pressure,RainAbsolute,RainAccumulated,RainIntensity,RainRate,SnowDepthIntensity,Temperature,WeatherCode4680,0.14911139969603024,0.022234209519309288
AverageParticleSpeed,ParticlesDetected,Pressure,RainAbsolute,RainAccumulated,RainIntensity,SnowDepthIntensity,Temperature,WeatherCode4680,0.14911139969603007,0.022234209519309236
ParticlesDetected,Pressure,RainAbsolute,RainAccumulated,RainIntensity,SnowDepthIntensity,Temperature,VolumeEquivalentDiameter,WeatherCode4680,0.14911139969603007,0.022234209519309236
AverageParticleSpeed,KineticEnergy,ParticlesDetected,Pressure,RadarReflectivity,RainAbsolute,RainIntensity,RainRate,VolumeEquivalentDiameter,0.14903406011102252,0.022211151073175874
AverageParticleSpeed,KineticEnergy,ParticlesDetected,Pressure,RadarReflectivity,RainAccumulated,RainIntensity,RainRate,VolumeEquivalentDiameter,0.14903406011102252,0.022211151073175874
AverageParticleSpeed,KineticEnergy,RadarReflectivity,RainAbsolute,RainAccumulated,RainIntensity,SnowDepthIntensity,WeatherCode4680,WindSpeed,0.14895988050364373,0.022189045999659818
KineticEnergy,RadarReflectivity,RainAbsolute,RainAccumulated,RainIntensity,SnowDepthIntensity,VolumeEquivalentDiameter,WeatherCode4680,WindSpeed,0.14895988050364373,0.022189045999659818
KineticEnergy,RadarReflectivity,RainAbsolute,RainAccumulated,RainIntensity,RainRate,SnowDepthIntensity,WeatherCode4680,WindSpeed,0.1489598805036437,0.02218904599965981
AverageParticleSpeed,RadarReflectivity,RainAbsolute,RainAccumulated,RainRate,Temperature,VolumeEquivalentDiameter,WeatherCode4680,WindSpeed,0.1489511486038842,0.022186444670416392
KineticEnergy,ParticlesDetected,Pressure,RainAbsolute,RainAccumulated,RainRate,SnowDepthIntensity,Temperature,WeatherCode4680,0.14887218807932315,0.022162928383525366
KineticEnergy,ParticlesDetected,Pressure,RainAbsolute,RainAccumulated,SnowDepthIntensity,Temperature,VolumeEquivalentDiameter,WeatherCode4680,0.14887218807932306,0.022162928383525342
AverageParticleSpeed,KineticEnergy,ParticlesDetected,Pressure,RainAbsolute,RainAccumulated,SnowDepthIntensity,Temperature,WeatherCode4680,0.14887218807932304,0.02216292838352533
AverageParticleSpeed,Humidity,KineticEnergy,Pressure,RadarReflectivity,RainAbsolute,RainRate,Temperature,VolumeEquivalentDiameter,0.14885405418966632,0.022157529448700117
AverageParticleSpeed,Humidity,KineticEnergy,Pressure,RadarReflectivity,RainAccumulated,RainRate,Temperature,VolumeEquivalentDiameter,0.14885405418966632,0.022157529448700117
KineticEnergy,Pressure,RadarReflectivity,RainAbsolute,RainAccumulated,RainIntensity,SnowDepthIntensity,WeatherCode4680,WindSpeed,0.14863454814894705,0.02209222890344166
AverageParticleSpeed,Pressure,RadarReflectivity,RainAbsolute,RainAccumulated,Temperature,VolumeEquivalentDiameter,WeatherCode4680,WindSpeed,0.14862142301309328,0.02208832737843681
AverageParticleSpeed,Pressure,RadarReflectivity,RainAbsolute,RainAccumulated,RainRate,Temperature,WeatherCode4680,WindSpeed,0.14862142301309322,0.022088327378436797
Pressure,RadarReflectivity,RainAbsolute,RainAccumulated,RainRate,Temperature,VolumeEquivalentDiameter,WeatherCode4680,WindSpeed,0.14862142301309322,0.022088327378436797
AverageParticleSpeed,KineticEnergy,ParticlesDetected,RainAbsolute,RainAccumulated,RainIntensity,SnowDepthIntensity,Temperature,WeatherCode4680,0.14850470727294904,0.02205364808222428
KineticEnergy,ParticlesDetected,RainAbsolute,RainAccumulated,RainIntensity,SnowDepthIntensity,Temperature,VolumeEquivalentDiameter,WeatherCode4680,0.14850470727294904,0.02205364808222428
KineticEnergy,ParticlesDetected,RainAbsolute,RainAccumulated,RainIntensity,RainRate,SnowDepthIntensity,Temperature,WeatherCode4680,0.148504707272949,0.022053648082224275
AverageParticleSpeed,Humidity,KineticEnergy,RadarReflectivity,RainIntensity,RainRate,Temperature,VolumeEquivalentDiameter,WindSpeed,-0.14850378371353992,0.022053373777237845
RadarReflectivity,RainAbsolute,RainAccumulated,RainIntensity,RainRate,Temperature,VolumeEquivalentDiameter,WeatherCode4680,WindSpeed,0.14826757008302321,0.0219832723383242
AverageParticleSpeed,RadarReflectivity,RainAbsolute,RainAccumulated,RainIntensity,RainRate,Temperature,WeatherCode4680,WindSpeed,0.1482675700830232,0.021983272338324193
AverageParticleSpeed,RadarReflectivity,RainAbsolute,RainAccumulated,RainIntensity,Temperature,VolumeEquivalentDiameter,WeatherCode4680,WindSpeed,0.1482675700830231,0.02198327233832417
KineticEnergy,ParticlesDetected,Pressure,RainAbsolute,RainAccumulated,RainIntensity,SnowDepthIntensity,Temperature,WeatherCode4680,0.14819428577664426,0.021961546336849706
AverageParticleSpeed,KineticEnergy,RadarReflectivity,RainAbsolute,RainAccumulated,Temperature,VolumeEquivalentDiameter,WeatherCode4680,WindSpeed,0.14803026214211373,0.021912958509862912
AverageParticleSpeed,KineticEnergy,RadarReflectivity,RainAbsolute,RainAccumulated,RainRate,Temperature,WeatherCode4680,WindSpeed,0.1480302621421137,0.0219129585098629
KineticEnergy,RadarReflectivity,RainAbsolute,RainAccumulated,RainRate,Temperature,VolumeEquivalentDiameter,WeatherCode4680,WindSpeed,0.14803026214211368,0.021912958509862895
AverageParticleSpeed,Humidity,KineticEnergy,RadarReflectivity,RainAbsolute,RainIntensity,RainRate,Temperature,VolumeEquivalentDiameter,0.14795950555667542,0.021892015284575864
AverageParticleSpeed,Humidity,KineticEnergy,RadarReflectivity,RainAccumulated,RainIntensity,RainRate,Temperature,VolumeEquivalentDiameter,0.14795950555667542,0.021892015284575864
Pressure,RadarReflectivity,RainAbsolute,RainAccumulated,RainIntensity,RainRate,Temperature,WeatherCode4680,WindSpeed,0.14793828589394897,0.02188573643323978
Pressure,RadarReflectivity,RainAbsolute,RainAccumulated,RainIntensity,Temperature,VolumeEquivalentDiameter,WeatherCode4680,WindSpeed,0.14793828589394895,0.021885736433239773
AverageParticleSpeed,Pressure,RadarReflectivity,RainAbsolute,RainAccumulated,RainIntensity,Temperature,WeatherCode4680,WindSpeed,0.14793828589394892,0.021885736433239766
KineticEnergy,Pressure,RadarReflectivity,RainAbsolute,RainAccumulated,RainRate,Temperature,WeatherCode4680,WindSpeed,0.14770116902221792,0.021815635330529784
KineticEnergy,Pressure,RadarReflectivity,RainAbsolute,RainAccumulated,Temperature,VolumeEquivalentDiameter,WeatherCode4680,WindSpeed,0.1477011690222178,0.021815635330529753
AverageParticleSpeed,KineticEnergy,Pressure,RadarReflectivity,RainAbsolute,RainAccumulated,Temperature,WeatherCode4680,WindSpeed,0.14770116902221775,0.021815635330529735
AverageParticleSpeed,KineticEnergy,RadarReflectivity,RainAbsolute,RainAccumulated,RainIntensity,Temperature,WeatherCode4680,WindSpeed,0.14734929471287572,0.021711814652381905
KineticEnergy,RadarReflectivity,RainAbsolute,RainAccumulated,RainIntensity,Temperature,VolumeEquivalentDiameter,WeatherCode4680,WindSpeed,0.1473492947128757,0.021711814652381898
KineticEnergy,RadarReflectivity,RainAbsolute,RainAccumulated,RainIntensity,RainRate,Temperature,WeatherCode4680,WindSpeed,0.14734929471287556,0.021711814652381856
AverageParticleSpeed,Humidity,KineticEnergy,Pressure,RadarReflectivity,RainAbsolute,RainIntensity,RainRate,Temperature,0.14717106100491506,0.02165932119731243
AverageParticleSpeed,Humidity,KineticEnergy,Pressure,RadarReflectivity,RainAccumulated,RainIntensity,RainRate,Temperature,0.14717106100491506,0.02165932119731243
Humidity,KineticEnergy,Pressure,RadarReflectivity,RainAbsolute,RainIntensity,RainRate,Temperature,VolumeEquivalentDiameter,0.14717106100491503,0.021659321197312422
Humidity,KineticEnergy,Pressure,RadarReflectivity,RainAccumulated,RainIntensity,RainRate,Temperature,VolumeEquivalentDiameter,0.14717106100491503,0.021659321197312422
AverageParticleSpeed,Humidity,KineticEnergy,Pressure,RadarReflectivity,RainAbsolute,RainIntensity,Temperature,VolumeEquivalentDiameter,0.14717106100491492,0.02165932119731239
AverageParticleSpeed,Humidity,KineticEnergy,Pressure,RadarReflectivity,RainAccumulated,RainIntensity,Temperature,VolumeEquivalentDiameter,0.14717106100491492,0.02165932119731239
AverageParticleSpeed,ParticlesDetected,RainAbsolute,RainAccumulated,RainRate,SnowDepthIntensity,VolumeEquivalentDiameter,WeatherCode4680,WindSpeed,0.14716663381808348,0.021658018109345874
KineticEnergy,Pressure,RadarReflectivity,RainAbsolute,RainAccumulated,RainIntensity,Temperature,WeatherCode4680,WindSpeed,0.1470206512488451,0.02161507189363454
ParticlesDetected,Pressure,RainAbsolute,RainAccumulated,RainRate,SnowDepthIntensity,VolumeEquivalentDiameter,WeatherCode4680,WindSpeed,0.14683852632920077,0.021561552814531388
AverageParticleSpeed,ParticlesDetected,Pressure,RainAbsolute,RainAccumulated,RainRate,SnowDepthIntensity,WeatherCode4680,WindSpeed,0.14683852632920075,0.02156155281453138
AverageParticleSpeed,ParticlesDetected,Pressure,RainAbsolute,RainAccumulated,SnowDepthIntensity,VolumeEquivalentDiameter,WeatherCode4680,WindSpeed,0.14683852632920072,0.021561552814531374
AverageParticleSpeed,Humidity,RainAbsolute,RainAccumulated,SnowDepthIntensity,Temperature,VolumeEquivalentDiameter,WeatherCode4680,WindSpeed,0.1465110165669075,0.02146547797546864
AverageParticleSpeed,Humidity,RainAbsolute,RainAccumulated,RainRate,SnowDepthIntensity,Temperature,WeatherCode4680,WindSpeed,0.14651101656690732,0.02146547797546859
Humidity,RainAbsolute,RainAccumulated,RainRate,SnowDepthIntensity,Temperature,VolumeEquivalentDiameter,WeatherCode4680,WindSpeed,0.14651101656690732,0.02146547797546859
AverageParticleSpeed,ParticlesDetected,RainAbsolute,RainAccumulated,RainIntensity,RainRate,SnowDepthIntensity,WeatherCode4680,WindSpeed,0.14646608622641336,0.021452314414483153
ParticlesDetected,RainAbsolute,RainAccumulated,RainIntensity,RainRate,SnowDepthIntensity,VolumeEquivalentDiameter,WeatherCode4680,WindSpeed,0.14646608622641336,0.021452314414483153
AverageParticleSpeed,ParticlesDetected,RainAbsolute,RainAccumulated,RainIntensity,SnowDepthIntensity,VolumeEquivalentDiameter,WeatherCode4680,WindSpeed,0.14646608622641313,0.021452314414483087
AverageParticleSpeed,KineticEnergy,ParticlesDetected,RainAbsolute,RainAccumulated,RainRate,SnowDepthIntensity,WeatherCode4680,WindSpeed,0.14621904205879035,0.021380008260590302
KineticEnergy,ParticlesDetected,RainAbsolute,RainAccumulated,RainRate,SnowDepthIntensity,VolumeEquivalentDiameter,WeatherCode4680,WindSpeed,0.14621904205879033,0.021380008260590295
AverageParticleSpeed,KineticEnergy,ParticlesDetected,RainAbsolute,RainAccumulated,SnowDepthIntensity,VolumeEquivalentDiameter,WeatherCode4680,WindSpeed,0.14621904205879027,0.021380008260590277
Humidity,Pressure,RainAbsolute,RainAccumulated,RainRate,SnowDepthIntensity,Temperature,WeatherCode4680,WindSpeed,0.14614024223013272,0.021356970399081868
AverageParticleSpeed,Humidity,Pressure,RainAbsolute,RainAccumulated,SnowDepthIntensity,Temperature,WeatherCode4680,WindSpeed,0.1461402422301327,0.02135697039908186
Humidity,Pressure,RainAbsolute,RainAccumulated,SnowDepthIntensity,Temperature,VolumeEquivalentDiameter,WeatherCode4680,WindSpeed,0.1461402422301327,0.02135697039908186
ParticlesDetected,Pressure,RainAbsolute,RainAccumulated,RainIntensity,RainRate,SnowDepthIntensity,WeatherCode4680,WindSpeed,0.14613845960013397,0.021356449374299986
ParticlesDetected,Pressure,RainAbsolute,RainAccumulated,RainIntensity,SnowDepthIntensity,VolumeEquivalentDiameter,WeatherCode4680,WindSpeed,0.14613845960013397,0.021356449374299986
AverageParticleSpeed,ParticlesDetected,Pressure,RainAbsolute,RainAccumulated,RainIntensity,SnowDepthIntensity,WeatherCode4680,WindSpeed,0.14613845960013394,0.02135644937429998
KineticEnergy,ParticlesDetected,Pressure,RainAbsolute,RainAccumulated,RainRate,SnowDepthIntensity,WeatherCode4680,WindSpeed,0.14589162460395796,0.02128436612958219
AverageParticleSpeed,KineticEnergy,ParticlesDetected,Pressure,RainAbsolute,RainAccumulated,SnowDepthIntensity,WeatherCode4680,WindSpeed,0.14589162460395771,0.02128436612958212
KineticEnergy,ParticlesDetected,Pressure,RainAbsolute,RainAccumulated,SnowDepthIntensity,VolumeEquivalentDiameter,WeatherCode4680,WindSpeed,0.1458916246039577,0.02128436612958211
AverageParticleSpeed,Humidity,RainAbsolute,RainAccumulated,RainIntensity,SnowDepthIntensity,Temperature,WeatherCode4680,WindSpeed,0.14575577053769623,0.021244744645037554
Humidity,RainAbsolute,RainAccumulated,RainIntensity,SnowDepthIntensity,Temperature,VolumeEquivalentDiameter,WeatherCode4680,WindSpeed,0.1457557705376962,0.021244744645037547
Humidity,RainAbsolute,RainAccumulated,RainIntensity,RainRate,SnowDepthIntensity,Temperature,WeatherCode4680,WindSpeed,0.14575577053769606,0.021244744645037505
AverageParticleSpeed,ParticlesDetected,RainAbsolute,RainAccumulated,RainRate,Temperature,VolumeEquivalentDiameter,WeatherCode4680,WindSpeed,0.14558935455799546,0.021196260160613715
AverageParticleSpeed,KineticEnergy,ParticlesDetected,RainAbsolute,RainAccumulated,RainIntensity,SnowDepthIntensity,WeatherCode4680,WindSpeed,0.1455220187207602,0.021176657932565283
KineticEnergy,ParticlesDetected,RainAbsolute,RainAccumulated,RainIntensity,SnowDepthIntensity,VolumeEquivalentDiameter,WeatherCode4680,WindSpeed,0.1455220187207602,0.021176657932565283
KineticEnergy,ParticlesDetected,RainAbsolute,RainAccumulated,RainIntensity,RainRate,SnowDepthIntensity,WeatherCode4680,WindSpeed,0.14552201872076,0.021176657932565228
AverageParticleSpeed,Humidity,KineticEnergy,RainAbsolute,RainAccumulated,SnowDepthIntensity,Temperature,WeatherCode4680,WindSpeed,0.1455063395527745,0.02117209485004731
Humidity,KineticEnergy,RainAbsolute,RainAccumulated,SnowDepthIntensity,Temperature,VolumeEquivalentDiameter,WeatherCode4680,WindSpeed,0.1455063395527745,0.02117209485004731
Humidity,KineticEnergy,RainAbsolute,RainAccumulated,RainRate,SnowDepthIntensity,Temperature,WeatherCode4680,WindSpeed,0.14550633955277442,0.021172094850047285
AverageParticleSpeed,Humidity,ParticlesDetected,Pressure,RainRate,SnowDepthIntensity,Temperature,VolumeEquivalentDiameter,WindSpeed,-0.1454777222166663,0.021163767661349524
Humidity,Pressure,RainAbsolute,RainAccumulated,RainIntensity,SnowDepthIntensity,Temperature,WeatherCode4680,WindSpeed,0.14538550928191132,0.021136946309160725
ParticlesDetected,Pressure,RainAbsolute,RainAccumulated,RainRate,Temperature,VolumeEquivalentDiameter,WeatherCode4680,WindSpeed,0.14525783530561223,0.02109983871767237
AverageParticleSpeed,ParticlesDetected,Pressure,RainAbsolute,RainAccumulated,RainRate,Temperature,WeatherCode4680,WindSpeed,0.1452578353056122,0.02109983871767236
AverageParticleSpeed,ParticlesDetected,Pressure,RainAbsolute,RainAccumulated,Temperature,VolumeEquivalentDiameter,WeatherCode4680,WindSpeed,0.1452578353056121,0.021099838717672327
KineticEnergy,ParticlesDetected,Pressure,RainAbsolute,RainAccumulated,RainIntensity,SnowDepthIntensity,WeatherCode4680,WindSpeed,0.14519509014625556,0.021081614202579278
Humidity,KineticEnergy,Pressure,RainAbsolute,RainAccumulated,SnowDepthIntensity,Temperature,WeatherCode4680,WindSpeed,0.14513629148964385,0.021064543107366867
AverageParticleSpeed,ParticlesDetected,RainAbsolute,RainAccumulated,RainIntensity,RainRate,Temperature,WeatherCode4680,WindSpeed,0.14489567412217602,0.02099475637931983
ParticlesDetected,RainAbsolute,RainAccumulated,RainIntensity,RainRate,Temperature,VolumeEquivalentDiameter,WeatherCode4680,WindSpeed,0.14489567412217602,0.02099475637931983
AverageParticleSpeed,ParticlesDetected,RainAbsolute,RainAccumulated,RainIntensity,Temperature,VolumeEquivalentDiameter,WeatherCode4680,WindSpeed,0.1448956741221759,0.020994756379319798
Humidity,KineticEnergy,RainAbsolute,RainAccumulated,RainIntensity,SnowDepthIntensity,Temperature,WeatherCode4680,WindSpeed,0.14475392750839744,0.02095369952910638
AverageParticleSpeed,KineticEnergy,ParticlesDetected,RainAbsolute,RainAccumulated,Temperature,VolumeEquivalentDiameter,WeatherCode4680,WindSpeed,0.1446495991837957,0.020923506544032747
KineticEnergy,ParticlesDetected,RainAbsolute,RainAccumulated,RainRate,Temperature,VolumeEquivalentDiameter,WeatherCode4680,WindSpeed,0.14464959918379552,0.0209235065440327
AverageParticleSpeed,KineticEnergy,ParticlesDetected,RainAbsolute,RainAccumulated,RainRate,Temperature,WeatherCode4680,WindSpeed,0.1446495991837955,0.020923506544032692
AverageParticleSpeed,ParticlesDetected,Pressure,RainAbsolute,RainAccumulated,RainIntensity,Temperature,WeatherCode4680,WindSpeed,0.14456464542715564,0.02089893670747923
ParticlesDetected,Pressure,RainAbsolute,RainAccumulated,RainIntensity,RainRate,Temperature,WeatherCode4680,WindSpeed,0.14456464542715555,0.020898936707479207
ParticlesDetected,Pressure,RainAbsolute,RainAccumulated,RainIntensity,Temperature,VolumeEquivalentDiameter,WeatherCode4680,WindSpeed,0.14456464542715552,0.0208989367074792
AverageParticleSpeed,Humidity,ParticlesDetected,Pressure,RainIntensity,SnowDepthIntensity,Temperature,VolumeEquivalentDiameter,WindSpeed,-0.14442337963723856,0.020858112585841932
AverageParticleSpeed,Humidity,ParticlesDetected,Pressure,RainIntensity,RainRate,SnowDepthIntensity,Temperature,WindSpeed,-0.1444233796372385,0.020858112585841918
Humidity,ParticlesDetected,Pressure,RainIntensity,RainRate,SnowDepthIntensity,Temperature,VolumeEquivalentDiameter,WindSpeed,-0.1444233796372385,0.020858112585841918
KineticEnergy,ParticlesDetected,Pressure,RainAbsolute,RainAccumulated,RainRate,Temperature,WeatherCode4680,WindSpeed,0.1443187859903341,0.020827911989723853
AverageParticleSpeed,KineticEnergy,ParticlesDetected,Pressure,RainAbsolute,RainAccumulated,Temperature,WeatherCode4680,WindSpeed,0.14431878599033401,0.020827911989723828
KineticEnergy,ParticlesDetected,Pressure,RainAbsolute,RainAccumulated,Temperature,VolumeEquivalentDiameter,WeatherCode4680,WindSpeed,0.14431878599033401,0.020827911989723828
AverageParticleSpeed,Humidity,Pressure,RadarReflectivity,RainRate,SnowDepthIntensity,Temperature,VolumeEquivalentDiameter,WindSpeed,-0.1440237643860594,0.020742844707931155
AverageParticleSpeed,Humidity,Pressure,RadarReflectivity,RainAbsolute,RainIntensity,RainRate,VolumeEquivalentDiameter,WindSpeed,0.1440079310614763,0.020738284208606912
AverageParticleSpeed,Humidity,Pressure,RadarReflectivity,RainAccumulated,RainIntensity,RainRate,VolumeEquivalentDiameter,WindSpeed,0.1440079310614763,0.020738284208606912
AverageParticleSpeed,KineticEnergy,ParticlesDetected,RainAbsolute,RainAccumulated,RainIntensity,Temperature,WeatherCode4680,WindSpeed,0.14395928730605848,0.02072427640166829
KineticEnergy,ParticlesDetected,RainAbsolute,RainAccumulated,RainIntensity,Temperature,VolumeEquivalentDiameter,WeatherCode4680,WindSpeed,0.14395928730605848,0.02072427640166829
KineticEnergy,ParticlesDetected,RainAbsolute,RainAccumulated,RainIntensity,RainRate,Temperature,WeatherCode4680,WindSpeed,0.14395928730605834,0.02072427640166825
AverageParticleSpeed,Humidity,ParticlesDetected,Pressure,RainIntensity,RainRate,SnowDepthIntensity,VolumeEquivalentDiameter,WindSpeed,-0.1439415877305166,0.020719180678382007
Humidity,KineticEnergy,ParticlesDetected,Pressure,RainRate,SnowDepthIntensity,Temperature,VolumeEquivalentDiameter,WindSpeed,-0.1438405591469836,0.020690106455716888
AverageParticleSpeed,Humidity,KineticEnergy,ParticlesDetected,Pressure,SnowDepthIntensity,Temperature,VolumeEquivalentDiameter,WindSpeed,-0.14384055914698357,0.02069010645571688
AverageParticleSpeed,Humidity,KineticEnergy,ParticlesDetected,Pressure,RainRate,SnowDepthIntensity,Temperature,WindSpeed,-0.14384055914698354,0.02069010645571687
AverageParticleSpeed,Humidity,ParticlesDetected,Pressure,RainAbsolute,RainIntensity,RainRate,SnowDepthIntensity,VolumeEquivalentDiameter,0.14375393283850757,0.020665193206538146
AverageParticleSpeed,Humidity,ParticlesDetected,Pressure,RainAccumulated,RainIntensity,RainRate,SnowDepthIntensity,VolumeEquivalentDiameter,0.14375393283850757,0.020665193206538146
KineticEnergy,ParticlesDetected,Pressure,RainAbsolute,RainAccumulated,RainIntensity,Temperature,WeatherCode4680,WindSpeed,0.14362897271632938,0.02062928180354809
AverageParticleSpeed,Humidity,ParticlesDetected,RainIntensity,RainRate,SnowDepthIntensity,Temperature,VolumeEquivalentDiameter,WindSpeed,-0.14333820584304643,0.020545841254303553
AverageParticleSpeed,Humidity,KineticEnergy,ParticlesDetected,Pressure,RainRate,SnowDepthIntensity,VolumeEquivalentDiameter,WindSpeed,-0.1432927112458813,0.02053280109619552
AverageParticleSpeed,Humidity,KineticEnergy,Pressure,RadarReflectivity,RainAbsolute,RainRate,VolumeEquivalentDiameter,WindSpeed,0.14328299379416895,0.020530016310619858
AverageParticleSpeed,Humidity,KineticEnergy,Pressure,RadarReflectivity,RainAccumulated,RainRate,VolumeEquivalentDiameter,WindSpeed,0.14328299379416895,0.020530016310619858
AverageParticleSpeed,Humidity,Pressure,RadarReflectivity,RainIntensity,RainRate,SnowDepthIntensity,VolumeEquivalentDiameter,WindSpeed,-0.1431500200474087,0.020491928239573513
AverageParticleSpeed,Humidity,KineticEnergy,ParticlesDetected,Pressure,RainAbsolute,RainRate,SnowDepthIntensity,VolumeEquivalentDiameter,0.1430811662518112,0.020472220135978433
AverageParticleSpeed,Humidity,KineticEnergy,ParticlesDetected,Pressure,RainAccumulated,RainRate,SnowDepthIntensity,VolumeEquivalentDiameter,0.1430811662518112,0.020472220135978433
AverageParticleSpeed,RadarReflectivity,RainAbsolute,RainAccumulated,SnowDepthIntensity,Temperature,VolumeEquivalentDiameter,WeatherCode4680,WindSpeed,0.1430738869629253,0.020470137130679928
AverageParticleSpeed,RadarReflectivity,RainAbsolute,RainAccumulated,RainRate,SnowDepthIntensity,Temperature,WeatherCode4680,WindSpeed,0.14307388696292528,0.02047013713067992
RadarReflectivity,RainAbsolute,RainAccumulated,RainRate,SnowDepthIntensity,Temperature,VolumeEquivalentDiameter,WeatherCode4680,WindSpeed,0.14307388696292525,0.02047013713067991
AverageParticleSpeed,Humidity,Pressure,RadarReflectivity,RainIntensity,SnowDepthIntensity,Temperature,VolumeEquivalentDiameter,WindSpeed,-0.14305592954547255,0.02046499897811921
AverageParticleSpeed,Humidity,Pressure,RadarReflectivity,RainIntensity,RainRate,SnowDepthIntensity,Temperature,WindSpeed,-0.1430559295454724,0.02046499897811916
Humidity,Pressure,RadarReflectivity,RainIntensity,RainRate,SnowDepthIntensity,Temperature,VolumeEquivalentDiameter,WindSpeed,-0.14305592954547236,0.020464998978119153
Humidity,KineticEnergy,ParticlesDetected,Pressure,RainIntensity,RainRate,SnowDepthIntensity,Temperature,WindSpeed,-0.14280368164417895,0.02039289149113201
Humidity,KineticEnergy,ParticlesDetected,Pressure,RainIntensity,SnowDepthIntensity,Temperature,VolumeEquivalentDiameter,WindSpeed,-0.1428036816441788,0.02039289149113197
AverageParticleSpeed,Humidity,KineticEnergy,ParticlesDetected,Pressure,RainIntensity,SnowDepthIntensity,Temperature,WindSpeed,-0.14280368164417878,0.020392891491131965
AverageParticleSpeed,Humidity,KineticEnergy,ParticlesDetected,RainRate,SnowDepthIntensity,Temperature,VolumeEquivalentDiameter,WindSpeed,-0.14276014429299783,0.02038045879855756
Pressure,RadarReflectivity,RainAbsolute,RainAccumulated,SnowDepthIntensity,Temperature,VolumeEquivalentDiameter,WeatherCode4680,WindSpeed,0.14274769335215676,0.02037690395736138
AverageParticleSpeed,Pressure,RadarReflectivity,RainAbsolute,RainAccumulated,SnowDepthIntensity,Temperature,WeatherCode4680,WindSpeed,0.14274769335215673,0.02037690395736137
Pressure,RadarReflectivity,RainAbsolute,RainAccumulated,RainRate,SnowDepthIntensity,Temperature,WeatherCode4680,WindSpeed,0.14274769335215673,0.02037690395736137
AverageParticleSpeed,Humidity,KineticEnergy,Pressure,RadarReflectivity,RainRate,SnowDepthIntensity,VolumeEquivalentDiameter,WindSpeed,-0.14255845851434745,0.020322914093986923
AverageParticleSpeed,Humidity,KineticEnergy,Pressure,RadarReflectivity,SnowDepthIntensity,Temperature,VolumeEquivalentDiameter,WindSpeed,-0.14253131474076525,0.020315175681731086
Humidity,KineticEnergy,Pressure,RadarReflectivity,RainRate,SnowDepthIntensity,Temperature,VolumeEquivalentDiameter,WindSpeed,-0.14253131474076525,0.020315175681731086
AverageParticleSpeed,Humidity,KineticEnergy,Pressure,RadarReflectivity,RainRate,SnowDepthIntensity,Temperature,WindSpeed,-0.1425313147407652,0.02031517568173107
AverageParticleSpeed,RadarReflectivity,RainAbsolute,RainAccumulated,RainIntensity,SnowDepthIntensity,Temperature,WeatherCode4680,WindSpeed,0.14241763372192132,0.020282782394951338
RadarReflectivity,RainAbsolute,RainAccumulated,RainIntensity,RainRate,SnowDepthIntensity,Temperature,WeatherCode4680,WindSpeed,0.14241763372192132,0.020282782394951338
RadarReflectivity,RainAbsolute,RainAccumulated,RainIntensity,SnowDepthIntensity,Temperature,VolumeEquivalentDiameter,WeatherCode4680,WindSpeed,0.14241763372192132,0.020282782394951338
AverageParticleSpeed,Humidity,KineticEnergy,RadarReflectivity,RainAbsolute,RainIntensity,RainRate,VolumeEquivalentDiameter,WindSpeed,0.14230966665044048,0.02025204122215949
AverageParticleSpeed,Humidity,KineticEnergy,RadarReflectivity,RainAccumulated,RainIntensity,RainRate,VolumeEquivalentDiameter,WindSpeed,0.14230966665044048,0.02025204122215949
AverageParticleSpeed,KineticEnergy,RadarReflectivity,RainAbsolute,RainAccumulated,SnowDepthIntensity,Temperature,WeatherCode4680,WindSpeed,0.142192116685761,0.020218598047577075
KineticEnergy,RadarReflectivity,RainAbsolute,RainAccumulated,SnowDepthIntensity,Temperature,VolumeEquivalentDiameter,WeatherCode4680,WindSpeed,0.142192116685761,0.020218598047577075
KineticEnergy,RadarReflectivity,RainAbsolute,RainAccumulated,RainRate,SnowDepthIntensity,Temperature,WeatherCode4680,WindSpeed,0.14219211668576096,0.020218598047577058
AverageParticleSpeed,Humidity,KineticEnergy,ParticlesDetected,Pressure,RainIntensity,SnowDepthIntensity,VolumeEquivalentDiameter,WindSpeed,-0.14214651000911124,0.020205630307770363
Humidity,KineticEnergy,ParticlesDetected,Pressure,RainIntensity,RainRate,SnowDepthIntensity,VolumeEquivalentDiameter,WindSpeed,-0.14214651000911122,0.020205630307770357
AverageParticleSpeed,Humidity,KineticEnergy,ParticlesDetected,Pressure,RainIntensity,RainRate,SnowDepthIntensity,WindSpeed,-0.1421465100091112,0.020205630307770346
AverageParticleSpeed,Humidity,KineticEnergy,ParticlesDetected,RainAbsolute,RainIntensity,RainRate,SnowDepthIntensity,VolumeEquivalentDiameter,0.142119269598231,0.02019788679113467
AverageParticleSpeed,Humidity,KineticEnergy,ParticlesDetected,RainAccumulated,RainIntensity,RainRate,SnowDepthIntensity,VolumeEquivalentDiameter,0.142119269598231,0.02019788679113467
Pressure,RadarReflectivity,RainAbsolute,RainAccumulated,RainIntensity,SnowDepthIntensity,Temperature,WeatherCode4680,WindSpeed,0.14209192160925108,0.020190114186609553
AverageParticleSpeed,Humidity,RadarReflectivity,RainIntensity,RainRate,SnowDepthIntensity,Temperature,VolumeEquivalentDiameter,WindSpeed,-0.14191868770175017,0.020140913918986897
KineticEnergy,Pressure,RadarReflectivity,RainAbsolute,RainAccumulated,SnowDepthIntensity,Temperature,WeatherCode4680,WindSpeed,0.14186660834671305,0.020126134563799674
AverageParticleSpeed,Humidity,KineticEnergy,ParticlesDetected,RainIntensity,SnowDepthIntensity,Temperature,VolumeEquivalentDiameter,WindSpeed,-0.1417336998122138,0.02008844166245873
AverageParticleSpeed,Humidity,KineticEnergy,ParticlesDetected,RainIntensity,RainRate,SnowDepthIntensity,Temperature,WindSpeed,-0.14173369981221376,0.020088441662458722
Humidity,KineticEnergy,ParticlesDetected,RainIntensity,RainRate,SnowDepthIntensity,Temperature,VolumeEquivalentDiameter,WindSpeed,-0.1417336998122137,0.020088441662458708
Humidity,KineticEnergy,Pressure,RadarReflectivity,RainIntensity,RainRate,SnowDepthIntensity,Temperature,WindSpeed,-0.14157184156659688,0.02004258632455761
AverageParticleSpeed,Humidity,KineticEnergy,Pressure,RadarReflectivity,RainIntensity,SnowDepthIntensity,Temperature,WindSpeed,-0.14157184156659686,0.0200425863245576
Humidity,KineticEnergy,Pressure,RadarReflectivity,RainIntensity,SnowDepthIntensity,Temperature,VolumeEquivalentDiameter,WindSpeed,-0.14157184156659683,0.020042586324557594
KineticEnergy,RadarReflectivity,RainAbsolute,RainAccumulated,RainIntensity,SnowDepthIntensity,Temperature,WeatherCode4680,WindSpeed,0.14153859164364785,0.0200331729244673
AverageParticleSpeed,Humidity,KineticEnergy,Pressure,RadarReflectivity,RainIntensity,RainRate,SnowDepthIntensity,WindSpeed,-0.14147996679793745,0.020016581005145483
AverageParticleSpeed,Humidity,KineticEnergy,Pressure,RadarReflectivity,RainIntensity,SnowDepthIntensity,VolumeEquivalentDiameter,WindSpeed,-0.14147996679793742,0.020016581005145476
Humidity,KineticEnergy,Pressure,RadarReflectivity,RainIntensity,RainRate,SnowDepthIntensity,VolumeEquivalentDiameter,WindSpeed,-0.14147996679793742,0.020016581005145476
AverageParticleSpeed,Humidity,KineticEnergy,RadarReflectivity,RainRate,SnowDepthIntensity,Temperature,VolumeEquivalentDiameter,WindSpeed,-0.1413987248233673,0.019993599381674346
AverageParticleSpeed,Humidity,KineticEnergy,Pressure,RadarReflectivity,RainAbsolute,RainIntensity,VolumeEquivalentDiameter,WindSpeed,0.14139589137372652,0.01999279809737067
AverageParticleSpeed,Humidity,KineticEnergy,Pressure,RadarReflectivity,RainAccumulated,RainIntensity,VolumeEquivalentDiameter,WindSpeed,0.14139589137372652,0.01999279809737067
AverageParticleSpeed,Humidity,KineticEnergy,Pressure,RadarReflectivity,RainAbsolute,RainIntensity,RainRate,WindSpeed,0.1413958913737264,0.01999279809737064
AverageParticleSpeed,Humidity,KineticEnergy,Pressure,RadarReflectivity,RainAccumulated,RainIntensity,RainRate,WindSpeed,0.1413958913737264,0.01999279809737064
Humidity,KineticEnergy,Pressure,RadarReflectivity,RainAbsolute,RainIntensity,RainRate,VolumeEquivalentDiameter,WindSpeed,0.14139589137372638,0.01999279809737063
Humidity,KineticEnergy,Pressure,RadarReflectivity,RainAccumulated,RainIntensity,RainRate,VolumeEquivalentDiameter,WindSpeed,0.14139589137372638,0.01999279809737063
AverageParticleSpeed,Humidity,KineticEnergy,ParticlesDetected,Pressure,RainAbsolute,RainIntensity,RainRate,SnowDepthIntensity,0.14134182399326833,0.019977511209744045
AverageParticleSpeed,Humidity,KineticEnergy,ParticlesDetected,Pressure,RainAccumulated,RainIntensity,RainRate,SnowDepthIntensity,0.14134182399326833,0.019977511209744045
Humidity,KineticEnergy,ParticlesDetected,Pressure,RainAbsolute,RainIntensity,RainRate,SnowDepthIntensity,VolumeEquivalentDiameter,0.14134182399326833,0.019977511209744045
Humidity,KineticEnergy,ParticlesDetected,Pressure,RainAccumulated,RainIntensity,RainRate,SnowDepthIntensity,VolumeEquivalentDiameter,0.14134182399326833,0.019977511209744045
AverageParticleSpeed,Humidity,KineticEnergy,ParticlesDetected,Pressure,RainAbsolute,RainIntensity,SnowDepthIntensity,VolumeEquivalentDiameter,0.141341823993268,0.01997751120974395
AverageParticleSpeed,Humidity,KineticEnergy,ParticlesDetected,Pressure,RainAccumulated,RainIntensity,SnowDepthIntensity,VolumeEquivalentDiameter,0.141341823993268,0.01997751120974395
AverageParticleSpeed,Humidity,KineticEnergy,ParticlesDetected,RainIntensity,RainRate,SnowDepthIntensity,VolumeEquivalentDiameter,WindSpeed,-0.14098701375414166,0.01987733804731053
AverageParticleSpeed,Humidity,KineticEnergy,RadarReflectivity,RainIntensity,SnowDepthIntensity,Temperature,VolumeEquivalentDiameter,WindSpeed,-0.14044990927276213,0.019726177014727113
AverageParticleSpeed,Humidity,KineticEnergy,RadarReflectivity,RainIntensity,RainRate,SnowDepthIntensity,Temperature,WindSpeed,-0.14044990927276194,0.01972617701472706
Humidity,KineticEnergy,RadarReflectivity,RainIntensity,RainRate,SnowDepthIntensity,Temperature,VolumeEquivalentDiameter,WindSpeed,-0.14044990927276194,0.01972617701472706
AverageParticleSpeed,Humidity,KineticEnergy,RadarReflectivity,RainIntensity,RainRate,SnowDepthIntensity,VolumeEquivalentDiameter,WindSpeed,-0.1402533926896406,0.01967101416095453
AverageParticleSpeed,ParticlesDetected,RainAbsolute,RainAccumulated,SnowDepthIntensity,Temperature,VolumeEquivalentDiameter,WeatherCode4680,WindSpeed,0.13977616362330422,0.019537375917248714
AverageParticleSpeed,ParticlesDetected,RainAbsolute,RainAccumulated,RainRate,SnowDepthIntensity,Temperature,WeatherCode4680,WindSpeed,0.1397761636233042,0.019537375917248707
ParticlesDetected,RainAbsolute,RainAccumulated,RainRate,SnowDepthIntensity,Temperature,VolumeEquivalentDiameter,WeatherCode4680,WindSpeed,0.13977616362330417,0.0195373759172487
AverageParticleSpeed,ParticlesDetected,Pressure,RainAbsolute,RainAccumulated,SnowDepthIntensity,Temperature,WeatherCode4680,WindSpeed,0.13944843225406156,0.019445865258115598
ParticlesDetected,Pressure,RainAbsolute,RainAccumulated,SnowDepthIntensity,Temperature,VolumeEquivalentDiameter,WeatherCode4680,WindSpeed,0.13944843225406156,0.019445865258115598
ParticlesDetected,Pressure,RainAbsolute,RainAccumulated,RainRate,SnowDepthIntensity,Temperature,WeatherCode4680,WindSpeed,0.13944843225406142,0.019445865258115556
AverageParticleSpeed,ParticlesDetected,Pressure,RadarReflectivity,RainAbsolute,RainIntensity,RainRate,SnowDepthIntensity,VolumeEquivalentDiameter,0.13932033367200372,0.019410155374478454
AverageParticleSpeed,ParticlesDetected,Pressure,RadarReflectivity,RainAccumulated,RainIntensity,RainRate,SnowDepthIntensity,VolumeEquivalentDiameter,0.13932033367200372,0.019410155374478454
AverageParticleSpeed,ParticlesDetected,RainAbsolute,RainAccumulated,RainIntensity,SnowDepthIntensity,Temperature,WeatherCode4680,WindSpeed,0.13911194194613294,0.01935213239202426
ParticlesDetected,RainAbsolute,RainAccumulated,RainIntensity,SnowDepthIntensity,Temperature,VolumeEquivalentDiameter,WeatherCode4680,WindSpeed,0.13911194194613294,0.01935213239202426
ParticlesDetected,RainAbsolute,RainAccumulated,RainIntensity,RainRate,SnowDepthIntensity,Temperature,WeatherCode4680,WindSpeed,0.1391119419461329,0.019352132392024254
KineticEnergy,ParticlesDetected,RainAbsolute,RainAccumulated,RainRate,SnowDepthIntensity,Temperature,WeatherCode4680,WindSpeed,0.13887886886960057,0.01928734021849971
AverageParticleSpeed,KineticEnergy,ParticlesDetected,RainAbsolute,RainAccumulated,SnowDepthIntensity,Temperature,WeatherCode4680,WindSpeed,0.1388788688696005,0.019287340218499687
KineticEnergy,ParticlesDetected,RainAbsolute,RainAccumulated,SnowDepthIntensity,Temperature,VolumeEquivalentDiameter,WeatherCode4680,WindSpeed,0.13887886886960046,0.01928734021849968
AverageParticleSpeed,KineticEnergy,ParticlesDetected,Pressure,RadarReflectivity,RainAbsolute,RainRate,SnowDepthIntensity,VolumeEquivalentDiameter,0.13880400519595576,0.019266551858438914
AverageParticleSpeed,KineticEnergy,ParticlesDetected,Pressure,RadarReflectivity,RainAccumulated,RainRate,SnowDepthIntensity,VolumeEquivalentDiameter,0.13880400519595576,0.019266551858438914
ParticlesDetected,Pressure,RainAbsolute,RainAccumulated,RainIntensity,SnowDepthIntensity,Temperature,WeatherCode4680,WindSpeed,0.13878473904262034,0.019261203791128226
AverageParticleSpeed,Humidity,ParticlesDetected,Pressure,RainAbsolute,RainIntensity,RainRate,Temperature,VolumeEquivalentDiameter,0.13868967679853025,0.01923482645048078
AverageParticleSpeed,Humidity,ParticlesDetected,Pressure,RainAccumulated,RainIntensity,RainRate,Temperature,VolumeEquivalentDiameter,0.13868967679853025,0.01923482645048078
KineticEnergy,ParticlesDetected,Pressure,RainAbsolute,RainAccumulated,SnowDepthIntensity,Temperature,WeatherCode4680,WindSpeed,0.1385518932874695,0.019196627133542338
KineticEnergy,ParticlesDetected,RainAbsolute,RainAccumulated,RainIntensity,SnowDepthIntensity,Temperature,WeatherCode4680,WindSpeed,0.13821804268869073,0.019104227324692732
AverageParticleSpeed,KineticEnergy,ParticlesDetected,RadarReflectivity,RainAbsolute,RainIntensity,RainRate,SnowDepthIntensity,VolumeEquivalentDiameter,0.1381008720996349,0.019071850874679715
AverageParticleSpeed,KineticEnergy,ParticlesDetected,RadarReflectivity,RainAccumulated,RainIntensity,RainRate,SnowDepthIntensity,VolumeEquivalentDiameter,0.1381008720996349,0.019071850874679715
AverageParticleSpeed,Humidity,KineticEnergy,ParticlesDetected,Pressure,RainAbsolute,RainRate,Temperature,VolumeEquivalentDiameter,0.13803669844479652,0.01905413011753969
AverageParticleSpeed,Humidity,KineticEnergy,ParticlesDetected,Pressure,RainAccumulated,RainRate,Temperature,VolumeEquivalentDiameter,0.13803669844479652,0.01905413011753969
AverageParticleSpeed,KineticEnergy,ParticlesDetected,Pressure,RadarReflectivity,RainAbsolute,RainIntensity,SnowDepthIntensity,VolumeEquivalentDiameter,0.1374951524518218,0.018904916947749723
AverageParticleSpeed,KineticEnergy,ParticlesDetected,Pressure,RadarReflectivity,RainAccumulated,RainIntensity,SnowDepthIntensity,VolumeEquivalentDiameter,0.1374951524518218,0.018904916947749723
AverageParticleSpeed,KineticEnergy,ParticlesDetected,Pressure,RadarReflectivity,RainAbsolute,RainIntensity,RainRate,SnowDepthIntensity,0.13749515245182162,0.018904916947749668
AverageParticleSpeed,KineticEnergy,ParticlesDetected,Pressure,RadarReflectivity,RainAccumulated,RainIntensity,RainRate,SnowDepthIntensity,0.13749515245182162,0.018904916947749668
KineticEnergy,ParticlesDetected,Pressure,RadarReflectivity,RainAbsolute,RainIntensity,RainRate,SnowDepthIntensity,VolumeEquivalentDiameter,0.13749515245182162,0.018904916947749668
KineticEnergy,ParticlesDetected,Pressure,RadarReflectivity,RainAccumulated,RainIntensity,RainRate,SnowDepthIntensity,VolumeEquivalentDiameter,0.13749515245182162,0.018904916947749668
AverageParticleSpeed,Humidity,Pressure,RadarReflectivity,RainAbsolute,RainAccumulated,RainRate,VolumeEquivalentDiameter,WeatherCode4680,0.1372196973153001,0.018829245331302577
AverageParticleSpeed,Humidity,KineticEnergy,ParticlesDetected,RainAbsolute,RainIntensity,RainRate,Temperature,VolumeEquivalentDiameter,0.13716492100376262,0.018814215553968443
AverageParticleSpeed,Humidity,KineticEnergy,ParticlesDetected,RainAccumulated,RainIntensity,RainRate,Temperature,VolumeEquivalentDiameter,0.13716492100376262,0.018814215553968443
AverageParticleSpeed,Humidity,RadarReflectivity,RainAbsolute,RainAccumulated,RainIntensity,RainRate,VolumeEquivalentDiameter,WeatherCode4680,0.1369145011566142,0.01874558062696451
AverageParticleSpeed,ParticlesDetected,Pressure,RadarReflectivity,RainAbsolute,RainIntensity,RainRate,Temperature,VolumeEquivalentDiameter,0.1368827881084473,0.018736897680342084
AverageParticleSpeed,ParticlesDetected,Pressure,RadarReflectivity,RainAccumulated,RainIntensity,RainRate,Temperature,VolumeEquivalentDiameter,0.1368827881084473,0.018736897680342084
AverageParticleSpeed,Humidity,KineticEnergy,RadarReflectivity,RainAbsolute,RainAccumulated,RainRate,VolumeEquivalentDiameter,WeatherCode4680,0.13669962459996612,0.018686787365771663
AverageParticleSpeed,Humidity,Pressure,RadarReflectivity,RainAbsolute,RainAccumulated,RainIntensity,RainRate,WeatherCode4680,0.1365897319547798,0.018656754875478593
AverageParticleSpeed,Humidity,Pressure,RadarReflectivity,RainAbsolute,RainAccumulated,RainIntensity,VolumeEquivalentDiameter,WeatherCode4680,0.1365897319547798,0.018656754875478593
Humidity,Pressure,RadarReflectivity,RainAbsolute,RainAccumulated,RainIntensity,RainRate,VolumeEquivalentDiameter,WeatherCode4680,0.13658973195477978,0.018656754875478587
AverageParticleSpeed,Humidity,Pressure,RadarReflectivity,RainAbsolute,RainRate,SnowDepthIntensity,Temperature,VolumeEquivalentDiameter,0.13651684148244075,0.018636848008341856
AverageParticleSpeed,Humidity,Pressure,RadarReflectivity,RainAccumulated,RainRate,SnowDepthIntensity,Temperature,VolumeEquivalentDiameter,0.13651684148244075,0.018636848008341856
AverageParticleSpeed,Humidity,KineticEnergy,Pressure,RadarReflectivity,RainAbsolute,RainAccumulated,RainRate,WeatherCode4680,0.1363750478888985,0.018598153686699363
Humidity,KineticEnergy,Pressure,RadarReflectivity,RainAbsolute,RainAccumulated,RainRate,VolumeEquivalentDiameter,WeatherCode4680,0.1363750478888985,0.018598153686699363
AverageParticleSpeed,Humidity,KineticEnergy,Pressure,RadarReflectivity,RainAbsolute,RainAccumulated,VolumeEquivalentDiameter,WeatherCode4680,0.13637504788889818,0.01859815368669927
Humidity,KineticEnergy,ParticlesDetected,Pressure,RainAbsolute,RainIntensity,RainRate,Temperature,VolumeEquivalentDiameter,0.13636970124176612,0.018596695416768547
Humidity,KineticEnergy,ParticlesDetected,Pressure,RainAccumulated,RainIntensity,RainRate,Temperature,VolumeEquivalentDiameter,0.13636970124176612,0.018596695416768547
AverageParticleSpeed,Humidity,KineticEnergy,ParticlesDetected,Pressure,RainAbsolute,RainIntensity,Temperature,VolumeEquivalentDiameter,0.13636970124176606,0.018596695416768533
AverageParticleSpeed,Humidity,KineticEnergy,ParticlesDetected,Pressure,RainAccumulated,RainIntensity,Temperature,VolumeEquivalentDiameter,0.13636970124176606,0.018596695416768533
AverageParticleSpeed,Humidity,KineticEnergy,ParticlesDetected,Pressure,RainAbsolute,RainIntensity,RainRate,Temperature,0.136369701241766,0.018596695416768515
AverageParticleSpeed,Humidity,KineticEnergy,ParticlesDetected,Pressure,RainAccumulated,RainIntensity,RainRate,Temperature,0.136369701241766,0.018596695416768515
AverageParticleSpeed,KineticEnergy,ParticlesDetected,Pressure,RadarReflectivity,RainAbsolute,RainRate,Temperature,VolumeEquivalentDiameter,0.1363640990130046,0.018595167499628525
AverageParticleSpeed,KineticEnergy,ParticlesDetected,Pressure,RadarReflectivity,RainAccumulated,RainRate,Temperature,VolumeEquivalentDiameter,0.1363640990130046,0.018595167499628525
AverageParticleSpeed,Humidity,KineticEnergy,RadarReflectivity,RainAbsolute,RainAccumulated,RainIntensity,VolumeEquivalentDiameter,WeatherCode4680,0.1360716367496163,0.01851549032771953
AverageParticleSpeed,Humidity,KineticEnergy,RadarReflectivity,RainAbsolute,RainAccumulated,RainIntensity,RainRate,WeatherCode4680,0.1360716367496161,0.018515490327719472
Humidity,KineticEnergy,RadarReflectivity,RainAbsolute,RainAccumulated,RainIntensity,RainRate,VolumeEquivalentDiameter,WeatherCode4680,0.13607163674961606,0.018515490327719465
AverageParticleSpeed,Humidity,RadarReflectivity,RainAbsolute,RainIntensity,RainRate,SnowDepthIntensity,Temperature,VolumeEquivalentDiameter,0.13576114668822636,0.018431088950102117
AverageParticleSpeed,Humidity,RadarReflectivity,RainAccumulated,RainIntensity,RainRate,SnowDepthIntensity,Temperature,VolumeEquivalentDiameter,0.13576114668822636,0.018431088950102117
AverageParticleSpeed,Humidity,KineticEnergy,Pressure,RadarReflectivity,RainAbsolute,RainAccumulated,RainIntensity,WeatherCode4680,0.13574751810405503,0.018427388671410746
Humidity,KineticEnergy,Pressure,RadarReflectivity,RainAbsolute,RainAccumulated,RainIntensity,VolumeEquivalentDiameter,WeatherCode4680,0.13574751810405497,0.018427388671410732
Humidity,KineticEnergy,Pressure,RadarReflectivity,RainAbsolute,RainAccumulated,RainIntensity,RainRate,WeatherCode4680,0.13574751810405467,0.01842738867141065
AverageParticleSpeed,KineticEnergy,ParticlesDetected,RadarReflectivity,RainAbsolute,RainIntensity,RainRate,Temperature,VolumeEquivalentDiameter,0.13568321749143566,0.018409935508828232
AverageParticleSpeed,KineticEnergy,ParticlesDetected,RadarReflectivity,RainAccumulated,RainIntensity,RainRate,Temperature,VolumeEquivalentDiameter,0.13568321749143566,0.018409935508828232
AverageParticleSpeed,Humidity,KineticEnergy,RadarReflectivity,RainAbsolute,RainRate,SnowDepthIntensity,Temperature,VolumeEquivalentDiameter,0.13520815680975393,0.018281245667891008
AverageParticleSpeed,Humidity,KineticEnergy,RadarReflectivity,RainAccumulated,RainRate,SnowDepthIntensity,Temperature,VolumeEquivalentDiameter,0.13520815680975393,0.018281245667891008
KineticEnergy,ParticlesDetected,Pressure,RadarReflectivity,RainAbsolute,RainIntensity,RainRate,Temperature,VolumeEquivalentDiameter,0.13506467727016383,0.01824246704609351
KineticEnergy,ParticlesDetected,Pressure,RadarReflectivity,RainAccumulated,RainIntensity,RainRate,Temperature,VolumeEquivalentDiameter,0.13506467727016383,0.01824246704609351
AverageParticleSpeed,KineticEnergy,ParticlesDetected,Pressure,RadarReflectivity,RainAbsolute,RainIntensity,RainRate,Temperature,0.1350646772701638,0.018242467046093502
AverageParticleSpeed,KineticEnergy,ParticlesDetected,Pressure,RadarReflectivity,RainAccumulated,RainIntensity,RainRate,Temperature,0.1350646772701638,0.018242467046093502
AverageParticleSpeed,KineticEnergy,ParticlesDetected,Pressure,RadarReflectivity,RainAbsolute,RainIntensity,Temperature,VolumeEquivalentDiameter,0.13506467727016377,0.018242467046093495
AverageParticleSpeed,KineticEnergy,ParticlesDetected,Pressure,RadarReflectivity,RainAccumulated,RainIntensity,Temperature,VolumeEquivalentDiameter,0.13506467727016377,0.018242467046093495
AverageParticleSpeed,Humidity,Pressure,RadarReflectivity,RainAbsolute,RainIntensity,RainRate,SnowDepthIntensity,Temperature,0.13498658858633145,0.01822137909817551
AverageParticleSpeed,Humidity,Pressure,RadarReflectivity,RainAccumulated,RainIntensity,RainRate,SnowDepthIntensity,Temperature,0.13498658858633145,0.01822137909817551
Humidity,Pressure,RadarReflectivity,RainAbsolute,RainIntensity,RainRate,SnowDepthIntensity,Temperature,VolumeEquivalentDiameter,0.13498658858633145,0.01822137909817551
Humidity,Pressure,RadarReflectivity,RainAccumulated,RainIntensity,RainRate,SnowDepthIntensity,Temperature,VolumeEquivalentDiameter,0.13498658858633145,0.01822137909817551
AverageParticleSpeed,Humidity,Pressure,RadarReflectivity,RainAbsolute,RainIntensity,SnowDepthIntensity,Temperature,VolumeEquivalentDiameter,0.1349865885863314,0.01822137909817549
AverageParticleSpeed,Humidity,Pressure,RadarReflectivity,RainAccumulated,RainIntensity,SnowDepthIntensity,Temperature,VolumeEquivalentDiameter,0.1349865885863314,0.01822137909817549
AverageParticleSpeed,Humidity,KineticEnergy,Pressure,RadarReflectivity,RainAbsolute,SnowDepthIntensity,Temperature,VolumeEquivalentDiameter,0.13443474436198188,0.01807270049167142
AverageParticleSpeed,Humidity,KineticEnergy,Pressure,RadarReflectivity,RainAccumulated,SnowDepthIntensity,Temperature,VolumeEquivalentDiameter,0.13443474436198188,0.01807270049167142
AverageParticleSpeed,Humidity,KineticEnergy,Pressure,RadarReflectivity,RainAbsolute,RainRate,SnowDepthIntensity,Temperature,0.13443474436198172,0.018072700491671374
AverageParticleSpeed,Humidity,KineticEnergy,Pressure,RadarReflectivity,RainAccumulated,RainRate,SnowDepthIntensity,Temperature,0.13443474436198172,0.018072700491671374
Humidity,KineticEnergy,Pressure,RadarReflectivity,RainAbsolute,RainRate,SnowDepthIntensity,Temperature,VolumeEquivalentDiameter,0.13443474436198172,0.018072700491671374
Humidity,KineticEnergy,Pressure,RadarReflectivity,RainAccumulated,RainRate,SnowDepthIntensity,Temperature,VolumeEquivalentDiameter,0.13443474436198172,0.018072700491671374
AverageParticleSpeed,Humidity,ParticlesDetected,Pressure,RainAbsolute,RainAccumulated,RainRate,VolumeEquivalentDiameter,WeatherCode4680,0.13408454190121236,0.017978664376857974
AverageParticleSpeed,Humidity,ParticlesDetected,RainAbsolute,RainAccumulated,RainIntensity,RainRate,VolumeEquivalentDiameter,WeatherCode4680,0.13377190304679218,0.017894922044760366
AverageParticleSpeed,Humidity,KineticEnergy,RadarReflectivity,RainAbsolute,RainIntensity,SnowDepthIntensity,Temperature,VolumeEquivalentDiameter,0.13369196674841052,0.017873541973058106
AverageParticleSpeed,Humidity,KineticEnergy,RadarReflectivity,RainAccumulated,RainIntensity,SnowDepthIntensity,Temperature,VolumeEquivalentDiameter,0.13369196674841052,0.017873541973058106
AverageParticleSpeed,Humidity,KineticEnergy,RadarReflectivity,RainAbsolute,RainIntensity,RainRate,SnowDepthIntensity,Temperature,0.13369196674841033,0.017873541973058054
AverageParticleSpeed,Humidity,KineticEnergy,RadarReflectivity,RainAccumulated,RainIntensity,RainRate,SnowDepthIntensity,Temperature,0.13369196674841033,0.017873541973058054
Humidity,KineticEnergy,RadarReflectivity,RainAbsolute,RainIntensity,RainRate,SnowDepthIntensity,Temperature,VolumeEquivalentDiameter,0.13369196674841033,0.017873541973058054
Humidity,KineticEnergy,RadarReflectivity,RainAccumulated,RainIntensity,RainRate,SnowDepthIntensity,Temperature,VolumeEquivalentDiameter,0.13369196674841033,0.017873541973058054
AverageParticleSpeed,Humidity,KineticEnergy,ParticlesDetected,RainAbsolute,RainAccumulated,RainRate,VolumeEquivalentDiameter,WeatherCode4680,0.13354913554528972,0.017835371604894165
AverageParticleSpeed,Humidity,ParticlesDetected,Pressure,RainAbsolute,RainAccumulated,RainIntensity,VolumeEquivalentDiameter,WeatherCode4680,0.13344536895455955,0.017807666495418525
AverageParticleSpeed,Humidity,ParticlesDetected,Pressure,RainAbsolute,RainAccumulated,RainIntensity,RainRate,WeatherCode4680,0.13344536895455938,0.01780766649541848
Humidity,ParticlesDetected,Pressure,RainAbsolute,RainAccumulated,RainIntensity,RainRate,VolumeEquivalentDiameter,WeatherCode4680,0.13344536895455933,0.017807666495418466
AverageParticleSpeed,Humidity,KineticEnergy,ParticlesDetected,Pressure,RainAbsolute,RainAccumulated,VolumeEquivalentDiameter,WeatherCode4680,0.1332228174293048,0.01774831908380188
AverageParticleSpeed,Humidity,KineticEnergy,ParticlesDetected,Pressure,RainAbsolute,RainAccumulated,RainRate,WeatherCode4680,0.13322281742930467,0.017748319083801842
Humidity,KineticEnergy,ParticlesDetected,Pressure,RainAbsolute,RainAccumulated,RainRate,VolumeEquivalentDiameter,WeatherCode4680,0.13322281742930467,0.017748319083801842
AverageParticleSpeed,Humidity,KineticEnergy,Pressure,RadarReflectivity,RainAbsolute,RainIntensity,SnowDepthIntensity,Temperature,0.1329210967880347,0.01766801797133409
AverageParticleSpeed,Humidity,KineticEnergy,Pressure,RadarReflectivity,RainAccumulated,RainIntensity,SnowDepthIntensity,Temperature,0.1329210967880347,0.01766801797133409
Humidity,KineticEnergy,Pressure,RadarReflectivity,RainAbsolute,RainIntensity,SnowDepthIntensity,Temperature,VolumeEquivalentDiameter,0.13292109678803465,0.017668017971334077
Humidity,KineticEnergy,Pressure,RadarReflectivity,RainAccumulated,RainIntensity,SnowDepthIntensity,Temperature,VolumeEquivalentDiameter,0.13292109678803465,0.017668017971334077
Humidity,KineticEnergy,Pressure,RadarReflectivity,RainAbsolute,RainIntensity,RainRate,SnowDepthIntensity,Temperature,0.1329210967880346,0.017668017971334063
Humidity,KineticEnergy,Pressure,RadarReflectivity,RainAccumulated,RainIntensity,RainRate,SnowDepthIntensity,Temperature,0.1329210967880346,0.017668017971334063
AverageParticleSpeed,Humidity,KineticEnergy,ParticlesDetected,RainAbsolute,RainAccumulated,RainIntensity,VolumeEquivalentDiameter,WeatherCode4680,0.13291256004882077,0.017665748618731388
AverageParticleSpeed,Humidity,KineticEnergy,ParticlesDetected,RainAbsolute,RainAccumulated,RainIntensity,RainRate,WeatherCode4680,0.13291256004882057,0.017665748618731335
Humidity,KineticEnergy,ParticlesDetected,RainAbsolute,RainAccumulated,RainIntensity,RainRate,VolumeEquivalentDiameter,WeatherCode4680,0.13291256004882054,0.01766574861873133
Humidity,KineticEnergy,ParticlesDetected,Pressure,RainAbsolute,RainAccumulated,RainIntensity,RainRate,WeatherCode4680,0.13258674676458493,0.01757924541761617
AverageParticleSpeed,Humidity,KineticEnergy,ParticlesDetected,Pressure,RainAbsolute,RainAccumulated,RainIntensity,WeatherCode4680,0.13258674676458482,0.017579245417616143
Humidity,KineticEnergy,ParticlesDetected,Pressure,RainAbsolute,RainAccumulated,RainIntensity,VolumeEquivalentDiameter,WeatherCode4680,0.13258674676458473,0.01757924541761612
AverageParticleSpeed,ParticlesDetected,Pressure,RadarReflectivity,RainAbsolute,RainAccumulated,RainRate,VolumeEquivalentDiameter,WeatherCode4680,0.13231917989870912,0.017508365369066945
AverageParticleSpeed,Humidity,RadarReflectivity,RainAbsolute,RainAccumulated,RainRate,SnowDepthIntensity,VolumeEquivalentDiameter,WeatherCode4680,0.13209930799913963,0.017450227173851557
AverageParticleSpeed,ParticlesDetected,RadarReflectivity,RainAbsolute,RainAccumulated,RainIntensity,RainRate,VolumeEquivalentDiameter,WeatherCode4680,0.1320470640972891,0.01743642713671358
AverageParticleSpeed,KineticEnergy,ParticlesDetected,RadarReflectivity,RainAbsolute,RainAccumulated,RainRate,VolumeEquivalentDiameter,WeatherCode4680,0.13184633544023844,0.017383456169019873
AverageParticleSpeed,Humidity,Pressure,RadarReflectivity,RainAbsolute,RainAccumulated,RainRate,SnowDepthIntensity,WeatherCode4680,0.13177771693368712,0.017365366680254967
Humidity,Pressure,RadarReflectivity,RainAbsolute,RainAccumulated,RainRate,SnowDepthIntensity,VolumeEquivalentDiameter,WeatherCode4680,0.1317777169336871,0.01736536668025496
AverageParticleSpeed,Humidity,Pressure,RadarReflectivity,RainAbsolute,RainAccumulated,SnowDepthIntensity,VolumeEquivalentDiameter,WeatherCode4680,0.13177771693368692,0.01736536668025492
AverageParticleSpeed,ParticlesDetected,Pressure,RadarReflectivity,RainAbsolute,RainAccumulated,RainIntensity,RainRate,WeatherCode4680,0.13175662587809842,0.017359808462781193
ParticlesDetected,Pressure,RadarReflectivity,RainAbsolute,RainAccumulated,RainIntensity,RainRate,VolumeEquivalentDiameter,WeatherCode4680,0.1317566258780984,0.017359808462781186
AverageParticleSpeed,ParticlesDetected,Pressure,RadarReflectivity,RainAbsolute,RainAccumulated,RainIntensity,VolumeEquivalentDiameter,WeatherCode4680,0.13175662587809828,0.017359808462781158
AverageParticleSpeed,KineticEnergy,ParticlesDetected,Pressure,RadarReflectivity,RainAbsolute,RainAccumulated,RainRate,WeatherCode4680,0.13155609074571692,0.017307005012295304
KineticEnergy,ParticlesDetected,Pressure,RadarReflectivity,RainAbsolute,RainAccumulated,RainRate,VolumeEquivalentDiameter,WeatherCode4680,0.13155609074571692,0.017307005012295304
AverageParticleSpeed,KineticEnergy,ParticlesDetected,Pressure,RadarReflectivity,RainAbsolute,RainAccumulated,VolumeEquivalentDiameter,WeatherCode4680,0.1315560907457169,0.017307005012295297
AverageParticleSpeed,Humidity,RadarReflectivity,RainAbsolute,RainAccumulated,RainIntensity,SnowDepthIntensity,VolumeEquivalentDiameter,WeatherCode4680,0.13149403291882086,0.017290680693255945
AverageParticleSpeed,Humidity,RadarReflectivity,RainAbsolute,RainAccumulated,RainIntensity,RainRate,SnowDepthIntensity,WeatherCode4680,0.13149403291882084,0.017290680693255938
Humidity,RadarReflectivity,RainAbsolute,RainAccumulated,RainIntensity,RainRate,SnowDepthIntensity,VolumeEquivalentDiameter,WeatherCode4680,0.13149403291882084,0.017290680693255938
AverageParticleSpeed,Humidity,KineticEnergy,RadarReflectivity,RainAbsolute,RainAccumulated,RainRate,SnowDepthIntensity,WeatherCode4680,0.13128968708836694,0.017236981935761304
Humidity,KineticEnergy,RadarReflectivity,RainAbsolute,RainAccumulated,RainRate,SnowDepthIntensity,VolumeEquivalentDiameter,WeatherCode4680,0.13128968708836694,0.017236981935761304
AverageParticleSpeed,Humidity,KineticEnergy,RadarReflectivity,RainAbsolute,RainAccumulated,SnowDepthIntensity,VolumeEquivalentDiameter,WeatherCode4680,0.13128968708836672,0.017236981935761248
AverageParticleSpeed,KineticEnergy,ParticlesDetected,RadarReflectivity,RainAbsolute,RainAccumulated,RainIntensity,VolumeEquivalentDiameter,WeatherCode4680,0.13128599387648068,0.017236012188135322
AverageParticleSpeed,KineticEnergy,ParticlesDetected,RadarReflectivity,RainAbsolute,RainAccumulated,RainIntensity,RainRate,WeatherCode4680,0.1312859938764803,0.01723601218813522
KineticEnergy,ParticlesDetected,RadarReflectivity,RainAbsolute,RainAccumulated,RainIntensity,RainRate,VolumeEquivalentDiameter,WeatherCode4680,0.1312859938764803,0.01723601218813522
Humidity,Pressure,RadarReflectivity,RainAbsolute,RainAccumulated,RainIntensity,RainRate,SnowDepthIntensity,WeatherCode4680,0.13117292773376324,0.017206336970247073
AverageParticleSpeed,Humidity,Pressure,RadarReflectivity,RainAbsolute,RainAccumulated,RainIntensity,SnowDepthIntensity,WeatherCode4680,0.13117292773376307,0.01720633697024703
Humidity,Pressure,RadarReflectivity,RainAbsolute,RainAccumulated,RainIntensity,SnowDepthIntensity,VolumeEquivalentDiameter,WeatherCode4680,0.13117292773376305,0.01720633697024702
AverageParticleSpeed,Humidity,ParticlesDetected,Pressure,RainAbsolute,RainIntensity,RainRate,VolumeEquivalentDiameter,WindSpeed,0.13108830888459796,0.017184144726223767
AverageParticleSpeed,Humidity,ParticlesDetected,Pressure,RainAccumulated,RainIntensity,RainRate,VolumeEquivalentDiameter,WindSpeed,0.13108830888459796,0.017184144726223767
KineticEnergy,ParticlesDetected,Pressure,RadarReflectivity,RainAbsolute,RainAccumulated,RainIntensity,RainRate,WeatherCode4680,0.13099619432615173,0.017160002927934907
KineticEnergy,ParticlesDetected,Pressure,RadarReflectivity,RainAbsolute,RainAccumulated,RainIntensity,VolumeEquivalentDiameter,WeatherCode4680,0.13099619432615162,0.017160002927934875
AverageParticleSpeed,KineticEnergy,ParticlesDetected,Pressure,RadarReflectivity,RainAbsolute,RainAccumulated,RainIntensity,WeatherCode4680,0.13099619432615153,0.017160002927934855
AverageParticleSpeed,Humidity,KineticEnergy,Pressure,RadarReflectivity,RainAbsolute,RainAccumulated,SnowDepthIntensity,WeatherCode4680,0.13096878514854476,0.01715282268328568
Humidity,KineticEnergy,Pressure,RadarReflectivity,RainAbsolute,RainAccumulated,SnowDepthIntensity,VolumeEquivalentDiameter,WeatherCode4680,0.13096878514854476,0.01715282268328568
Humidity,KineticEnergy,Pressure,RadarReflectivity,RainAbsolute,RainAccumulated,RainRate,SnowDepthIntensity,WeatherCode4680,0.13096878514854451,0.017152822683285614
AverageParticleSpeed,Humidity,KineticEnergy,RadarReflectivity,RainAbsolute,RainAccumulated,RainIntensity,SnowDepthIntensity,WeatherCode4680,0.13068693023880712,0.01707907373524284
Humidity,KineticEnergy,RadarReflectivity,RainAbsolute,RainAccumulated,RainIntensity,RainRate,SnowDepthIntensity,WeatherCode4680,0.13068693023880704,0.017079073735242818
Humidity,KineticEnergy,RadarReflectivity,RainAbsolute,RainAccumulated,RainIntensity,SnowDepthIntensity,VolumeEquivalentDiameter,WeatherCode4680,0.13068693023880704,0.017079073735242818
Humidity,KineticEnergy,Pressure,RadarReflectivity,RainAbsolute,RainAccumulated,RainIntensity,SnowDepthIntensity,WeatherCode4680,0.13036652053986825,0.01699542967767189
AverageParticleSpeed,Humidity,KineticEnergy,ParticlesDetected,Pressure,RainAbsolute,RainRate,VolumeEquivalentDiameter,WindSpeed,0.13036276475940983,0.016994450435717227
AverageParticleSpeed,Humidity,KineticEnergy,ParticlesDetected,Pressure,RainAccumulated,RainRate,VolumeEquivalentDiameter,WindSpeed,0.13036276475940983,0.016994450435717227
AverageParticleSpeed,Humidity,RadarReflectivity,RainAbsolute,RainAccumulated,RainRate,Temperature,VolumeEquivalentDiameter,WeatherCode4680,0.13013863665614492,0.016936064750720105
Humidity,Pressure,RadarReflectivity,RainAbsolute,RainAccumulated,RainRate,Temperature,VolumeEquivalentDiameter,WeatherCode4680,0.12981423514864002,0.016851735647226404
AverageParticleSpeed,Humidity,Pressure,RadarReflectivity,RainAbsolute,RainAccumulated,RainRate,Temperature,WeatherCode4680,0.12981423514864,0.016851735647226397
AverageParticleSpeed,Humidity,Pressure,RadarReflectivity,RainAbsolute,RainAccumulated,Temperature,VolumeEquivalentDiameter,WeatherCode4680,0.1298142351486399,0.016851735647226376
AverageParticleSpeed,Humidity,Pressure,RadarReflectivity,RainAbsolute,RainRate,SnowDepthIntensity,VolumeEquivalentDiameter,WindSpeed,0.12962545391053396,0.016802758301511962
AverageParticleSpeed,Humidity,Pressure,RadarReflectivity,RainAccumulated,RainRate,SnowDepthIntensity,VolumeEquivalentDiameter,WindSpeed,0.12962545391053396,0.016802758301511962
Humidity,RadarReflectivity,RainAbsolute,RainAccumulated,RainIntensity,RainRate,Temperature,VolumeEquivalentDiameter,WeatherCode4680,0.1295435381436647,0.016781528274779113
AverageParticleSpeed,Humidity,RadarReflectivity,RainAbsolute,RainAccumulated,RainIntensity,RainRate,Temperature,WeatherCode4680,0.1295435381436646,0.016781528274779082
AverageParticleSpeed,Humidity,RadarReflectivity,RainAbsolute,RainAccumulated,RainIntensity,Temperature,VolumeEquivalentDiameter,WeatherCode4680,0.12954353814366446,0.016781528274779047
AverageParticleSpeed,Humidity,KineticEnergy,ParticlesDetected,RainAbsolute,RainIntensity,RainRate,VolumeEquivalentDiameter,WindSpeed,0.1294569120439174,0.016759092075946568
AverageParticleSpeed,Humidity,KineticEnergy,ParticlesDetected,RainAccumulated,RainIntensity,RainRate,VolumeEquivalentDiameter,WindSpeed,0.1294569120439174,0.016759092075946568
AverageParticleSpeed,Humidity,KineticEnergy,RadarReflectivity,RainAbsolute,RainAccumulated,RainRate,Temperature,WeatherCode4680,0.12934171912027523,0.01672928030498817
Humidity,KineticEnergy,RadarReflectivity,RainAbsolute,RainAccumulated,RainRate,Temperature,VolumeEquivalentDiameter,WeatherCode4680,0.1293417191202752,0.016729280304988162
AverageParticleSpeed,Humidity,KineticEnergy,RadarReflectivity,RainAbsolute,RainAccumulated,Temperature,VolumeEquivalentDiameter,WeatherCode4680,0.12934171912027514,0.01672928030498815
Humidity,Pressure,RadarReflectivity,RainAbsolute,RainAccumulated,RainIntensity,RainRate,Temperature,WeatherCode4680,0.1292196309794137,0.01669771303045585
Humidity,Pressure,RadarReflectivity,RainAbsolute,RainAccumulated,RainIntensity,Temperature,VolumeEquivalentDiameter,WeatherCode4680,0.12921963097941358,0.01669771303045582
AverageParticleSpeed,Humidity,Pressure,RadarReflectivity,RainAbsolute,RainAccumulated,RainIntensity,Temperature,WeatherCode4680,0.12921963097941355,0.016697713030455814
AverageParticleSpeed,ParticlesDetected,Pressure,RadarReflectivity,RainAbsolute,RainIntensity,RainRate,VolumeEquivalentDiameter,WindSpeed,0.12916772288620754,0.016684300635608103
AverageParticleSpeed,ParticlesDetected,Pressure,RadarReflectivity,RainAccumulated,RainIntensity,RainRate,VolumeEquivalentDiameter,WindSpeed,0.12916772288620754,0.016684300635608103
AverageParticleSpeed,Humidity,ParticlesDetected,RainAbsolute,RainAccumulated,RainRate,SnowDepthIntensity,VolumeEquivalentDiameter,WeatherCode4680,0.1290193505379061,0.016645992813223095
Humidity,KineticEnergy,Pressure,RadarReflectivity,RainAbsolute,RainAccumulated,RainRate,Temperature,WeatherCode4680,0.12901802062947385,0.016645649647147338
Humidity,KineticEnergy,Pressure,RadarReflectivity,RainAbsolute,RainAccumulated,Temperature,VolumeEquivalentDiameter,WeatherCode4680,0.12901802062947382,0.01664564964714733
AverageParticleSpeed,Humidity,KineticEnergy,Pressure,RadarReflectivity,RainAbsolute,RainAccumulated,Temperature,WeatherCode4680,0.1290180206294738,0.016645649647147324
AverageParticleSpeed,Humidity,RadarReflectivity,RainAbsolute,RainIntensity,RainRate,SnowDepthIntensity,VolumeEquivalentDiameter,WindSpeed,0.1288336897713239,0.016598119620093728
AverageParticleSpeed,Humidity,RadarReflectivity,RainAccumulated,RainIntensity,RainRate,SnowDepthIntensity,VolumeEquivalentDiameter,WindSpeed,0.1288336897713239,0.016598119620093728
Humidity,KineticEnergy,RadarReflectivity,RainAbsolute,RainAccumulated,RainIntensity,RainRate,Temperature,WeatherCode4680,0.12874896589465756,0.016576296218943697
Humidity,KineticEnergy,RadarReflectivity,RainAbsolute,RainAccumulated,RainIntensity,Temperature,VolumeEquivalentDiameter,WeatherCode4680,0.1287489658946575,0.016576296218943683
AverageParticleSpeed,Humidity,KineticEnergy,RadarReflectivity,RainAbsolute,RainAccumulated,RainIntensity,Temperature,WeatherCode4680,0.12874896589465745,0.01657629621894367
AverageParticleSpeed,Humidity,ParticlesDetected,Pressure,RainAbsolute,RainAccumulated,RainRate,SnowDepthIntensity,WeatherCode4680,0.12869618615900452,0.016562708331873146
Humidity,ParticlesDetected,Pressure,RainAbsolute,RainAccumulated,RainRate,SnowDepthIntensity,VolumeEquivalentDiameter,WeatherCode4680,0.1286961861590045,0.01656270833187314
AverageParticleSpeed,Humidity,ParticlesDetected,Pressure,RainAbsolute,RainAccumulated,SnowDepthIntensity,VolumeEquivalentDiameter,WeatherCode4680,0.12869618615900438,0.01656270833187311
AverageParticleSpeed,KineticEnergy,ParticlesDetected,Pressure,RadarReflectivity,RainAbsolute,RainRate,VolumeEquivalentDiameter,WindSpeed,0.12862926446029557,0.016545487675596656
AverageParticleSpeed,KineticEnergy,ParticlesDetected,Pressure,RadarReflectivity,RainAccumulated,RainRate,VolumeEquivalentDiameter,WindSpeed,0.12862926446029557,0.016545487675596656
AverageParticleSpeed,Humidity,KineticEnergy,ParticlesDetected,Pressure,RainAbsolute,RainIntensity,VolumeEquivalentDiameter,WindSpeed,0.12854288628678515,0.016523273614937377
AverageParticleSpeed,Humidity,KineticEnergy,ParticlesDetected,Pressure,RainAccumulated,RainIntensity,VolumeEquivalentDiameter,WindSpeed,0.12854288628678515,0.016523273614937377
Humidity,KineticEnergy,ParticlesDetected,Pressure,RainAbsolute,RainIntensity,RainRate,VolumeEquivalentDiameter,WindSpeed,0.12854288628678512,0.01652327361493737
Humidity,KineticEnergy,ParticlesDetected,Pressure,RainAccumulated,RainIntensity,RainRate,VolumeEquivalentDiameter,WindSpeed,0.12854288628678512,0.01652327361493737
AverageParticleSpeed,Humidity,KineticEnergy,ParticlesDetected,Pressure,RainAbsolute,RainIntensity,RainRate,WindSpeed,0.1285428862867851,0.016523273614937363
AverageParticleSpeed,Humidity,KineticEnergy,ParticlesDetected,Pressure,RainAccumulated,RainIntensity,RainRate,WindSpeed,0.1285428862867851,0.016523273614937363
Humidity,KineticEnergy,Pressure,RadarReflectivity,RainAbsolute,RainAccumulated,RainIntensity,Temperature,WeatherCode4680,0.12842576806523517,0.01649317790314558
AverageParticleSpeed,Humidity,ParticlesDetected,RainAbsolute,RainAccumulated,RainIntensity,RainRate,SnowDepthIntensity,WeatherCode4680,0.12840675435360088,0.016488294563626
Humidity,ParticlesDetected,RainAbsolute,RainAccumulated,RainIntensity,RainRate,SnowDepthIntensity,VolumeEquivalentDiameter,WeatherCode4680,0.12840675435360088,0.016488294563626
AverageParticleSpeed,Humidity,ParticlesDetected,RainAbsolute,RainAccumulated,RainIntensity,SnowDepthIntensity,VolumeEquivalentDiameter,WeatherCode4680,0.12840675435360077,0.01648829456362597
AverageParticleSpeed,Humidity,KineticEnergy,RadarReflectivity,RainAbsolute,RainRate,SnowDepthIntensity,VolumeEquivalentDiameter,WindSpeed,0.12821904410143525,0.016440123270285798
AverageParticleSpeed,Humidity,KineticEnergy,RadarReflectivity,RainAccumulated,RainRate,SnowDepthIntensity,VolumeEquivalentDiameter,WindSpeed,0.12821904410143525,0.016440123270285798
AverageParticleSpeed,Humidity,KineticEnergy,ParticlesDetected,RainAbsolute,RainAccumulated,SnowDepthIntensity,VolumeEquivalentDiameter,WeatherCode4680,0.1281956050526188,0.01643411315480702
AverageParticleSpeed,Humidity,KineticEnergy,ParticlesDetected,RainAbsolute,RainAccumulated,RainRate,SnowDepthIntensity,WeatherCode4680,0.12819560505261876,0.01643411315480701
Humidity,KineticEnergy,ParticlesDetected,RainAbsolute,RainAccumulated,RainRate,SnowDepthIntensity,VolumeEquivalentDiameter,WeatherCode4680,0.12819560505261876,0.01643411315480701
Humidity,ParticlesDetected,Pressure,RainAbsolute,RainAccumulated,RainIntensity,RainRate,SnowDepthIntensity,WeatherCode4680,0.12808412081287573,0.016405542004407348
AverageParticleSpeed,Humidity,ParticlesDetected,Pressure,RainAbsolute,RainAccumulated,RainIntensity,SnowDepthIntensity,WeatherCode4680,0.12808412081287568,0.016405542004407334
Humidity,ParticlesDetected,Pressure,RainAbsolute,RainAccumulated,RainIntensity,SnowDepthIntensity,VolumeEquivalentDiameter,WeatherCode4680,0.12808412081287568,0.016405542004407334
AverageParticleSpeed,KineticEnergy,ParticlesDetected,RadarReflectivity,RainAbsolute,RainIntensity,RainRate,VolumeEquivalentDiameter,WindSpeed,0.12797146557796293,0.016376696002171752
AverageParticleSpeed,KineticEnergy,ParticlesDetected,RadarReflectivity,RainAccumulated,RainIntensity,RainRate,VolumeEquivalentDiameter,WindSpeed,0.12797146557796293,0.016376696002171752
AverageParticleSpeed,Humidity,Pressure,RadarReflectivity,RainAbsolute,RainIntensity,RainRate,SnowDepthIntensity,WindSpeed,0.12794523722552092,0.016369983728694824
AverageParticleSpeed,Humidity,Pressure,RadarReflectivity,RainAccumulated,RainIntensity,RainRate,SnowDepthIntensity,WindSpeed,0.12794523722552092,0.016369983728694824
Humidity,Pressure,RadarReflectivity,RainAbsolute,RainIntensity,RainRate,SnowDepthIntensity,VolumeEquivalentDiameter,WindSpeed,0.1279452372255209,0.016369983728694817
Humidity,Pressure,RadarReflectivity,RainAccumulated,RainIntensity,RainRate,SnowDepthIntensity,VolumeEquivalentDiameter,WindSpeed,0.1279452372255209,0.016369983728694817
AverageParticleSpeed,Humidity,Pressure,RadarReflectivity,RainAbsolute,RainIntensity,SnowDepthIntensity,VolumeEquivalentDiameter,WindSpeed,0.12794523722552084,0.016369983728694804
AverageParticleSpeed,Humidity,Pressure,RadarReflectivity,RainAccumulated,RainIntensity,SnowDepthIntensity,VolumeEquivalentDiameter,WindSpeed,0.12794523722552084,0.016369983728694804
Humidity,KineticEnergy,ParticlesDetected,Pressure,RainAbsolute,RainAccumulated,RainRate,SnowDepthIntensity,WeatherCode4680,0.12787319739389652,0.016351554611738425
AverageParticleSpeed,Humidity,KineticEnergy,ParticlesDetected,Pressure,RainAbsolute,RainAccumulated,SnowDepthIntensity,WeatherCode4680,0.12787319739389647,0.01635155461173841
Humidity,KineticEnergy,ParticlesDetected,Pressure,RainAbsolute,RainAccumulated,SnowDepthIntensity,VolumeEquivalentDiameter,WeatherCode4680,0.12787319739389647,0.01635155461173841
AverageParticleSpeed,ParticlesDetected,RadarReflectivity,RainAbsolute,RainAccumulated,RainRate,SnowDepthIntensity,VolumeEquivalentDiameter,WeatherCode4680,0.12786013494507645,0.016348214108173158
Humidity,KineticEnergy,ParticlesDetected,RainAbsolute,RainAccumulated,RainIntensity,RainRate,SnowDepthIntensity,WeatherCode4680,0.12758611580675688,0.01627821694665518
AverageParticleSpeed,Humidity,KineticEnergy,ParticlesDetected,RainAbsolute,RainAccumulated,RainIntensity,SnowDepthIntensity,WeatherCode4680,0.12758611580675683,0.016278216946655166
Humidity,KineticEnergy,ParticlesDetected,RainAbsolute,RainAccumulated,RainIntensity,SnowDepthIntensity,VolumeEquivalentDiameter,WeatherCode4680,0.1275861158067568,0.01627821694665516
AverageParticleSpeed,ParticlesDetected,Pressure,RadarReflectivity,RainAbsolute,RainAccumulated,RainRate,SnowDepthIntensity,WeatherCode4680,0.1275726845895087,0.016274789853374272
ParticlesDetected,Pressure,RadarReflectivity,RainAbsolute,RainAccumulated,RainRate,SnowDepthIntensity,VolumeEquivalentDiameter,WeatherCode4680,0.1275726845895087,0.016274789853374272
AverageParticleSpeed,ParticlesDetected,Pressure,RadarReflectivity,RainAbsolute,RainAccumulated,SnowDepthIntensity,VolumeEquivalentDiameter,WeatherCode4680,0.12757268458950846,0.01627478985337421
AverageParticleSpeed,ParticlesDetected,Pressure,RadarReflectivity,RainAbsolute,RainRate,SnowDepthIntensity,Temperature,VolumeEquivalentDiameter,0.1274496971533432,0.0162434253044789
AverageParticleSpeed,ParticlesDetected,Pressure,RadarReflectivity,RainAccumulated,RainRate,SnowDepthIntensity,Temperature,VolumeEquivalentDiameter,0.1274496971533432,0.0162434253044789
AverageParticleSpeed,Humidity,KineticEnergy,Pressure,RadarReflectivity,RainAbsolute,RainRate,SnowDepthIntensity,WindSpeed,0.1273324691436926,0.016213557698229426
AverageParticleSpeed,Humidity,KineticEnergy,Pressure,RadarReflectivity,RainAccumulated,RainRate,SnowDepthIntensity,WindSpeed,0.1273324691436926,0.016213557698229426
Humidity,KineticEnergy,Pressure,RadarReflectivity,RainAbsolute,RainRate,SnowDepthIntensity,VolumeEquivalentDiameter,WindSpeed,0.1273324691436926,0.016213557698229426
Humidity,KineticEnergy,Pressure,RadarReflectivity,RainAccumulated,RainRate,SnowDepthIntensity,VolumeEquivalentDiameter,WindSpeed,0.1273324691436926,0.016213557698229426
AverageParticleSpeed,Humidity,KineticEnergy,Pressure,RadarReflectivity,RainAbsolute,SnowDepthIntensity,VolumeEquivalentDiameter,WindSpeed,0.1273324691436925,0.016213557698229405
AverageParticleSpeed,Humidity,KineticEnergy,Pressure,RadarReflectivity,RainAccumulated,SnowDepthIntensity,VolumeEquivalentDiameter,WindSpeed,0.1273324691436925,0.016213557698229405
AverageParticleSpeed,ParticlesDetected,RadarReflectivity,RainAbsolute,RainAccumulated,RainIntensity,RainRate,SnowDepthIntensity,WeatherCode4680,0.12731912883566188,0.016210160567471866
ParticlesDetected,RadarReflectivity,RainAbsolute,RainAccumulated,RainIntensity,RainRate,SnowDepthIntensity,VolumeEquivalentDiameter,WeatherCode4680,0.12731912883566188,0.016210160567471866
AverageParticleSpeed,ParticlesDetected,RadarReflectivity,RainAbsolute,RainAccumulated,RainIntensity,SnowDepthIntensity,VolumeEquivalentDiameter,WeatherCode4680,0.1273191288356617,0.016210160567471824
AverageParticleSpeed,KineticEnergy,ParticlesDetected,Pressure,RadarReflectivity,RainAbsolute,RainIntensity,VolumeEquivalentDiameter,WindSpeed,0.12729171010335033,0.01620317946103538
AverageParticleSpeed,KineticEnergy,ParticlesDetected,Pressure,RadarReflectivity,RainAccumulated,RainIntensity,VolumeEquivalentDiameter,WindSpeed,0.12729171010335033,0.01620317946103538
KineticEnergy,ParticlesDetected,Pressure,RadarReflectivity,RainAbsolute,RainIntensity,RainRate,VolumeEquivalentDiameter,WindSpeed,0.12729171010335022,0.016203179461035354
KineticEnergy,ParticlesDetected,Pressure,RadarReflectivity,RainAccumulated,RainIntensity,RainRate,VolumeEquivalentDiameter,WindSpeed,0.12729171010335022,0.016203179461035354
AverageParticleSpeed,KineticEnergy,ParticlesDetected,Pressure,RadarReflectivity,RainAbsolute,RainIntensity,RainRate,WindSpeed,0.1272917101033502,0.016203179461035347
AverageParticleSpeed,KineticEnergy,ParticlesDetected,Pressure,RadarReflectivity,RainAccumulated,RainIntensity,RainRate,WindSpeed,0.1272917101033502,0.016203179461035347
Humidity,KineticEnergy,ParticlesDetected,Pressure,RainAbsolute,RainAccumulated,RainIntensity,SnowDepthIntensity,WeatherCode4680,0.12726424501419076,0.016196188059031977
AverageParticleSpeed,KineticEnergy,ParticlesDetected,RadarReflectivity,RainAbsolute,RainAccumulated,RainRate,SnowDepthIntensity,WeatherCode4680,0.12712813708009038,0.01616156323745425
KineticEnergy,ParticlesDetected,RadarReflectivity,RainAbsolute,RainAccumulated,RainRate,SnowDepthIntensity,VolumeEquivalentDiameter,WeatherCode4680,0.12712813708009038,0.01616156323745425
AverageParticleSpeed,KineticEnergy,ParticlesDetected,RadarReflectivity,RainAbsolute,RainAccumulated,SnowDepthIntensity,VolumeEquivalentDiameter,WeatherCode4680,0.12712813708008985,0.016161563237454116
AverageParticleSpeed,Humidity,ParticlesDetected,RainAbsolute,RainAccumulated,RainRate,Temperature,VolumeEquivalentDiameter,WeatherCode4680,0.1271052543812374,0.01615574569131907
AverageParticleSpeed,ParticlesDetected,Pressure,RadarReflectivity,RainAbsolute,RainAccumulated,RainIntensity,SnowDepthIntensity,WeatherCode4680,0.12703213753790185,0.016137163967448413
ParticlesDetected,Pressure,RadarReflectivity,RainAbsolute,RainAccumulated,RainIntensity,SnowDepthIntensity,VolumeEquivalentDiameter,WeatherCode4680,0.12703213753790185,0.016137163967448413
ParticlesDetected,Pressure,RadarReflectivity,RainAbsolute,RainAccumulated,RainIntensity,RainRate,SnowDepthIntensity,WeatherCode4680,0.12703213753790174,0.016137163967448385
AverageParticleSpeed,Humidity,RadarReflectivity,RainAbsolute,RainAccumulated,RainRate,VolumeEquivalentDiameter,WeatherCode4680,WindSpeed,0.1269838014562797,0.01612488583228786
AverageParticleSpeed,ParticlesDetected,RadarReflectivity,RainAbsolute,RainIntensity,RainRate,SnowDepthIntensity,Temperature,VolumeEquivalentDiameter,0.12686051041015242,0.01609358910152439
AverageParticleSpeed,ParticlesDetected,RadarReflectivity,RainAccumulated,RainIntensity,RainRate,SnowDepthIntensity,Temperature,VolumeEquivalentDiameter,0.12686051041015242,0.01609358910152439
KineticEnergy,ParticlesDetected,Pressure,RadarReflectivity,RainAbsolute,RainAccumulated,RainRate,SnowDepthIntensity,WeatherCode4680,0.12684134417845144,0.01608872659299638
KineticEnergy,ParticlesDetected,Pressure,RadarReflectivity,RainAbsolute,RainAccumulated,SnowDepthIntensity,VolumeEquivalentDiameter,WeatherCode4680,0.12684134417845144,0.01608872659299638
AverageParticleSpeed,KineticEnergy,ParticlesDetected,Pressure,RadarReflectivity,RainAbsolute,RainAccumulated,SnowDepthIntensity,WeatherCode4680,0.12684134417845142,0.016088726592996372
AverageParticleSpeed,Humidity,ParticlesDetected,Pressure,RainAbsolute,RainAccumulated,RainRate,Temperature,WeatherCode4680,0.12677921000406178,0.016072968089254
AverageParticleSpeed,Humidity,ParticlesDetected,Pressure,RainAbsolute,RainAccumulated,Temperature,VolumeEquivalentDiameter,WeatherCode4680,0.12677921000406173,0.016072968089253986
Humidity,ParticlesDetected,Pressure,RainAbsolute,RainAccumulated,RainRate,Temperature,VolumeEquivalentDiameter,WeatherCode4680,0.12677921000406173,0.016072968089253986
AverageParticleSpeed,Humidity,ParticlesDetected,Pressure,RainAbsolute,RainRate,SnowDepthIntensity,Temperature,VolumeEquivalentDiameter,0.12665739847558,0.016042096588601854
AverageParticleSpeed,Humidity,ParticlesDetected,Pressure,RainAccumulated,RainRate,SnowDepthIntensity,Temperature,VolumeEquivalentDiameter,0.12665739847558,0.016042096588601854
AverageParticleSpeed,Humidity,Pressure,RadarReflectivity,RainAbsolute,RainAccumulated,VolumeEquivalentDiameter,WeatherCode4680,WindSpeed,0.12664174213125964,0.016038130850040463
Humidity,Pressure,RadarReflectivity,RainAbsolute,RainAccumulated,RainRate,VolumeEquivalentDiameter,WeatherCode4680,WindSpeed,0.12664174213125953,0.016038130850040435
AverageParticleSpeed,Humidity,Pressure,RadarReflectivity,RainAbsolute,RainAccumulated,RainRate,WeatherCode4680,WindSpeed,0.1266417421312595,0.016038130850040428
AverageParticleSpeed,KineticEnergy,ParticlesDetected,RadarReflectivity,RainAbsolute,RainAccumulated,RainIntensity,SnowDepthIntensity,WeatherCode4680,0.1265897574873601,0.016024966700708642
KineticEnergy,ParticlesDetected,RadarReflectivity,RainAbsolute,RainAccumulated,RainIntensity,SnowDepthIntensity,VolumeEquivalentDiameter,WeatherCode4680,0.1265897574873601,0.016024966700708642
KineticEnergy,ParticlesDetected,RadarReflectivity,RainAbsolute,RainAccumulated,RainIntensity,RainRate,SnowDepthIntensity,WeatherCode4680,0.12658975748735932,0.016024966700708444
AverageParticleSpeed,Humidity,KineticEnergy,RadarReflectivity,RainAbsolute,RainIntensity,RainRate,SnowDepthIntensity,WindSpeed,0.12655898194281004,0.016017175910400517
AverageParticleSpeed,Humidity,KineticEnergy,RadarReflectivity,RainAccumulated,RainIntensity,RainRate,SnowDepthIntensity,WindSpeed,0.12655898194281004,0.016017175910400517
Humidity,KineticEnergy,RadarReflectivity,RainAbsolute,RainIntensity,RainRate,SnowDepthIntensity,VolumeEquivalentDiameter,WindSpeed,0.12655898194281,0.01601717591040051
Humidity,KineticEnergy,RadarReflectivity,RainAccumulated,RainIntensity,RainRate,SnowDepthIntensity,VolumeEquivalentDiameter,WindSpeed,0.12655898194281,0.01601717591040051
AverageParticleSpeed,Humidity,KineticEnergy,RadarReflectivity,RainAbsolute,RainIntensity,SnowDepthIntensity,VolumeEquivalentDiameter,WindSpeed,0.1265589819428099,0.016017175910400482
AverageParticleSpeed,Humidity,KineticEnergy,RadarReflectivity,RainAccumulated,RainIntensity,SnowDepthIntensity,VolumeEquivalentDiameter,WindSpeed,0.1265589819428099,0.016017175910400482
AverageParticleSpeed,Humidity,ParticlesDetected,RainAbsolute,RainAccumulated,RainIntensity,RainRate,Temperature,WeatherCode4680,0.12650220973313075,0.016002809067365002
Humidity,ParticlesDetected,RainAbsolute,RainAccumulated,RainIntensity,RainRate,Temperature,VolumeEquivalentDiameter,WeatherCode4680,0.12650220973313073,0.016002809067364995
AverageParticleSpeed,Humidity,ParticlesDetected,RainAbsolute,RainAccumulated,RainIntensity,Temperature,VolumeEquivalentDiameter,WeatherCode4680,0.12650220973313056,0.016002809067364954
AverageParticleSpeed,ParticlesDetected,RadarReflectivity,RainAbsolute,RainAccumulated,RainRate,Temperature,VolumeEquivalentDiameter,WeatherCode4680,0.12642566255941887,0.015983448153588046
AverageParticleSpeed,KineticEnergy,ParticlesDetected,RadarReflectivity,RainAbsolute,RainRate,SnowDepthIntensity,Temperature,VolumeEquivalentDiameter,0.12640166666847888,0.015977381336569244
AverageParticleSpeed,KineticEnergy,ParticlesDetected,RadarReflectivity,RainAccumulated,RainRate,SnowDepthIntensity,Temperature,VolumeEquivalentDiameter,0.12640166666847888,0.015977381336569244
Humidity,RadarReflectivity,RainAbsolute,RainAccumulated,RainIntensity,RainRate,VolumeEquivalentDiameter,WeatherCode4680,WindSpeed,0.12637064205387785,0.01596953917310932
AverageParticleSpeed,Humidity,RadarReflectivity,RainAbsolute,RainAccumulated,RainIntensity,VolumeEquivalentDiameter,WeatherCode4680,WindSpeed,0.12637064205387777,0.0159695391731093
AverageParticleSpeed,Humidity,RadarReflectivity,RainAbsolute,RainAccumulated,RainIntensity,RainRate,WeatherCode4680,WindSpeed,0.12637064205387769,0.015969539173109278
KineticEnergy,ParticlesDetected,Pressure,RadarReflectivity,RainAbsolute,RainAccumulated,RainIntensity,SnowDepthIntensity,WeatherCode4680,0.12630342713221665,0.015952555705343163
AverageParticleSpeed,Humidity,KineticEnergy,ParticlesDetected,RainAbsolute,RainAccumulated,Temperature,VolumeEquivalentDiameter,WeatherCode4680,0.12629342132210306,0.015950028269242234
Humidity,KineticEnergy,ParticlesDetected,RainAbsolute,RainAccumulated,RainRate,Temperature,VolumeEquivalentDiameter,WeatherCode4680,0.1262934213221029,0.015950028269242193
AverageParticleSpeed,Humidity,KineticEnergy,ParticlesDetected,RainAbsolute,RainAccumulated,RainRate,Temperature,WeatherCode4680,0.12629342132210283,0.01595002826924218
AverageParticleSpeed,ParticlesDetected,Pressure,RadarReflectivity,RainAbsolute,RainIntensity,SnowDepthIntensity,Temperature,VolumeEquivalentDiameter,0.1262552164794549,0.01594037968827402
AverageParticleSpeed,ParticlesDetected,Pressure,RadarReflectivity,RainAccumulated,RainIntensity,SnowDepthIntensity,Temperature,VolumeEquivalentDiameter,0.1262552164794549,0.01594037968827402
ParticlesDetected,Pressure,RadarReflectivity,RainAbsolute,RainIntensity,RainRate,SnowDepthIntensity,Temperature,VolumeEquivalentDiameter,0.12625521647945484,0.015940379688274005
ParticlesDetected,Pressure,RadarReflectivity,RainAccumulated,RainIntensity,RainRate,SnowDepthIntensity,Temperature,VolumeEquivalentDiameter,0.12625521647945484,0.015940379688274005
AverageParticleSpeed,ParticlesDetected,Pressure,RadarReflectivity,RainAbsolute,RainIntensity,RainRate,SnowDepthIntensity,Temperature,0.1262552164794548,0.015940379688273998
AverageParticleSpeed,ParticlesDetected,Pressure,RadarReflectivity,RainAccumulated,RainIntensity,RainRate,SnowDepthIntensity,Temperature,0.1262552164794548,0.015940379688273998
AverageParticleSpeed,Humidity,ParticlesDetected,Pressure,RainAbsolute,RainAccumulated,RainIntensity,Temperature,WeatherCode4680,0.12617670538989365,0.015920560983048015
Humidity,ParticlesDetected,Pressure,RainAbsolute,RainAccumulated,RainIntensity,RainRate,Temperature,WeatherCode4680,0.1261767053898936,0.015920560983048
Humidity,ParticlesDetected,Pressure,RainAbsolute,RainAccumulated,RainIntensity,Temperature,VolumeEquivalentDiameter,WeatherCode4680,0.12617670538989353,0.015920560983047987
AverageParticleSpeed,Humidity,KineticEnergy,RadarReflectivity,RainAbsolute,RainAccumulated,RainRate,WeatherCode4680,WindSpeed,0.12616202467829707,0.015916856470927238
AverageParticleSpeed,Humidity,KineticEnergy,RadarReflectivity,RainAbsolute,RainAccumulated,VolumeEquivalentDiameter,WeatherCode4680,WindSpeed,0.126162024678297,0.015916856470927224
Humidity,KineticEnergy,RadarReflectivity,RainAbsolute,RainAccumulated,RainRate,VolumeEquivalentDiameter,WeatherCode4680,WindSpeed,0.126162024678297,0.015916856470927224
AverageParticleSpeed,ParticlesDetected,Pressure,RadarReflectivity,RainAbsolute,RainAccumulated,RainRate,Temperature,WeatherCode4680,0.12613569402825078,0.0159102133079885
ParticlesDetected,Pressure,RadarReflectivity,RainAbsolute,RainAccumulated,RainRate,Temperature,VolumeEquivalentDiameter,WeatherCode4680,0.12613569402825076,0.015910213307988492
AverageParticleSpeed,ParticlesDetected,Pressure,RadarReflectivity,RainAbsolute,RainAccumulated,Temperature,VolumeEquivalentDiameter,WeatherCode4680,0.12613569402825064,0.015910213307988464
AverageParticleSpeed,Humidity,Pressure,RadarReflectivity,RainAbsolute,RainAccumulated,RainIntensity,WeatherCode4680,WindSpeed,0.12602917968688523,0.015883354132549207
Humidity,Pressure,RadarReflectivity,RainAbsolute,RainAccumulated,RainIntensity,VolumeEquivalentDiameter,WeatherCode4680,WindSpeed,0.12602917968688523,0.015883354132549207
Humidity,Pressure,RadarReflectivity,RainAbsolute,RainAccumulated,RainIntensity,RainRate,WeatherCode4680,WindSpeed,0.1260291796868852,0.0158833541325492
AverageParticleSpeed,Humidity,KineticEnergy,ParticlesDetected,Pressure,RainAbsolute,RainAccumulated,Temperature,WeatherCode4680,0.1259681488581146,0.01586797452674012
Humidity,KineticEnergy,ParticlesDetected,Pressure,RainAbsolute,RainAccumulated,Temperature,VolumeEquivalentDiameter,WeatherCode4680,0.1259681488581146,0.01586797452674012
Humidity,KineticEnergy,ParticlesDetected,Pressure,RainAbsolute,RainAccumulated,RainRate,Temperature,WeatherCode4680,0.12596814885811458,0.015867974526740113
AverageParticleSpeed,Humidity,ParticlesDetected,RainAbsolute,RainIntensity,RainRate,SnowDepthIntensity,Temperature,VolumeEquivalentDiameter,0.12592581771947592,0.015857311568318676
AverageParticleSpeed,Humidity,ParticlesDetected,RainAccumulated,RainIntensity,RainRate,SnowDepthIntensity,Temperature,VolumeEquivalentDiameter,0.12592581771947592,0.015857311568318676
AverageParticleSpeed,ParticlesDetected,RadarReflectivity,RainAbsolute,RainAccumulated,RainIntensity,RainRate,Temperature,WeatherCode4680,0.125889506670489,0.015848167889739098
ParticlesDetected,RadarReflectivity,RainAbsolute,RainAccumulated,RainIntensity,RainRate,Temperature,VolumeEquivalentDiameter,WeatherCode4680,0.12588950667048898,0.01584816788973909
AverageParticleSpeed,ParticlesDetected,RadarReflectivity,RainAbsolute,RainAccumulated,RainIntensity,Temperature,VolumeEquivalentDiameter,WeatherCode4680,0.12588950667048887,0.015848167889739063
AverageParticleSpeed,Humidity,KineticEnergy,Pressure,RadarReflectivity,RainAbsolute,RainAccumulated,WeatherCode4680,WindSpeed,0.12582081305414836,0.01583087699760695
Humidity,KineticEnergy,Pressure,RadarReflectivity,RainAbsolute,RainAccumulated,RainRate,WeatherCode4680,WindSpeed,0.12582081305414836,0.01583087699760695
Humidity,KineticEnergy,Pressure,RadarReflectivity,RainAbsolute,RainAccumulated,VolumeEquivalentDiameter,WeatherCode4680,WindSpeed,0.12582081305414836,0.01583087699760695
AverageParticleSpeed,KineticEnergy,ParticlesDetected,Pressure,RadarReflectivity,RainAbsolute,SnowDepthIntensity,Temperature,VolumeEquivalentDiameter,0.12579742906364483,0.015824993159022752
AverageParticleSpeed,KineticEnergy,ParticlesDetected,Pressure,RadarReflectivity,RainAccumulated,SnowDepthIntensity,Temperature,VolumeEquivalentDiameter,0.12579742906364483,0.015824993159022752
AverageParticleSpeed,KineticEnergy,ParticlesDetected,Pressure,RadarReflectivity,RainAbsolute,RainRate,SnowDepthIntensity,Temperature,0.1257974290636448,0.015824993159022745
AverageParticleSpeed,KineticEnergy,ParticlesDetected,Pressure,RadarReflectivity,RainAccumulated,RainRate,SnowDepthIntensity,Temperature,0.1257974290636448,0.015824993159022745
KineticEnergy,ParticlesDetected,Pressure,RadarReflectivity,RainAbsolute,RainRate,SnowDepthIntensity,Temperature,VolumeEquivalentDiameter,0.1257974290636448,0.015824993159022745
KineticEnergy,ParticlesDetected,Pressure,RadarReflectivity,RainAccumulated,RainRate,SnowDepthIntensity,Temperature,VolumeEquivalentDiameter,0.1257974290636448,0.015824993159022745
KineticEnergy,ParticlesDetected,RadarReflectivity,RainAbsolute,RainAccumulated,RainRate,Temperature,VolumeEquivalentDiameter,WeatherCode4680,0.12569940040069635,0.015800339261094584
AverageParticleSpeed,KineticEnergy,ParticlesDetected,RadarReflectivity,RainAbsolute,RainAccumulated,RainRate,Temperature,WeatherCode4680,0.12569940040069633,0.015800339261094577
AverageParticleSpeed,KineticEnergy,ParticlesDetected,RadarReflectivity,RainAbsolute,RainAccumulated,Temperature,VolumeEquivalentDiameter,WeatherCode4680,0.12569940040069624,0.015800339261094556
Humidity,KineticEnergy,ParticlesDetected,RainAbsolute,RainAccumulated,RainIntensity,RainRate,Temperature,WeatherCode4680,0.12569331678304257,0.015798809883922293
Humidity,KineticEnergy,ParticlesDetected,RainAbsolute,RainAccumulated,RainIntensity,Temperature,VolumeEquivalentDiameter,WeatherCode4680,0.12569331678304244,0.01579880988392226
AverageParticleSpeed,Humidity,KineticEnergy,ParticlesDetected,RainAbsolute,RainAccumulated,RainIntensity,Temperature,WeatherCode4680,0.1256933167830424,0.015798809883922252
AverageParticleSpeed,Humidity,KineticEnergy,Pressure,RadarReflectivity,RainAbsolute,RainIntensity,SnowDepthIntensity,WindSpeed,0.1256765894864941,0.015794605144956758
AverageParticleSpeed,Humidity,KineticEnergy,Pressure,RadarReflectivity,RainAccumulated,RainIntensity,SnowDepthIntensity,WindSpeed,0.1256765894864941,0.015794605144956758
Humidity,KineticEnergy,Pressure,RadarReflectivity,RainAbsolute,RainIntensity,SnowDepthIntensity,VolumeEquivalentDiameter,WindSpeed,0.1256765894864941,0.015794605144956758
Humidity,KineticEnergy,Pressure,RadarReflectivity,RainAccumulated,RainIntensity,SnowDepthIntensity,VolumeEquivalentDiameter,WindSpeed,0.1256765894864941,0.015794605144956758
Humidity,KineticEnergy,Pressure,RadarReflectivity,RainAbsolute,RainIntensity,RainRate,SnowDepthIntensity,WindSpeed,0.12567658948649396,0.015794605144956723
Humidity,KineticEnergy,Pressure,RadarReflectivity,RainAccumulated,RainIntensity,RainRate,SnowDepthIntensity,WindSpeed,0.12567658948649396,0.015794605144956723
AverageParticleSpeed,ParticlesDetected,Pressure,RadarReflectivity,RainAbsolute,RainAccumulated,RainIntensity,Temperature,WeatherCode4680,0.12560000386375622,0.015775360970575577
ParticlesDetected,Pressure,RadarReflectivity,RainAbsolute,RainAccumulated,RainIntensity,Temperature,VolumeEquivalentDiameter,WeatherCode4680,0.1256000038637562,0.01577536097057557
ParticlesDetected,Pressure,RadarReflectivity,RainAbsolute,RainAccumulated,RainIntensity,RainRate,Temperature,WeatherCode4680,0.12560000386375605,0.015775360970575535
AverageParticleSpeed,Humidity,KineticEnergy,RadarReflectivity,RainAbsolute,RainAccumulated,RainIntensity,WeatherCode4680,WindSpeed,0.12555156717419783,0.01576319601989711
Humidity,KineticEnergy,RadarReflectivity,RainAbsolute,RainAccumulated,RainIntensity,VolumeEquivalentDiameter,WeatherCode4680,WindSpeed,0.1255515671741977,0.015763196019897074
Humidity,KineticEnergy,RadarReflectivity,RainAbsolute,RainAccumulated,RainIntensity,RainRate,WeatherCode4680,WindSpeed,0.1255515671741976,0.015763196019897053
KineticEnergy,ParticlesDetected,Pressure,RadarReflectivity,RainAbsolute,RainAccumulated,RainRate,Temperature,WeatherCode4680,0.12541010056571758,0.015727693323903398
KineticEnergy,ParticlesDetected,Pressure,RadarReflectivity,RainAbsolute,RainAccumulated,Temperature,VolumeEquivalentDiameter,WeatherCode4680,0.12541010056571744,0.015727693323903363
AverageParticleSpeed,KineticEnergy,ParticlesDetected,Pressure,RadarReflectivity,RainAbsolute,RainAccumulated,Temperature,WeatherCode4680,0.12541010056571741,0.015727693323903356
Humidity,KineticEnergy,ParticlesDetected,Pressure,RainAbsolute,RainAccumulated,RainIntensity,Temperature,WeatherCode4680,0.12536859033874465,0.015717283443523977
AverageParticleSpeed,Humidity,KineticEnergy,ParticlesDetected,RainAbsolute,RainRate,SnowDepthIntensity,Temperature,VolumeEquivalentDiameter,0.1253613770340962,0.01571547485188482
AverageParticleSpeed,Humidity,KineticEnergy,ParticlesDetected,RainAccumulated,RainRate,SnowDepthIntensity,Temperature,VolumeEquivalentDiameter,0.1253613770340962,0.01571547485188482
AverageParticleSpeed,KineticEnergy,ParticlesDetected,RadarReflectivity,RainAbsolute,RainIntensity,RainRate,SnowDepthIntensity,Temperature,0.1252210025012382,0.0156802994674151
AverageParticleSpeed,KineticEnergy,ParticlesDetected,RadarReflectivity,RainAccumulated,RainIntensity,RainRate,SnowDepthIntensity,Temperature,0.1252210025012382,0.0156802994674151
KineticEnergy,ParticlesDetected,RadarReflectivity,RainAbsolute,RainIntensity,RainRate,SnowDepthIntensity,Temperature,VolumeEquivalentDiameter,0.1252210025012382,0.0156802994674151
KineticEnergy,ParticlesDetected,RadarReflectivity,RainAccumulated,RainIntensity,RainRate,SnowDepthIntensity,Temperature,VolumeEquivalentDiameter,0.1252210025012382,0.0156802994674151
AverageParticleSpeed,KineticEnergy,ParticlesDetected,RadarReflectivity,RainAbsolute,RainIntensity,SnowDepthIntensity,Temperature,VolumeEquivalentDiameter,0.12522100250123816,0.015680299467415094
AverageParticleSpeed,KineticEnergy,ParticlesDetected,RadarReflectivity,RainAccumulated,RainIntensity,SnowDepthIntensity,Temperature,VolumeEquivalentDiameter,0.12522100250123816,0.015680299467415094
Humidity,KineticEnergy,Pressure,RadarReflectivity,RainAbsolute,RainAccumulated,RainIntensity,WeatherCode4680,WindSpeed,0.12521095886157393,0.01567778421903476
KineticEnergy,ParticlesDetected,RadarReflectivity,RainAbsolute,RainAccumulated,RainIntensity,RainRate,Temperature,WeatherCode4680,0.12516579029790192,0.01566647506089836
AverageParticleSpeed,KineticEnergy,ParticlesDetected,RadarReflectivity,RainAbsolute,RainAccumulated,RainIntensity,Temperature,WeatherCode4680,0.12516579029790176,0.015666475060898317
KineticEnergy,ParticlesDetected,RadarReflectivity,RainAbsolute,RainAccumulated,RainIntensity,Temperature,VolumeEquivalentDiameter,WeatherCode4680,0.12516579029790176,0.015666475060898317
Humidity,ParticlesDetected,Pressure,RainAbsolute,RainIntensity,RainRate,SnowDepthIntensity,Temperature,VolumeEquivalentDiameter,0.12514786411492165,0.015661987892526895
Humidity,ParticlesDetected,Pressure,RainAccumulated,RainIntensity,RainRate,SnowDepthIntensity,Temperature,VolumeEquivalentDiameter,0.12514786411492165,0.015661987892526895
AverageParticleSpeed,Humidity,ParticlesDetected,Pressure,RainAbsolute,RainIntensity,RainRate,SnowDepthIntensity,Temperature,0.1251478641149216,0.01566198789252688
AverageParticleSpeed,Humidity,ParticlesDetected,Pressure,RainAccumulated,RainIntensity,RainRate,SnowDepthIntensity,Temperature,0.1251478641149216,0.01566198789252688
AverageParticleSpeed,Humidity,ParticlesDetected,Pressure,RainAbsolute,RainIntensity,SnowDepthIntensity,Temperature,VolumeEquivalentDiameter,0.12514786411492151,0.01566198789252686
AverageParticleSpeed,Humidity,ParticlesDetected,Pressure,RainAccumulated,RainIntensity,SnowDepthIntensity,Temperature,VolumeEquivalentDiameter,0.12514786411492151,0.01566198789252686
Humidity,RadarReflectivity,RainAbsolute,RainAccumulated,RainRate,SnowDepthIntensity,Temperature,VolumeEquivalentDiameter,WeatherCode4680,0.12498778041449699,0.015621945252942516
AverageParticleSpeed,Humidity,RadarReflectivity,RainAbsolute,RainAccumulated,RainRate,SnowDepthIntensity,Temperature,WeatherCode4680,0.12498778041449694,0.015621945252942505
AverageParticleSpeed,Humidity,RadarReflectivity,RainAbsolute,RainAccumulated,SnowDepthIntensity,Temperature,VolumeEquivalentDiameter,WeatherCode4680,0.12498778041449692,0.015621945252942498
KineticEnergy,ParticlesDetected,Pressure,RadarReflectivity,RainAbsolute,RainAccumulated,RainIntensity,Temperature,WeatherCode4680,0.12487695969886839,0.0155942550636328
Humidity,Pressure,RadarReflectivity,RainAbsolute,RainAccumulated,RainRate,SnowDepthIntensity,Temperature,WeatherCode4680,0.12466737438855557,0.015541954236936282
AverageParticleSpeed,Humidity,Pressure,RadarReflectivity,RainAbsolute,RainAccumulated,SnowDepthIntensity,Temperature,WeatherCode4680,0.12466737438855553,0.015541954236936271
Humidity,Pressure,RadarReflectivity,RainAbsolute,RainAccumulated,SnowDepthIntensity,Temperature,VolumeEquivalentDiameter,WeatherCode4680,0.12466737438855553,0.015541954236936271
KineticEnergy,ParticlesDetected,Pressure,RadarReflectivity,RainAbsolute,RainIntensity,RainRate,SnowDepthIntensity,Temperature,0.12461901952231699,0.015529900026703623
KineticEnergy,ParticlesDetected,Pressure,RadarReflectivity,RainAccumulated,RainIntensity,RainRate,SnowDepthIntensity,Temperature,0.12461901952231699,0.015529900026703623
AverageParticleSpeed,KineticEnergy,ParticlesDetected,Pressure,RadarReflectivity,RainAbsolute,RainIntensity,SnowDepthIntensity,Temperature,0.12461901952231694,0.015529900026703609
AverageParticleSpeed,KineticEnergy,ParticlesDetected,Pressure,RadarReflectivity,RainAccumulated,RainIntensity,SnowDepthIntensity,Temperature,0.12461901952231694,0.015529900026703609
KineticEnergy,ParticlesDetected,Pressure,RadarReflectivity,RainAbsolute,RainIntensity,SnowDepthIntensity,Temperature,VolumeEquivalentDiameter,0.12461901952231691,0.015529900026703604
KineticEnergy,ParticlesDetected,Pressure,RadarReflectivity,RainAccumulated,RainIntensity,SnowDepthIntensity,Temperature,VolumeEquivalentDiameter,0.12461901952231691,0.015529900026703604
Humidity,KineticEnergy,ParticlesDetected,Pressure,RainAbsolute,RainRate,SnowDepthIntensity,Temperature,VolumeEquivalentDiameter,0.12458491027831037,0.015521399869054644
Humidity,KineticEnergy,ParticlesDetected,Pressure,RainAccumulated,RainRate,SnowDepthIntensity,Temperature,VolumeEquivalentDiameter,0.12458491027831037,0.015521399869054644
AverageParticleSpeed,Humidity,KineticEnergy,ParticlesDetected,Pressure,RainAbsolute,RainRate,SnowDepthIntensity,Temperature,0.12458491027831028,0.015521399869054623
AverageParticleSpeed,Humidity,KineticEnergy,ParticlesDetected,Pressure,RainAccumulated,RainRate,SnowDepthIntensity,Temperature,0.12458491027831028,0.015521399869054623
AverageParticleSpeed,Humidity,KineticEnergy,ParticlesDetected,Pressure,RainAbsolute,SnowDepthIntensity,Temperature,VolumeEquivalentDiameter,0.12458491027831024,0.015521399869054613
AverageParticleSpeed,Humidity,KineticEnergy,ParticlesDetected,Pressure,RainAccumulated,SnowDepthIntensity,Temperature,VolumeEquivalentDiameter,0.12458491027831024,0.015521399869054613
Humidity,RadarReflectivity,RainAbsolute,RainAccumulated,RainIntensity,RainRate,SnowDepthIntensity,Temperature,WeatherCode4680,0.12441638410544303,0.015479436633873137
Humidity,RadarReflectivity,RainAbsolute,RainAccumulated,RainIntensity,SnowDepthIntensity,Temperature,VolumeEquivalentDiameter,WeatherCode4680,0.12441638410544294,0.015479436633873115
AverageParticleSpeed,Humidity,RadarReflectivity,RainAbsolute,RainAccumulated,RainIntensity,SnowDepthIntensity,Temperature,WeatherCode4680,0.12441638410544288,0.0154794366338731
AverageParticleSpeed,Humidity,KineticEnergy,RadarReflectivity,RainAbsolute,RainAccumulated,SnowDepthIntensity,Temperature,WeatherCode4680,0.1242244218335466,0.015431706979878928
Humidity,KineticEnergy,RadarReflectivity,RainAbsolute,RainAccumulated,SnowDepthIntensity,Temperature,VolumeEquivalentDiameter,WeatherCode4680,0.12422442183354654,0.015431706979878914
Humidity,KineticEnergy,RadarReflectivity,RainAbsolute,RainAccumulated,RainRate,SnowDepthIntensity,Temperature,WeatherCode4680,0.12422442183354651,0.015431706979878907
Humidity,Pressure,RadarReflectivity,RainAbsolute,RainAccumulated,RainIntensity,SnowDepthIntensity,Temperature,WeatherCode4680,0.12409650036572145,0.015399941403019504
Humidity,KineticEnergy,Pressure,RadarReflectivity,RainAbsolute,RainAccumulated,SnowDepthIntensity,Temperature,WeatherCode4680,0.12390475467547009,0.015352388231188428
Humidity,KineticEnergy,ParticlesDetected,RainAbsolute,RainIntensity,RainRate,SnowDepthIntensity,Temperature,VolumeEquivalentDiameter,0.12387156391110724,0.015344164345783524
Humidity,KineticEnergy,ParticlesDetected,RainAccumulated,RainIntensity,RainRate,SnowDepthIntensity,Temperature,VolumeEquivalentDiameter,0.12387156391110724,0.015344164345783524
AverageParticleSpeed,Humidity,KineticEnergy,ParticlesDetected,RainAbsolute,RainIntensity,RainRate,SnowDepthIntensity,Temperature,0.12387156391110721,0.015344164345783517
AverageParticleSpeed,Humidity,KineticEnergy,ParticlesDetected,RainAccumulated,RainIntensity,RainRate,SnowDepthIntensity,Temperature,0.12387156391110721,0.015344164345783517
AverageParticleSpeed,Humidity,KineticEnergy,ParticlesDetected,RainAbsolute,RainIntensity,SnowDepthIntensity,Temperature,VolumeEquivalentDiameter,0.12387156391110705,0.01534416434578348
AverageParticleSpeed,Humidity,KineticEnergy,ParticlesDetected,RainAccumulated,RainIntensity,SnowDepthIntensity,Temperature,VolumeEquivalentDiameter,0.12387156391110705,0.01534416434578348
AverageParticleSpeed,Humidity,Pressure,RadarReflectivity,RainAbsolute,RainRate,Temperature,VolumeEquivalentDiameter,WindSpeed,0.12377119051300121,0.015319307601005642
AverageParticleSpeed,Humidity,Pressure,RadarReflectivity,RainAccumulated,RainRate,Temperature,VolumeEquivalentDiameter,WindSpeed,0.12377119051300121,0.015319307601005642
AverageParticleSpeed,Humidity,ParticlesDetected,RainAbsolute,RainAccumulated,RainRate,VolumeEquivalentDiameter,WeatherCode4680,WindSpeed,0.12375405876153699,0.01531506705995395
Humidity,KineticEnergy,RadarReflectivity,RainAbsolute,RainAccumulated,RainIntensity,SnowDepthIntensity,Temperature,WeatherCode4680,0.12365543828998302,0.015290667418687797
AverageParticleSpeed,Humidity,ParticlesDetected,Pressure,RainAbsolute,RainAccumulated,RainRate,WeatherCode4680,WindSpeed,0.12341048827858973,0.015230148617159933
AverageParticleSpeed,Humidity,ParticlesDetected,Pressure,RainAbsolute,RainAccumulated,VolumeEquivalentDiameter,WeatherCode4680,WindSpeed,0.12341048827858973,0.015230148617159933
Humidity,ParticlesDetected,Pressure,RainAbsolute,RainAccumulated,RainRate,VolumeEquivalentDiameter,WeatherCode4680,WindSpeed,0.1234104882785897,0.015230148617159928
AverageParticleSpeed,Humidity,ParticlesDetected,RainAbsolute,RainAccumulated,RainIntensity,RainRate,WeatherCode4680,WindSpeed,0.12313404381161078,0.015161992745399682
AverageParticleSpeed,Humidity,ParticlesDetected,RainAbsolute,RainAccumulated,RainIntensity,VolumeEquivalentDiameter,WeatherCode4680,WindSpeed,0.12313404381161078,0.015161992745399682
Humidity,ParticlesDetected,RainAbsolute,RainAccumulated,RainIntensity,RainRate,VolumeEquivalentDiameter,WeatherCode4680,WindSpeed,0.12313404381161078,0.015161992745399682
Humidity,KineticEnergy,ParticlesDetected,Pressure,RainAbsolute,RainIntensity,RainRate,SnowDepthIntensity,Temperature,0.12309830629161055,0.015153193011863164
Humidity,KineticEnergy,ParticlesDetected,Pressure,RainAccumulated,RainIntensity,RainRate,SnowDepthIntensity,Temperature,0.12309830629161055,0.015153193011863164
AverageParticleSpeed,Humidity,KineticEnergy,ParticlesDetected,Pressure,RainAbsolute,RainIntensity,SnowDepthIntensity,Temperature,0.1230983062916104,0.015153193011863127
AverageParticleSpeed,Humidity,KineticEnergy,ParticlesDetected,Pressure,RainAccumulated,RainIntensity,SnowDepthIntensity,Temperature,0.1230983062916104,0.015153193011863127
Humidity,KineticEnergy,ParticlesDetected,Pressure,RainAbsolute,RainIntensity,SnowDepthIntensity,Temperature,VolumeEquivalentDiameter,0.1230983062916104,0.015153193011863127
Humidity,KineticEnergy,ParticlesDetected,Pressure,RainAccumulated,RainIntensity,SnowDepthIntensity,Temperature,VolumeEquivalentDiameter,0.1230983062916104,0.015153193011863127
AverageParticleSpeed,Humidity,RadarReflectivity,RainAbsolute,RainIntensity,RainRate,Temperature,VolumeEquivalentDiameter,WindSpeed,0.1230873484568688,0.015150495350142644
AverageParticleSpeed,Humidity,RadarReflectivity,RainAccumulated,RainIntensity,RainRate,Temperature,VolumeEquivalentDiameter,WindSpeed,0.1230873484568688,0.015150495350142644
AverageParticleSpeed,ParticlesDetected,RadarReflectivity,RainAbsolute,RainAccumulated,RainRate,VolumeEquivalentDiameter,WeatherCode4680,WindSpeed,0.12308564124348093,0.015150075080318893
AverageParticleSpeed,Humidity,KineticEnergy,ParticlesDetected,RainAbsolute,RainAccumulated,RainRate,WeatherCode4680,WindSpeed,0.12291871196545047,0.015109009751245376
Humidity,KineticEnergy,ParticlesDetected,RainAbsolute,RainAccumulated,RainRate,VolumeEquivalentDiameter,WeatherCode4680,WindSpeed,0.12291871196545043,0.015109009751245366
AverageParticleSpeed,Humidity,KineticEnergy,ParticlesDetected,RainAbsolute,RainAccumulated,VolumeEquivalentDiameter,WeatherCode4680,WindSpeed,0.12291871196545028,0.01510900975124533
Humidity,ParticlesDetected,Pressure,RainAbsolute,RainAccumulated,RainIntensity,RainRate,WeatherCode4680,WindSpeed,0.12279112255955058,0.015077659779434571
AverageParticleSpeed,Humidity,ParticlesDetected,Pressure,RainAbsolute,RainAccumulated,RainIntensity,WeatherCode4680,WindSpeed,0.12279112255955055,0.015077659779434564
Humidity,ParticlesDetected,Pressure,RainAbsolute,RainAccumulated,RainIntensity,VolumeEquivalentDiameter,WeatherCode4680,WindSpeed,0.12279112255955055,0.015077659779434564
AverageParticleSpeed,ParticlesDetected,Pressure,RadarReflectivity,RainAbsolute,RainAccumulated,VolumeEquivalentDiameter,WeatherCode4680,WindSpeed,0.12278267814304862,0.01507558605197947
AverageParticleSpeed,ParticlesDetected,Pressure,RadarReflectivity,RainAbsolute,RainAccumulated,RainRate,WeatherCode4680,WindSpeed,0.12278267814304858,0.015075586051979459
ParticlesDetected,Pressure,RadarReflectivity,RainAbsolute,RainAccumulated,RainRate,VolumeEquivalentDiameter,WeatherCode4680,WindSpeed,0.12278267814304858,0.015075586051979459
AverageParticleSpeed,Humidity,KineticEnergy,ParticlesDetected,Pressure,RainAbsolute,RainAccumulated,WeatherCode4680,WindSpeed,0.12257606836794555,0.015024892536543261
Humidity,KineticEnergy,ParticlesDetected,Pressure,RainAbsolute,RainAccumulated,VolumeEquivalentDiameter,WeatherCode4680,WindSpeed,0.1225760683679455,0.01502489253654325
Humidity,KineticEnergy,ParticlesDetected,Pressure,RainAbsolute,RainAccumulated,RainRate,WeatherCode4680,WindSpeed,0.12257606836794542,0.01502489253654323
AverageParticleSpeed,ParticlesDetected,RadarReflectivity,RainAbsolute,RainAccumulated,RainIntensity,VolumeEquivalentDiameter,WeatherCode4680,WindSpeed,0.12254038648658756,0.015016146320282251
AverageParticleSpeed,ParticlesDetected,RadarReflectivity,RainAbsolute,RainAccumulated,RainIntensity,RainRate,WeatherCode4680,WindSpeed,0.12254038648658751,0.015016146320282238
ParticlesDetected,RadarReflectivity,RainAbsolute,RainAccumulated,RainIntensity,RainRate,VolumeEquivalentDiameter,WeatherCode4680,WindSpeed,0.12254038648658745,0.015016146320282225
AverageParticleSpeed,Humidity,KineticEnergy,RadarReflectivity,RainAbsolute,RainRate,Temperature,VolumeEquivalentDiameter,WindSpeed,0.12249722518613856,0.01500557017830354
AverageParticleSpeed,Humidity,KineticEnergy,RadarReflectivity,RainAccumulated,RainRate,Temperature,VolumeEquivalentDiameter,WindSpeed,0.12249722518613856,0.01500557017830354
AverageParticleSpeed,KineticEnergy,ParticlesDetected,RadarReflectivity,RainAbsolute,RainAccumulated,RainRate,WeatherCode4680,WindSpeed,0.12234661124305188,0.014968693282658468
KineticEnergy,ParticlesDetected,RadarReflectivity,RainAbsolute,RainAccumulated,RainRate,VolumeEquivalentDiameter,WeatherCode4680,WindSpeed,0.12234661124305188,0.014968693282658468
AverageParticleSpeed,KineticEnergy,ParticlesDetected,RadarReflectivity,RainAbsolute,RainAccumulated,VolumeEquivalentDiameter,WeatherCode4680,WindSpeed,0.12234661124305173,0.014968693282658431
Humidity,KineticEnergy,ParticlesDetected,RainAbsolute,RainAccumulated,RainIntensity,VolumeEquivalentDiameter,WeatherCode4680,WindSpeed,0.12230203533121585,0.01495778784615797
AverageParticleSpeed,Humidity,KineticEnergy,ParticlesDetected,RainAbsolute,RainAccumulated,RainIntensity,WeatherCode4680,WindSpeed,0.12230203533121582,0.014957787846157963
Humidity,KineticEnergy,ParticlesDetected,RainAbsolute,RainAccumulated,RainIntensity,RainRate,WeatherCode4680,WindSpeed,0.12230203533121549,0.014957787846157882
ParticlesDetected,Pressure,RadarReflectivity,RainAbsolute,RainAccumulated,RainIntensity,RainRate,WeatherCode4680,WindSpeed,0.12223796596544108,0.014942120323368332
AverageParticleSpeed,ParticlesDetected,Pressure,RadarReflectivity,RainAbsolute,RainAccumulated,RainIntensity,WeatherCode4680,WindSpeed,0.1222379659654409,0.014942120323368287
ParticlesDetected,Pressure,RadarReflectivity,RainAbsolute,RainAccumulated,RainIntensity,VolumeEquivalentDiameter,WeatherCode4680,WindSpeed,0.12223796596544086,0.014942120323368276
AverageParticleSpeed,Humidity,Pressure,RadarReflectivity,RainAbsolute,RainIntensity,Temperature,VolumeEquivalentDiameter,WindSpeed,0.12217916049048277,0.014927747258159147
AverageParticleSpeed,Humidity,Pressure,RadarReflectivity,RainAccumulated,RainIntensity,Temperature,VolumeEquivalentDiameter,WindSpeed,0.12217916049048277,0.014927747258159147
Humidity,Pressure,RadarReflectivity,RainAbsolute,RainIntensity,RainRate,Temperature,VolumeEquivalentDiameter,WindSpeed,0.12217916049048277,0.014927747258159147
Humidity,Pressure,RadarReflectivity,RainAccumulated,RainIntensity,RainRate,Temperature,VolumeEquivalentDiameter,WindSpeed,0.12217916049048277,0.014927747258159147
AverageParticleSpeed,Humidity,Pressure,RadarReflectivity,RainAbsolute,RainIntensity,RainRate,Temperature,WindSpeed,0.12217916049048275,0.01492774725815914
AverageParticleSpeed,Humidity,Pressure,RadarReflectivity,RainAccumulated,RainIntensity,RainRate,Temperature,WindSpeed,0.12217916049048275,0.01492774725815914
KineticEnergy,ParticlesDetected,Pressure,RadarReflectivity,RainAbsolute,RainAccumulated,VolumeEquivalentDiameter,WeatherCode4680,WindSpeed,0.1220444266429926,0.014894842074616802
AverageParticleSpeed,KineticEnergy,ParticlesDetected,Pressure,RadarReflectivity,RainAbsolute,RainAccumulated,WeatherCode4680,WindSpeed,0.12204442664299257,0.014894842074616796
KineticEnergy,ParticlesDetected,Pressure,RadarReflectivity,RainAbsolute,RainAccumulated,RainRate,WeatherCode4680,WindSpeed,0.12204442664299257,0.014894842074616796
AverageParticleSpeed,Humidity,ParticlesDetected,RainAbsolute,RainAccumulated,RainRate,SnowDepthIntensity,Temperature,WeatherCode4680,0.12200618708048086,0.014885509685917295
Humidity,ParticlesDetected,RainAbsolute,RainAccumulated,RainRate,SnowDepthIntensity,Temperature,VolumeEquivalentDiameter,WeatherCode4680,0.12200618708048083,0.014885509685917288
AverageParticleSpeed,Humidity,ParticlesDetected,RainAbsolute,RainAccumulated,SnowDepthIntensity,Temperature,VolumeEquivalentDiameter,WeatherCode4680,0.12200618708048071,0.014885509685917257
Humidity,KineticEnergy,ParticlesDetected,Pressure,RainAbsolute,RainAccumulated,RainIntensity,WeatherCode4680,WindSpeed,0.12196004677425469,0.014874253009178391
ParticlesDetected,RadarReflectivity,RainAbsolute,RainAccumulated,RainRate,SnowDepthIntensity,Temperature,VolumeEquivalentDiameter,WeatherCode4680,0.1218906526213977,0.014857331196470246
AverageParticleSpeed,ParticlesDetected,RadarReflectivity,RainAbsolute,RainAccumulated,RainRate,SnowDepthIntensity,Temperature,WeatherCode4680,0.12189065262139767,0.014857331196470239
AverageParticleSpeed,ParticlesDetected,RadarReflectivity,RainAbsolute,RainAccumulated,SnowDepthIntensity,Temperature,VolumeEquivalentDiameter,WeatherCode4680,0.12189065262139749,0.014857331196470196
KineticEnergy,ParticlesDetected,RadarReflectivity,RainAbsolute,RainAccumulated,RainIntensity,RainRate,WeatherCode4680,WindSpeed,0.1218041354320978,0.014836247408360821
AverageParticleSpeed,KineticEnergy,ParticlesDetected,RadarReflectivity,RainAbsolute,RainAccumulated,RainIntensity,WeatherCode4680,WindSpeed,0.12180413543209775,0.01483624740836081
KineticEnergy,ParticlesDetected,RadarReflectivity,RainAbsolute,RainAccumulated,RainIntensity,VolumeEquivalentDiameter,WeatherCode4680,WindSpeed,0.1218041354320977,0.014836247408360799
Humidity,RadarReflectivity,RainAbsolute,RainAccumulated,RainRate,SnowDepthIntensity,VolumeEquivalentDiameter,WeatherCode4680,WindSpeed,0.12168937699827187,0.014808304474227539
AverageParticleSpeed,Humidity,RadarReflectivity,RainAbsolute,RainAccumulated,RainRate,SnowDepthIntensity,WeatherCode4680,WindSpeed,0.12168937699827179,0.014808304474227518
AverageParticleSpeed,Humidity,RadarReflectivity,RainAbsolute,RainAccumulated,SnowDepthIntensity,VolumeEquivalentDiameter,WeatherCode4680,WindSpeed,0.12168937699827179,0.014808304474227518
Humidity,ParticlesDetected,Pressure,RainAbsolute,RainAccumulated,RainRate,SnowDepthIntensity,Temperature,WeatherCode4680,0.12168435852556893,0.0148070831097792
Humidity,ParticlesDetected,Pressure,RainAbsolute,RainAccumulated,SnowDepthIntensity,Temperature,VolumeEquivalentDiameter,WeatherCode4680,0.1216843585255688,0.014807083109779169
AverageParticleSpeed,Humidity,ParticlesDetected,Pressure,RainAbsolute,RainAccumulated,SnowDepthIntensity,Temperature,WeatherCode4680,0.12168435852556878,0.014807083109779162
AverageParticleSpeed,ParticlesDetected,Pressure,RadarReflectivity,RainAbsolute,RainAccumulated,SnowDepthIntensity,Temperature,WeatherCode4680,0.12160431936604468,0.01478761048847899
ParticlesDetected,Pressure,RadarReflectivity,RainAbsolute,RainAccumulated,RainRate,SnowDepthIntensity,Temperature,WeatherCode4680,0.12160431936604468,0.01478761048847899
ParticlesDetected,Pressure,RadarReflectivity,RainAbsolute,RainAccumulated,SnowDepthIntensity,Temperature,VolumeEquivalentDiameter,WeatherCode4680,0.12160431936604468,0.01478761048847899
Humidity,KineticEnergy,Pressure,RadarReflectivity,RainAbsolute,RainRate,Temperature,VolumeEquivalentDiameter,WindSpeed,0.12159104721015959,0.014784382761663259
Humidity,KineticEnergy,Pressure,RadarReflectivity,RainAccumulated,RainRate,Temperature,VolumeEquivalentDiameter,WindSpeed,0.12159104721015959,0.014784382761663259
AverageParticleSpeed,Humidity,KineticEnergy,Pressure,RadarReflectivity,RainAbsolute,RainRate,Temperature,WindSpeed,0.12159104721015956,0.014784382761663252
AverageParticleSpeed,Humidity,KineticEnergy,Pressure,RadarReflectivity,RainAccumulated,RainRate,Temperature,WindSpeed,0.12159104721015956,0.014784382761663252
AverageParticleSpeed,Humidity,KineticEnergy,Pressure,RadarReflectivity,RainAbsolute,Temperature,VolumeEquivalentDiameter,WindSpeed,0.12159104721015937,0.014784382761663205
AverageParticleSpeed,Humidity,KineticEnergy,Pressure,RadarReflectivity,RainAccumulated,Temperature,VolumeEquivalentDiameter,WindSpeed,0.12159104721015937,0.014784382761663205
KineticEnergy,ParticlesDetected,Pressure,RadarReflectivity,RainAbsolute,RainAccumulated,RainIntensity,WeatherCode4680,WindSpeed,0.12150249663079235,0.014762856687515707
Humidity,ParticlesDetected,RainAbsolute,RainAccumulated,RainIntensity,RainRate,SnowDepthIntensity,Temperature,WeatherCode4680,0.12142856556059144,0.014744896534102853
AverageParticleSpeed,Humidity,ParticlesDetected,RainAbsolute,RainAccumulated,RainIntensity,SnowDepthIntensity,Temperature,WeatherCode4680,0.12142856556059137,0.014744896534102835
Humidity,ParticlesDetected,RainAbsolute,RainAccumulated,RainIntensity,SnowDepthIntensity,Temperature,VolumeEquivalentDiameter,WeatherCode4680,0.12142856556059137,0.014744896534102835
AverageParticleSpeed,ParticlesDetected,RadarReflectivity,RainAbsolute,RainAccumulated,RainIntensity,SnowDepthIntensity,Temperature,WeatherCode4680,0.12137541385554955,0.01473199108860593
ParticlesDetected,RadarReflectivity,RainAbsolute,RainAccumulated,RainIntensity,SnowDepthIntensity,Temperature,VolumeEquivalentDiameter,WeatherCode4680,0.12137541385554955,0.01473199108860593
ParticlesDetected,RadarReflectivity,RainAbsolute,RainAccumulated,RainIntensity,RainRate,SnowDepthIntensity,Temperature,WeatherCode4680,0.1213754138555495,0.014731991088605916
AverageParticleSpeed,Humidity,Pressure,RadarReflectivity,RainAbsolute,RainAccumulated,SnowDepthIntensity,WeatherCode4680,WindSpeed,0.12135214568295233,0.014726343261856486
Humidity,Pressure,RadarReflectivity,RainAbsolute,RainAccumulated,SnowDepthIntensity,VolumeEquivalentDiameter,WeatherCode4680,WindSpeed,0.12135214568295224,0.014726343261856465
Humidity,Pressure,RadarReflectivity,RainAbsolute,RainAccumulated,RainRate,SnowDepthIntensity,WeatherCode4680,WindSpeed,0.12135214568295209,0.014726343261856428
Humidity,KineticEnergy,ParticlesDetected,RainAbsolute,RainAccumulated,SnowDepthIntensity,Temperature,VolumeEquivalentDiameter,WeatherCode4680,0.12123060260327037,0.014696859007552064
AverageParticleSpeed,Humidity,KineticEnergy,ParticlesDetected,RainAbsolute,RainAccumulated,SnowDepthIntensity,Temperature,WeatherCode4680,0.12123060260327034,0.014696859007552058
Humidity,KineticEnergy,ParticlesDetected,RainAbsolute,RainAccumulated,RainRate,SnowDepthIntensity,Temperature,WeatherCode4680,0.12123060260327029,0.014696859007552045
AverageParticleSpeed,KineticEnergy,ParticlesDetected,RadarReflectivity,RainAbsolute,RainAccumulated,SnowDepthIntensity,Temperature,WeatherCode4680,0.12119449835293562,0.014688106431019716
KineticEnergy,ParticlesDetected,RadarReflectivity,RainAbsolute,RainAccumulated,SnowDepthIntensity,Temperature,VolumeEquivalentDiameter,WeatherCode4680,0.12119449835293557,0.014688106431019702
KineticEnergy,ParticlesDetected,RadarReflectivity,RainAbsolute,RainAccumulated,RainRate,SnowDepthIntensity,Temperature,WeatherCode4680,0.12119449835293547,0.014688106431019678
Humidity,ParticlesDetected,Pressure,RainAbsolute,RainAccumulated,RainIntensity,SnowDepthIntensity,Temperature,WeatherCode4680,0.12110730277238146,0.014666978784801275
Humidity,RadarReflectivity,RainAbsolute,RainAccumulated,RainIntensity,SnowDepthIntensity,VolumeEquivalentDiameter,WeatherCode4680,WindSpeed,0.12110237470583876,0.014665785159393376
AverageParticleSpeed,Humidity,RadarReflectivity,RainAbsolute,RainAccumulated,RainIntensity,SnowDepthIntensity,WeatherCode4680,WindSpeed,0.12110237470583869,0.014665785159393359
Humidity,RadarReflectivity,RainAbsolute,RainAccumulated,RainIntensity,RainRate,SnowDepthIntensity,WeatherCode4680,WindSpeed,0.12110237470583864,0.014665785159393346
ParticlesDetected,Pressure,RadarReflectivity,RainAbsolute,RainAccumulated,RainIntensity,SnowDepthIntensity,Temperature,WeatherCode4680,0.12108956037850473,0.014662681632659541
AverageParticleSpeed,Humidity,KineticEnergy,RadarReflectivity,RainAbsolute,RainIntensity,RainRate,Temperature,WindSpeed,0.12092117189195731,0.014621929811724286
AverageParticleSpeed,Humidity,KineticEnergy,RadarReflectivity,RainAccumulated,RainIntensity,RainRate,Temperature,WindSpeed,0.12092117189195731,0.014621929811724286
AverageParticleSpeed,Humidity,KineticEnergy,RadarReflectivity,RainAbsolute,RainIntensity,Temperature,VolumeEquivalentDiameter,WindSpeed,0.12092117189195722,0.014621929811724266
AverageParticleSpeed,Humidity,KineticEnergy,RadarReflectivity,RainAccumulated,RainIntensity,Temperature,VolumeEquivalentDiameter,WindSpeed,0.12092117189195722,0.014621929811724266
Humidity,KineticEnergy,RadarReflectivity,RainAbsolute,RainIntensity,RainRate,Temperature,VolumeEquivalentDiameter,WindSpeed,0.12092117189195722,0.014621929811724266
Humidity,KineticEnergy,RadarReflectivity,RainAccumulated,RainIntensity,RainRate,Temperature,VolumeEquivalentDiameter,WindSpeed,0.12092117189195722,0.014621929811724266
Humidity,KineticEnergy,ParticlesDetected,Pressure,RainAbsolute,RainAccumulated,SnowDepthIntensity,Temperature,WeatherCode4680,0.12090957862509792,0.014619126203298737
KineticEnergy,ParticlesDetected,Pressure,RadarReflectivity,RainAbsolute,RainAccumulated,SnowDepthIntensity,Temperature,WeatherCode4680,0.12090885106895194,0.014618950266814
AverageParticleSpeed,Humidity,KineticEnergy,RadarReflectivity,RainAbsolute,RainAccumulated,SnowDepthIntensity,WeatherCode4680,WindSpeed,0.12090465378207123,0.01461793530616251
Humidity,KineticEnergy,RadarReflectivity,RainAbsolute,RainAccumulated,SnowDepthIntensity,VolumeEquivalentDiameter,WeatherCode4680,WindSpeed,0.12090465378207114,0.01461793530616249
Humidity,KineticEnergy,RadarReflectivity,RainAbsolute,RainAccumulated,RainRate,SnowDepthIntensity,WeatherCode4680,WindSpeed,0.12090465378207098,0.01461793530616245
Humidity,Pressure,RadarReflectivity,RainAbsolute,RainAccumulated,RainIntensity,SnowDepthIntensity,WeatherCode4680,WindSpeed,0.12076576614362547,0.014584370272256836
KineticEnergy,ParticlesDetected,RadarReflectivity,RainAbsolute,RainAccumulated,RainIntensity,SnowDepthIntensity,Temperature,WeatherCode4680,0.12068177184130276,0.014564090054756255
Humidity,KineticEnergy,ParticlesDetected,RainAbsolute,RainAccumulated,RainIntensity,SnowDepthIntensity,Temperature,WeatherCode4680,0.1206559193555881,0.01455785087554218
Humidity,KineticEnergy,Pressure,RadarReflectivity,RainAbsolute,RainAccumulated,SnowDepthIntensity,WeatherCode4680,WindSpeed,0.1205683025198778,0.014536715572524771
Humidity,KineticEnergy,RadarReflectivity,RainAbsolute,RainAccumulated,RainIntensity,SnowDepthIntensity,WeatherCode4680,WindSpeed,0.1203203990348764,0.014476998423911886
Humidity,KineticEnergy,Pressure,RadarReflectivity,RainAbsolute,RainIntensity,RainRate,Temperature,WindSpeed,0.12001934455906495,0.014404643068387553
Humidity,KineticEnergy,Pressure,RadarReflectivity,RainAccumulated,RainIntensity,RainRate,Temperature,WindSpeed,0.12001934455906495,0.014404643068387553
AverageParticleSpeed,Humidity,KineticEnergy,Pressure,RadarReflectivity,RainAbsolute,RainIntensity,Temperature,WindSpeed,0.12001934455906471,0.014404643068387495
AverageParticleSpeed,Humidity,KineticEnergy,Pressure,RadarReflectivity,RainAccumulated,RainIntensity,Temperature,WindSpeed,0.12001934455906471,0.014404643068387495
Humidity,KineticEnergy,Pressure,RadarReflectivity,RainAbsolute,RainIntensity,Temperature,VolumeEquivalentDiameter,WindSpeed,0.1200193445590647,0.014404643068387494
Humidity,KineticEnergy,Pressure,RadarReflectivity,RainAccumulated,RainIntensity,Temperature,VolumeEquivalentDiameter,WindSpeed,0.1200193445590647,0.014404643068387494
AverageParticleSpeed,Humidity,RadarReflectivity,RainAbsolute,RainAccumulated,RainRate,Temperature,WeatherCode4680,WindSpeed,0.1196803135863252,0.014323377460121134
AverageParticleSpeed,Humidity,RadarReflectivity,RainAbsolute,RainAccumulated,Temperature,VolumeEquivalentDiameter,WeatherCode4680,WindSpeed,0.1196803135863252,0.014323377460121134
Humidity,RadarReflectivity,RainAbsolute,RainAccumulated,RainRate,Temperature,VolumeEquivalentDiameter,WeatherCode4680,WindSpeed,0.1196803135863252,0.014323377460121134
AverageParticleSpeed,ParticlesDetected,Pressure,RadarReflectivity,RainAbsolute,RainRate,SnowDepthIntensity,VolumeEquivalentDiameter,WindSpeed,0.11950977522522899,0.014282586374384756
AverageParticleSpeed,ParticlesDetected,Pressure,RadarReflectivity,RainAccumulated,RainRate,SnowDepthIntensity,VolumeEquivalentDiameter,WindSpeed,0.11950977522522899,0.014282586374384756
Humidity,Pressure,RadarReflectivity,RainAbsolute,RainAccumulated,Temperature,VolumeEquivalentDiameter,WeatherCode4680,WindSpeed,0.11934014447586637,0.014242070083520658
AverageParticleSpeed,Humidity,Pressure,RadarReflectivity,RainAbsolute,RainAccumulated,Temperature,WeatherCode4680,WindSpeed,0.11934014447586633,0.014242070083520648
Humidity,Pressure,RadarReflectivity,RainAbsolute,RainAccumulated,RainRate,Temperature,WeatherCode4680,WindSpeed,0.11934014447586622,0.014242070083520622
Humidity,RadarReflectivity,RainAbsolute,RainAccumulated,RainIntensity,RainRate,Temperature,WeatherCode4680,WindSpeed,0.11910330089758665,0.014185596284701065
Humidity,RadarReflectivity,RainAbsolute,RainAccumulated,RainIntensity,Temperature,VolumeEquivalentDiameter,WeatherCode4680,WindSpeed,0.11910330089758665,0.014185596284701065
AverageParticleSpeed,Humidity,RadarReflectivity,RainAbsolute,RainAccumulated,RainIntensity,Temperature,WeatherCode4680,WindSpeed,0.11910330089758663,0.01418559628470106
AverageParticleSpeed,ParticlesDetected,RadarReflectivity,RainAbsolute,RainIntensity,RainRate,SnowDepthIntensity,VolumeEquivalentDiameter,WindSpeed,0.11895058106024496,0.014149240734569907
AverageParticleSpeed,ParticlesDetected,RadarReflectivity,RainAccumulated,RainIntensity,RainRate,SnowDepthIntensity,VolumeEquivalentDiameter,WindSpeed,0.11895058106024496,0.014149240734569907
AverageParticleSpeed,Humidity,KineticEnergy,RadarReflectivity,RainAbsolute,RainAccumulated,Temperature,WeatherCode4680,WindSpeed,0.11890813582264402,0.014139144764816359
Humidity,KineticEnergy,RadarReflectivity,RainAbsolute,RainAccumulated,Temperature,VolumeEquivalentDiameter,WeatherCode4680,WindSpeed,0.11890813582264391,0.014139144764816331
Humidity,KineticEnergy,RadarReflectivity,RainAbsolute,RainAccumulated,RainRate,Temperature,WeatherCode4680,WindSpeed,0.11890813582264388,0.014139144764816326
Humidity,Pressure,RadarReflectivity,RainAbsolute,RainAccumulated,RainIntensity,Temperature,WeatherCode4680,WindSpeed,0.11876376272992133,0.01410483133776905
Humidity,KineticEnergy,Pressure,RadarReflectivity,RainAbsolute,RainAccumulated,Temperature,WeatherCode4680,WindSpeed,0.11856886083227397,0.014058574759063152
AverageParticleSpeed,Humidity,ParticlesDetected,RainAbsolute,RainAccumulated,RainRate,SnowDepthIntensity,WeatherCode4680,WindSpeed,0.11852571976680955,0.014048346246240268
Humidity,ParticlesDetected,RainAbsolute,RainAccumulated,RainRate,SnowDepthIntensity,VolumeEquivalentDiameter,WeatherCode4680,WindSpeed,0.11852571976680955,0.014048346246240268
AverageParticleSpeed,Humidity,ParticlesDetected,RainAbsolute,RainAccumulated,SnowDepthIntensity,VolumeEquivalentDiameter,WeatherCode4680,WindSpeed,0.11852571976680945,0.014048346246240245
AverageParticleSpeed,ParticlesDetected,RadarReflectivity,RainAbsolute,RainAccumulated,RainRate,SnowDepthIntensity,WeatherCode4680,WindSpeed,0.1184822558766436,0.014038044957618448
AverageParticleSpeed,ParticlesDetected,RadarReflectivity,RainAbsolute,RainAccumulated,SnowDepthIntensity,VolumeEquivalentDiameter,WeatherCode4680,WindSpeed,0.1184822558766436,0.014038044957618448
ParticlesDetected,RadarReflectivity,RainAbsolute,RainAccumulated,RainRate,SnowDepthIntensity,VolumeEquivalentDiameter,WeatherCode4680,WindSpeed,0.1184822558766436,0.014038044957618448
AverageParticleSpeed,KineticEnergy,ParticlesDetected,RadarReflectivity,RainAbsolute,RainRate,SnowDepthIntensity,VolumeEquivalentDiameter,WindSpeed,0.11847952233803927,0.014037397213449945
AverageParticleSpeed,KineticEnergy,ParticlesDetected,RadarReflectivity,RainAccumulated,RainRate,SnowDepthIntensity,VolumeEquivalentDiameter,WindSpeed,0.11847952233803927,0.014037397213449945
Humidity,KineticEnergy,RadarReflectivity,RainAbsolute,RainAccumulated,RainIntensity,Temperature,WeatherCode4680,WindSpeed,0.11833370353173171,0.014002865391535774
AverageParticleSpeed,ParticlesDetected,Pressure,RadarReflectivity,RainAbsolute,RainIntensity,SnowDepthIntensity,VolumeEquivalentDiameter,WindSpeed,0.11828944210548356,0.013992392113626547
AverageParticleSpeed,ParticlesDetected,Pressure,RadarReflectivity,RainAccumulated,RainIntensity,SnowDepthIntensity,VolumeEquivalentDiameter,WindSpeed,0.11828944210548356,0.013992392113626547
ParticlesDetected,Pressure,RadarReflectivity,RainAbsolute,RainIntensity,RainRate,SnowDepthIntensity,VolumeEquivalentDiameter,WindSpeed,0.11828944210548348,0.013992392113626528
ParticlesDetected,Pressure,RadarReflectivity,RainAccumulated,RainIntensity,RainRate,SnowDepthIntensity,VolumeEquivalentDiameter,WindSpeed,0.11828944210548348,0.013992392113626528
AverageParticleSpeed,ParticlesDetected,Pressure,RadarReflectivity,RainAbsolute,RainIntensity,RainRate,SnowDepthIntensity,WindSpeed,0.11828944210548345,0.01399239211362652
AverageParticleSpeed,ParticlesDetected,Pressure,RadarReflectivity,RainAccumulated,RainIntensity,RainRate,SnowDepthIntensity,WindSpeed,0.11828944210548345,0.01399239211362652
Humidity,ParticlesDetected,Pressure,RainAbsolute,RainAccumulated,RainRate,SnowDepthIntensity,WeatherCode4680,WindSpeed,0.11818721705061026,0.01396821827416806
AverageParticleSpeed,Humidity,ParticlesDetected,Pressure,RainAbsolute,RainAccumulated,SnowDepthIntensity,WeatherCode4680,WindSpeed,0.1181872170506102,0.013968218274168045
Humidity,ParticlesDetected,Pressure,RainAbsolute,RainAccumulated,SnowDepthIntensity,VolumeEquivalentDiameter,WeatherCode4680,WindSpeed,0.1181872170506102,0.013968218274168045
AverageParticleSpeed,ParticlesDetected,Pressure,RadarReflectivity,RainAbsolute,RainAccumulated,SnowDepthIntensity,WeatherCode4680,WindSpeed,0.11818352769288139,0.013967346217934062
ParticlesDetected,Pressure,RadarReflectivity,RainAbsolute,RainAccumulated,SnowDepthIntensity,VolumeEquivalentDiameter,WeatherCode4680,WindSpeed,0.11818352769288139,0.013967346217934062
ParticlesDetected,Pressure,RadarReflectivity,RainAbsolute,RainAccumulated,RainRate,SnowDepthIntensity,WeatherCode4680,WindSpeed,0.11818352769288132,0.013967346217934046
AverageParticleSpeed,Humidity,ParticlesDetected,Pressure,RainAbsolute,RainRate,SnowDepthIntensity,VolumeEquivalentDiameter,WindSpeed,0.11811361177681842,0.01395082528696498
AverageParticleSpeed,Humidity,ParticlesDetected,Pressure,RainAccumulated,RainRate,SnowDepthIntensity,VolumeEquivalentDiameter,WindSpeed,0.11811361177681842,0.01395082528696498
ParticlesDetected,RadarReflectivity,RainAbsolute,RainAccumulated,RainIntensity,SnowDepthIntensity,VolumeEquivalentDiameter,WeatherCode4680,WindSpeed,0.11795932201833645,0.013914401651025594
AverageParticleSpeed,ParticlesDetected,RadarReflectivity,RainAbsolute,RainAccumulated,RainIntensity,SnowDepthIntensity,WeatherCode4680,WindSpeed,0.11795932201833643,0.013914401651025591
ParticlesDetected,RadarReflectivity,RainAbsolute,RainAccumulated,RainIntensity,RainRate,SnowDepthIntensity,WeatherCode4680,WindSpeed,0.11795932201833643,0.013914401651025591
Humidity,ParticlesDetected,RainAbsolute,RainAccumulated,RainIntensity,SnowDepthIntensity,VolumeEquivalentDiameter,WeatherCode4680,WindSpeed,0.11793361733566204,0.013908338097874368
AverageParticleSpeed,Humidity,ParticlesDetected,RainAbsolute,RainAccumulated,RainIntensity,SnowDepthIntensity,WeatherCode4680,WindSpeed,0.11793361733566202,0.01390833809787436
Humidity,ParticlesDetected,RainAbsolute,RainAccumulated,RainIntensity,RainRate,SnowDepthIntensity,WeatherCode4680,WindSpeed,0.11793361733566189,0.013908338097874331
AverageParticleSpeed,KineticEnergy,ParticlesDetected,Pressure,RadarReflectivity,RainAbsolute,SnowDepthIntensity,VolumeEquivalentDiameter,WindSpeed,0.11781981833052209,0.01388150959143723
AverageParticleSpeed,KineticEnergy,ParticlesDetected,Pressure,RadarReflectivity,RainAccumulated,SnowDepthIntensity,VolumeEquivalentDiameter,WindSpeed,0.11781981833052209,0.01388150959143723
AverageParticleSpeed,KineticEnergy,ParticlesDetected,Pressure,RadarReflectivity,RainAbsolute,RainRate,SnowDepthIntensity,WindSpeed,0.11781981833052206,0.013881509591437222
AverageParticleSpeed,KineticEnergy,ParticlesDetected,Pressure,RadarReflectivity,RainAccumulated,RainRate,SnowDepthIntensity,WindSpeed,0.11781981833052206,0.013881509591437222
KineticEnergy,ParticlesDetected,Pressure,RadarReflectivity,RainAbsolute,RainRate,SnowDepthIntensity,VolumeEquivalentDiameter,WindSpeed,0.11781981833052206,0.013881509591437222
KineticEnergy,ParticlesDetected,Pressure,RadarReflectivity,RainAccumulated,RainRate,SnowDepthIntensity,VolumeEquivalentDiameter,WindSpeed,0.11781981833052206,0.013881509591437222
KineticEnergy,ParticlesDetected,RadarReflectivity,RainAbsolute,RainAccumulated,RainRate,SnowDepthIntensity,WeatherCode4680,WindSpeed,0.11777537287838587,0.01387103845664283
AverageParticleSpeed,KineticEnergy,ParticlesDetected,RadarReflectivity,RainAbsolute,RainAccumulated,SnowDepthIntensity,WeatherCode4680,WindSpeed,0.11777537287838578,0.013871038456642809
KineticEnergy,ParticlesDetected,RadarReflectivity,RainAbsolute,RainAccumulated,SnowDepthIntensity,VolumeEquivalentDiameter,WeatherCode4680,WindSpeed,0.11777537287838576,0.013871038456642804
AverageParticleSpeed,Humidity,KineticEnergy,ParticlesDetected,RainAbsolute,RainAccumulated,SnowDepthIntensity,WeatherCode4680,WindSpeed,0.11773018889003208,0.013860397376082632
Humidity,KineticEnergy,ParticlesDetected,RainAbsolute,RainAccumulated,SnowDepthIntensity,VolumeEquivalentDiameter,WeatherCode4680,WindSpeed,0.11773018889003208,0.013860397376082632
Humidity,KineticEnergy,ParticlesDetected,RainAbsolute,RainAccumulated,RainRate,SnowDepthIntensity,WeatherCode4680,WindSpeed,0.11773018889003202,0.013860397376082618
ParticlesDetected,Pressure,RadarReflectivity,RainAbsolute,RainAccumulated,RainIntensity,SnowDepthIntensity,WeatherCode4680,WindSpeed,0.11766114768377092,0.013844145674262152
Humidity,ParticlesDetected,Pressure,RainAbsolute,RainAccumulated,RainIntensity,SnowDepthIntensity,WeatherCode4680,WindSpeed,0.11759578655399741,0.013828769015253319
KineticEnergy,ParticlesDetected,Pressure,RadarReflectivity,RainAbsolute,RainAccumulated,SnowDepthIntensity,WeatherCode4680,WindSpeed,0.11747743617926919,0.013800948011254265
Humidity,KineticEnergy,ParticlesDetected,Pressure,RainAbsolute,RainAccumulated,SnowDepthIntensity,WeatherCode4680,WindSpeed,0.11739264091247238,0.013781032140404685
AverageParticleSpeed,Humidity,ParticlesDetected,RainAbsolute,RainIntensity,RainRate,SnowDepthIntensity,VolumeEquivalentDiameter,WindSpeed,0.11738065382678768,0.013778217892804166
AverageParticleSpeed,Humidity,ParticlesDetected,RainAccumulated,RainIntensity,RainRate,SnowDepthIntensity,VolumeEquivalentDiameter,WindSpeed,0.11738065382678768,0.013778217892804166
AverageParticleSpeed,Humidity,KineticEnergy,ParticlesDetected,Pressure,RainIntensity,RainRate,Temperature,VolumeEquivalentDiameter,-0.11734384515003488,0.013769577994595364
AverageParticleSpeed,KineticEnergy,ParticlesDetected,RadarReflectivity,RainAbsolute,RainIntensity,SnowDepthIntensity,VolumeEquivalentDiameter,WindSpeed,0.11727455496311963,0.013753321241797766
AverageParticleSpeed,KineticEnergy,ParticlesDetected,RadarReflectivity,RainAccumulated,RainIntensity,SnowDepthIntensity,VolumeEquivalentDiameter,WindSpeed,0.11727455496311963,0.013753321241797766
KineticEnergy,ParticlesDetected,RadarReflectivity,RainAbsolute,RainIntensity,RainRate,SnowDepthIntensity,VolumeEquivalentDiameter,WindSpeed,0.1172745549631195,0.013753321241797737
KineticEnergy,ParticlesDetected,RadarReflectivity,RainAccumulated,RainIntensity,RainRate,SnowDepthIntensity,VolumeEquivalentDiameter,WindSpeed,0.1172745549631195,0.013753321241797737
AverageParticleSpeed,KineticEnergy,ParticlesDetected,RadarReflectivity,RainAbsolute,RainIntensity,RainRate,SnowDepthIntensity,WindSpeed,0.11727455496311948,0.013753321241797732
AverageParticleSpeed,KineticEnergy,ParticlesDetected,RadarReflectivity,RainAccumulated,RainIntensity,RainRate,SnowDepthIntensity,WindSpeed,0.11727455496311948,0.013753321241797732
KineticEnergy,ParticlesDetected,RadarReflectivity,RainAbsolute,RainAccumulated,RainIntensity,SnowDepthIntensity,WeatherCode4680,WindSpeed,0.11725516645225371,0.013748774059745726
Humidity,KineticEnergy,ParticlesDetected,RainAbsolute,RainAccumulated,RainIntensity,SnowDepthIntensity,WeatherCode4680,WindSpeed,0.11714139149143789,0.013722105600550316
AverageParticleSpeed,ParticlesDetected,RadarReflectivity,RainAbsolute,RainAccumulated,RainRate,Temperature,WeatherCode4680,WindSpeed,0.1169954095123229,0.013687925846956136
AverageParticleSpeed,ParticlesDetected,RadarReflectivity,RainAbsolute,RainAccumulated,Temperature,VolumeEquivalentDiameter,WeatherCode4680,WindSpeed,0.1169954095123229,0.013687925846956136
ParticlesDetected,RadarReflectivity,RainAbsolute,RainAccumulated,RainRate,Temperature,VolumeEquivalentDiameter,WeatherCode4680,WindSpeed,0.11699540951232289,0.013687925846956132
AverageParticleSpeed,Humidity,KineticEnergy,ParticlesDetected,RainAbsolute,RainRate,SnowDepthIntensity,VolumeEquivalentDiameter,WindSpeed,0.11676991176549265,0.013635212293720937
AverageParticleSpeed,Humidity,KineticEnergy,ParticlesDetected,RainAccumulated,RainRate,SnowDepthIntensity,VolumeEquivalentDiameter,WindSpeed,0.11676991176549265,0.013635212293720937
AverageParticleSpeed,ParticlesDetected,Pressure,RadarReflectivity,RainAbsolute,RainRate,Temperature,VolumeEquivalentDiameter,WindSpeed,0.11674199110397068,0.01362869248691957
AverageParticleSpeed,ParticlesDetected,Pressure,RadarReflectivity,RainAccumulated,RainRate,Temperature,VolumeEquivalentDiameter,WindSpeed,0.11674199110397068,0.01362869248691957
ParticlesDetected,Pressure,RadarReflectivity,RainAbsolute,RainAccumulated,RainRate,Temperature,WeatherCode4680,WindSpeed,0.11669402019377506,0.013617494348985182
AverageParticleSpeed,ParticlesDetected,Pressure,RadarReflectivity,RainAbsolute,RainAccumulated,Temperature,WeatherCode4680,WindSpeed,0.116694020193775,0.013617494348985168
ParticlesDetected,Pressure,RadarReflectivity,RainAbsolute,RainAccumulated,Temperature,VolumeEquivalentDiameter,WeatherCode4680,WindSpeed,0.116694020193775,0.013617494348985168
KineticEnergy,ParticlesDetected,Pressure,RadarReflectivity,RainAbsolute,RainIntensity,RainRate,SnowDepthIntensity,WindSpeed,0.11661790256868475,0.013599735199519248
KineticEnergy,ParticlesDetected,Pressure,RadarReflectivity,RainAccumulated,RainIntensity,RainRate,SnowDepthIntensity,WindSpeed,0.11661790256868475,0.013599735199519248
KineticEnergy,ParticlesDetected,Pressure,RadarReflectivity,RainAbsolute,RainIntensity,SnowDepthIntensity,VolumeEquivalentDiameter,WindSpeed,0.11661790256868472,0.013599735199519241
KineticEnergy,ParticlesDetected,Pressure,RadarReflectivity,RainAccumulated,RainIntensity,SnowDepthIntensity,VolumeEquivalentDiameter,WindSpeed,0.11661790256868472,0.013599735199519241
AverageParticleSpeed,KineticEnergy,ParticlesDetected,Pressure,RadarReflectivity,RainAbsolute,RainIntensity,SnowDepthIntensity,WindSpeed,0.11661790256868469,0.013599735199519236
AverageParticleSpeed,KineticEnergy,ParticlesDetected,Pressure,RadarReflectivity,RainAccumulated,RainIntensity,SnowDepthIntensity,WindSpeed,0.11661790256868469,0.013599735199519236
AverageParticleSpeed,Humidity,ParticlesDetected,RainAbsolute,RainAccumulated,Temperature,VolumeEquivalentDiameter,WeatherCode4680,WindSpeed,0.11655975921061876,0.013586177467237424
AverageParticleSpeed,Humidity,ParticlesDetected,RainAbsolute,RainAccumulated,RainRate,Temperature,WeatherCode4680,WindSpeed,0.11655975921061873,0.013586177467237419
Humidity,ParticlesDetected,RainAbsolute,RainAccumulated,RainRate,Temperature,VolumeEquivalentDiameter,WeatherCode4680,WindSpeed,0.11655975921061873,0.013586177467237419
AverageParticleSpeed,Humidity,ParticlesDetected,Pressure,RainAbsolute,RainIntensity,SnowDepthIntensity,VolumeEquivalentDiameter,WindSpeed,0.11649550978609437,0.013571203800322009
AverageParticleSpeed,Humidity,ParticlesDetected,Pressure,RainAccumulated,RainIntensity,SnowDepthIntensity,VolumeEquivalentDiameter,WindSpeed,0.11649550978609437,0.013571203800322009
AverageParticleSpeed,Humidity,ParticlesDetected,Pressure,RainAbsolute,RainIntensity,RainRate,SnowDepthIntensity,WindSpeed,0.11649550978609426,0.013571203800321983
AverageParticleSpeed,Humidity,ParticlesDetected,Pressure,RainAccumulated,RainIntensity,RainRate,SnowDepthIntensity,WindSpeed,0.11649550978609426,0.013571203800321983
Humidity,ParticlesDetected,Pressure,RainAbsolute,RainIntensity,RainRate,SnowDepthIntensity,VolumeEquivalentDiameter,WindSpeed,0.11649550978609424,0.01357120380032198
Humidity,ParticlesDetected,Pressure,RainAccumulated,RainIntensity,RainRate,SnowDepthIntensity,VolumeEquivalentDiameter,WindSpeed,0.11649550978609424,0.01357120380032198
ParticlesDetected,RadarReflectivity,RainAbsolute,RainAccumulated,RainIntensity,RainRate,Temperature,WeatherCode4680,WindSpeed,0.11647726496070272,0.013566953252725746
AverageParticleSpeed,ParticlesDetected,RadarReflectivity,RainAbsolute,RainAccumulated,RainIntensity,Temperature,WeatherCode4680,WindSpeed,0.11647726496070256,0.013566953252725708
ParticlesDetected,RadarReflectivity,RainAbsolute,RainAccumulated,RainIntensity,Temperature,VolumeEquivalentDiameter,WeatherCode4680,WindSpeed,0.11647726496070256,0.013566953252725708
KineticEnergy,ParticlesDetected,RadarReflectivity,RainAbsolute,RainAccumulated,RainRate,Temperature,WeatherCode4680,WindSpeed,0.11629425713767394,0.013524354243203427
AverageParticleSpeed,KineticEnergy,ParticlesDetected,RadarReflectivity,RainAbsolute,RainAccumulated,Temperature,WeatherCode4680,WindSpeed,0.11629425713767391,0.01352435424320342
KineticEnergy,ParticlesDetected,RadarReflectivity,RainAbsolute,RainAccumulated,Temperature,VolumeEquivalentDiameter,WeatherCode4680,WindSpeed,0.11629425713767391,0.01352435424320342
Humidity,ParticlesDetected,Pressure,RainAbsolute,RainAccumulated,RainRate,Temperature,WeatherCode4680,WindSpeed,0.11621823668640699,0.013506678538497716
AverageParticleSpeed,Humidity,ParticlesDetected,Pressure,RainAbsolute,RainAccumulated,Temperature,WeatherCode4680,WindSpeed,0.11621823668640693,0.013506678538497702
Humidity,ParticlesDetected,Pressure,RainAbsolute,RainAccumulated,Temperature,VolumeEquivalentDiameter,WeatherCode4680,WindSpeed,0.11621823668640689,0.013506678538497692
AverageParticleSpeed,ParticlesDetected,RadarReflectivity,RainAbsolute,RainIntensity,RainRate,Temperature,VolumeEquivalentDiameter,WindSpeed,0.11620803957051148,0.013504308460821563
AverageParticleSpeed,ParticlesDetected,RadarReflectivity,RainAccumulated,RainIntensity,RainRate,Temperature,VolumeEquivalentDiameter,WindSpeed,0.11620803957051148,0.013504308460821563
ParticlesDetected,Pressure,RadarReflectivity,RainAbsolute,RainAccumulated,RainIntensity,Temperature,WeatherCode4680,WindSpeed,0.11617643696454112,0.013496964505775996
KineticEnergy,ParticlesDetected,Pressure,RadarReflectivity,RainAbsolute,RainAccumulated,Temperature,WeatherCode4680,WindSpeed,0.11599367202600663,0.013454531950076794
Humidity,ParticlesDetected,RainAbsolute,RainAccumulated,RainIntensity,RainRate,Temperature,WeatherCode4680,WindSpeed,0.11597704585058043,0.013450675164227634
AverageParticleSpeed,Humidity,ParticlesDetected,RainAbsolute,RainAccumulated,RainIntensity,Temperature,WeatherCode4680,WindSpeed,0.11597704585058033,0.013450675164227611
Humidity,ParticlesDetected,RainAbsolute,RainAccumulated,RainIntensity,Temperature,VolumeEquivalentDiameter,WeatherCode4680,WindSpeed,0.11597704585058033,0.013450675164227611
Humidity,KineticEnergy,ParticlesDetected,Pressure,RainAbsolute,RainRate,SnowDepthIntensity,VolumeEquivalentDiameter,WindSpeed,0.11588709224740272,0.013429818149558027
Humidity,KineticEnergy,ParticlesDetected,Pressure,RainAccumulated,RainRate,SnowDepthIntensity,VolumeEquivalentDiameter,WindSpeed,0.11588709224740272,0.013429818149558027
AverageParticleSpeed,Humidity,KineticEnergy,ParticlesDetected,Pressure,RainAbsolute,RainRate,SnowDepthIntensity,WindSpeed,0.1158870922474027,0.013429818149558025
AverageParticleSpeed,Humidity,KineticEnergy,ParticlesDetected,Pressure,RainAccumulated,RainRate,SnowDepthIntensity,WindSpeed,0.1158870922474027,0.013429818149558025
AverageParticleSpeed,Humidity,KineticEnergy,ParticlesDetected,Pressure,RainAbsolute,SnowDepthIntensity,VolumeEquivalentDiameter,WindSpeed,0.11588709224740253,0.013429818149557982
AverageParticleSpeed,Humidity,KineticEnergy,ParticlesDetected,Pressure,RainAccumulated,SnowDepthIntensity,VolumeEquivalentDiameter,WindSpeed,0.11588709224740253,0.013429818149557982
KineticEnergy,ParticlesDetected,RadarReflectivity,RainAbsolute,RainAccumulated,RainIntensity,Temperature,WeatherCode4680,WindSpeed,0.11577876462279592,0.01340472233758078
Humidity,KineticEnergy,ParticlesDetected,RainAbsolute,RainAccumulated,RainRate,Temperature,WeatherCode4680,WindSpeed,0.11577602304874951,0.013404087512984577
AverageParticleSpeed,Humidity,KineticEnergy,ParticlesDetected,RainAbsolute,RainAccumulated,Temperature,WeatherCode4680,WindSpeed,0.11577602304874941,0.013404087512984556
Humidity,KineticEnergy,ParticlesDetected,RainAbsolute,RainAccumulated,Temperature,VolumeEquivalentDiameter,WeatherCode4680,WindSpeed,0.11577602304874941,0.013404087512984556
AverageParticleSpeed,KineticEnergy,ParticlesDetected,RadarReflectivity,RainAbsolute,RainRate,Temperature,VolumeEquivalentDiameter,WindSpeed,0.11573584441490961,0.013394785682432164
AverageParticleSpeed,KineticEnergy,ParticlesDetected,RadarReflectivity,RainAccumulated,RainRate,Temperature,VolumeEquivalentDiameter,WindSpeed,0.11573584441490961,0.013394785682432164
Humidity,ParticlesDetected,Pressure,RainAbsolute,RainAccumulated,RainIntensity,Temperature,WeatherCode4680,WindSpeed,0.11563620452859702,0.013371731797779523
AverageParticleSpeed,ParticlesDetected,Pressure,RadarReflectivity,RainAbsolute,RainIntensity,Temperature,VolumeEquivalentDiameter,WindSpeed,0.11553192274744482,0.013347625173721558
AverageParticleSpeed,ParticlesDetected,Pressure,RadarReflectivity,RainAccumulated,RainIntensity,Temperature,VolumeEquivalentDiameter,WindSpeed,0.11553192274744482,0.013347625173721558
ParticlesDetected,Pressure,RadarReflectivity,RainAbsolute,RainIntensity,RainRate,Temperature,VolumeEquivalentDiameter,WindSpeed,0.11553192274744467,0.013347625173721523
ParticlesDetected,Pressure,RadarReflectivity,RainAccumulated,RainIntensity,RainRate,Temperature,VolumeEquivalentDiameter,WindSpeed,0.11553192274744467,0.013347625173721523
AverageParticleSpeed,ParticlesDetected,Pressure,RadarReflectivity,RainAbsolute,RainIntensity,RainRate,Temperature,WindSpeed,0.11553192274744464,0.013347625173721516
AverageParticleSpeed,ParticlesDetected,Pressure,RadarReflectivity,RainAccumulated,RainIntensity,RainRate,Temperature,WindSpeed,0.11553192274744464,0.013347625173721516
Humidity,KineticEnergy,ParticlesDetected,Pressure,RainAbsolute,RainAccumulated,Temperature,WeatherCode4680,WindSpeed,0.11543547112699887,0.01332534799431219
Humidity,KineticEnergy,ParticlesDetected,RainAbsolute,RainAccumulated,RainIntensity,Temperature,WeatherCode4680,WindSpeed,0.11519645451953842,0.013270223133872083
AverageParticleSpeed,Humidity,KineticEnergy,ParticlesDetected,RainAbsolute,RainIntensity,SnowDepthIntensity,VolumeEquivalentDiameter,WindSpeed,0.11517753445847473,0.013265864443933134
AverageParticleSpeed,Humidity,KineticEnergy,ParticlesDetected,RainAccumulated,RainIntensity,SnowDepthIntensity,VolumeEquivalentDiameter,WindSpeed,0.11517753445847473,0.013265864443933134
Humidity,KineticEnergy,ParticlesDetected,RainAbsolute,RainIntensity,RainRate,SnowDepthIntensity,VolumeEquivalentDiameter,WindSpeed,0.11517753445847466,0.013265864443933118
Humidity,KineticEnergy,ParticlesDetected,RainAccumulated,RainIntensity,RainRate,SnowDepthIntensity,VolumeEquivalentDiameter,WindSpeed,0.11517753445847466,0.013265864443933118
AverageParticleSpeed,Humidity,KineticEnergy,ParticlesDetected,RainAbsolute,RainIntensity,RainRate,SnowDepthIntensity,WindSpeed,0.1151775344584746,0.013265864443933104
AverageParticleSpeed,Humidity,KineticEnergy,ParticlesDetected,RainAccumulated,RainIntensity,RainRate,SnowDepthIntensity,WindSpeed,0.1151775344584746,0.013265864443933104
KineticEnergy,ParticlesDetected,Pressure,RadarReflectivity,RainAbsolute,RainRate,Temperature,VolumeEquivalentDiameter,WindSpeed,0.11506124586123423,0.01323909029913939
KineticEnergy,ParticlesDetected,Pressure,RadarReflectivity,RainAccumulated,RainRate,Temperature,VolumeEquivalentDiameter,WindSpeed,0.11506124586123423,0.01323909029913939
AverageParticleSpeed,KineticEnergy,ParticlesDetected,Pressure,RadarReflectivity,RainAbsolute,RainRate,Temperature,WindSpeed,0.11506124586123417,0.013239090299139378
AverageParticleSpeed,KineticEnergy,ParticlesDetected,Pressure,RadarReflectivity,RainAccumulated,RainRate,Temperature,WindSpeed,0.11506124586123417,0.013239090299139378
AverageParticleSpeed,KineticEnergy,ParticlesDetected,Pressure,RadarReflectivity,RainAbsolute,Temperature,VolumeEquivalentDiameter,WindSpeed,0.11506124586123415,0.013239090299139371
AverageParticleSpeed,KineticEnergy,ParticlesDetected,Pressure,RadarReflectivity,RainAccumulated,Temperature,VolumeEquivalentDiameter,WindSpeed,0.11506124586123415,0.013239090299139371
Humidity,RadarReflectivity,RainAbsolute,RainAccumulated,SnowDepthIntensity,Temperature,VolumeEquivalentDiameter,WeatherCode4680,WindSpeed,0.1146865965847128,0.013153015436184657
Humidity,RadarReflectivity,RainAbsolute,RainAccumulated,RainRate,SnowDepthIntensity,Temperature,WeatherCode4680,WindSpeed,0.11468659658471274,0.013153015436184643
AverageParticleSpeed,Humidity,RadarReflectivity,RainAbsolute,RainAccumulated,SnowDepthIntensity,Temperature,WeatherCode4680,WindSpeed,0.1146865965847127,0.013153015436184634
AverageParticleSpeed,KineticEnergy,ParticlesDetected,RadarReflectivity,RainAbsolute,RainIntensity,RainRate,Temperature,WindSpeed,0.11454071700077909,0.013119575851052563
AverageParticleSpeed,KineticEnergy,ParticlesDetected,RadarReflectivity,RainAbsolute,RainIntensity,Temperature,VolumeEquivalentDiameter,WindSpeed,0.11454071700077909,0.013119575851052563
AverageParticleSpeed,KineticEnergy,ParticlesDetected,RadarReflectivity,RainAccumulated,RainIntensity,RainRate,Temperature,WindSpeed,0.11454071700077909,0.013119575851052563
AverageParticleSpeed,KineticEnergy,ParticlesDetected,RadarReflectivity,RainAccumulated,RainIntensity,Temperature,VolumeEquivalentDiameter,WindSpeed,0.11454071700077909,0.013119575851052563
KineticEnergy,ParticlesDetected,RadarReflectivity,RainAbsolute,RainIntensity,RainRate,Temperature,VolumeEquivalentDiameter,WindSpeed,0.11454071700077903,0.013119575851052551
KineticEnergy,ParticlesDetected,RadarReflectivity,RainAccumulated,RainIntensity,RainRate,Temperature,VolumeEquivalentDiameter,WindSpeed,0.11454071700077903,0.013119575851052551
Humidity,Pressure,RadarReflectivity,RainAbsolute,RainAccumulated,SnowDepthIntensity,Temperature,WeatherCode4680,WindSpeed,0.11435154224369597,0.013076275213511783
AverageParticleSpeed,Humidity,KineticEnergy,ParticlesDetected,Pressure,RainAbsolute,RainIntensity,SnowDepthIntensity,WindSpeed,0.11429971723480759,0.01306442535995697
AverageParticleSpeed,Humidity,KineticEnergy,ParticlesDetected,Pressure,RainAccumulated,RainIntensity,SnowDepthIntensity,WindSpeed,0.11429971723480759,0.01306442535995697
Humidity,KineticEnergy,ParticlesDetected,Pressure,RainAbsolute,RainIntensity,SnowDepthIntensity,VolumeEquivalentDiameter,WindSpeed,0.11429971723480756,0.013064425359956965
Humidity,KineticEnergy,ParticlesDetected,Pressure,RainAccumulated,RainIntensity,SnowDepthIntensity,VolumeEquivalentDiameter,WindSpeed,0.11429971723480756,0.013064425359956965
Humidity,KineticEnergy,ParticlesDetected,Pressure,RainAbsolute,RainIntensity,RainRate,SnowDepthIntensity,WindSpeed,0.1142997172348075,0.01306442535995695
Humidity,KineticEnergy,ParticlesDetected,Pressure,RainAccumulated,RainIntensity,RainRate,SnowDepthIntensity,WindSpeed,0.1142997172348075,0.01306442535995695
AverageParticleSpeed,Humidity,KineticEnergy,Pressure,RadarReflectivity,RainIntensity,RainRate,Temperature,VolumeEquivalentDiameter,-0.11427411353395966,0.013058573023972304
Humidity,RadarReflectivity,RainAbsolute,RainAccumulated,RainIntensity,SnowDepthIntensity,Temperature,WeatherCode4680,WindSpeed,0.11413409605906041,0.01302659188321883
Humidity,KineticEnergy,RadarReflectivity,RainAbsolute,RainAccumulated,SnowDepthIntensity,Temperature,WeatherCode4680,WindSpeed,0.1139490672295478,0.012984389922484005
KineticEnergy,ParticlesDetected,Pressure,RadarReflectivity,RainAbsolute,RainIntensity,Temperature,VolumeEquivalentDiameter,WindSpeed,0.11386928552994656,0.012966214187100497
KineticEnergy,ParticlesDetected,Pressure,RadarReflectivity,RainAccumulated,RainIntensity,Temperature,VolumeEquivalentDiameter,WindSpeed,0.11386928552994656,0.012966214187100497
KineticEnergy,ParticlesDetected,Pressure,RadarReflectivity,RainAbsolute,RainIntensity,RainRate,Temperature,WindSpeed,0.1138692855299465,0.012966214187100485
KineticEnergy,ParticlesDetected,Pressure,RadarReflectivity,RainAccumulated,RainIntensity,RainRate,Temperature,WindSpeed,0.1138692855299465,0.012966214187100485
AverageParticleSpeed,KineticEnergy,ParticlesDetected,Pressure,RadarReflectivity,RainAbsolute,RainIntensity,Temperature,WindSpeed,0.11386928552994646,0.012966214187100474
AverageParticleSpeed,KineticEnergy,ParticlesDetected,Pressure,RadarReflectivity,RainAccumulated,RainIntensity,Temperature,WindSpeed,0.11386928552994646,0.012966214187100474
AverageParticleSpeed,Humidity,ParticlesDetected,Pressure,RainIntensity,RainRate,SnowDepthIntensity,Temperature,VolumeEquivalentDiameter,-0.11328475920123456,0.012833436667281697
AverageParticleSpeed,Humidity,KineticEnergy,ParticlesDetected,Pressure,RainRate,SnowDepthIntensity,Temperature,VolumeEquivalentDiameter,-0.11284098221795232,0.012733087267912231
AverageParticleSpeed,Humidity,ParticlesDetected,Pressure,RadarReflectivity,RainRate,Temperature,VolumeEquivalentDiameter,WindSpeed,-0.11279093841086692,0.012721795787603974
AverageParticleSpeed,Humidity,ParticlesDetected,Pressure,RainAbsolute,RainRate,Temperature,VolumeEquivalentDiameter,WindSpeed,0.11267635033149424,0.012695959924025623
AverageParticleSpeed,Humidity,ParticlesDetected,Pressure,RainAccumulated,RainRate,Temperature,VolumeEquivalentDiameter,WindSpeed,0.11267635033149424,0.012695959924025623
ParticlesDetected,RadarReflectivity,RainAbsolute,RainAccumulated,RainRate,SnowDepthIntensity,Temperature,WeatherCode4680,WindSpeed,0.11260883108674466,0.01268074883872299
ParticlesDetected,RadarReflectivity,RainAbsolute,RainAccumulated,SnowDepthIntensity,Temperature,VolumeEquivalentDiameter,WeatherCode4680,WindSpeed,0.11260883108674465,0.012680748838722987
AverageParticleSpeed,ParticlesDetected,RadarReflectivity,RainAbsolute,RainAccumulated,SnowDepthIntensity,Temperature,WeatherCode4680,WindSpeed,0.11260883108674462,0.01268074883872298
ParticlesDetected,Pressure,RadarReflectivity,RainAbsolute,RainAccumulated,SnowDepthIntensity,Temperature,WeatherCode4680,WindSpeed,0.11231183605119727,0.012613948517191014
Humidity,ParticlesDetected,Pressure,RadarReflectivity,RainIntensity,RainRate,Temperature,VolumeEquivalentDiameter,WindSpeed,-0.11227597366308495,0.012605894261993746
AverageParticleSpeed,Humidity,ParticlesDetected,Pressure,RadarReflectivity,RainIntensity,Temperature,VolumeEquivalentDiameter,WindSpeed,-0.1122759736630849,0.012605894261993733
AverageParticleSpeed,Humidity,ParticlesDetected,Pressure,RadarReflectivity,RainIntensity,RainRate,Temperature,WindSpeed,-0.11227597366308488,0.01260589426199373
ParticlesDetected,RadarReflectivity,RainAbsolute,RainAccumulated,RainIntensity,SnowDepthIntensity,Temperature,WeatherCode4680,WindSpeed,0.11211184080040858,0.012569064847656157
AverageParticleSpeed,Humidity,KineticEnergy,ParticlesDetected,Pressure,RainIntensity,RainRate,SnowDepthIntensity,Temperature,-0.11210393046267762,0.01256729122518086
Humidity,KineticEnergy,ParticlesDetected,Pressure,RainIntensity,RainRate,SnowDepthIntensity,Temperature,VolumeEquivalentDiameter,-0.1121039304626776,0.012567291225180854
AverageParticleSpeed,Humidity,KineticEnergy,ParticlesDetected,Pressure,RainIntensity,SnowDepthIntensity,Temperature,VolumeEquivalentDiameter,-0.11210393046267744,0.01256729122518082
AverageParticleSpeed,Humidity,ParticlesDetected,RainAbsolute,RainIntensity,RainRate,Temperature,VolumeEquivalentDiameter,WindSpeed,0.11203582705358099,0.012552026543579911
AverageParticleSpeed,Humidity,ParticlesDetected,RainAccumulated,RainIntensity,RainRate,Temperature,VolumeEquivalentDiameter,WindSpeed,0.11203582705358099,0.012552026543579911
AverageParticleSpeed,Humidity,KineticEnergy,ParticlesDetected,Pressure,RadarReflectivity,RainRate,Temperature,WindSpeed,-0.11195737992420074,0.012534454919491827
Humidity,KineticEnergy,ParticlesDetected,Pressure,RadarReflectivity,RainRate,Temperature,VolumeEquivalentDiameter,WindSpeed,-0.11195737992420071,0.01253445491949182
AverageParticleSpeed,Humidity,KineticEnergy,ParticlesDetected,Pressure,RadarReflectivity,Temperature,VolumeEquivalentDiameter,WindSpeed,-0.1119573799242007,0.012534454919491818
KineticEnergy,ParticlesDetected,RadarReflectivity,RainAbsolute,RainAccumulated,SnowDepthIntensity,Temperature,WeatherCode4680,WindSpeed,0.11193807246371494,0.012530132066891898
AverageParticleSpeed,Humidity,ParticlesDetected,RainAbsolute,RainAccumulated,SnowDepthIntensity,Temperature,WeatherCode4680,WindSpeed,0.11162939833241645,0.012461122572057299
Humidity,ParticlesDetected,RainAbsolute,RainAccumulated,SnowDepthIntensity,Temperature,VolumeEquivalentDiameter,WeatherCode4680,WindSpeed,0.11162939833241645,0.012461122572057299
Humidity,ParticlesDetected,RainAbsolute,RainAccumulated,RainRate,SnowDepthIntensity,Temperature,WeatherCode4680,WindSpeed,0.11162939833241642,0.012461122572057294
AverageParticleSpeed,Humidity,ParticlesDetected,RadarReflectivity,RainIntensity,RainRate,Temperature,VolumeEquivalentDiameter,WindSpeed,-0.11148312973255547,0.012428488214965795
Humidity,KineticEnergy,ParticlesDetected,Pressure,RadarReflectivity,RainIntensity,RainRate,Temperature,WindSpeed,-0.11144860015409193,0.01242079047630666
AverageParticleSpeed,Humidity,KineticEnergy,ParticlesDetected,Pressure,RadarReflectivity,RainIntensity,Temperature,WindSpeed,-0.11144860015409187,0.012420790476306648
Humidity,KineticEnergy,ParticlesDetected,Pressure,RadarReflectivity,RainIntensity,Temperature,VolumeEquivalentDiameter,WindSpeed,-0.11144860015409187,0.012420790476306648
AverageParticleSpeed,Humidity,KineticEnergy,ParticlesDetected,RainAbsolute,RainRate,Temperature,VolumeEquivalentDiameter,WindSpeed,0.11144559830296036,0.012420121381104801
AverageParticleSpeed,Humidity,KineticEnergy,ParticlesDetected,RainAccumulated,RainRate,Temperature,VolumeEquivalentDiameter,WindSpeed,0.11144559830296036,0.012420121381104801
Humidity,ParticlesDetected,Pressure,RainAbsolute,RainAccumulated,SnowDepthIntensity,Temperature,WeatherCode4680,WindSpeed,0.11129321038093673,0.012386178676895444
AverageParticleSpeed,Humidity,KineticEnergy,ParticlesDetected,RadarReflectivity,RainRate,Temperature,VolumeEquivalentDiameter,WindSpeed,-0.11116727383034414,0.012358162770870717
AverageParticleSpeed,Humidity,ParticlesDetected,Pressure,RainAbsolute,RainIntensity,RainRate,Temperature,WindSpeed,0.11113068067431899,0.012350028187137456
AverageParticleSpeed,Humidity,ParticlesDetected,Pressure,RainAccumulated,RainIntensity,RainRate,Temperature,WindSpeed,0.11113068067431899,0.012350028187137456
AverageParticleSpeed,Humidity,ParticlesDetected,Pressure,RainAbsolute,RainIntensity,Temperature,VolumeEquivalentDiameter,WindSpeed,0.11113068067431893,0.012350028187137443
AverageParticleSpeed,Humidity,ParticlesDetected,Pressure,RainAccumulated,RainIntensity,Temperature,VolumeEquivalentDiameter,WindSpeed,0.11113068067431893,0.012350028187137443
Humidity,ParticlesDetected,Pressure,RainAbsolute,RainIntensity,RainRate,Temperature,VolumeEquivalentDiameter,WindSpeed,0.11113068067431886,0.012350028187137428
Humidity,ParticlesDetected,Pressure,RainAccumulated,RainIntensity,RainRate,Temperature,VolumeEquivalentDiameter,WindSpeed,0.11113068067431886,0.012350028187137428
Humidity,ParticlesDetected,RainAbsolute,RainAccumulated,RainIntensity,SnowDepthIntensity,Temperature,WeatherCode4680,WindSpeed,0.11107274983682004,0.012337155756312806
AverageParticleSpeed,Humidity,RadarReflectivity,RainAbsolute,RainRate,SnowDepthIntensity,Temperature,VolumeEquivalentDiameter,WindSpeed,0.11100604670440213,0.012322342404939908
AverageParticleSpeed,Humidity,RadarReflectivity,RainAccumulated,RainRate,SnowDepthIntensity,Temperature,VolumeEquivalentDiameter,WindSpeed,0.11100604670440213,0.012322342404939908
AverageParticleSpeed,Humidity,KineticEnergy,ParticlesDetected,RainIntensity,RainRate,SnowDepthIntensity,Temperature,VolumeEquivalentDiameter,-0.11096324483009613,0.012312841703223856
Humidity,KineticEnergy,ParticlesDetected,RainAbsolute,RainAccumulated,SnowDepthIntensity,Temperature,WeatherCode4680,WindSpeed,0.11088275488227421,0.012294985330282506
AverageParticleSpeed,Humidity,KineticEnergy,ParticlesDetected,RadarReflectivity,RainIntensity,RainRate,Temperature,WindSpeed,-0.110664369662032,0.012246602712694867
Humidity,KineticEnergy,ParticlesDetected,RadarReflectivity,RainIntensity,RainRate,Temperature,VolumeEquivalentDiameter,WindSpeed,-0.11066436966203197,0.012246602712694862
AverageParticleSpeed,Humidity,KineticEnergy,ParticlesDetected,RadarReflectivity,RainIntensity,Temperature,VolumeEquivalentDiameter,WindSpeed,-0.1106643696620319,0.012246602712694846
AverageParticleSpeed,Humidity,KineticEnergy,ParticlesDetected,Pressure,RainAbsolute,Temperature,VolumeEquivalentDiameter,WindSpeed,0.1105429258637929,0.012219738458528013
AverageParticleSpeed,Humidity,KineticEnergy,ParticlesDetected,Pressure,RainAccumulated,Temperature,VolumeEquivalentDiameter,WindSpeed,0.1105429258637929,0.012219738458528013
AverageParticleSpeed,Humidity,KineticEnergy,ParticlesDetected,Pressure,RainAbsolute,RainRate,Temperature,WindSpeed,0.11054292586379273,0.012219738458527977
AverageParticleSpeed,Humidity,KineticEnergy,ParticlesDetected,Pressure,RainAccumulated,RainRate,Temperature,WindSpeed,0.11054292586379273,0.012219738458527977
Humidity,KineticEnergy,ParticlesDetected,Pressure,RainAbsolute,RainRate,Temperature,VolumeEquivalentDiameter,WindSpeed,0.11054292586379273,0.012219738458527977
Humidity,KineticEnergy,ParticlesDetected,Pressure,RainAccumulated,RainRate,Temperature,VolumeEquivalentDiameter,WindSpeed,0.11054292586379273,0.012219738458527977
Humidity,Pressure,RadarReflectivity,RainAbsolute,RainRate,SnowDepthIntensity,Temperature,VolumeEquivalentDiameter,WindSpeed,0.11013047694050408,0.0121287219511429
Humidity,Pressure,RadarReflectivity,RainAccumulated,RainRate,SnowDepthIntensity,Temperature,VolumeEquivalentDiameter,WindSpeed,0.11013047694050408,0.0121287219511429
AverageParticleSpeed,Humidity,Pressure,RadarReflectivity,RainAbsolute,RainRate,SnowDepthIntensity,Temperature,WindSpeed,0.11013047694050407,0.012128721951142899
AverageParticleSpeed,Humidity,Pressure,RadarReflectivity,RainAccumulated,RainRate,SnowDepthIntensity,Temperature,WindSpeed,0.11013047694050407,0.012128721951142899
AverageParticleSpeed,Humidity,Pressure,RadarReflectivity,RainAbsolute,SnowDepthIntensity,Temperature,VolumeEquivalentDiameter,WindSpeed,0.11013047694050396,0.012128721951142873
AverageParticleSpeed,Humidity,Pressure,RadarReflectivity,RainAccumulated,SnowDepthIntensity,Temperature,VolumeEquivalentDiameter,WindSpeed,0.11013047694050396,0.012128721951142873
AverageParticleSpeed,Humidity,Pressure,RadarReflectivity,RainIntensity,RainRate,SnowDepthIntensity,Temperature,VolumeEquivalentDiameter,-0.11002829107515895,0.012106224836919902
Humidity,KineticEnergy,ParticlesDetected,RainAbsolute,RainIntensity,RainRate,Temperature,VolumeEquivalentDiameter,WindSpeed,0.109922165845341,0.01208288254413065
Humidity,KineticEnergy,ParticlesDetected,RainAccumulated,RainIntensity,RainRate,Temperature,VolumeEquivalentDiameter,WindSpeed,0.109922165845341,0.01208288254413065
AverageParticleSpeed,Humidity,KineticEnergy,ParticlesDetected,RainAbsolute,RainIntensity,RainRate,Temperature,WindSpeed,0.10992216584534098,0.012082882544130646
AverageParticleSpeed,Humidity,KineticEnergy,ParticlesDetected,RainAccumulated,RainIntensity,RainRate,Temperature,WindSpeed,0.10992216584534098,0.012082882544130646
AverageParticleSpeed,Humidity,KineticEnergy,ParticlesDetected,RainAbsolute,RainIntensity,Temperature,VolumeEquivalentDiameter,WindSpeed,0.10992216584534087,0.012082882544130622
AverageParticleSpeed,Humidity,KineticEnergy,ParticlesDetected,RainAccumulated,RainIntensity,Temperature,VolumeEquivalentDiameter,WindSpeed,0.10992216584534087,0.012082882544130622
AverageParticleSpeed,Humidity,ParticlesDetected,Pressure,RadarReflectivity,RainIntensity,RainRate,VolumeEquivalentDiameter,WindSpeed,-0.10989054871781566,0.012075932697502617
AverageParticleSpeed,Humidity,KineticEnergy,Pressure,RadarReflectivity,RainRate,SnowDepthIntensity,Temperature,VolumeEquivalentDiameter,-0.10964645856786,0.01202234587647344
AverageParticleSpeed,Humidity,RadarReflectivity,RainAbsolute,RainIntensity,SnowDepthIntensity,Temperature,VolumeEquivalentDiameter,WindSpeed,0.1095944144193628,0.012010935671923037
AverageParticleSpeed,Humidity,RadarReflectivity,RainAccumulated,RainIntensity,SnowDepthIntensity,Temperature,VolumeEquivalentDiameter,WindSpeed,0.1095944144193628,0.012010935671923037
Humidity,RadarReflectivity,RainAbsolute,RainIntensity,RainRate,SnowDepthIntensity,Temperature,VolumeEquivalentDiameter,WindSpeed,0.10959441441936274,0.012010935671923025
Humidity,RadarReflectivity,RainAccumulated,RainIntensity,RainRate,SnowDepthIntensity,Temperature,VolumeEquivalentDiameter,WindSpeed,0.10959441441936274,0.012010935671923025
AverageParticleSpeed,Humidity,RadarReflectivity,RainAbsolute,RainIntensity,RainRate,SnowDepthIntensity,Temperature,WindSpeed,0.10959441441936267,0.012010935671923009
AverageParticleSpeed,Humidity,RadarReflectivity,RainAccumulated,RainIntensity,RainRate,SnowDepthIntensity,Temperature,WindSpeed,0.10959441441936267,0.012010935671923009
AverageParticleSpeed,Humidity,KineticEnergy,ParticlesDetected,Pressure,RadarReflectivity,RainRate,VolumeEquivalentDiameter,WindSpeed,-0.1095551111916113,0.012002322388206317
Humidity,ParticlesDetected,Pressure,RadarReflectivity,RainRate,SnowDepthIntensity,Temperature,VolumeEquivalentDiameter,WindSpeed,-0.1093539599199137,0.011958288550166092
AverageParticleSpeed,Humidity,ParticlesDetected,Pressure,RadarReflectivity,RainRate,SnowDepthIntensity,Temperature,WindSpeed,-0.10935395991991365,0.01195828855016608
AverageParticleSpeed,Humidity,ParticlesDetected,Pressure,RadarReflectivity,SnowDepthIntensity,Temperature,VolumeEquivalentDiameter,WindSpeed,-0.10935395991991363,0.011958288550166077
AverageParticleSpeed,Humidity,KineticEnergy,RadarReflectivity,RainAbsolute,RainRate,SnowDepthIntensity,Temperature,WindSpeed,0.10909114966481648,0.011900878935191388
AverageParticleSpeed,Humidity,KineticEnergy,RadarReflectivity,RainAccumulated,RainRate,SnowDepthIntensity,Temperature,WindSpeed,0.10909114966481648,0.011900878935191388
AverageParticleSpeed,Humidity,KineticEnergy,RadarReflectivity,RainAbsolute,SnowDepthIntensity,Temperature,VolumeEquivalentDiameter,WindSpeed,0.10909114966481644,0.01190087893519138
AverageParticleSpeed,Humidity,KineticEnergy,RadarReflectivity,RainAccumulated,SnowDepthIntensity,Temperature,VolumeEquivalentDiameter,WindSpeed,0.10909114966481644,0.01190087893519138
Humidity,KineticEnergy,RadarReflectivity,RainAbsolute,RainRate,SnowDepthIntensity,Temperature,VolumeEquivalentDiameter,WindSpeed,0.10909114966481637,0.011900878935191364
Humidity,KineticEnergy,RadarReflectivity,RainAccumulated,RainRate,SnowDepthIntensity,Temperature,VolumeEquivalentDiameter,WindSpeed,0.10909114966481637,0.011900878935191364
AverageParticleSpeed,Humidity,KineticEnergy,ParticlesDetected,Pressure,RainIntensity,RainRate,SnowDepthIntensity,VolumeEquivalentDiameter,-0.10906318266836298,0.011894777813752712
AverageParticleSpeed,Humidity,KineticEnergy,ParticlesDetected,Pressure,RadarReflectivity,RainIntensity,VolumeEquivalentDiameter,WindSpeed,-0.10902647253020382,0.011886771712379288
AverageParticleSpeed,Humidity,KineticEnergy,ParticlesDetected,Pressure,RadarReflectivity,RainIntensity,RainRate,WindSpeed,-0.10902647253020367,0.011886771712379255
Humidity,KineticEnergy,ParticlesDetected,Pressure,RadarReflectivity,RainIntensity,RainRate,VolumeEquivalentDiameter,WindSpeed,-0.10902647253020364,0.01188677171237925
Humidity,KineticEnergy,ParticlesDetected,Pressure,RainAbsolute,RainIntensity,Temperature,VolumeEquivalentDiameter,WindSpeed,0.10902467755418495,0.011886380315793999
Humidity,KineticEnergy,ParticlesDetected,Pressure,RainAccumulated,RainIntensity,Temperature,VolumeEquivalentDiameter,WindSpeed,0.10902467755418495,0.011886380315793999
AverageParticleSpeed,Humidity,KineticEnergy,ParticlesDetected,Pressure,RainAbsolute,RainIntensity,Temperature,WindSpeed,0.10902467755418485,0.011886380315793978
AverageParticleSpeed,Humidity,KineticEnergy,ParticlesDetected,Pressure,RainAccumulated,RainIntensity,Temperature,WindSpeed,0.10902467755418485,0.011886380315793978
Humidity,KineticEnergy,ParticlesDetected,Pressure,RainAbsolute,RainIntensity,RainRate,Temperature,WindSpeed,0.10902467755418485,0.011886380315793978
Humidity,KineticEnergy,ParticlesDetected,Pressure,RainAccumulated,RainIntensity,RainRate,Temperature,WindSpeed,0.10902467755418485,0.011886380315793978
AverageParticleSpeed,Humidity,KineticEnergy,Pressure,RadarReflectivity,RainIntensity,SnowDepthIntensity,Temperature,VolumeEquivalentDiameter,-0.10900622634613537,0.011882357382224897
Humidity,KineticEnergy,Pressure,RadarReflectivity,RainIntensity,RainRate,SnowDepthIntensity,Temperature,VolumeEquivalentDiameter,-0.10900622634613531,0.011882357382224885
AverageParticleSpeed,Humidity,KineticEnergy,Pressure,RadarReflectivity,RainIntensity,RainRate,SnowDepthIntensity,Temperature,-0.1090062263461353,0.011882357382224882
Humidity,ParticlesDetected,Pressure,RadarReflectivity,RainIntensity,SnowDepthIntensity,Temperature,VolumeEquivalentDiameter,WindSpeed,-0.1088833543561809,0.01185558485585366
AverageParticleSpeed,Humidity,ParticlesDetected,Pressure,RadarReflectivity,RainIntensity,SnowDepthIntensity,Temperature,WindSpeed,-0.10888335435618088,0.011855584855853654
Humidity,ParticlesDetected,Pressure,RadarReflectivity,RainIntensity,RainRate,SnowDepthIntensity,Temperature,WindSpeed,-0.10888335435618078,0.011855584855853632
Humidity,Pressure,RadarReflectivity,RainAbsolute,RainIntensity,RainRate,SnowDepthIntensity,Temperature,WindSpeed,0.10872344465588071,0.011820787417840357
Humidity,Pressure,RadarReflectivity,RainAccumulated,RainIntensity,RainRate,SnowDepthIntensity,Temperature,WindSpeed,0.10872344465588071,0.011820787417840357
Humidity,Pressure,RadarReflectivity,RainAbsolute,RainIntensity,SnowDepthIntensity,Temperature,VolumeEquivalentDiameter,WindSpeed,0.1087234446558806,0.011820787417840333
Humidity,Pressure,RadarReflectivity,RainAccumulated,RainIntensity,SnowDepthIntensity,Temperature,VolumeEquivalentDiameter,WindSpeed,0.1087234446558806,0.011820787417840333
AverageParticleSpeed,Humidity,Pressure,RadarReflectivity,RainAbsolute,RainIntensity,SnowDepthIntensity,Temperature,WindSpeed,0.10872344465588053,0.011820787417840317
AverageParticleSpeed,Humidity,Pressure,RadarReflectivity,RainAccumulated,RainIntensity,SnowDepthIntensity,Temperature,WindSpeed,0.10872344465588053,0.011820787417840317
AverageParticleSpeed,Humidity,ParticlesDetected,RadarReflectivity,RainRate,SnowDepthIntensity,Temperature,VolumeEquivalentDiameter,WindSpeed,-0.10860159554092652,0.01179430655403499
Humidity,KineticEnergy,ParticlesDetected,Pressure,RadarReflectivity,RainRate,SnowDepthIntensity,Temperature,WindSpeed,-0.10859799582706592,0.011793524697655426
AverageParticleSpeed,Humidity,KineticEnergy,ParticlesDetected,Pressure,RadarReflectivity,SnowDepthIntensity,Temperature,WindSpeed,-0.10859799582706578,0.011793524697655397
Humidity,KineticEnergy,ParticlesDetected,Pressure,RadarReflectivity,SnowDepthIntensity,Temperature,VolumeEquivalentDiameter,WindSpeed,-0.10859799582706577,0.011793524697655393
Humidity,KineticEnergy,Pressure,RadarReflectivity,RainAbsolute,SnowDepthIntensity,Temperature,VolumeEquivalentDiameter,WindSpeed,0.10822224850942153,0.01171205507243499
Humidity,KineticEnergy,Pressure,RadarReflectivity,RainAccumulated,SnowDepthIntensity,Temperature,VolumeEquivalentDiameter,WindSpeed,0.10822224850942153,0.01171205507243499
AverageParticleSpeed,Humidity,KineticEnergy,Pressure,RadarReflectivity,RainAbsolute,SnowDepthIntensity,Temperature,WindSpeed,0.10822224850942148,0.01171205507243498
AverageParticleSpeed,Humidity,KineticEnergy,Pressure,RadarReflectivity,RainAccumulated,SnowDepthIntensity,Temperature,WindSpeed,0.10822224850942148,0.01171205507243498
Humidity,KineticEnergy,Pressure,RadarReflectivity,RainAbsolute,RainRate,SnowDepthIntensity,Temperature,WindSpeed,0.10822224850942139,0.01171205507243496
Humidity,KineticEnergy,Pressure,RadarReflectivity,RainAccumulated,RainRate,SnowDepthIntensity,Temperature,WindSpeed,0.10822224850942139,0.01171205507243496
AverageParticleSpeed,Humidity,KineticEnergy,ParticlesDetected,RadarReflectivity,RainIntensity,RainRate,VolumeEquivalentDiameter,WindSpeed,-0.10819636437638441,0.011706453264267346
AverageParticleSpeed,Humidity,ParticlesDetected,RadarReflectivity,RainIntensity,RainRate,SnowDepthIntensity,Temperature,WindSpeed,-0.10813636601348298,0.011693473654601955
Humidity,ParticlesDetected,RadarReflectivity,RainIntensity,RainRate,SnowDepthIntensity,Temperature,VolumeEquivalentDiameter,WindSpeed,-0.10813636601348298,0.011693473654601955
AverageParticleSpeed,Humidity,ParticlesDetected,RadarReflectivity,RainIntensity,SnowDepthIntensity,Temperature,VolumeEquivalentDiameter,WindSpeed,-0.10813636601348282,0.011693473654601922
Humidity,KineticEnergy,ParticlesDetected,Pressure,RadarReflectivity,RainIntensity,SnowDepthIntensity,Temperature,WindSpeed,-0.10813295160636592,0.011692735223104675
AverageParticleSpeed,Humidity,ParticlesDetected,RadarReflectivity,RainAbsolute,RainAccumulated,RainRate,VolumeEquivalentDiameter,WeatherCode4680,0.10798264678472042,0.01166025200663369
Humidity,KineticEnergy,ParticlesDetected,RadarReflectivity,RainRate,SnowDepthIntensity,Temperature,VolumeEquivalentDiameter,WindSpeed,-0.10785342117936089,0.011632360460092613
AverageParticleSpeed,Humidity,KineticEnergy,ParticlesDetected,RadarReflectivity,RainRate,SnowDepthIntensity,Temperature,WindSpeed,-0.10785342117936086,0.011632360460092606
AverageParticleSpeed,Humidity,KineticEnergy,ParticlesDetected,RadarReflectivity,SnowDepthIntensity,Temperature,VolumeEquivalentDiameter,WindSpeed,-0.10785342117936082,0.011632360460092597
AverageParticleSpeed,Humidity,KineticEnergy,RadarReflectivity,RainIntensity,RainRate,SnowDepthIntensity,Temperature,VolumeEquivalentDiameter,-0.10781241627735721,0.011623517103562159
AverageParticleSpeed,Humidity,KineticEnergy,RadarReflectivity,RainAbsolute,RainIntensity,SnowDepthIntensity,Temperature,WindSpeed,0.10769925334264857,0.011599129170564
AverageParticleSpeed,Humidity,KineticEnergy,RadarReflectivity,RainAccumulated,RainIntensity,SnowDepthIntensity,Temperature,WindSpeed,0.10769925334264857,0.011599129170564
Humidity,KineticEnergy,RadarReflectivity,RainAbsolute,RainIntensity,SnowDepthIntensity,Temperature,VolumeEquivalentDiameter,WindSpeed,0.10769925334264846,0.011599129170563976
Humidity,KineticEnergy,RadarReflectivity,RainAccumulated,RainIntensity,SnowDepthIntensity,Temperature,VolumeEquivalentDiameter,WindSpeed,0.10769925334264846,0.011599129170563976
Humidity,KineticEnergy,RadarReflectivity,RainAbsolute,RainIntensity,RainRate,SnowDepthIntensity,Temperature,WindSpeed,0.10769925334264845,0.011599129170563972
Humidity,KineticEnergy,RadarReflectivity,RainAccumulated,RainIntensity,RainRate,SnowDepthIntensity,Temperature,WindSpeed,0.10769925334264845,0.011599129170563972
AverageParticleSpeed,Humidity,ParticlesDetected,Pressure,RadarReflectivity,RainAbsolute,RainAccumulated,VolumeEquivalentDiameter,WeatherCode4680,0.10768571232319103,0.011596212638553057
AverageParticleSpeed,Humidity,ParticlesDetected,Pressure,RadarReflectivity,RainAbsolute,RainAccumulated,RainRate,WeatherCode4680,0.10768571232319087,0.011596212638553021
Humidity,ParticlesDetected,Pressure,RadarReflectivity,RainAbsolute,RainAccumulated,RainRate,VolumeEquivalentDiameter,WeatherCode4680,0.10768571232319087,0.011596212638553021
AverageParticleSpeed,ParticlesDetected,RadarReflectivity,RainAbsolute,RainRate,SnowDepthIntensity,Temperature,VolumeEquivalentDiameter,WindSpeed,0.10751202305359335,0.011558835101076389
AverageParticleSpeed,ParticlesDetected,RadarReflectivity,RainAccumulated,RainRate,SnowDepthIntensity,Temperature,VolumeEquivalentDiameter,WindSpeed,0.10751202305359335,0.011558835101076389
Humidity,ParticlesDetected,RadarReflectivity,RainAbsolute,RainAccumulated,RainIntensity,RainRate,VolumeEquivalentDiameter,WeatherCode4680,0.10750330762857502,0.011556961151084035
AverageParticleSpeed,Humidity,ParticlesDetected,RadarReflectivity,RainAbsolute,RainAccumulated,RainIntensity,RainRate,WeatherCode4680,0.10750330762857499,0.01155696115108403
AverageParticleSpeed,Humidity,ParticlesDetected,RadarReflectivity,RainAbsolute,RainAccumulated,RainIntensity,VolumeEquivalentDiameter,WeatherCode4680,0.1075033076285749,0.011556961151084011
AverageParticleSpeed,Humidity,KineticEnergy,ParticlesDetected,RadarReflectivity,RainIntensity,SnowDepthIntensity,Temperature,WindSpeed,-0.107393678577896,0.011533402198492438
Humidity,KineticEnergy,ParticlesDetected,RadarReflectivity,RainIntensity,RainRate,SnowDepthIntensity,Temperature,WindSpeed,-0.10739367857789597,0.011533402198492432
Humidity,KineticEnergy,ParticlesDetected,RadarReflectivity,RainIntensity,SnowDepthIntensity,Temperature,VolumeEquivalentDiameter,WindSpeed,-0.10739367857789596,0.011533402198492429
Humidity,KineticEnergy,ParticlesDetected,RadarReflectivity,RainAbsolute,RainAccumulated,RainRate,VolumeEquivalentDiameter,WeatherCode4680,0.10733699333567949,0.011521230138343703
AverageParticleSpeed,Humidity,KineticEnergy,ParticlesDetected,RadarReflectivity,RainAbsolute,RainAccumulated,RainRate,WeatherCode4680,0.10733699333567939,0.011521230138343682
AverageParticleSpeed,Humidity,KineticEnergy,ParticlesDetected,RadarReflectivity,RainAbsolute,RainAccumulated,VolumeEquivalentDiameter,WeatherCode4680,0.10733699333567928,0.011521230138343658
Humidity,ParticlesDetected,Pressure,RadarReflectivity,RainAbsolute,RainAccumulated,RainIntensity,RainRate,WeatherCode4680,0.10720692524416008,0.011493324820306927
Humidity,ParticlesDetected,Pressure,RadarReflectivity,RainAbsolute,RainAccumulated,RainIntensity,VolumeEquivalentDiameter,WeatherCode4680,0.10720692524416002,0.011493324820306915
AverageParticleSpeed,Humidity,ParticlesDetected,Pressure,RadarReflectivity,RainAbsolute,RainAccumulated,RainIntensity,WeatherCode4680,0.10720692524415998,0.011493324820306907
AverageParticleSpeed,Humidity,KineticEnergy,ParticlesDetected,Pressure,RadarReflectivity,RainAbsolute,RainAccumulated,WeatherCode4680,0.10704084779667226,0.011457743097030357
Humidity,KineticEnergy,ParticlesDetected,Pressure,RadarReflectivity,RainAbsolute,RainAccumulated,VolumeEquivalentDiameter,WeatherCode4680,0.10704084779667226,0.011457743097030357
Humidity,KineticEnergy,ParticlesDetected,Pressure,RadarReflectivity,RainAbsolute,RainAccumulated,RainRate,WeatherCode4680,0.1070408477966722,0.011457743097030343
AverageParticleSpeed,Humidity,ParticlesDetected,Pressure,RadarReflectivity,RainRate,SnowDepthIntensity,VolumeEquivalentDiameter,WindSpeed,-0.1068936300368167,0.011426248142447843
Humidity,KineticEnergy,ParticlesDetected,RadarReflectivity,RainAbsolute,RainAccumulated,RainIntensity,RainRate,WeatherCode4680,0.10686007195915802,0.01141907497911643
Humidity,KineticEnergy,ParticlesDetected,RadarReflectivity,RainAbsolute,RainAccumulated,RainIntensity,VolumeEquivalentDiameter,WeatherCode4680,0.10686007195915798,0.011419074979116421
AverageParticleSpeed,Humidity,KineticEnergy,ParticlesDetected,RadarReflectivity,RainAbsolute,RainAccumulated,RainIntensity,WeatherCode4680,0.10686007195915795,0.011419074979116414
ParticlesDetected,Pressure,RadarReflectivity,RainAbsolute,RainRate,SnowDepthIntensity,Temperature,VolumeEquivalentDiameter,WindSpeed,0.10685727248625781,0.011418476683202351
ParticlesDetected,Pressure,RadarReflectivity,RainAccumulated,RainRate,SnowDepthIntensity,Temperature,VolumeEquivalentDiameter,WindSpeed,0.10685727248625781,0.011418476683202351
AverageParticleSpeed,ParticlesDetected,Pressure,RadarReflectivity,RainAbsolute,RainRate,SnowDepthIntensity,Temperature,WindSpeed,0.10685727248625775,0.011418476683202337
AverageParticleSpeed,ParticlesDetected,Pressure,RadarReflectivity,RainAccumulated,RainRate,SnowDepthIntensity,Temperature,WindSpeed,0.10685727248625775,0.011418476683202337
AverageParticleSpeed,ParticlesDetected,Pressure,RadarReflectivity,RainAbsolute,SnowDepthIntensity,Temperature,VolumeEquivalentDiameter,WindSpeed,0.10685727248625762,0.01141847668320231
AverageParticleSpeed,ParticlesDetected,Pressure,RadarReflectivity,RainAccumulated,SnowDepthIntensity,Temperature,VolumeEquivalentDiameter,WindSpeed,0.10685727248625762,0.01141847668320231
Humidity,KineticEnergy,Pressure,RadarReflectivity,RainAbsolute,RainIntensity,SnowDepthIntensity,Temperature,WindSpeed,0.10683501487676798,0.011413720403719236
Humidity,KineticEnergy,Pressure,RadarReflectivity,RainAccumulated,RainIntensity,SnowDepthIntensity,Temperature,WindSpeed,0.10683501487676798,0.011413720403719236
Humidity,KineticEnergy,ParticlesDetected,Pressure,RadarReflectivity,RainAbsolute,RainAccumulated,RainIntensity,WeatherCode4680,0.10656448079482832,0.011355988567071333
AverageParticleSpeed,ParticlesDetected,RadarReflectivity,RainAbsolute,RainIntensity,SnowDepthIntensity,Temperature,VolumeEquivalentDiameter,WindSpeed,0.10641985823051052,0.011325186225801958
AverageParticleSpeed,ParticlesDetected,RadarReflectivity,RainAccumulated,RainIntensity,SnowDepthIntensity,Temperature,VolumeEquivalentDiameter,WindSpeed,0.10641985823051052,0.011325186225801958
ParticlesDetected,RadarReflectivity,RainAbsolute,RainIntensity,RainRate,SnowDepthIntensity,Temperature,VolumeEquivalentDiameter,WindSpeed,0.10641985823051052,0.011325186225801958
ParticlesDetected,RadarReflectivity,RainAccumulated,RainIntensity,RainRate,SnowDepthIntensity,Temperature,VolumeEquivalentDiameter,WindSpeed,0.10641985823051052,0.011325186225801958
AverageParticleSpeed,ParticlesDetected,RadarReflectivity,RainAbsolute,RainIntensity,RainRate,SnowDepthIntensity,Temperature,WindSpeed,0.1064198582305105,0.011325186225801954
AverageParticleSpeed,ParticlesDetected,RadarReflectivity,RainAccumulated,RainIntensity,RainRate,SnowDepthIntensity,Temperature,WindSpeed,0.1064198582305105,0.011325186225801954
AverageParticleSpeed,Humidity,ParticlesDetected,Pressure,RadarReflectivity,RainIntensity,SnowDepthIntensity,VolumeEquivalentDiameter,WindSpeed,-0.10640770647441697,0.01132259999714568
AverageParticleSpeed,Humidity,ParticlesDetected,Pressure,RadarReflectivity,RainIntensity,RainRate,SnowDepthIntensity,WindSpeed,-0.1064077064744169,0.011322599997145664
Humidity,ParticlesDetected,Pressure,RadarReflectivity,RainIntensity,RainRate,SnowDepthIntensity,VolumeEquivalentDiameter,WindSpeed,-0.10640770647441687,0.011322599997145659
Humidity,KineticEnergy,ParticlesDetected,Pressure,RadarReflectivity,RainRate,SnowDepthIntensity,VolumeEquivalentDiameter,WindSpeed,-0.10610973724389572,0.011259276337968591
AverageParticleSpeed,Humidity,KineticEnergy,ParticlesDetected,Pressure,RadarReflectivity,RainRate,SnowDepthIntensity,WindSpeed,-0.10610973724389569,0.011259276337968584
AverageParticleSpeed,Humidity,KineticEnergy,ParticlesDetected,Pressure,RadarReflectivity,SnowDepthIntensity,VolumeEquivalentDiameter,WindSpeed,-0.10610973724389566,0.011259276337968579
AverageParticleSpeed,Humidity,KineticEnergy,Pressure,RadarReflectivity,RainIntensity,RainRate,SnowDepthIntensity,VolumeEquivalentDiameter,-0.1060631751501898,0.011249397122939838
AverageParticleSpeed,KineticEnergy,ParticlesDetected,RadarReflectivity,RainAbsolute,SnowDepthIntensity,Temperature,VolumeEquivalentDiameter,WindSpeed,0.10600682546744654,0.011237447045685672
AverageParticleSpeed,KineticEnergy,ParticlesDetected,RadarReflectivity,RainAccumulated,SnowDepthIntensity,Temperature,VolumeEquivalentDiameter,WindSpeed,0.10600682546744654,0.011237447045685672
AverageParticleSpeed,KineticEnergy,ParticlesDetected,RadarReflectivity,RainAbsolute,RainRate,SnowDepthIntensity,Temperature,WindSpeed,0.10600682546744644,0.01123744704568565
AverageParticleSpeed,KineticEnergy,ParticlesDetected,RadarReflectivity,RainAccumulated,RainRate,SnowDepthIntensity,Temperature,WindSpeed,0.10600682546744644,0.01123744704568565
KineticEnergy,ParticlesDetected,RadarReflectivity,RainAbsolute,RainRate,SnowDepthIntensity,Temperature,VolumeEquivalentDiameter,WindSpeed,0.10600682546744643,0.011237447045685649
KineticEnergy,ParticlesDetected,RadarReflectivity,RainAccumulated,RainRate,SnowDepthIntensity,Temperature,VolumeEquivalentDiameter,WindSpeed,0.10600682546744643,0.011237447045685649
AverageParticleSpeed,ParticlesDetected,Pressure,RadarReflectivity,RainAbsolute,RainIntensity,SnowDepthIntensity,Temperature,WindSpeed,0.10576826226517852,0.011186925302595586
AverageParticleSpeed,ParticlesDetected,Pressure,RadarReflectivity,RainAccumulated,RainIntensity,SnowDepthIntensity,Temperature,WindSpeed,0.10576826226517852,0.011186925302595586
ParticlesDetected,Pressure,RadarReflectivity,RainAbsolute,RainIntensity,SnowDepthIntensity,Temperature,VolumeEquivalentDiameter,WindSpeed,0.10576826226517849,0.011186925302595581
ParticlesDetected,Pressure,RadarReflectivity,RainAccumulated,RainIntensity,SnowDepthIntensity,Temperature,VolumeEquivalentDiameter,WindSpeed,0.10576826226517849,0.011186925302595581
ParticlesDetected,Pressure,RadarReflectivity,RainAbsolute,RainIntensity,RainRate,SnowDepthIntensity,Temperature,WindSpeed,0.10576826226517845,0.011186925302595572
ParticlesDetected,Pressure,RadarReflectivity,RainAccumulated,RainIntensity,RainRate,SnowDepthIntensity,Temperature,WindSpeed,0.10576826226517845,0.011186925302595572
AverageParticleSpeed,Humidity,KineticEnergy,ParticlesDetected,Pressure,RadarReflectivity,RainIntensity,SnowDepthIntensity,WindSpeed,-0.10563024140348452,0.011157747898958415
Humidity,KineticEnergy,ParticlesDetected,Pressure,RadarReflectivity,RainIntensity,SnowDepthIntensity,VolumeEquivalentDiameter,WindSpeed,-0.10563024140348451,0.011157747898958414
Humidity,KineticEnergy,ParticlesDetected,Pressure,RadarReflectivity,RainIntensity,RainRate,SnowDepthIntensity,WindSpeed,-0.10563024140348447,0.011157747898958405
AverageParticleSpeed,Humidity,ParticlesDetected,RadarReflectivity,RainIntensity,RainRate,SnowDepthIntensity,VolumeEquivalentDiameter,WindSpeed,-0.10561951899710814,0.011155482793180488
KineticEnergy,ParticlesDetected,Pressure,RadarReflectivity,RainAbsolute,SnowDepthIntensity,Temperature,VolumeEquivalentDiameter,WindSpeed,0.10535670346654698,0.011100034965337912
KineticEnergy,ParticlesDetected,Pressure,RadarReflectivity,RainAccumulated,SnowDepthIntensity,Temperature,VolumeEquivalentDiameter,WindSpeed,0.10535670346654698,0.011100034965337912
AverageParticleSpeed,KineticEnergy,ParticlesDetected,Pressure,RadarReflectivity,RainAbsolute,SnowDepthIntensity,Temperature,WindSpeed,0.10535670346654692,0.0111000349653379
AverageParticleSpeed,KineticEnergy,ParticlesDetected,Pressure,RadarReflectivity,RainAccumulated,SnowDepthIntensity,Temperature,WindSpeed,0.10535670346654692,0.0111000349653379
KineticEnergy,ParticlesDetected,Pressure,RadarReflectivity,RainAbsolute,RainRate,SnowDepthIntensity,Temperature,WindSpeed,0.10535670346654682,0.011100034965337879
KineticEnergy,ParticlesDetected,Pressure,RadarReflectivity,RainAccumulated,RainRate,SnowDepthIntensity,Temperature,WindSpeed,0.10535670346654682,0.011100034965337879
AverageParticleSpeed,Humidity,KineticEnergy,ParticlesDetected,RadarReflectivity,RainRate,SnowDepthIntensity,VolumeEquivalentDiameter,WindSpeed,-0.1053242819421091,0.01109320436662089
AverageParticleSpeed,KineticEnergy,ParticlesDetected,RadarReflectivity,RainAbsolute,RainIntensity,SnowDepthIntensity,Temperature,WindSpeed,0.10493079122257536,0.011010470946595697
AverageParticleSpeed,KineticEnergy,ParticlesDetected,RadarReflectivity,RainAccumulated,RainIntensity,SnowDepthIntensity,Temperature,WindSpeed,0.10493079122257536,0.011010470946595697
KineticEnergy,ParticlesDetected,RadarReflectivity,RainAbsolute,RainIntensity,SnowDepthIntensity,Temperature,VolumeEquivalentDiameter,WindSpeed,0.10493079122257533,0.011010470946595692
KineticEnergy,ParticlesDetected,RadarReflectivity,RainAccumulated,RainIntensity,SnowDepthIntensity,Temperature,VolumeEquivalentDiameter,WindSpeed,0.10493079122257533,0.011010470946595692
KineticEnergy,ParticlesDetected,RadarReflectivity,RainAbsolute,RainIntensity,RainRate,SnowDepthIntensity,Temperature,WindSpeed,0.10493079122257519,0.011010470946595663
KineticEnergy,ParticlesDetected,RadarReflectivity,RainAccumulated,RainIntensity,RainRate,SnowDepthIntensity,Temperature,WindSpeed,0.10493079122257519,0.011010470946595663
Humidity,KineticEnergy,ParticlesDetected,RadarReflectivity,RainIntensity,RainRate,SnowDepthIntensity,VolumeEquivalentDiameter,WindSpeed,-0.1048507546229004,0.01099368074499167
AverageParticleSpeed,Humidity,KineticEnergy,ParticlesDetected,RadarReflectivity,RainIntensity,RainRate,SnowDepthIntensity,WindSpeed,-0.10485075462290039,0.010993680744991668
AverageParticleSpeed,Humidity,KineticEnergy,ParticlesDetected,RadarReflectivity,RainIntensity,SnowDepthIntensity,VolumeEquivalentDiameter,WindSpeed,-0.10485075462290036,0.01099368074499166
AverageParticleSpeed,KineticEnergy,Pressure,RainAbsolute,RainIntensity,RainRate,SnowDepthIntensity,VolumeEquivalentDiameter,WeatherCode4680,0.10446455873499942,0.010912844031698144
AverageParticleSpeed,KineticEnergy,Pressure,RainAccumulated,RainIntensity,RainRate,SnowDepthIntensity,VolumeEquivalentDiameter,WeatherCode4680,0.10446455873499942,0.010912844031698144
KineticEnergy,ParticlesDetected,Pressure,RadarReflectivity,RainAbsolute,RainIntensity,SnowDepthIntensity,Temperature,WindSpeed,0.10428382648319383,0.01087511646597688
KineticEnergy,ParticlesDetected,Pressure,RadarReflectivity,RainAccumulated,RainIntensity,SnowDepthIntensity,Temperature,WindSpeed,0.10428382648319383,0.01087511646597688
AverageParticleSpeed,Humidity,ParticlesDetected,RadarReflectivity,RainAbsolute,RainAccumulated,SnowDepthIntensity,VolumeEquivalentDiameter,WeatherCode4680,0.10390204950418598,0.010795635891170314
AverageParticleSpeed,Humidity,ParticlesDetected,RadarReflectivity,RainAbsolute,RainAccumulated,RainRate,SnowDepthIntensity,WeatherCode4680,0.10390204950418545,0.010795635891170205
Humidity,ParticlesDetected,RadarReflectivity,RainAbsolute,RainAccumulated,RainRate,SnowDepthIntensity,VolumeEquivalentDiameter,WeatherCode4680,0.10390204950418541,0.010795635891170196
Humidity,ParticlesDetected,Pressure,RadarReflectivity,RainAbsolute,RainAccumulated,SnowDepthIntensity,VolumeEquivalentDiameter,WeatherCode4680,0.10360945575603796,0.010734919322062386
AverageParticleSpeed,Humidity,ParticlesDetected,Pressure,RadarReflectivity,RainAbsolute,RainAccumulated,SnowDepthIntensity,WeatherCode4680,0.1036094557560379,0.010734919322062376
Humidity,ParticlesDetected,Pressure,RadarReflectivity,RainAbsolute,RainAccumulated,RainRate,SnowDepthIntensity,WeatherCode4680,0.1036094557560376,0.010734919322062312
AverageParticleSpeed,Humidity,ParticlesDetected,RadarReflectivity,RainAbsolute,RainAccumulated,RainIntensity,SnowDepthIntensity,WeatherCode4680,0.10344207507275682,0.010700262895357858
Humidity,ParticlesDetected,RadarReflectivity,RainAbsolute,RainAccumulated,RainIntensity,SnowDepthIntensity,VolumeEquivalentDiameter,WeatherCode4680,0.10344207507275677,0.010700262895357847
Humidity,ParticlesDetected,RadarReflectivity,RainAbsolute,RainAccumulated,RainIntensity,RainRate,SnowDepthIntensity,WeatherCode4680,0.10344207507275671,0.010700262895357835
Humidity,KineticEnergy,ParticlesDetected,RadarReflectivity,RainAbsolute,RainAccumulated,SnowDepthIntensity,VolumeEquivalentDiameter,WeatherCode4680,0.10328402882478242,0.010667590610278487
AverageParticleSpeed,Humidity,KineticEnergy,ParticlesDetected,RadarReflectivity,RainAbsolute,RainAccumulated,SnowDepthIntensity,WeatherCode4680,0.10328402882478238,0.010667590610278478
Humidity,KineticEnergy,ParticlesDetected,RadarReflectivity,RainAbsolute,RainAccumulated,RainRate,SnowDepthIntensity,WeatherCode4680,0.10328402882478234,0.01066759061027847
Humidity,ParticlesDetected,Pressure,RadarReflectivity,RainAbsolute,RainAccumulated,RainIntensity,SnowDepthIntensity,WeatherCode4680,0.10315003945240214,0.010639930639032118
Humidity,KineticEnergy,ParticlesDetected,Pressure,RadarReflectivity,RainAbsolute,RainAccumulated,SnowDepthIntensity,WeatherCode4680,0.10299222979103274,0.010607399397328892
Humidity,KineticEnergy,ParticlesDetected,RadarReflectivity,RainAbsolute,RainAccumulated,RainIntensity,SnowDepthIntensity,WeatherCode4680,0.10282641983835686,0.01057327261677403
AverageParticleSpeed,Humidity,ParticlesDetected,RadarReflectivity,RainAbsolute,RainAccumulated,RainRate,Temperature,WeatherCode4680,0.10222060781174842,0.010449052661403283
Humidity,ParticlesDetected,RadarReflectivity,RainAbsolute,RainAccumulated,RainRate,Temperature,VolumeEquivalentDiameter,WeatherCode4680,0.10222060781174835,0.01044905266140327
AverageParticleSpeed,Humidity,ParticlesDetected,RadarReflectivity,RainAbsolute,RainAccumulated,Temperature,VolumeEquivalentDiameter,WeatherCode4680,0.10222060781174826,0.010449052661403248
AverageParticleSpeed,Humidity,ParticlesDetected,Pressure,RadarReflectivity,RainAbsolute,RainAccumulated,Temperature,WeatherCode4680,0.10192580762997674,0.010388870261023026
Humidity,ParticlesDetected,Pressure,RadarReflectivity,RainAbsolute,RainAccumulated,Temperature,VolumeEquivalentDiameter,WeatherCode4680,0.10192580762997673,0.010388870261023022
Humidity,ParticlesDetected,Pressure,RadarReflectivity,RainAbsolute,RainAccumulated,RainRate,Temperature,WeatherCode4680,0.10192580762997672,0.01038887026102302
AverageParticleSpeed,Humidity,ParticlesDetected,RadarReflectivity,RainAbsolute,RainAccumulated,RainIntensity,Temperature,WeatherCode4680,0.101766862192559,0.010356494240519293
Humidity,ParticlesDetected,RadarReflectivity,RainAbsolute,RainAccumulated,RainIntensity,Temperature,VolumeEquivalentDiameter,WeatherCode4680,0.101766862192559,0.010356494240519293
Humidity,ParticlesDetected,RadarReflectivity,RainAbsolute,RainAccumulated,RainIntensity,RainRate,Temperature,WeatherCode4680,0.10176686219255895,0.010356494240519286
Humidity,KineticEnergy,ParticlesDetected,RadarReflectivity,RainAbsolute,RainAccumulated,RainRate,Temperature,WeatherCode4680,0.10161051416983562,0.010324696589858365
Humidity,KineticEnergy,ParticlesDetected,RadarReflectivity,RainAbsolute,RainAccumulated,Temperature,VolumeEquivalentDiameter,WeatherCode4680,0.10161051416983552,0.010324696589858346
AverageParticleSpeed,Humidity,KineticEnergy,ParticlesDetected,RadarReflectivity,RainAbsolute,RainAccumulated,Temperature,WeatherCode4680,0.10161051416983546,0.010324696589858334
AverageParticleSpeed,KineticEnergy,Pressure,RainAbsolute,RainIntensity,RainRate,Temperature,VolumeEquivalentDiameter,WeatherCode4680,0.10149477360983782,0.01030118907011223
AverageParticleSpeed,KineticEnergy,Pressure,RainAccumulated,RainIntensity,RainRate,Temperature,VolumeEquivalentDiameter,WeatherCode4680,0.10149477360983782,0.01030118907011223
Humidity,ParticlesDetected,Pressure,RadarReflectivity,RainAbsolute,RainAccumulated,RainIntensity,Temperature,WeatherCode4680,0.10147262582697288,0.010296693792220842
Humidity,KineticEnergy,ParticlesDetected,Pressure,RadarReflectivity,RainAbsolute,RainAccumulated,Temperature,WeatherCode4680,0.1013165187118123,0.010265036963881011
Humidity,KineticEnergy,ParticlesDetected,RadarReflectivity,RainAbsolute,RainAccumulated,RainIntensity,Temperature,WeatherCode4680,0.1011590503309876,0.010233153463867281
AverageParticleSpeed,Humidity,ParticlesDetected,RainAbsolute,RainRate,SnowDepthIntensity,Temperature,VolumeEquivalentDiameter,WindSpeed,0.1010305385386246,0.010207169717404511
AverageParticleSpeed,Humidity,ParticlesDetected,RainAccumulated,RainRate,SnowDepthIntensity,Temperature,VolumeEquivalentDiameter,WindSpeed,0.1010305385386246,0.010207169717404511
AverageParticleSpeed,KineticEnergy,ParticlesDetected,Pressure,RainIntensity,RainRate,Temperature,VolumeEquivalentDiameter,WindSpeed,-0.10095870836687648,0.010192660795108015
AverageParticleSpeed,Humidity,ParticlesDetected,Pressure,RainAbsolute,SnowDepthIntensity,Temperature,VolumeEquivalentDiameter,WindSpeed,0.10016030388230925,0.010032086473796532
AverageParticleSpeed,Humidity,ParticlesDetected,Pressure,RainAccumulated,SnowDepthIntensity,Temperature,VolumeEquivalentDiameter,WindSpeed,0.10016030388230925,0.010032086473796532
AverageParticleSpeed,Humidity,ParticlesDetected,Pressure,RainAbsolute,RainRate,SnowDepthIntensity,Temperature,WindSpeed,0.10016030388230901,0.010032086473796486
AverageParticleSpeed,Humidity,ParticlesDetected,Pressure,RainAccumulated,RainRate,SnowDepthIntensity,Temperature,WindSpeed,0.10016030388230901,0.010032086473796486
Humidity,ParticlesDetected,Pressure,RainAbsolute,RainRate,SnowDepthIntensity,Temperature,VolumeEquivalentDiameter,WindSpeed,0.10016030388230894,0.010032086473796472
Humidity,ParticlesDetected,Pressure,RainAccumulated,RainRate,SnowDepthIntensity,Temperature,VolumeEquivalentDiameter,WindSpeed,0.10016030388230894,0.010032086473796472
