Variable 1,Variable 2,Variable 3,Variable 4,Variable 5,Variable 6,Variable 7,Variable 8,Correlation (r),R²
AverageParticleSpeed,KineticEnergy,Pressure,RainAbsolute,RainAccumulated,RainIntensity,RainRate,VolumeEquivalentDiameter,0.3838560416671033,0.14734546072433694
AverageParticleSpeed,Pressure,RainAbsolute,RainAccumulated,RainIntensity,RainRate,VolumeEquivalentDiameter,WindSpeed,0.38164512888507135,0.14565300440170273
AverageParticleSpeed,KineticEnergy,Pressure,RainAbsolute,RainAccumulated,RainRate,VolumeEquivalentDiameter,WindSpeed,0.38132925485517477,0.14541200060840284
AverageParticleSpeed,KineticEnergy,RainAbsolute,RainAccumulated,RainIntensity,RainRate,VolumeEquivalentDiameter,WindSpeed,0.38050926474927815,0.14478730056003625
AverageParticleSpeed,KineticEnergy,Pressure,RainAbsolute,RainAccumulated,RainIntensity,VolumeEquivalentDiameter,WindSpeed,0.38042908334283504,0.14472628745306973
AverageParticleSpeed,KineticEnergy,Pressure,RainAbsolute,RainAccumulated,RainIntensity,RainRate,WindSpeed,0.38042908334283493,0.14472628745306965
KineticEnergy,Pressure,RainAbsolute,RainAccumulated,RainIntensity,RainRate,VolumeEquivalentDiameter,WindSpeed,0.38042908334283493,0.14472628745306965
AverageParticleSpeed,Pressure,RainAbsolute,RainAccumulated,RainIntensity,RainRate,SnowDepthIntensity,VolumeEquivalentDiameter,0.37629347395806584,0.14159677854342959
AverageParticleSpeed,KineticEnergy,Pressure,RainAbsolute,RainAccumulated,RainRate,SnowDepthIntensity,VolumeEquivalentDiameter,0.3759603385874568,0.14134617619079518
AverageParticleSpeed,Pressure,RainAbsolute,RainAccumulated,RainIntensity,RainRate,Temperature,VolumeEquivalentDiameter,0.37508633834922284,0.14068976121622767
AverageParticleSpeed,KineticEnergy,RainAbsolute,RainAccumulated,RainIntensity,RainRate,SnowDepthIntensity,VolumeEquivalentDiameter,0.3749963617705721,0.14062227134116578
AverageParticleSpeed,KineticEnergy,Pressure,RainAbsolute,RainAccumulated,RainIntensity,SnowDepthIntensity,VolumeEquivalentDiameter,0.3749385253503213,0.14057889779187352
AverageParticleSpeed,KineticEnergy,Pressure,RainAbsolute,RainAccumulated,RainIntensity,RainRate,SnowDepthIntensity,0.374938525350321,0.14057889779187333
KineticEnergy,Pressure,RainAbsolute,RainAccumulated,RainIntensity,RainRate,SnowDepthIntensity,VolumeEquivalentDiameter,0.374938525350321,0.14057889779187333
AverageParticleSpeed,KineticEnergy,Pressure,RainAbsolute,RainAccumulated,RainRate,Temperature,VolumeEquivalentDiameter,0.3747695506069982,0.14045221606217137
AverageParticleSpeed,KineticEnergy,RainAbsolute,RainAccumulated,RainIntensity,RainRate,Temperature,VolumeEquivalentDiameter,0.37389631149448654,0.13979845174918212
AverageParticleSpeed,KineticEnergy,Pressure,RainAbsolute,RainAccumulated,RainIntensity,Temperature,VolumeEquivalentDiameter,0.3738375145443253,0.13975448728067863
AverageParticleSpeed,KineticEnergy,Pressure,RainAbsolute,RainAccumulated,RainIntensity,RainRate,Temperature,0.3738375145443249,0.13975448728067832
KineticEnergy,Pressure,RainAbsolute,RainAccumulated,RainIntensity,RainRate,Temperature,VolumeEquivalentDiameter,0.3738375145443249,0.13975448728067832
AverageParticleSpeed,Pressure,RainAbsolute,RainAccumulated,RainRate,SnowDepthIntensity,VolumeEquivalentDiameter,WindSpeed,0.3731633279617657,0.13925086933550032
AverageParticleSpeed,Pressure,RainAbsolute,RainAccumulated,RainRate,Temperature,VolumeEquivalentDiameter,WindSpeed,0.3722722229940094,0.13858660801290149
AverageParticleSpeed,RainAbsolute,RainAccumulated,RainIntensity,RainRate,SnowDepthIntensity,VolumeEquivalentDiameter,WindSpeed,0.3721817569580184,0.1385192602123575
AverageParticleSpeed,Pressure,RainAbsolute,RainAccumulated,RainIntensity,RainRate,SnowDepthIntensity,WindSpeed,0.3720791428170598,0.13844288851947797
Pressure,RainAbsolute,RainAccumulated,RainIntensity,RainRate,SnowDepthIntensity,VolumeEquivalentDiameter,WindSpeed,0.3720791428170598,0.13844288851947797
AverageParticleSpeed,Pressure,RainAbsolute,RainAccumulated,RainIntensity,SnowDepthIntensity,VolumeEquivalentDiameter,WindSpeed,0.37207914281705956,0.1384428885194778
AverageParticleSpeed,KineticEnergy,RainAbsolute,RainAccumulated,RainRate,SnowDepthIntensity,VolumeEquivalentDiameter,WindSpeed,0.3717931187577494,0.13823012315561395
KineticEnergy,Pressure,RainAbsolute,RainAccumulated,RainRate,SnowDepthIntensity,VolumeEquivalentDiameter,WindSpeed,0.37168941900191677,0.13815302419798245
AverageParticleSpeed,KineticEnergy,Pressure,RainAbsolute,RainAccumulated,RainRate,SnowDepthIntensity,WindSpeed,0.3716894190019167,0.1381530241979824
AverageParticleSpeed,KineticEnergy,Pressure,RainAbsolute,RainAccumulated,SnowDepthIntensity,VolumeEquivalentDiameter,WindSpeed,0.37168941900191654,0.13815302419798228
AverageParticleSpeed,RainAbsolute,RainAccumulated,RainIntensity,RainRate,Temperature,VolumeEquivalentDiameter,WindSpeed,0.37138921624575066,0.13792994994363295
AverageParticleSpeed,Pressure,RainAbsolute,RainAccumulated,RainIntensity,RainRate,Temperature,WindSpeed,0.3712862568029408,0.1378534844907393
Pressure,RainAbsolute,RainAccumulated,RainIntensity,RainRate,Temperature,VolumeEquivalentDiameter,WindSpeed,0.3712862568029408,0.1378534844907393
AverageParticleSpeed,Pressure,RainAbsolute,RainAccumulated,RainIntensity,Temperature,VolumeEquivalentDiameter,WindSpeed,0.37128625680294075,0.13785348449073925
AverageParticleSpeed,KineticEnergy,RainAbsolute,RainAccumulated,RainRate,Temperature,VolumeEquivalentDiameter,WindSpeed,0.37101657362644075,0.13765329790550412
KineticEnergy,Pressure,RainAbsolute,RainAccumulated,RainRate,Temperature,VolumeEquivalentDiameter,WindSpeed,0.3709125775205688,0.13757614016295194
AverageParticleSpeed,KineticEnergy,Pressure,RainAbsolute,RainAccumulated,RainRate,Temperature,WindSpeed,0.3709125775205687,0.1375761401629519
AverageParticleSpeed,KineticEnergy,Pressure,RainAbsolute,RainAccumulated,Temperature,VolumeEquivalentDiameter,WindSpeed,0.37091257752056866,0.13757614016295186
AverageParticleSpeed,KineticEnergy,RainAbsolute,RainAccumulated,RainIntensity,RainRate,SnowDepthIntensity,WindSpeed,0.37065455290629706,0.13738479759016697
KineticEnergy,RainAbsolute,RainAccumulated,RainIntensity,RainRate,SnowDepthIntensity,VolumeEquivalentDiameter,WindSpeed,0.37065455290629706,0.13738479759016697
AverageParticleSpeed,KineticEnergy,RainAbsolute,RainAccumulated,RainIntensity,SnowDepthIntensity,VolumeEquivalentDiameter,WindSpeed,0.37065455290629684,0.1373847975901668
AverageParticleSpeed,KineticEnergy,Pressure,RainAbsolute,RainAccumulated,RainIntensity,SnowDepthIntensity,WindSpeed,0.3705480104412621,0.1373058280419777
KineticEnergy,Pressure,RainAbsolute,RainAccumulated,RainIntensity,RainRate,SnowDepthIntensity,WindSpeed,0.3705480104412621,0.1373058280419777
KineticEnergy,Pressure,RainAbsolute,RainAccumulated,RainIntensity,SnowDepthIntensity,VolumeEquivalentDiameter,WindSpeed,0.3705480104412621,0.1373058280419777
AverageParticleSpeed,KineticEnergy,RainAbsolute,RainAccumulated,RainIntensity,RainRate,Temperature,WindSpeed,0.36997265702768806,0.13687976694812728
KineticEnergy,RainAbsolute,RainAccumulated,RainIntensity,RainRate,Temperature,VolumeEquivalentDiameter,WindSpeed,0.36997265702768806,0.13687976694812728
AverageParticleSpeed,KineticEnergy,RainAbsolute,RainAccumulated,RainIntensity,Temperature,VolumeEquivalentDiameter,WindSpeed,0.36997265702768795,0.1368797669481272
AverageParticleSpeed,KineticEnergy,Pressure,RainAbsolute,RainAccumulated,RainIntensity,Temperature,WindSpeed,0.36986615942876316,0.13680097589058324
KineticEnergy,Pressure,RainAbsolute,RainAccumulated,RainIntensity,Temperature,VolumeEquivalentDiameter,WindSpeed,0.36986615942876316,0.13680097589058324
KineticEnergy,Pressure,RainAbsolute,RainAccumulated,RainIntensity,RainRate,Temperature,WindSpeed,0.36986615942876283,0.13680097589058302
AverageParticleSpeed,Pressure,RainAbsolute,RainAccumulated,RainRate,SnowDepthIntensity,Temperature,VolumeEquivalentDiameter,0.36649912134314955,0.13432160594530065
AverageParticleSpeed,RainAbsolute,RainAccumulated,RainIntensity,RainRate,SnowDepthIntensity,Temperature,VolumeEquivalentDiameter,0.3654977825568946,0.13358862905400698
AverageParticleSpeed,Pressure,RainAbsolute,RainAccumulated,RainIntensity,RainRate,SnowDepthIntensity,Temperature,0.3654157104896327,0.13352864147264304
Pressure,RainAbsolute,RainAccumulated,RainIntensity,RainRate,SnowDepthIntensity,Temperature,VolumeEquivalentDiameter,0.3654157104896327,0.13352864147264304
AverageParticleSpeed,Pressure,RainAbsolute,RainAccumulated,RainIntensity,SnowDepthIntensity,Temperature,VolumeEquivalentDiameter,0.3654157104896326,0.133528641472643
AverageParticleSpeed,KineticEnergy,Pressure,RainAbsolute,RainIntensity,RainRate,VolumeEquivalentDiameter,WindSpeed,0.36534909636158963,0.1334799622122301
AverageParticleSpeed,KineticEnergy,Pressure,RainAccumulated,RainIntensity,RainRate,VolumeEquivalentDiameter,WindSpeed,0.36534909636158963,0.1334799622122301
AverageParticleSpeed,KineticEnergy,RainAbsolute,RainAccumulated,RainRate,SnowDepthIntensity,Temperature,VolumeEquivalentDiameter,0.3651210133492376,0.13331335438917413
AverageParticleSpeed,KineticEnergy,Pressure,RainAbsolute,RainAccumulated,SnowDepthIntensity,Temperature,VolumeEquivalentDiameter,0.3650378758190118,0.1332526507824563
KineticEnergy,Pressure,RainAbsolute,RainAccumulated,RainRate,SnowDepthIntensity,Temperature,VolumeEquivalentDiameter,0.3650378758190116,0.13325265078245613
AverageParticleSpeed,KineticEnergy,Pressure,RainAbsolute,RainAccumulated,RainRate,SnowDepthIntensity,Temperature,0.3650378758190115,0.13325265078245604
AverageParticleSpeed,KineticEnergy,RainAbsolute,RainAccumulated,RainIntensity,RainRate,SnowDepthIntensity,Temperature,0.3639923289032167,0.13249041550038748
KineticEnergy,RainAbsolute,RainAccumulated,RainIntensity,RainRate,SnowDepthIntensity,Temperature,VolumeEquivalentDiameter,0.3639923289032167,0.13249041550038748
AverageParticleSpeed,KineticEnergy,RainAbsolute,RainAccumulated,RainIntensity,SnowDepthIntensity,Temperature,VolumeEquivalentDiameter,0.36399232890321626,0.13249041550038715
KineticEnergy,Pressure,RainAbsolute,RainAccumulated,RainIntensity,RainRate,SnowDepthIntensity,Temperature,0.3639062868198663,0.1324277855870228
AverageParticleSpeed,KineticEnergy,Pressure,RainAbsolute,RainAccumulated,RainIntensity,SnowDepthIntensity,Temperature,0.3639062868198661,0.13242778558702265
KineticEnergy,Pressure,RainAbsolute,RainAccumulated,RainIntensity,SnowDepthIntensity,Temperature,VolumeEquivalentDiameter,0.36390628681986603,0.1324277855870226
AverageParticleSpeed,RainAbsolute,RainAccumulated,RainRate,SnowDepthIntensity,Temperature,VolumeEquivalentDiameter,WindSpeed,0.36191329604316713,0.13098123385282914
AverageParticleSpeed,Pressure,RainAbsolute,RainAccumulated,RainRate,SnowDepthIntensity,Temperature,WindSpeed,0.3617842984139169,0.13088787857885006
AverageParticleSpeed,Pressure,RainAbsolute,RainAccumulated,SnowDepthIntensity,Temperature,VolumeEquivalentDiameter,WindSpeed,0.3617842984139169,0.13088787857885006
Pressure,RainAbsolute,RainAccumulated,RainRate,SnowDepthIntensity,Temperature,VolumeEquivalentDiameter,WindSpeed,0.3617842984139169,0.13088787857885006
AverageParticleSpeed,RainAbsolute,RainAccumulated,RainIntensity,SnowDepthIntensity,Temperature,VolumeEquivalentDiameter,WindSpeed,0.36070840696741874,0.13011055485697298
RainAbsolute,RainAccumulated,RainIntensity,RainRate,SnowDepthIntensity,Temperature,VolumeEquivalentDiameter,WindSpeed,0.3607084069674187,0.13011055485697293
AverageParticleSpeed,RainAbsolute,RainAccumulated,RainIntensity,RainRate,SnowDepthIntensity,Temperature,WindSpeed,0.3607084069674186,0.1301105548569729
Pressure,RainAbsolute,RainAccumulated,RainIntensity,SnowDepthIntensity,Temperature,VolumeEquivalentDiameter,WindSpeed,0.3605763808979065,0.13001532646143216
AverageParticleSpeed,Pressure,RainAbsolute,RainAccumulated,RainIntensity,SnowDepthIntensity,Temperature,WindSpeed,0.36057638089790645,0.1300153264614321
Pressure,RainAbsolute,RainAccumulated,RainIntensity,RainRate,SnowDepthIntensity,Temperature,WindSpeed,0.3605763808979064,0.13001532646143207
AverageParticleSpeed,KineticEnergy,RainAbsolute,RainAccumulated,RainRate,SnowDepthIntensity,Temperature,WindSpeed,0.3602722372515605,0.1297960849342447
KineticEnergy,RainAbsolute,RainAccumulated,RainRate,SnowDepthIntensity,Temperature,VolumeEquivalentDiameter,WindSpeed,0.3602722372515605,0.1297960849342447
AverageParticleSpeed,KineticEnergy,RainAbsolute,RainAccumulated,SnowDepthIntensity,Temperature,VolumeEquivalentDiameter,WindSpeed,0.3602722372515604,0.1297960849342446
KineticEnergy,Pressure,RainAbsolute,RainAccumulated,SnowDepthIntensity,Temperature,VolumeEquivalentDiameter,WindSpeed,0.36013898166423947,0.1297000861141554
AverageParticleSpeed,KineticEnergy,Pressure,RainAbsolute,RainAccumulated,SnowDepthIntensity,Temperature,WindSpeed,0.36013898166423935,0.12970008611415534
KineticEnergy,Pressure,RainAbsolute,RainAccumulated,RainRate,SnowDepthIntensity,Temperature,WindSpeed,0.36013898166423924,0.12970008611415526
AverageParticleSpeed,KineticEnergy,Pressure,RainAbsolute,RainIntensity,RainRate,SnowDepthIntensity,VolumeEquivalentDiameter,0.35997774217994855,0.1295839748649735
AverageParticleSpeed,KineticEnergy,Pressure,RainAccumulated,RainIntensity,RainRate,SnowDepthIntensity,VolumeEquivalentDiameter,0.35997774217994855,0.1295839748649735
AverageParticleSpeed,KineticEnergy,RainAbsolute,RainAccumulated,RainIntensity,SnowDepthIntensity,Temperature,WindSpeed,0.35901587666137935,0.12889239969493876
KineticEnergy,RainAbsolute,RainAccumulated,RainIntensity,SnowDepthIntensity,Temperature,VolumeEquivalentDiameter,WindSpeed,0.35901587666137935,0.12889239969493876
KineticEnergy,RainAbsolute,RainAccumulated,RainIntensity,RainRate,SnowDepthIntensity,Temperature,WindSpeed,0.359015876661379,0.12889239969493851
KineticEnergy,Pressure,RainAbsolute,RainAccumulated,RainIntensity,SnowDepthIntensity,Temperature,WindSpeed,0.3588794205215454,0.12879443847388022
AverageParticleSpeed,KineticEnergy,Pressure,RainAbsolute,RainIntensity,RainRate,Temperature,VolumeEquivalentDiameter,0.3580324472407464,0.12818723327719786
AverageParticleSpeed,KineticEnergy,Pressure,RainAccumulated,RainIntensity,RainRate,Temperature,VolumeEquivalentDiameter,0.3580324472407464,0.12818723327719786
AverageParticleSpeed,Humidity,Pressure,RainAbsolute,RainAccumulated,RainIntensity,RainRate,VolumeEquivalentDiameter,0.3550899549271492,0.12608887609016484
AverageParticleSpeed,Humidity,KineticEnergy,Pressure,RainAbsolute,RainAccumulated,RainRate,VolumeEquivalentDiameter,0.35469211921175353,0.12580649943092478
AverageParticleSpeed,Humidity,KineticEnergy,RainAbsolute,RainAccumulated,RainIntensity,RainRate,VolumeEquivalentDiameter,0.35359476978981613,0.12502926122271307
AverageParticleSpeed,Humidity,KineticEnergy,Pressure,RainAbsolute,RainAccumulated,RainIntensity,VolumeEquivalentDiameter,0.35351375137980656,0.12497197241462368
Humidity,KineticEnergy,Pressure,RainAbsolute,RainAccumulated,RainIntensity,RainRate,VolumeEquivalentDiameter,0.3535137513798065,0.12497197241462364
AverageParticleSpeed,Humidity,KineticEnergy,Pressure,RainAbsolute,RainAccumulated,RainIntensity,RainRate,0.35351375137980645,0.12497197241462361
AverageParticleSpeed,Humidity,Pressure,RainAbsolute,RainAccumulated,RainRate,VolumeEquivalentDiameter,WindSpeed,0.352741505578031,0.12442656975745608
AverageParticleSpeed,Humidity,RainAbsolute,RainAccumulated,RainIntensity,RainRate,VolumeEquivalentDiameter,WindSpeed,0.35158370077565004,0.12361109865110183
AverageParticleSpeed,Humidity,Pressure,RainAbsolute,RainAccumulated,RainIntensity,VolumeEquivalentDiameter,WindSpeed,0.35146086011677136,0.12352473619402073
AverageParticleSpeed,Humidity,Pressure,RainAbsolute,RainAccumulated,RainIntensity,RainRate,WindSpeed,0.3514608601167712,0.1235247361940206
Humidity,Pressure,RainAbsolute,RainAccumulated,RainIntensity,RainRate,VolumeEquivalentDiameter,WindSpeed,0.3514608601167712,0.1235247361940206
AverageParticleSpeed,Humidity,KineticEnergy,RainAbsolute,RainAccumulated,RainRate,VolumeEquivalentDiameter,WindSpeed,0.3511124308567347,0.12327993910212531
AverageParticleSpeed,Humidity,KineticEnergy,Pressure,RainAbsolute,RainAccumulated,VolumeEquivalentDiameter,WindSpeed,0.3509880170150329,0.12319258808814502
Humidity,KineticEnergy,Pressure,RainAbsolute,RainAccumulated,RainRate,VolumeEquivalentDiameter,WindSpeed,0.3509880170150329,0.12319258808814502
AverageParticleSpeed,Humidity,KineticEnergy,Pressure,RainAbsolute,RainAccumulated,RainRate,WindSpeed,0.35098801701503285,0.12319258808814498
Humidity,KineticEnergy,RainAbsolute,RainAccumulated,RainIntensity,RainRate,VolumeEquivalentDiameter,WindSpeed,0.3497756694855648,0.12234301896407508
AverageParticleSpeed,Humidity,KineticEnergy,RainAbsolute,RainAccumulated,RainIntensity,RainRate,WindSpeed,0.34977566948556477,0.12234301896407504
AverageParticleSpeed,Humidity,KineticEnergy,RainAbsolute,RainAccumulated,RainIntensity,VolumeEquivalentDiameter,WindSpeed,0.34977566948556454,0.12234301896407489
Humidity,KineticEnergy,Pressure,RainAbsolute,RainAccumulated,RainIntensity,RainRate,WindSpeed,0.3496472476484519,0.12225319778813785
AverageParticleSpeed,Humidity,KineticEnergy,Pressure,RainAbsolute,RainAccumulated,RainIntensity,WindSpeed,0.3496472476484518,0.12225319778813777
Humidity,KineticEnergy,Pressure,RainAbsolute,RainAccumulated,RainIntensity,VolumeEquivalentDiameter,WindSpeed,0.3496472476484518,0.12225319778813777
AverageParticleSpeed,Humidity,Pressure,RainAbsolute,RainAccumulated,RainRate,SnowDepthIntensity,VolumeEquivalentDiameter,0.3445843252139924,0.11873835718318249
AverageParticleSpeed,Pressure,RainAbsolute,RainIntensity,RainRate,SnowDepthIntensity,VolumeEquivalentDiameter,WindSpeed,0.34410060251998664,0.11840522465461784
AverageParticleSpeed,Pressure,RainAccumulated,RainIntensity,RainRate,SnowDepthIntensity,VolumeEquivalentDiameter,WindSpeed,0.34410060251998664,0.11840522465461784
AverageParticleSpeed,Humidity,RainAbsolute,RainAccumulated,RainIntensity,RainRate,SnowDepthIntensity,VolumeEquivalentDiameter,0.34338585506858044,0.11791384546118013
Humidity,Pressure,RainAbsolute,RainAccumulated,RainIntensity,RainRate,SnowDepthIntensity,VolumeEquivalentDiameter,0.34327238728240156,0.11783593187055909
AverageParticleSpeed,Humidity,Pressure,RainAbsolute,RainAccumulated,RainIntensity,RainRate,SnowDepthIntensity,0.3432723872824015,0.11783593187055905
AverageParticleSpeed,Humidity,Pressure,RainAbsolute,RainAccumulated,RainIntensity,SnowDepthIntensity,VolumeEquivalentDiameter,0.34327238728240134,0.11783593187055894
AverageParticleSpeed,KineticEnergy,Pressure,RainAbsolute,RainRate,SnowDepthIntensity,VolumeEquivalentDiameter,WindSpeed,0.34304806037313146,0.11768197172576765
AverageParticleSpeed,KineticEnergy,Pressure,RainAccumulated,RainRate,SnowDepthIntensity,VolumeEquivalentDiameter,WindSpeed,0.34304806037313146,0.11768197172576765
AverageParticleSpeed,Pressure,RainAbsolute,RainIntensity,RainRate,Temperature,VolumeEquivalentDiameter,WindSpeed,0.3429989426977708,0.11764827469178867
AverageParticleSpeed,Pressure,RainAccumulated,RainIntensity,RainRate,Temperature,VolumeEquivalentDiameter,WindSpeed,0.3429989426977708,0.11764827469178867
AverageParticleSpeed,Humidity,KineticEnergy,RainAbsolute,RainAccumulated,RainRate,SnowDepthIntensity,VolumeEquivalentDiameter,0.34293595673629934,0.11760507042264097
AverageParticleSpeed,Humidity,KineticEnergy,Pressure,RainAbsolute,RainAccumulated,SnowDepthIntensity,VolumeEquivalentDiameter,0.3428210587566666,0.11752627832704184
AverageParticleSpeed,Humidity,KineticEnergy,Pressure,RainAbsolute,RainAccumulated,RainRate,SnowDepthIntensity,0.3428210587566663,0.11752627832704164
Humidity,KineticEnergy,Pressure,RainAbsolute,RainAccumulated,RainRate,SnowDepthIntensity,VolumeEquivalentDiameter,0.34282105875666624,0.11752627832704161
AverageParticleSpeed,KineticEnergy,Pressure,RainAbsolute,RainRate,Temperature,VolumeEquivalentDiameter,WindSpeed,0.3419848497897119,0.1169536374856918
AverageParticleSpeed,KineticEnergy,Pressure,RainAccumulated,RainRate,Temperature,VolumeEquivalentDiameter,WindSpeed,0.3419848497897119,0.1169536374856918
AverageParticleSpeed,Humidity,KineticEnergy,RainAbsolute,RainAccumulated,RainIntensity,SnowDepthIntensity,VolumeEquivalentDiameter,0.34158265321717984,0.11667870897888814
Humidity,KineticEnergy,RainAbsolute,RainAccumulated,RainIntensity,RainRate,SnowDepthIntensity,VolumeEquivalentDiameter,0.34158265321717957,0.11667870897888795
AverageParticleSpeed,Humidity,KineticEnergy,RainAbsolute,RainAccumulated,RainIntensity,RainRate,SnowDepthIntensity,0.3415826532171795,0.11667870897888792
AverageParticleSpeed,Humidity,KineticEnergy,Pressure,RainAbsolute,RainAccumulated,RainIntensity,SnowDepthIntensity,0.3414637689574971,0.11659750551065895
Humidity,KineticEnergy,Pressure,RainAbsolute,RainAccumulated,RainIntensity,SnowDepthIntensity,VolumeEquivalentDiameter,0.3414637689574971,0.11659750551065895
Humidity,KineticEnergy,Pressure,RainAbsolute,RainAccumulated,RainIntensity,RainRate,SnowDepthIntensity,0.3414637689574964,0.11659750551065849
AverageParticleSpeed,KineticEnergy,RainAbsolute,RainIntensity,RainRate,SnowDepthIntensity,VolumeEquivalentDiameter,WindSpeed,0.3406175008289591,0.11602028187096594
AverageParticleSpeed,KineticEnergy,RainAccumulated,RainIntensity,RainRate,SnowDepthIntensity,VolumeEquivalentDiameter,WindSpeed,0.3406175008289591,0.11602028187096594
AverageParticleSpeed,Humidity,Pressure,RainAbsolute,RainAccumulated,RainRate,Temperature,VolumeEquivalentDiameter,0.3402052427741753,0.11573960721103556
AverageParticleSpeed,KineticEnergy,Pressure,RainAbsolute,RainIntensity,SnowDepthIntensity,VolumeEquivalentDiameter,WindSpeed,0.3401398977196133,0.11569515002070899
AverageParticleSpeed,KineticEnergy,Pressure,RainAccumulated,RainIntensity,SnowDepthIntensity,VolumeEquivalentDiameter,WindSpeed,0.3401398977196133,0.11569515002070899
KineticEnergy,Pressure,RainAbsolute,RainIntensity,RainRate,SnowDepthIntensity,VolumeEquivalentDiameter,WindSpeed,0.34013989771961317,0.1156951500207089
KineticEnergy,Pressure,RainAccumulated,RainIntensity,RainRate,SnowDepthIntensity,VolumeEquivalentDiameter,WindSpeed,0.34013989771961317,0.1156951500207089
AverageParticleSpeed,KineticEnergy,Pressure,RainAbsolute,RainIntensity,RainRate,SnowDepthIntensity,WindSpeed,0.3401398977196131,0.11569515002070888
AverageParticleSpeed,KineticEnergy,Pressure,RainAccumulated,RainIntensity,RainRate,SnowDepthIntensity,WindSpeed,0.3401398977196131,0.11569515002070888
AverageParticleSpeed,KineticEnergy,RainAbsolute,RainIntensity,RainRate,Temperature,VolumeEquivalentDiameter,WindSpeed,0.3398650429396865,0.11550824741239495
AverageParticleSpeed,KineticEnergy,RainAccumulated,RainIntensity,RainRate,Temperature,VolumeEquivalentDiameter,WindSpeed,0.3398650429396865,0.11550824741239495
AverageParticleSpeed,Humidity,RainAbsolute,RainAccumulated,RainRate,SnowDepthIntensity,VolumeEquivalentDiameter,WindSpeed,0.3398330974423063,0.11548653411723203
AverageParticleSpeed,Humidity,Pressure,RainAbsolute,RainAccumulated,RainRate,SnowDepthIntensity,WindSpeed,0.3396724145372782,0.11537734919758456
Humidity,Pressure,RainAbsolute,RainAccumulated,RainRate,SnowDepthIntensity,VolumeEquivalentDiameter,WindSpeed,0.33967241453727814,0.11537734919758452
AverageParticleSpeed,Humidity,Pressure,RainAbsolute,RainAccumulated,SnowDepthIntensity,VolumeEquivalentDiameter,WindSpeed,0.33967241453727787,0.11537734919758434
AverageParticleSpeed,KineticEnergy,Pressure,RainAbsolute,RainIntensity,RainRate,Temperature,WindSpeed,0.33938238602572024,0.11518040394451098
AverageParticleSpeed,KineticEnergy,Pressure,RainAccumulated,RainIntensity,RainRate,Temperature,WindSpeed,0.33938238602572024,0.11518040394451098
KineticEnergy,Pressure,RainAbsolute,RainIntensity,RainRate,Temperature,VolumeEquivalentDiameter,WindSpeed,0.33938238602572024,0.11518040394451098
KineticEnergy,Pressure,RainAccumulated,RainIntensity,RainRate,Temperature,VolumeEquivalentDiameter,WindSpeed,0.33938238602572024,0.11518040394451098
AverageParticleSpeed,KineticEnergy,Pressure,RainAbsolute,RainIntensity,Temperature,VolumeEquivalentDiameter,WindSpeed,0.3393823860257201,0.11518040394451087
AverageParticleSpeed,KineticEnergy,Pressure,RainAccumulated,RainIntensity,Temperature,VolumeEquivalentDiameter,WindSpeed,0.3393823860257201,0.11518040394451087
AverageParticleSpeed,Humidity,RainAbsolute,RainAccumulated,RainIntensity,RainRate,Temperature,VolumeEquivalentDiameter,0.3391294996537083,0.11500881753537455
AverageParticleSpeed,Humidity,Pressure,RainAbsolute,RainAccumulated,RainIntensity,Temperature,VolumeEquivalentDiameter,0.33900226578928333,0.11492253621026789
AverageParticleSpeed,Humidity,Pressure,RainAbsolute,RainAccumulated,RainIntensity,RainRate,Temperature,0.3390022657892829,0.1149225362102676
Humidity,Pressure,RainAbsolute,RainAccumulated,RainIntensity,RainRate,Temperature,VolumeEquivalentDiameter,0.33900226578928283,0.11492253621026756
AverageParticleSpeed,Humidity,KineticEnergy,RainAbsolute,RainAccumulated,RainRate,Temperature,VolumeEquivalentDiameter,0.33870252215506363,0.11471939851420138
AverageParticleSpeed,Humidity,KineticEnergy,Pressure,RainAbsolute,RainAccumulated,Temperature,VolumeEquivalentDiameter,0.33857396894639685,0.1146323324481157
AverageParticleSpeed,Humidity,KineticEnergy,Pressure,RainAbsolute,RainAccumulated,RainRate,Temperature,0.33857396894639674,0.11463233244811563
Humidity,KineticEnergy,Pressure,RainAbsolute,RainAccumulated,RainRate,Temperature,VolumeEquivalentDiameter,0.3385739689463967,0.11463233244811559
AverageParticleSpeed,Humidity,RainAbsolute,RainAccumulated,RainIntensity,RainRate,SnowDepthIntensity,WindSpeed,0.33835865714766084,0.11448658086676829
Humidity,RainAbsolute,RainAccumulated,RainIntensity,RainRate,SnowDepthIntensity,VolumeEquivalentDiameter,WindSpeed,0.33835865714766084,0.11448658086676829
AverageParticleSpeed,Humidity,RainAbsolute,RainAccumulated,RainIntensity,SnowDepthIntensity,VolumeEquivalentDiameter,WindSpeed,0.33835865714766056,0.1144865808667681
AverageParticleSpeed,Humidity,Pressure,RainAbsolute,RainAccumulated,RainIntensity,SnowDepthIntensity,WindSpeed,0.3381936287819267,0.11437493054868765
Humidity,Pressure,RainAbsolute,RainAccumulated,RainIntensity,SnowDepthIntensity,VolumeEquivalentDiameter,WindSpeed,0.3381936287819267,0.11437493054868765
Humidity,Pressure,RainAbsolute,RainAccumulated,RainIntensity,RainRate,SnowDepthIntensity,WindSpeed,0.33819362878192655,0.11437493054868754
AverageParticleSpeed,Humidity,KineticEnergy,RainAbsolute,RainAccumulated,RainRate,SnowDepthIntensity,WindSpeed,0.3378343202256514,0.11413202792232797
Humidity,KineticEnergy,RainAbsolute,RainAccumulated,RainRate,SnowDepthIntensity,VolumeEquivalentDiameter,WindSpeed,0.3378343202256513,0.1141320279223279
AverageParticleSpeed,Humidity,KineticEnergy,RainAbsolute,RainAccumulated,SnowDepthIntensity,VolumeEquivalentDiameter,WindSpeed,0.33783432022565124,0.11413202792232786
Humidity,KineticEnergy,Pressure,RainAbsolute,RainAccumulated,RainRate,SnowDepthIntensity,WindSpeed,0.3376676153876944,0.11401941848161191
Humidity,KineticEnergy,Pressure,RainAbsolute,RainAccumulated,SnowDepthIntensity,VolumeEquivalentDiameter,WindSpeed,0.33766761538769435,0.11401941848161189
AverageParticleSpeed,Humidity,KineticEnergy,Pressure,RainAbsolute,RainAccumulated,SnowDepthIntensity,WindSpeed,0.33766761538769424,0.1140194184816118
AverageParticleSpeed,Humidity,KineticEnergy,RainAbsolute,RainAccumulated,RainIntensity,Temperature,VolumeEquivalentDiameter,0.33745562118123773,0.11387629626681502
AverageParticleSpeed,Humidity,KineticEnergy,RainAbsolute,RainAccumulated,RainIntensity,RainRate,Temperature,0.3374556211812377,0.11387629626681499
Humidity,KineticEnergy,RainAbsolute,RainAccumulated,RainIntensity,RainRate,Temperature,VolumeEquivalentDiameter,0.3374556211812377,0.11387629626681499
AverageParticleSpeed,Pressure,RainAbsolute,RainIntensity,RainRate,SnowDepthIntensity,Temperature,VolumeEquivalentDiameter,0.33736767846085747,0.11381695047006851
AverageParticleSpeed,Pressure,RainAccumulated,RainIntensity,RainRate,SnowDepthIntensity,Temperature,VolumeEquivalentDiameter,0.33736767846085747,0.11381695047006851
AverageParticleSpeed,Humidity,KineticEnergy,Pressure,RainAbsolute,RainAccumulated,RainIntensity,Temperature,0.3373235568886291,0.11378718203199618
Humidity,KineticEnergy,Pressure,RainAbsolute,RainAccumulated,RainIntensity,RainRate,Temperature,0.337323556888629,0.1137871820319961
Humidity,KineticEnergy,Pressure,RainAbsolute,RainAccumulated,RainIntensity,Temperature,VolumeEquivalentDiameter,0.337323556888629,0.1137871820319961
AverageParticleSpeed,KineticEnergy,Pressure,RainAbsolute,RainRate,SnowDepthIntensity,Temperature,VolumeEquivalentDiameter,0.3364133898620551,0.11317396887847908
AverageParticleSpeed,KineticEnergy,Pressure,RainAccumulated,RainRate,SnowDepthIntensity,Temperature,VolumeEquivalentDiameter,0.3364133898620551,0.11317396887847908
AverageParticleSpeed,Humidity,KineticEnergy,RainAbsolute,RainAccumulated,RainIntensity,SnowDepthIntensity,WindSpeed,0.3363120560753632,0.11310579906163823
Humidity,KineticEnergy,RainAbsolute,RainAccumulated,RainIntensity,RainRate,SnowDepthIntensity,WindSpeed,0.33631205607536313,0.1131057990616382
Humidity,KineticEnergy,RainAbsolute,RainAccumulated,RainIntensity,SnowDepthIntensity,VolumeEquivalentDiameter,WindSpeed,0.33631205607536313,0.1131057990616382
Humidity,KineticEnergy,Pressure,RainAbsolute,RainAccumulated,RainIntensity,SnowDepthIntensity,WindSpeed,0.3361408617848479,0.11299067896146023
AverageParticleSpeed,Humidity,RainAbsolute,RainAccumulated,RainRate,Temperature,VolumeEquivalentDiameter,WindSpeed,0.3355130347309834,0.11256899647439406
AverageParticleSpeed,Humidity,Pressure,RainAbsolute,RainAccumulated,RainRate,Temperature,WindSpeed,0.33533773612262874,0.11245139726784978
Humidity,Pressure,RainAbsolute,RainAccumulated,RainRate,Temperature,VolumeEquivalentDiameter,WindSpeed,0.33533773612262874,0.11245139726784978
AverageParticleSpeed,Humidity,Pressure,RainAbsolute,RainAccumulated,Temperature,VolumeEquivalentDiameter,WindSpeed,0.33533773612262857,0.11245139726784967
AverageParticleSpeed,Humidity,RainAbsolute,RainAccumulated,RainIntensity,Temperature,VolumeEquivalentDiameter,WindSpeed,0.33415762762000584,0.11166132009663049
Humidity,RainAbsolute,RainAccumulated,RainIntensity,RainRate,Temperature,VolumeEquivalentDiameter,WindSpeed,0.33415762762000567,0.11166132009663038
AverageParticleSpeed,Humidity,RainAbsolute,RainAccumulated,RainIntensity,RainRate,Temperature,WindSpeed,0.3341576276200056,0.11166132009663034
AverageParticleSpeed,KineticEnergy,RainAbsolute,RainIntensity,RainRate,SnowDepthIntensity,Temperature,VolumeEquivalentDiameter,0.33400974275398143,0.11156250825458085
AverageParticleSpeed,KineticEnergy,RainAccumulated,RainIntensity,RainRate,SnowDepthIntensity,Temperature,VolumeEquivalentDiameter,0.33400974275398143,0.11156250825458085
Humidity,Pressure,RainAbsolute,RainAccumulated,RainIntensity,RainRate,Temperature,WindSpeed,0.33397851574002024,0.11154164897590695
AverageParticleSpeed,Humidity,Pressure,RainAbsolute,RainAccumulated,RainIntensity,Temperature,WindSpeed,0.3339785157400201,0.11154164897590683
Humidity,Pressure,RainAbsolute,RainAccumulated,RainIntensity,Temperature,VolumeEquivalentDiameter,WindSpeed,0.3339785157400201,0.11154164897590683
AverageParticleSpeed,KineticEnergy,Pressure,RainAbsolute,RainIntensity,RainRate,SnowDepthIntensity,Temperature,0.3336747927930445,0.1113388673454812
AverageParticleSpeed,KineticEnergy,Pressure,RainAccumulated,RainIntensity,RainRate,SnowDepthIntensity,Temperature,0.3336747927930445,0.1113388673454812
KineticEnergy,Pressure,RainAbsolute,RainIntensity,RainRate,SnowDepthIntensity,Temperature,VolumeEquivalentDiameter,0.3336747927930445,0.1113388673454812
KineticEnergy,Pressure,RainAccumulated,RainIntensity,RainRate,SnowDepthIntensity,Temperature,VolumeEquivalentDiameter,0.3336747927930445,0.1113388673454812
AverageParticleSpeed,KineticEnergy,Pressure,RainAbsolute,RainIntensity,SnowDepthIntensity,Temperature,VolumeEquivalentDiameter,0.3336747927930444,0.11133886734548112
AverageParticleSpeed,KineticEnergy,Pressure,RainAccumulated,RainIntensity,SnowDepthIntensity,Temperature,VolumeEquivalentDiameter,0.3336747927930444,0.11133886734548112
Humidity,KineticEnergy,RainAbsolute,RainAccumulated,RainRate,Temperature,VolumeEquivalentDiameter,WindSpeed,0.3336579312324316,0.11132761507430605
AverageParticleSpeed,Humidity,KineticEnergy,RainAbsolute,RainAccumulated,Temperature,VolumeEquivalentDiameter,WindSpeed,0.33365793123243154,0.11132761507430601
AverageParticleSpeed,Humidity,KineticEnergy,RainAbsolute,RainAccumulated,RainRate,Temperature,WindSpeed,0.3336579312324315,0.11132761507430597
Humidity,KineticEnergy,Pressure,RainAbsolute,RainAccumulated,Temperature,VolumeEquivalentDiameter,WindSpeed,0.3334772617884016,0.11120708412989012
AverageParticleSpeed,Humidity,KineticEnergy,Pressure,RainAbsolute,RainAccumulated,Temperature,WindSpeed,0.3334772617884015,0.11120708412989005
Humidity,KineticEnergy,Pressure,RainAbsolute,RainAccumulated,RainRate,Temperature,WindSpeed,0.33347726178840137,0.11120708412988999
Humidity,KineticEnergy,RainAbsolute,RainAccumulated,RainIntensity,RainRate,Temperature,WindSpeed,0.33225184668906166,0.11039128962829173
Humidity,KineticEnergy,RainAbsolute,RainAccumulated,RainIntensity,Temperature,VolumeEquivalentDiameter,WindSpeed,0.33225184668906155,0.11039128962829166
AverageParticleSpeed,Humidity,KineticEnergy,RainAbsolute,RainAccumulated,RainIntensity,Temperature,WindSpeed,0.3322518466890615,0.11039128962829162
Humidity,KineticEnergy,Pressure,RainAbsolute,RainAccumulated,RainIntensity,Temperature,WindSpeed,0.332067200021543,0.11026862533014745
AverageParticleSpeed,Humidity,RainAbsolute,RainAccumulated,RainRate,SnowDepthIntensity,Temperature,VolumeEquivalentDiameter,0.3282633447191078,0.1077568234861758
AverageParticleSpeed,Humidity,Pressure,RainAbsolute,RainAccumulated,RainRate,SnowDepthIntensity,Temperature,0.3281035523929053,0.10765194109284394
Humidity,Pressure,RainAbsolute,RainAccumulated,RainRate,SnowDepthIntensity,Temperature,VolumeEquivalentDiameter,0.3281035523929053,0.10765194109284394
AverageParticleSpeed,Humidity,Pressure,RainAbsolute,RainAccumulated,SnowDepthIntensity,Temperature,VolumeEquivalentDiameter,0.328103552392905,0.10765194109284376
AverageParticleSpeed,Humidity,RainAbsolute,RainAccumulated,RainIntensity,RainRate,SnowDepthIntensity,Temperature,0.3269114983258841,0.10687112773767454
Humidity,RainAbsolute,RainAccumulated,RainIntensity,RainRate,SnowDepthIntensity,Temperature,VolumeEquivalentDiameter,0.3269114983258841,0.10687112773767454
AverageParticleSpeed,Humidity,RainAbsolute,RainAccumulated,RainIntensity,SnowDepthIntensity,Temperature,VolumeEquivalentDiameter,0.32691149832588373,0.10687112773767428
AverageParticleSpeed,Humidity,Pressure,RainAbsolute,RainAccumulated,RainIntensity,SnowDepthIntensity,Temperature,0.3267479962609214,0.10676425306052709
Humidity,Pressure,RainAbsolute,RainAccumulated,RainIntensity,SnowDepthIntensity,Temperature,VolumeEquivalentDiameter,0.3267479962609214,0.10676425306052709
Humidity,Pressure,RainAbsolute,RainAccumulated,RainIntensity,RainRate,SnowDepthIntensity,Temperature,0.326747996260921,0.10676425306052684
AverageParticleSpeed,Pressure,RadarReflectivity,RainAbsolute,RainAccumulated,RainIntensity,RainRate,VolumeEquivalentDiameter,0.3266807861561357,0.10672033604359088
AverageParticleSpeed,Humidity,KineticEnergy,RainAbsolute,RainAccumulated,RainRate,SnowDepthIntensity,Temperature,0.32644336392666157,0.10656526985175481
Humidity,KineticEnergy,RainAbsolute,RainAccumulated,RainRate,SnowDepthIntensity,Temperature,VolumeEquivalentDiameter,0.3264433639266614,0.1065652698517547
AverageParticleSpeed,Humidity,KineticEnergy,RainAbsolute,RainAccumulated,SnowDepthIntensity,Temperature,VolumeEquivalentDiameter,0.32644336392666107,0.10656526985175448
AverageParticleSpeed,Humidity,KineticEnergy,Pressure,RainAbsolute,RainAccumulated,SnowDepthIntensity,Temperature,0.3262784811953531,0.10645764729114637
Humidity,KineticEnergy,Pressure,RainAbsolute,RainAccumulated,SnowDepthIntensity,Temperature,VolumeEquivalentDiameter,0.3262784811953531,0.10645764729114637
Humidity,KineticEnergy,Pressure,RainAbsolute,RainAccumulated,RainRate,SnowDepthIntensity,Temperature,0.326278481195353,0.10645764729114633
AverageParticleSpeed,KineticEnergy,Pressure,RadarReflectivity,RainAbsolute,RainAccumulated,RainRate,VolumeEquivalentDiameter,0.32611268638554547,0.10634948422159714
AverageParticleSpeed,Humidity,KineticEnergy,RainAbsolute,RainAccumulated,RainIntensity,SnowDepthIntensity,Temperature,0.3250534758272716,0.10565976214739066
Humidity,KineticEnergy,RainAbsolute,RainAccumulated,RainIntensity,SnowDepthIntensity,Temperature,VolumeEquivalentDiameter,0.3250534758272716,0.10565976214739066
Humidity,KineticEnergy,RainAbsolute,RainAccumulated,RainIntensity,RainRate,SnowDepthIntensity,Temperature,0.32505347582727134,0.10565976214739048
Humidity,KineticEnergy,Pressure,RainAbsolute,RainAccumulated,RainIntensity,SnowDepthIntensity,Temperature,0.3248847821795235,0.10555012169183642
AverageParticleSpeed,KineticEnergy,RadarReflectivity,RainAbsolute,RainAccumulated,RainIntensity,RainRate,VolumeEquivalentDiameter,0.32484368840129496,0.10552342189415762
AverageParticleSpeed,KineticEnergy,Pressure,RadarReflectivity,RainAbsolute,RainAccumulated,RainIntensity,RainRate,0.324668008191551,0.10540931554306902
KineticEnergy,Pressure,RadarReflectivity,RainAbsolute,RainAccumulated,RainIntensity,RainRate,VolumeEquivalentDiameter,0.324668008191551,0.10540931554306902
AverageParticleSpeed,KineticEnergy,Pressure,RadarReflectivity,RainAbsolute,RainAccumulated,RainIntensity,VolumeEquivalentDiameter,0.32466800819155056,0.10540931554306875
AverageParticleSpeed,Humidity,RainAbsolute,RainAccumulated,SnowDepthIntensity,Temperature,VolumeEquivalentDiameter,WindSpeed,0.3220602815584508,0.10372282495750859
AverageParticleSpeed,Humidity,RainAbsolute,RainAccumulated,RainRate,SnowDepthIntensity,Temperature,WindSpeed,0.3220602815584506,0.1037228249575085
Humidity,RainAbsolute,RainAccumulated,RainRate,SnowDepthIntensity,Temperature,VolumeEquivalentDiameter,WindSpeed,0.3220602815584506,0.1037228249575085
AverageParticleSpeed,Humidity,Pressure,RainAbsolute,RainAccumulated,SnowDepthIntensity,Temperature,WindSpeed,0.3218451005438718,0.10358426874409493
Humidity,Pressure,RainAbsolute,RainAccumulated,RainRate,SnowDepthIntensity,Temperature,WindSpeed,0.3218451005438718,0.10358426874409493
Humidity,Pressure,RainAbsolute,RainAccumulated,SnowDepthIntensity,Temperature,VolumeEquivalentDiameter,WindSpeed,0.3218451005438718,0.10358426874409493
Humidity,RainAbsolute,RainAccumulated,RainIntensity,RainRate,SnowDepthIntensity,Temperature,WindSpeed,0.3205508176076028,0.10275282666890263
AverageParticleSpeed,Humidity,RainAbsolute,RainAccumulated,RainIntensity,SnowDepthIntensity,Temperature,WindSpeed,0.3205508176076026,0.10275282666890252
Humidity,RainAbsolute,RainAccumulated,RainIntensity,SnowDepthIntensity,Temperature,VolumeEquivalentDiameter,WindSpeed,0.3205508176076026,0.10275282666890252
Humidity,Pressure,RainAbsolute,RainAccumulated,RainIntensity,SnowDepthIntensity,Temperature,WindSpeed,0.32033155317826617,0.10261230396160037
AverageParticleSpeed,Pressure,RadarReflectivity,RainAbsolute,RainAccumulated,RainRate,VolumeEquivalentDiameter,WindSpeed,0.320103274272102,0.10246610619972056
Humidity,KineticEnergy,RainAbsolute,RainAccumulated,RainRate,SnowDepthIntensity,Temperature,WindSpeed,0.32001285416133834,0.10240822682848601
Humidity,KineticEnergy,RainAbsolute,RainAccumulated,SnowDepthIntensity,Temperature,VolumeEquivalentDiameter,WindSpeed,0.32001285416133834,0.10240822682848601
AverageParticleSpeed,Humidity,KineticEnergy,RainAbsolute,RainAccumulated,SnowDepthIntensity,Temperature,WindSpeed,0.3200128541613383,0.10240822682848597
Humidity,KineticEnergy,Pressure,RainAbsolute,RainAccumulated,SnowDepthIntensity,Temperature,WindSpeed,0.31979202688019676,0.10226694045614448
AverageParticleSpeed,Pressure,RainAbsolute,RainRate,SnowDepthIntensity,Temperature,VolumeEquivalentDiameter,WindSpeed,0.3188380019008402,0.10165767145612019
AverageParticleSpeed,Pressure,RainAccumulated,RainRate,SnowDepthIntensity,Temperature,VolumeEquivalentDiameter,WindSpeed,0.3188380019008402,0.10165767145612019
AverageParticleSpeed,RadarReflectivity,RainAbsolute,RainAccumulated,RainIntensity,RainRate,VolumeEquivalentDiameter,WindSpeed,0.3187927906324368,0.1016288433592167
AverageParticleSpeed,Pressure,RadarReflectivity,RainAbsolute,RainAccumulated,RainIntensity,VolumeEquivalentDiameter,WindSpeed,0.31857024006605894,0.10148699785574643
Pressure,RadarReflectivity,RainAbsolute,RainAccumulated,RainIntensity,RainRate,VolumeEquivalentDiameter,WindSpeed,0.31857024006605894,0.10148699785574643
AverageParticleSpeed,Pressure,RadarReflectivity,RainAbsolute,RainAccumulated,RainIntensity,RainRate,WindSpeed,0.3185702400660589,0.10148699785574639
Humidity,KineticEnergy,RainAbsolute,RainAccumulated,RainIntensity,SnowDepthIntensity,Temperature,WindSpeed,0.3184642055677324,0.10141945022788693
AverageParticleSpeed,ParticlesDetected,Pressure,RainAbsolute,RainAccumulated,RainIntensity,RainRate,VolumeEquivalentDiameter,0.31835581457540685,0.10135042467397083
AverageParticleSpeed,KineticEnergy,RadarReflectivity,RainAbsolute,RainAccumulated,RainRate,VolumeEquivalentDiameter,WindSpeed,0.31817263289288583,0.1012338243219911
AverageParticleSpeed,KineticEnergy,Pressure,RadarReflectivity,RainAbsolute,RainAccumulated,VolumeEquivalentDiameter,WindSpeed,0.31794862153159953,0.10109132593384432
AverageParticleSpeed,KineticEnergy,Pressure,RadarReflectivity,RainAbsolute,RainAccumulated,RainRate,WindSpeed,0.3179486215315995,0.10109132593384428
KineticEnergy,Pressure,RadarReflectivity,RainAbsolute,RainAccumulated,RainRate,VolumeEquivalentDiameter,WindSpeed,0.3179486215315995,0.10109132593384428
AverageParticleSpeed,KineticEnergy,ParticlesDetected,Pressure,RainAbsolute,RainAccumulated,RainRate,VolumeEquivalentDiameter,0.31771205246144846,0.10094094827926618
AverageParticleSpeed,KineticEnergy,RadarReflectivity,RainAbsolute,RainAccumulated,RainIntensity,RainRate,WindSpeed,0.31662266519875104,0.10024991211756039
KineticEnergy,RadarReflectivity,RainAbsolute,RainAccumulated,RainIntensity,RainRate,VolumeEquivalentDiameter,WindSpeed,0.31662266519875104,0.10024991211756039
AverageParticleSpeed,KineticEnergy,RadarReflectivity,RainAbsolute,RainAccumulated,RainIntensity,VolumeEquivalentDiameter,WindSpeed,0.31662266519875065,0.10024991211756015
AverageParticleSpeed,RainAbsolute,RainIntensity,RainRate,SnowDepthIntensity,Temperature,VolumeEquivalentDiameter,WindSpeed,0.3164453371545708,0.10013765140686998
AverageParticleSpeed,RainAccumulated,RainIntensity,RainRate,SnowDepthIntensity,Temperature,VolumeEquivalentDiameter,WindSpeed,0.3164453371545708,0.10013765140686998
KineticEnergy,Pressure,RadarReflectivity,RainAbsolute,RainAccumulated,RainIntensity,RainRate,WindSpeed,0.3163953239124797,0.10010600099368296
AverageParticleSpeed,KineticEnergy,Pressure,RadarReflectivity,RainAbsolute,RainAccumulated,RainIntensity,WindSpeed,0.31639532391247965,0.10010600099368291
KineticEnergy,Pressure,RadarReflectivity,RainAbsolute,RainAccumulated,RainIntensity,VolumeEquivalentDiameter,WindSpeed,0.31639532391247965,0.10010600099368291
AverageParticleSpeed,KineticEnergy,ParticlesDetected,RainAbsolute,RainAccumulated,RainIntensity,RainRate,VolumeEquivalentDiameter,0.3163536497189687,0.10007963169051193
AverageParticleSpeed,KineticEnergy,ParticlesDetected,Pressure,RainAbsolute,RainAccumulated,RainIntensity,RainRate,0.3161564546292652,0.09995490380374664
KineticEnergy,ParticlesDetected,Pressure,RainAbsolute,RainAccumulated,RainIntensity,RainRate,VolumeEquivalentDiameter,0.3161564546292652,0.09995490380374664
AverageParticleSpeed,KineticEnergy,ParticlesDetected,Pressure,RainAbsolute,RainAccumulated,RainIntensity,VolumeEquivalentDiameter,0.3161564546292651,0.09995490380374657
AverageParticleSpeed,Pressure,RainAbsolute,RainIntensity,RainRate,SnowDepthIntensity,Temperature,WindSpeed,0.31585417455957987,0.09976385958671355
AverageParticleSpeed,Pressure,RainAccumulated,RainIntensity,RainRate,SnowDepthIntensity,Temperature,WindSpeed,0.31585417455957987,0.09976385958671355
Pressure,RainAbsolute,RainIntensity,RainRate,SnowDepthIntensity,Temperature,VolumeEquivalentDiameter,WindSpeed,0.31585417455957987,0.09976385958671355
Pressure,RainAccumulated,RainIntensity,RainRate,SnowDepthIntensity,Temperature,VolumeEquivalentDiameter,WindSpeed,0.31585417455957987,0.09976385958671355
AverageParticleSpeed,Pressure,RainAbsolute,RainIntensity,SnowDepthIntensity,Temperature,VolumeEquivalentDiameter,WindSpeed,0.3158541745595798,0.09976385958671352
AverageParticleSpeed,Pressure,RainAccumulated,RainIntensity,SnowDepthIntensity,Temperature,VolumeEquivalentDiameter,WindSpeed,0.3158541745595798,0.09976385958671352
AverageParticleSpeed,KineticEnergy,RainAbsolute,RainRate,SnowDepthIntensity,Temperature,VolumeEquivalentDiameter,WindSpeed,0.31531207871090533,0.09942170698099216
AverageParticleSpeed,KineticEnergy,RainAccumulated,RainRate,SnowDepthIntensity,Temperature,VolumeEquivalentDiameter,WindSpeed,0.31531207871090533,0.09942170698099216
AverageParticleSpeed,Pressure,RadarReflectivity,RainAbsolute,RainAccumulated,RainRate,SnowDepthIntensity,VolumeEquivalentDiameter,0.31512362025008034,0.09930289603951685
AverageParticleSpeed,KineticEnergy,Pressure,RainAbsolute,RainRate,SnowDepthIntensity,Temperature,WindSpeed,0.3147160805768273,0.09904621137364006
AverageParticleSpeed,KineticEnergy,Pressure,RainAbsolute,SnowDepthIntensity,Temperature,VolumeEquivalentDiameter,WindSpeed,0.3147160805768273,0.09904621137364006
AverageParticleSpeed,KineticEnergy,Pressure,RainAccumulated,RainRate,SnowDepthIntensity,Temperature,WindSpeed,0.3147160805768273,0.09904621137364006
AverageParticleSpeed,KineticEnergy,Pressure,RainAccumulated,SnowDepthIntensity,Temperature,VolumeEquivalentDiameter,WindSpeed,0.3147160805768273,0.09904621137364006
KineticEnergy,Pressure,RainAbsolute,RainRate,SnowDepthIntensity,Temperature,VolumeEquivalentDiameter,WindSpeed,0.3147160805768273,0.09904621137364006
KineticEnergy,Pressure,RainAccumulated,RainRate,SnowDepthIntensity,Temperature,VolumeEquivalentDiameter,WindSpeed,0.3147160805768273,0.09904621137364006
AverageParticleSpeed,Pressure,RadarReflectivity,RainAbsolute,RainAccumulated,RainRate,Temperature,VolumeEquivalentDiameter,0.31460820075240753,0.09897831998066715
AverageParticleSpeed,RadarReflectivity,RainAbsolute,RainAccumulated,RainIntensity,RainRate,SnowDepthIntensity,VolumeEquivalentDiameter,0.3138596648418387,0.09850788921463131
AverageParticleSpeed,Pressure,RadarReflectivity,RainAbsolute,RainAccumulated,RainIntensity,SnowDepthIntensity,VolumeEquivalentDiameter,0.313658832369513,0.09838186312340624
AverageParticleSpeed,Pressure,RadarReflectivity,RainAbsolute,RainAccumulated,RainIntensity,RainRate,SnowDepthIntensity,0.3136588323695129,0.0983818631234062
Pressure,RadarReflectivity,RainAbsolute,RainAccumulated,RainIntensity,RainRate,SnowDepthIntensity,VolumeEquivalentDiameter,0.3136588323695129,0.0983818631234062
AverageParticleSpeed,RadarReflectivity,RainAbsolute,RainAccumulated,RainIntensity,RainRate,Temperature,VolumeEquivalentDiameter,0.3133800216018311,0.09820703793916412
AverageParticleSpeed,KineticEnergy,RadarReflectivity,RainAbsolute,RainAccumulated,RainRate,SnowDepthIntensity,VolumeEquivalentDiameter,0.31329390942691665,0.09815307368400106
AverageParticleSpeed,Pressure,RadarReflectivity,RainAbsolute,RainAccumulated,RainIntensity,Temperature,VolumeEquivalentDiameter,0.3131783808508741,0.09808069823237517
Pressure,RadarReflectivity,RainAbsolute,RainAccumulated,RainIntensity,RainRate,Temperature,VolumeEquivalentDiameter,0.3131783808508741,0.09808069823237517
AverageParticleSpeed,Pressure,RadarReflectivity,RainAbsolute,RainAccumulated,RainIntensity,RainRate,Temperature,0.313178380850874,0.0980806982323751
AverageParticleSpeed,KineticEnergy,Pressure,RadarReflectivity,RainAbsolute,RainAccumulated,RainRate,SnowDepthIntensity,0.31309179526055286,0.09802647225947596
KineticEnergy,Pressure,RadarReflectivity,RainAbsolute,RainAccumulated,RainRate,SnowDepthIntensity,VolumeEquivalentDiameter,0.3130917952605528,0.09802647225947592
AverageParticleSpeed,KineticEnergy,Pressure,RadarReflectivity,RainAbsolute,RainAccumulated,SnowDepthIntensity,VolumeEquivalentDiameter,0.31309179526055264,0.09802647225947582
AverageParticleSpeed,KineticEnergy,RadarReflectivity,RainAbsolute,RainAccumulated,RainRate,Temperature,VolumeEquivalentDiameter,0.3128147191912913,0.09785304854272642
AverageParticleSpeed,KineticEnergy,Pressure,RadarReflectivity,RainAbsolute,RainAccumulated,Temperature,VolumeEquivalentDiameter,0.31261177243438565,0.09772612026456812
AverageParticleSpeed,KineticEnergy,Pressure,RadarReflectivity,RainAbsolute,RainAccumulated,RainRate,Temperature,0.3126117724343852,0.09772612026456784
KineticEnergy,Pressure,RadarReflectivity,RainAbsolute,RainAccumulated,RainRate,Temperature,VolumeEquivalentDiameter,0.3126117724343852,0.09772612026456784
AverageParticleSpeed,KineticEnergy,RainAbsolute,RainIntensity,SnowDepthIntensity,Temperature,VolumeEquivalentDiameter,WindSpeed,0.3122123810131282,0.09747657085788673
AverageParticleSpeed,KineticEnergy,RainAccumulated,RainIntensity,SnowDepthIntensity,Temperature,VolumeEquivalentDiameter,WindSpeed,0.3122123810131282,0.09747657085788673
AverageParticleSpeed,KineticEnergy,RainAbsolute,RainIntensity,RainRate,SnowDepthIntensity,Temperature,WindSpeed,0.31221238101312776,0.09747657085788645
AverageParticleSpeed,KineticEnergy,RainAccumulated,RainIntensity,RainRate,SnowDepthIntensity,Temperature,WindSpeed,0.31221238101312776,0.09747657085788645
KineticEnergy,RainAbsolute,RainIntensity,RainRate,SnowDepthIntensity,Temperature,VolumeEquivalentDiameter,WindSpeed,0.31221238101312776,0.09747657085788645
KineticEnergy,RainAccumulated,RainIntensity,RainRate,SnowDepthIntensity,Temperature,VolumeEquivalentDiameter,WindSpeed,0.31221238101312776,0.09747657085788645
AverageParticleSpeed,KineticEnergy,RadarReflectivity,RainAbsolute,RainAccumulated,RainIntensity,SnowDepthIntensity,VolumeEquivalentDiameter,0.31181683507158037,0.09722973863405715
AverageParticleSpeed,KineticEnergy,RadarReflectivity,RainAbsolute,RainAccumulated,RainIntensity,RainRate,SnowDepthIntensity,0.31181683507158015,0.09722973863405701
KineticEnergy,RadarReflectivity,RainAbsolute,RainAccumulated,RainIntensity,RainRate,SnowDepthIntensity,VolumeEquivalentDiameter,0.31181683507158015,0.09722973863405701
AverageParticleSpeed,KineticEnergy,Pressure,RadarReflectivity,RainAbsolute,RainAccumulated,RainIntensity,SnowDepthIntensity,0.3116116312129137,0.09710180870717293
KineticEnergy,Pressure,RadarReflectivity,RainAbsolute,RainAccumulated,RainIntensity,SnowDepthIntensity,VolumeEquivalentDiameter,0.3116116312129137,0.09710180870717293
KineticEnergy,Pressure,RadarReflectivity,RainAbsolute,RainAccumulated,RainIntensity,RainRate,SnowDepthIntensity,0.3116116312129135,0.09710180870717282
AverageParticleSpeed,KineticEnergy,Pressure,RainAbsolute,RainIntensity,SnowDepthIntensity,Temperature,WindSpeed,0.31160431590912735,0.09709724969319523
AverageParticleSpeed,KineticEnergy,Pressure,RainAccumulated,RainIntensity,SnowDepthIntensity,Temperature,WindSpeed,0.31160431590912735,0.09709724969319523
KineticEnergy,Pressure,RainAbsolute,RainIntensity,RainRate,SnowDepthIntensity,Temperature,WindSpeed,0.31160431590912735,0.09709724969319523
KineticEnergy,Pressure,RainAccumulated,RainIntensity,RainRate,SnowDepthIntensity,Temperature,WindSpeed,0.31160431590912735,0.09709724969319523
KineticEnergy,Pressure,RainAbsolute,RainIntensity,SnowDepthIntensity,Temperature,VolumeEquivalentDiameter,WindSpeed,0.3116043159091273,0.0970972496931952
KineticEnergy,Pressure,RainAccumulated,RainIntensity,SnowDepthIntensity,Temperature,VolumeEquivalentDiameter,WindSpeed,0.3116043159091273,0.0970972496931952
AverageParticleSpeed,KineticEnergy,RadarReflectivity,RainAbsolute,RainAccumulated,RainIntensity,RainRate,Temperature,0.31137062393244275,0.09695166544807869
AverageParticleSpeed,KineticEnergy,RadarReflectivity,RainAbsolute,RainAccumulated,RainIntensity,Temperature,VolumeEquivalentDiameter,0.31137062393244275,0.09695166544807869
KineticEnergy,RadarReflectivity,RainAbsolute,RainAccumulated,RainIntensity,RainRate,Temperature,VolumeEquivalentDiameter,0.31137062393244275,0.09695166544807869
KineticEnergy,Pressure,RadarReflectivity,RainAbsolute,RainAccumulated,RainIntensity,RainRate,Temperature,0.31116461744370705,0.09682341914888856
AverageParticleSpeed,KineticEnergy,Pressure,RadarReflectivity,RainAbsolute,RainAccumulated,RainIntensity,Temperature,0.311164617443707,0.09682341914888852
KineticEnergy,Pressure,RadarReflectivity,RainAbsolute,RainAccumulated,RainIntensity,Temperature,VolumeEquivalentDiameter,0.31116461744370694,0.09682341914888849
AverageParticleSpeed,ParticlesDetected,Pressure,RainAbsolute,RainAccumulated,RainRate,VolumeEquivalentDiameter,WindSpeed,0.3108343148454966,0.09661797128546933
AverageParticleSpeed,ParticlesDetected,RainAbsolute,RainAccumulated,RainIntensity,RainRate,VolumeEquivalentDiameter,WindSpeed,0.3094359505235184,0.09575060747639333
AverageParticleSpeed,ParticlesDetected,Pressure,RainAbsolute,RainAccumulated,RainIntensity,VolumeEquivalentDiameter,WindSpeed,0.30919009051854884,0.09559851207486843
AverageParticleSpeed,ParticlesDetected,Pressure,RainAbsolute,RainAccumulated,RainIntensity,RainRate,WindSpeed,0.3091900905185487,0.09559851207486833
ParticlesDetected,Pressure,RainAbsolute,RainAccumulated,RainIntensity,RainRate,VolumeEquivalentDiameter,WindSpeed,0.3091900905185487,0.09559851207486833
AverageParticleSpeed,KineticEnergy,ParticlesDetected,RainAbsolute,RainAccumulated,RainRate,VolumeEquivalentDiameter,WindSpeed,0.3087421158942066,0.09532169412683168
AverageParticleSpeed,KineticEnergy,ParticlesDetected,Pressure,RainAbsolute,RainAccumulated,RainRate,WindSpeed,0.3084947119803489,0.09516898731983842
KineticEnergy,ParticlesDetected,Pressure,RainAbsolute,RainAccumulated,RainRate,VolumeEquivalentDiameter,WindSpeed,0.3084947119803489,0.09516898731983842
AverageParticleSpeed,KineticEnergy,ParticlesDetected,Pressure,RainAbsolute,RainAccumulated,VolumeEquivalentDiameter,WindSpeed,0.3084947119803488,0.09516898731983835
AverageParticleSpeed,KineticEnergy,ParticlesDetected,RainAbsolute,RainAccumulated,RainIntensity,RainRate,WindSpeed,0.3070886336449419,0.09430342891391733
KineticEnergy,ParticlesDetected,RainAbsolute,RainAccumulated,RainIntensity,RainRate,VolumeEquivalentDiameter,WindSpeed,0.3070886336449419,0.09430342891391733
AverageParticleSpeed,KineticEnergy,ParticlesDetected,RainAbsolute,RainAccumulated,RainIntensity,VolumeEquivalentDiameter,WindSpeed,0.3070886336449417,0.09430342891391723
AverageParticleSpeed,ParticlesDetected,Pressure,RainAbsolute,RainAccumulated,RainRate,SnowDepthIntensity,VolumeEquivalentDiameter,0.3069769976218755,0.09423487706894097
AverageParticleSpeed,KineticEnergy,ParticlesDetected,Pressure,RainAbsolute,RainAccumulated,RainIntensity,WindSpeed,0.3068378735592286,0.09414948065034916
KineticEnergy,ParticlesDetected,Pressure,RainAbsolute,RainAccumulated,RainIntensity,VolumeEquivalentDiameter,WindSpeed,0.3068378735592286,0.09414948065034916
KineticEnergy,ParticlesDetected,Pressure,RainAbsolute,RainAccumulated,RainIntensity,RainRate,WindSpeed,0.30683787355922854,0.09414948065034912
AverageParticleSpeed,ParticlesDetected,Pressure,RainAbsolute,RainAccumulated,RainRate,Temperature,VolumeEquivalentDiameter,0.30676660134872663,0.09410574770304857
AverageParticleSpeed,RadarReflectivity,RainAbsolute,RainAccumulated,RainRate,SnowDepthIntensity,VolumeEquivalentDiameter,WindSpeed,0.306496000600142,0.09393979838388224
AverageParticleSpeed,Pressure,RadarReflectivity,RainAbsolute,RainAccumulated,SnowDepthIntensity,VolumeEquivalentDiameter,WindSpeed,0.30624675841930205,0.09378707704233034
AverageParticleSpeed,Pressure,RadarReflectivity,RainAbsolute,RainAccumulated,RainRate,SnowDepthIntensity,WindSpeed,0.3062467584193018,0.0937870770423302
Pressure,RadarReflectivity,RainAbsolute,RainAccumulated,RainRate,SnowDepthIntensity,VolumeEquivalentDiameter,WindSpeed,0.3062467584193018,0.0937870770423302
AverageParticleSpeed,RadarReflectivity,RainAbsolute,RainAccumulated,RainRate,Temperature,VolumeEquivalentDiameter,WindSpeed,0.3061919296884835,0.09375349780635724
AverageParticleSpeed,Pressure,RadarReflectivity,RainAbsolute,RainAccumulated,RainRate,Temperature,WindSpeed,0.3059414682237549,0.09360018197890682
AverageParticleSpeed,Pressure,RadarReflectivity,RainAbsolute,RainAccumulated,Temperature,VolumeEquivalentDiameter,WindSpeed,0.3059414682237548,0.09360018197890677
Pressure,RadarReflectivity,RainAbsolute,RainAccumulated,RainRate,Temperature,VolumeEquivalentDiameter,WindSpeed,0.3059414682237548,0.09360018197890677
AverageParticleSpeed,ParticlesDetected,RainAbsolute,RainAccumulated,RainIntensity,RainRate,SnowDepthIntensity,VolumeEquivalentDiameter,0.30563634804298273,0.09341357724505127
AverageParticleSpeed,ParticlesDetected,RainAbsolute,RainAccumulated,RainIntensity,RainRate,Temperature,VolumeEquivalentDiameter,0.3054513908518773,0.0933005521733463
AverageParticleSpeed,ParticlesDetected,Pressure,RainAbsolute,RainAccumulated,RainIntensity,SnowDepthIntensity,VolumeEquivalentDiameter,0.3054160956498355,0.09327899148198948
ParticlesDetected,Pressure,RainAbsolute,RainAccumulated,RainIntensity,RainRate,SnowDepthIntensity,VolumeEquivalentDiameter,0.30541609564983535,0.09327899148198937
AverageParticleSpeed,ParticlesDetected,Pressure,RainAbsolute,RainAccumulated,RainIntensity,RainRate,SnowDepthIntensity,0.30541609564983524,0.0932789914819893
AverageParticleSpeed,ParticlesDetected,Pressure,RainAbsolute,RainAccumulated,RainIntensity,Temperature,VolumeEquivalentDiameter,0.30523074436691433,0.0931658073067806
AverageParticleSpeed,ParticlesDetected,Pressure,RainAbsolute,RainAccumulated,RainIntensity,RainRate,Temperature,0.30523074436691416,0.09316580730678051
ParticlesDetected,Pressure,RainAbsolute,RainAccumulated,RainIntensity,RainRate,Temperature,VolumeEquivalentDiameter,0.30523074436691416,0.09316580730678051
AverageParticleSpeed,KineticEnergy,ParticlesDetected,RainAbsolute,RainAccumulated,RainRate,SnowDepthIntensity,VolumeEquivalentDiameter,0.30500586874032914,0.09302857996604288
AverageParticleSpeed,RadarReflectivity,RainAbsolute,RainAccumulated,RainIntensity,SnowDepthIntensity,VolumeEquivalentDiameter,WindSpeed,0.3049367060325879,0.09298639468600492
RadarReflectivity,RainAbsolute,RainAccumulated,RainIntensity,RainRate,SnowDepthIntensity,VolumeEquivalentDiameter,WindSpeed,0.3049367060325879,0.09298639468600492
AverageParticleSpeed,RadarReflectivity,RainAbsolute,RainAccumulated,RainIntensity,RainRate,SnowDepthIntensity,WindSpeed,0.3049367060325878,0.09298639468600488
AverageParticleSpeed,KineticEnergy,ParticlesDetected,RainAbsolute,RainAccumulated,RainRate,Temperature,VolumeEquivalentDiameter,0.30481719330578483,0.0929135213348162
AverageParticleSpeed,KineticEnergy,ParticlesDetected,Pressure,RainAbsolute,RainAccumulated,RainRate,SnowDepthIntensity,0.3047842524694641,0.09289344055337004
AverageParticleSpeed,KineticEnergy,ParticlesDetected,Pressure,RainAbsolute,RainAccumulated,SnowDepthIntensity,VolumeEquivalentDiameter,0.30478425246946406,0.09289344055337001
KineticEnergy,ParticlesDetected,Pressure,RainAbsolute,RainAccumulated,RainRate,SnowDepthIntensity,VolumeEquivalentDiameter,0.30478425246946406,0.09289344055337001
AverageParticleSpeed,Pressure,RadarReflectivity,RainAbsolute,RainAccumulated,RainIntensity,SnowDepthIntensity,WindSpeed,0.30468442028963466,0.09283259596723074
Pressure,RadarReflectivity,RainAbsolute,RainAccumulated,RainIntensity,SnowDepthIntensity,VolumeEquivalentDiameter,WindSpeed,0.3046844202896346,0.0928325959672307
Pressure,RadarReflectivity,RainAbsolute,RainAccumulated,RainIntensity,RainRate,SnowDepthIntensity,WindSpeed,0.3046844202896344,0.09283259596723056
AverageParticleSpeed,RadarReflectivity,RainAbsolute,RainAccumulated,RainIntensity,RainRate,Temperature,WindSpeed,0.3046638478892281,0.09282006021067073
RadarReflectivity,RainAbsolute,RainAccumulated,RainIntensity,RainRate,Temperature,VolumeEquivalentDiameter,WindSpeed,0.3046638478892281,0.09282006021067073
AverageParticleSpeed,RadarReflectivity,RainAbsolute,RainAccumulated,RainIntensity,Temperature,VolumeEquivalentDiameter,WindSpeed,0.3046638478892276,0.09282006021067042
AverageParticleSpeed,KineticEnergy,ParticlesDetected,Pressure,RainAbsolute,RainAccumulated,RainRate,Temperature,0.3045951399416524,0.0927781992760748
AverageParticleSpeed,KineticEnergy,ParticlesDetected,Pressure,RainAbsolute,RainAccumulated,Temperature,VolumeEquivalentDiameter,0.3045951399416524,0.0927781992760748
KineticEnergy,ParticlesDetected,Pressure,RainAbsolute,RainAccumulated,RainRate,Temperature,VolumeEquivalentDiameter,0.3045951399416524,0.0927781992760748
AverageParticleSpeed,Pressure,RadarReflectivity,RainAbsolute,RainAccumulated,RainIntensity,Temperature,WindSpeed,0.3044103518600607,0.09266566231956597
Pressure,RadarReflectivity,RainAbsolute,RainAccumulated,RainIntensity,RainRate,Temperature,WindSpeed,0.3044103518600607,0.09266566231956597
Pressure,RadarReflectivity,RainAbsolute,RainAccumulated,RainIntensity,Temperature,VolumeEquivalentDiameter,WindSpeed,0.3044103518600607,0.09266566231956597
AverageParticleSpeed,KineticEnergy,RadarReflectivity,RainAbsolute,RainAccumulated,SnowDepthIntensity,VolumeEquivalentDiameter,WindSpeed,0.3043247542814757,0.09261355606848057
KineticEnergy,RadarReflectivity,RainAbsolute,RainAccumulated,RainRate,SnowDepthIntensity,VolumeEquivalentDiameter,WindSpeed,0.3043247542814755,0.09261355606848043
AverageParticleSpeed,KineticEnergy,RadarReflectivity,RainAbsolute,RainAccumulated,RainRate,SnowDepthIntensity,WindSpeed,0.30432475428147543,0.0926135560684804
AverageParticleSpeed,KineticEnergy,Pressure,RadarReflectivity,RainAbsolute,RainAccumulated,SnowDepthIntensity,WindSpeed,0.30407119674490024,0.09245929268987584
KineticEnergy,Pressure,RadarReflectivity,RainAbsolute,RainAccumulated,SnowDepthIntensity,VolumeEquivalentDiameter,WindSpeed,0.30407119674490024,0.09245929268987584
KineticEnergy,Pressure,RadarReflectivity,RainAbsolute,RainAccumulated,RainRate,SnowDepthIntensity,WindSpeed,0.3040711967449,0.0924592926898757
AverageParticleSpeed,KineticEnergy,RadarReflectivity,RainAbsolute,RainAccumulated,Temperature,VolumeEquivalentDiameter,WindSpeed,0.3040497044953622,0.09244622280371709
KineticEnergy,RadarReflectivity,RainAbsolute,RainAccumulated,RainRate,Temperature,VolumeEquivalentDiameter,WindSpeed,0.304049704495362,0.09244622280371696
AverageParticleSpeed,KineticEnergy,RadarReflectivity,RainAbsolute,RainAccumulated,RainRate,Temperature,WindSpeed,0.30404970449536195,0.09244622280371692
AverageParticleSpeed,KineticEnergy,Pressure,RadarReflectivity,RainAbsolute,RainAccumulated,Temperature,WindSpeed,0.303794899867138,0.0922913411852844
KineticEnergy,Pressure,RadarReflectivity,RainAbsolute,RainAccumulated,Temperature,VolumeEquivalentDiameter,WindSpeed,0.303794899867138,0.0922913411852844
KineticEnergy,Pressure,RadarReflectivity,RainAbsolute,RainAccumulated,RainRate,Temperature,WindSpeed,0.3037948998671379,0.09229134118528436
KineticEnergy,ParticlesDetected,RainAbsolute,RainAccumulated,RainIntensity,RainRate,SnowDepthIntensity,VolumeEquivalentDiameter,0.3034388312359565,0.0920751243018433
AverageParticleSpeed,KineticEnergy,ParticlesDetected,RainAbsolute,RainAccumulated,RainIntensity,RainRate,SnowDepthIntensity,0.30343883123595644,0.09207512430184325
AverageParticleSpeed,KineticEnergy,ParticlesDetected,RainAbsolute,RainAccumulated,RainIntensity,SnowDepthIntensity,VolumeEquivalentDiameter,0.30343883123595555,0.09207512430184271
AverageParticleSpeed,KineticEnergy,ParticlesDetected,RainAbsolute,RainAccumulated,RainIntensity,RainRate,Temperature,0.3032734047638585,0.09197475803706315
KineticEnergy,ParticlesDetected,RainAbsolute,RainAccumulated,RainIntensity,RainRate,Temperature,VolumeEquivalentDiameter,0.3032734047638585,0.09197475803706315
AverageParticleSpeed,KineticEnergy,ParticlesDetected,RainAbsolute,RainAccumulated,RainIntensity,Temperature,VolumeEquivalentDiameter,0.30327340476385845,0.09197475803706312
AverageParticleSpeed,KineticEnergy,ParticlesDetected,Pressure,RainAbsolute,RainAccumulated,RainIntensity,SnowDepthIntensity,0.3032140905993099,0.09193878473796653
KineticEnergy,ParticlesDetected,Pressure,RainAbsolute,RainAccumulated,RainIntensity,RainRate,SnowDepthIntensity,0.3032140905993099,0.09193878473796653
KineticEnergy,ParticlesDetected,Pressure,RainAbsolute,RainAccumulated,RainIntensity,SnowDepthIntensity,VolumeEquivalentDiameter,0.3032140905993099,0.09193878473796653
KineticEnergy,ParticlesDetected,Pressure,RainAbsolute,RainAccumulated,RainIntensity,Temperature,VolumeEquivalentDiameter,0.3030482122851202,0.09183821896920727
AverageParticleSpeed,KineticEnergy,ParticlesDetected,Pressure,RainAbsolute,RainAccumulated,RainIntensity,Temperature,0.3030482122851201,0.0918382189692072
KineticEnergy,ParticlesDetected,Pressure,RainAbsolute,RainAccumulated,RainIntensity,RainRate,Temperature,0.3030482122851201,0.0918382189692072
KineticEnergy,RadarReflectivity,RainAbsolute,RainAccumulated,RainIntensity,RainRate,SnowDepthIntensity,WindSpeed,0.302751820173888,0.09165866461860223
AverageParticleSpeed,KineticEnergy,RadarReflectivity,RainAbsolute,RainAccumulated,RainIntensity,SnowDepthIntensity,WindSpeed,0.3027518201738879,0.09165866461860216
KineticEnergy,RadarReflectivity,RainAbsolute,RainAccumulated,RainIntensity,SnowDepthIntensity,VolumeEquivalentDiameter,WindSpeed,0.3027518201738879,0.09165866461860216
KineticEnergy,RadarReflectivity,RainAbsolute,RainAccumulated,RainIntensity,RainRate,Temperature,WindSpeed,0.30250583175497875,0.09150977824577151
AverageParticleSpeed,KineticEnergy,RadarReflectivity,RainAbsolute,RainAccumulated,RainIntensity,Temperature,WindSpeed,0.30250583175497864,0.09150977824577144
KineticEnergy,RadarReflectivity,RainAbsolute,RainAccumulated,RainIntensity,Temperature,VolumeEquivalentDiameter,WindSpeed,0.3025058317549786,0.0915097782457714
KineticEnergy,Pressure,RadarReflectivity,RainAbsolute,RainAccumulated,RainIntensity,SnowDepthIntensity,WindSpeed,0.3024952458571132,0.09150337376615535
KineticEnergy,Pressure,RadarReflectivity,RainAbsolute,RainAccumulated,RainIntensity,Temperature,WindSpeed,0.30224801111627797,0.0913538602237457
AverageParticleSpeed,RadarReflectivity,RainAbsolute,RainAccumulated,RainRate,SnowDepthIntensity,Temperature,VolumeEquivalentDiameter,0.3018898227401087,0.09113746507405426
AverageParticleSpeed,Pressure,RadarReflectivity,RainAbsolute,RainAccumulated,SnowDepthIntensity,Temperature,VolumeEquivalentDiameter,0.3016636015206368,0.09100092848240156
AverageParticleSpeed,Pressure,RadarReflectivity,RainAbsolute,RainAccumulated,RainRate,SnowDepthIntensity,Temperature,0.30166360152063654,0.09100092848240139
Pressure,RadarReflectivity,RainAbsolute,RainAccumulated,RainRate,SnowDepthIntensity,Temperature,VolumeEquivalentDiameter,0.30166360152063654,0.09100092848240139
AverageParticleSpeed,RadarReflectivity,RainAbsolute,RainAccumulated,RainIntensity,RainRate,SnowDepthIntensity,Temperature,0.30043936050859965,0.0902638093428163
RadarReflectivity,RainAbsolute,RainAccumulated,RainIntensity,RainRate,SnowDepthIntensity,Temperature,VolumeEquivalentDiameter,0.30043936050859965,0.0902638093428163
AverageParticleSpeed,RadarReflectivity,RainAbsolute,RainAccumulated,RainIntensity,SnowDepthIntensity,Temperature,VolumeEquivalentDiameter,0.3004393605085996,0.09026380934281628
Pressure,RadarReflectivity,RainAbsolute,RainAccumulated,RainIntensity,SnowDepthIntensity,Temperature,VolumeEquivalentDiameter,0.3002103311268717,0.09012624291530594
AverageParticleSpeed,Pressure,RadarReflectivity,RainAbsolute,RainAccumulated,RainIntensity,SnowDepthIntensity,Temperature,0.3002103311268716,0.09012624291530591
Pressure,RadarReflectivity,RainAbsolute,RainAccumulated,RainIntensity,RainRate,SnowDepthIntensity,Temperature,0.3002103311268715,0.09012624291530584
AverageParticleSpeed,KineticEnergy,RadarReflectivity,RainAbsolute,RainAccumulated,SnowDepthIntensity,Temperature,VolumeEquivalentDiameter,0.2998807822232017,0.08992848354679932
AverageParticleSpeed,KineticEnergy,RadarReflectivity,RainAbsolute,RainAccumulated,RainRate,SnowDepthIntensity,Temperature,0.2998807822232015,0.08992848354679922
KineticEnergy,RadarReflectivity,RainAbsolute,RainAccumulated,RainRate,SnowDepthIntensity,Temperature,VolumeEquivalentDiameter,0.2998807822232015,0.08992848354679922
AverageParticleSpeed,KineticEnergy,Pressure,RadarReflectivity,RainAbsolute,RainAccumulated,SnowDepthIntensity,Temperature,0.29965060467802285,0.08979048488390473
KineticEnergy,Pressure,RadarReflectivity,RainAbsolute,RainAccumulated,RainRate,SnowDepthIntensity,Temperature,0.29965060467802274,0.08979048488390466
KineticEnergy,Pressure,RadarReflectivity,RainAbsolute,RainAccumulated,SnowDepthIntensity,Temperature,VolumeEquivalentDiameter,0.29965060467802274,0.08979048488390466
AverageParticleSpeed,KineticEnergy,RadarReflectivity,RainAbsolute,RainAccumulated,RainIntensity,SnowDepthIntensity,Temperature,0.2984183931507983,0.08905353737070444
KineticEnergy,RadarReflectivity,RainAbsolute,RainAccumulated,RainIntensity,RainRate,SnowDepthIntensity,Temperature,0.2984183931507983,0.08905353737070444
KineticEnergy,RadarReflectivity,RainAbsolute,RainAccumulated,RainIntensity,SnowDepthIntensity,Temperature,VolumeEquivalentDiameter,0.2984183931507983,0.08905353737070444
KineticEnergy,Pressure,RadarReflectivity,RainAbsolute,RainAccumulated,RainIntensity,SnowDepthIntensity,Temperature,0.2981854297123135,0.08891455049271704
AverageParticleSpeed,ParticlesDetected,RainAbsolute,RainAccumulated,RainRate,SnowDepthIntensity,VolumeEquivalentDiameter,WindSpeed,0.2974258429504891,0.08846213205480902
AverageParticleSpeed,ParticlesDetected,RainAbsolute,RainAccumulated,RainRate,Temperature,VolumeEquivalentDiameter,WindSpeed,0.2974054268287692,0.08844998790720239
AverageParticleSpeed,ParticlesDetected,Pressure,RainAbsolute,RainAccumulated,RainRate,SnowDepthIntensity,WindSpeed,0.29715585083926943,0.08830159968801014
ParticlesDetected,Pressure,RainAbsolute,RainAccumulated,RainRate,SnowDepthIntensity,VolumeEquivalentDiameter,WindSpeed,0.29715585083926943,0.08830159968801014
AverageParticleSpeed,ParticlesDetected,Pressure,RainAbsolute,RainAccumulated,SnowDepthIntensity,VolumeEquivalentDiameter,WindSpeed,0.2971558508392692,0.08830159968801
AverageParticleSpeed,ParticlesDetected,Pressure,RainAbsolute,RainAccumulated,Temperature,VolumeEquivalentDiameter,WindSpeed,0.29713443577182663,0.08828887292144176
ParticlesDetected,Pressure,RainAbsolute,RainAccumulated,RainRate,Temperature,VolumeEquivalentDiameter,WindSpeed,0.29713443577182647,0.08828887292144166
AverageParticleSpeed,ParticlesDetected,Pressure,RainAbsolute,RainAccumulated,RainRate,Temperature,WindSpeed,0.2971344357718264,0.08828887292144164
AverageParticleSpeed,ParticlesDetected,RainAbsolute,RainAccumulated,RainIntensity,RainRate,SnowDepthIntensity,WindSpeed,0.29577888342068304,0.087485147877586
ParticlesDetected,RainAbsolute,RainAccumulated,RainIntensity,RainRate,SnowDepthIntensity,VolumeEquivalentDiameter,WindSpeed,0.29577888342068304,0.087485147877586
AverageParticleSpeed,ParticlesDetected,RainAbsolute,RainAccumulated,RainIntensity,SnowDepthIntensity,VolumeEquivalentDiameter,WindSpeed,0.2957788834206829,0.08748514787758595
AverageParticleSpeed,ParticlesDetected,RainAbsolute,RainAccumulated,RainIntensity,RainRate,Temperature,WindSpeed,0.29577850928198934,0.08748492655307585
ParticlesDetected,RainAbsolute,RainAccumulated,RainIntensity,RainRate,Temperature,VolumeEquivalentDiameter,WindSpeed,0.29577850928198934,0.08748492655307585
AverageParticleSpeed,ParticlesDetected,RainAbsolute,RainAccumulated,RainIntensity,Temperature,VolumeEquivalentDiameter,WindSpeed,0.2957785092819891,0.08748492655307573
AverageParticleSpeed,ParticlesDetected,Pressure,RainAbsolute,RainAccumulated,RainIntensity,SnowDepthIntensity,WindSpeed,0.2955058799200308,0.08732372506731166
ParticlesDetected,Pressure,RainAbsolute,RainAccumulated,RainIntensity,SnowDepthIntensity,VolumeEquivalentDiameter,WindSpeed,0.2955058799200308,0.08732372506731166
ParticlesDetected,Pressure,RainAbsolute,RainAccumulated,RainIntensity,RainRate,SnowDepthIntensity,WindSpeed,0.29550587992003047,0.08732372506731147
ParticlesDetected,Pressure,RainAbsolute,RainAccumulated,RainIntensity,Temperature,VolumeEquivalentDiameter,WindSpeed,0.29550446863532603,0.0873228909834464
AverageParticleSpeed,ParticlesDetected,Pressure,RainAbsolute,RainAccumulated,RainIntensity,Temperature,WindSpeed,0.295504468635326,0.08732289098344635
ParticlesDetected,Pressure,RainAbsolute,RainAccumulated,RainIntensity,RainRate,Temperature,WindSpeed,0.2955044686353259,0.08732289098344632
AverageParticleSpeed,Humidity,KineticEnergy,Pressure,RainAbsolute,RainIntensity,RainRate,VolumeEquivalentDiameter,0.2954785684041085,0.08730758438614143
AverageParticleSpeed,Humidity,KineticEnergy,Pressure,RainAccumulated,RainIntensity,RainRate,VolumeEquivalentDiameter,0.2954785684041085,0.08730758438614143
AverageParticleSpeed,KineticEnergy,ParticlesDetected,RainAbsolute,RainAccumulated,RainRate,SnowDepthIntensity,WindSpeed,0.29510502870656374,0.08708697796790181
KineticEnergy,ParticlesDetected,RainAbsolute,RainAccumulated,RainRate,SnowDepthIntensity,VolumeEquivalentDiameter,WindSpeed,0.29510502870656374,0.08708697796790181
AverageParticleSpeed,KineticEnergy,ParticlesDetected,RainAbsolute,RainAccumulated,SnowDepthIntensity,VolumeEquivalentDiameter,WindSpeed,0.29510502870656313,0.08708697796790145
AverageParticleSpeed,KineticEnergy,ParticlesDetected,RainAbsolute,RainAccumulated,RainRate,Temperature,WindSpeed,0.29509779342778947,0.0870827076859503
KineticEnergy,ParticlesDetected,RainAbsolute,RainAccumulated,RainRate,Temperature,VolumeEquivalentDiameter,WindSpeed,0.29509779342778947,0.0870827076859503
AverageParticleSpeed,KineticEnergy,ParticlesDetected,RainAbsolute,RainAccumulated,Temperature,VolumeEquivalentDiameter,WindSpeed,0.2950977934277894,0.08708270768595028
AverageParticleSpeed,KineticEnergy,ParticlesDetected,Pressure,RainAbsolute,RainAccumulated,SnowDepthIntensity,WindSpeed,0.2948307183499534,0.08692515248274954
KineticEnergy,ParticlesDetected,Pressure,RainAbsolute,RainAccumulated,SnowDepthIntensity,VolumeEquivalentDiameter,WindSpeed,0.2948307183499534,0.08692515248274954
KineticEnergy,ParticlesDetected,Pressure,RainAbsolute,RainAccumulated,RainRate,SnowDepthIntensity,WindSpeed,0.29483071834995334,0.08692515248274951
AverageParticleSpeed,KineticEnergy,ParticlesDetected,Pressure,RainAbsolute,RainAccumulated,Temperature,WindSpeed,0.29482239094536805,0.08692024220274344
KineticEnergy,ParticlesDetected,Pressure,RainAbsolute,RainAccumulated,RainRate,Temperature,WindSpeed,0.294822390945368,0.0869202422027434
KineticEnergy,ParticlesDetected,Pressure,RainAbsolute,RainAccumulated,Temperature,VolumeEquivalentDiameter,WindSpeed,0.294822390945368,0.0869202422027434
AverageParticleSpeed,ParticlesDetected,RainAbsolute,RainAccumulated,RainRate,SnowDepthIntensity,Temperature,VolumeEquivalentDiameter,0.2941450440637468,0.08652130694726355
AverageParticleSpeed,ParticlesDetected,Pressure,RainAbsolute,RainAccumulated,SnowDepthIntensity,Temperature,VolumeEquivalentDiameter,0.2939016301559447,0.08637816820832171
AverageParticleSpeed,ParticlesDetected,Pressure,RainAbsolute,RainAccumulated,RainRate,SnowDepthIntensity,Temperature,0.29390163015594456,0.08637816820832162
ParticlesDetected,Pressure,RainAbsolute,RainAccumulated,RainRate,SnowDepthIntensity,Temperature,VolumeEquivalentDiameter,0.29390163015594456,0.08637816820832162
KineticEnergy,ParticlesDetected,RainAbsolute,RainAccumulated,RainIntensity,Temperature,VolumeEquivalentDiameter,WindSpeed,0.29346215170641105,0.08612003448415662
AverageParticleSpeed,KineticEnergy,ParticlesDetected,RainAbsolute,RainAccumulated,RainIntensity,Temperature,WindSpeed,0.293462151706411,0.08612003448415657
KineticEnergy,ParticlesDetected,RainAbsolute,RainAccumulated,RainIntensity,RainRate,Temperature,WindSpeed,0.29346215170641093,0.08612003448415655
KineticEnergy,ParticlesDetected,RainAbsolute,RainAccumulated,RainIntensity,RainRate,SnowDepthIntensity,WindSpeed,0.2934512439008907,0.08611363254698005
KineticEnergy,ParticlesDetected,RainAbsolute,RainAccumulated,RainIntensity,SnowDepthIntensity,VolumeEquivalentDiameter,WindSpeed,0.29345124390089067,0.08611363254698003
AverageParticleSpeed,KineticEnergy,ParticlesDetected,RainAbsolute,RainAccumulated,RainIntensity,SnowDepthIntensity,WindSpeed,0.29345124390089056,0.08611363254697996
KineticEnergy,ParticlesDetected,Pressure,RainAbsolute,RainAccumulated,RainIntensity,Temperature,WindSpeed,0.29318375047008516,0.08595671153970516
KineticEnergy,ParticlesDetected,Pressure,RainAbsolute,RainAccumulated,RainIntensity,SnowDepthIntensity,WindSpeed,0.2931739785230708,0.08595098168304599
AverageParticleSpeed,ParticlesDetected,RainAbsolute,RainAccumulated,RainIntensity,RainRate,SnowDepthIntensity,Temperature,0.292608451865069,0.08561970610287241
ParticlesDetected,RainAbsolute,RainAccumulated,RainIntensity,RainRate,SnowDepthIntensity,Temperature,VolumeEquivalentDiameter,0.292608451865069,0.08561970610287241
AverageParticleSpeed,ParticlesDetected,RainAbsolute,RainAccumulated,RainIntensity,SnowDepthIntensity,Temperature,VolumeEquivalentDiameter,0.29260845186506873,0.08561970610287224
AverageParticleSpeed,RadarReflectivity,RainAbsolute,RainAccumulated,RainRate,SnowDepthIntensity,Temperature,WindSpeed,0.292475521279871,0.08554193054793226
RadarReflectivity,RainAbsolute,RainAccumulated,RainRate,SnowDepthIntensity,Temperature,VolumeEquivalentDiameter,WindSpeed,0.292475521279871,0.08554193054793226
AverageParticleSpeed,RadarReflectivity,RainAbsolute,RainAccumulated,SnowDepthIntensity,Temperature,VolumeEquivalentDiameter,WindSpeed,0.29247552127987086,0.0855419305479322
ParticlesDetected,Pressure,RainAbsolute,RainAccumulated,RainIntensity,RainRate,SnowDepthIntensity,Temperature,0.29236220372221294,0.08547565816530875
ParticlesDetected,Pressure,RainAbsolute,RainAccumulated,RainIntensity,SnowDepthIntensity,Temperature,VolumeEquivalentDiameter,0.2923622037222127,0.08547565816530861
AverageParticleSpeed,ParticlesDetected,Pressure,RainAbsolute,RainAccumulated,RainIntensity,SnowDepthIntensity,Temperature,0.29236220372221267,0.08547565816530858
Pressure,RadarReflectivity,RainAbsolute,RainAccumulated,SnowDepthIntensity,Temperature,VolumeEquivalentDiameter,WindSpeed,0.29219805079331423,0.08537970088741224
AverageParticleSpeed,Pressure,RadarReflectivity,RainAbsolute,RainAccumulated,SnowDepthIntensity,Temperature,WindSpeed,0.2921980507933142,0.08537970088741222
Pressure,RadarReflectivity,RainAbsolute,RainAccumulated,RainRate,SnowDepthIntensity,Temperature,WindSpeed,0.2921980507933141,0.08537970088741217
AverageParticleSpeed,KineticEnergy,ParticlesDetected,RainAbsolute,RainAccumulated,RainRate,SnowDepthIntensity,Temperature,0.29199109592295447,0.085258800098288
KineticEnergy,ParticlesDetected,RainAbsolute,RainAccumulated,RainRate,SnowDepthIntensity,Temperature,VolumeEquivalentDiameter,0.29199109592295447,0.085258800098288
AverageParticleSpeed,KineticEnergy,ParticlesDetected,RainAbsolute,RainAccumulated,SnowDepthIntensity,Temperature,VolumeEquivalentDiameter,0.2919910959229544,0.08525880009828797
KineticEnergy,ParticlesDetected,Pressure,RainAbsolute,RainAccumulated,SnowDepthIntensity,Temperature,VolumeEquivalentDiameter,0.29174364214447257,0.08511435273172208
AverageParticleSpeed,KineticEnergy,ParticlesDetected,Pressure,RainAbsolute,RainAccumulated,SnowDepthIntensity,Temperature,0.29174364214447246,0.085114352731722
KineticEnergy,ParticlesDetected,Pressure,RainAbsolute,RainAccumulated,RainRate,SnowDepthIntensity,Temperature,0.29174364214447235,0.08511435273172194
AverageParticleSpeed,RadarReflectivity,RainAbsolute,RainAccumulated,RainIntensity,SnowDepthIntensity,Temperature,WindSpeed,0.2909371979201649,0.08464445313363722
RadarReflectivity,RainAbsolute,RainAccumulated,RainIntensity,SnowDepthIntensity,Temperature,VolumeEquivalentDiameter,WindSpeed,0.2909371979201649,0.08464445313363722
RadarReflectivity,RainAbsolute,RainAccumulated,RainIntensity,RainRate,SnowDepthIntensity,Temperature,WindSpeed,0.29093719792016487,0.08464445313363718
Pressure,RadarReflectivity,RainAbsolute,RainAccumulated,RainIntensity,SnowDepthIntensity,Temperature,WindSpeed,0.29065703906201956,0.08448151435630037
AverageParticleSpeed,KineticEnergy,ParticlesDetected,RainAbsolute,RainAccumulated,RainIntensity,SnowDepthIntensity,Temperature,0.29044823109360357,0.08436017494540335
KineticEnergy,ParticlesDetected,RainAbsolute,RainAccumulated,RainIntensity,SnowDepthIntensity,Temperature,VolumeEquivalentDiameter,0.29044823109360357,0.08436017494540335
KineticEnergy,ParticlesDetected,RainAbsolute,RainAccumulated,RainIntensity,RainRate,SnowDepthIntensity,Temperature,0.29044823109360335,0.08436017494540321
AverageParticleSpeed,KineticEnergy,RadarReflectivity,RainAbsolute,RainAccumulated,SnowDepthIntensity,Temperature,WindSpeed,0.29033729643134254,0.08429574569906127
KineticEnergy,RadarReflectivity,RainAbsolute,RainAccumulated,SnowDepthIntensity,Temperature,VolumeEquivalentDiameter,WindSpeed,0.29033729643134254,0.08429574569906127
KineticEnergy,RadarReflectivity,RainAbsolute,RainAccumulated,RainRate,SnowDepthIntensity,Temperature,WindSpeed,0.29033729643134243,0.0842957456990612
KineticEnergy,ParticlesDetected,Pressure,RainAbsolute,RainAccumulated,RainIntensity,SnowDepthIntensity,Temperature,0.29019799029891585,0.08421487357352966
KineticEnergy,Pressure,RadarReflectivity,RainAbsolute,RainAccumulated,SnowDepthIntensity,Temperature,WindSpeed,0.2900560296342793,0.0841325003272019
KineticEnergy,RadarReflectivity,RainAbsolute,RainAccumulated,RainIntensity,SnowDepthIntensity,Temperature,WindSpeed,0.28878902391272426,0.08339910033246403
AverageParticleSpeed,Humidity,Pressure,RadarReflectivity,RainAbsolute,RainAccumulated,RainRate,VolumeEquivalentDiameter,0.2857370710387976,0.08164567376583086
AverageParticleSpeed,Humidity,RadarReflectivity,RainAbsolute,RainAccumulated,RainIntensity,RainRate,VolumeEquivalentDiameter,0.28450483640956425,0.08094300194043291
AverageParticleSpeed,Humidity,Pressure,RadarReflectivity,RainAbsolute,RainAccumulated,RainIntensity,VolumeEquivalentDiameter,0.28424792449792313,0.08079688258137702
AverageParticleSpeed,Humidity,Pressure,RadarReflectivity,RainAbsolute,RainAccumulated,RainIntensity,RainRate,0.284247924497923,0.08079688258137695
Humidity,Pressure,RadarReflectivity,RainAbsolute,RainAccumulated,RainIntensity,RainRate,VolumeEquivalentDiameter,0.28424792449792297,0.08079688258137692
AverageParticleSpeed,Humidity,KineticEnergy,RadarReflectivity,RainAbsolute,RainAccumulated,RainRate,VolumeEquivalentDiameter,0.28392910854507475,0.08061573867920084
AverageParticleSpeed,ParticlesDetected,RainAbsolute,RainAccumulated,SnowDepthIntensity,Temperature,VolumeEquivalentDiameter,WindSpeed,0.2838788351915759,0.08058719306972592
AverageParticleSpeed,ParticlesDetected,RainAbsolute,RainAccumulated,RainRate,SnowDepthIntensity,Temperature,WindSpeed,0.28387883519157586,0.0805871930697259
ParticlesDetected,RainAbsolute,RainAccumulated,RainRate,SnowDepthIntensity,Temperature,VolumeEquivalentDiameter,WindSpeed,0.28387883519157586,0.0805871930697259
AverageParticleSpeed,Humidity,KineticEnergy,Pressure,RadarReflectivity,RainAbsolute,RainAccumulated,VolumeEquivalentDiameter,0.2836709481886901,0.0804692068462705
AverageParticleSpeed,Humidity,KineticEnergy,Pressure,RadarReflectivity,RainAbsolute,RainAccumulated,RainRate,0.28367094818869,0.08046920684627044
Humidity,KineticEnergy,Pressure,RadarReflectivity,RainAbsolute,RainAccumulated,RainRate,VolumeEquivalentDiameter,0.28367094818869,0.08046920684627044
AverageParticleSpeed,ParticlesDetected,Pressure,RainAbsolute,RainAccumulated,SnowDepthIntensity,Temperature,WindSpeed,0.2835832121825226,0.08041943823175762
ParticlesDetected,Pressure,RainAbsolute,RainAccumulated,RainRate,SnowDepthIntensity,Temperature,WindSpeed,0.2835832121825226,0.08041943823175762
ParticlesDetected,Pressure,RainAbsolute,RainAccumulated,SnowDepthIntensity,Temperature,VolumeEquivalentDiameter,WindSpeed,0.2835832121825226,0.08041943823175762
AverageParticleSpeed,Humidity,KineticEnergy,RadarReflectivity,RainAbsolute,RainAccumulated,RainIntensity,RainRate,0.28243133571126144,0.07976745939164727
Humidity,KineticEnergy,RadarReflectivity,RainAbsolute,RainAccumulated,RainIntensity,RainRate,VolumeEquivalentDiameter,0.2824313357112613,0.07976745939164717
AverageParticleSpeed,Humidity,KineticEnergy,RadarReflectivity,RainAbsolute,RainAccumulated,RainIntensity,VolumeEquivalentDiameter,0.2824313357112611,0.07976745939164707
ParticlesDetected,RainAbsolute,RainAccumulated,RainIntensity,RainRate,SnowDepthIntensity,Temperature,WindSpeed,0.2822630604084054,0.0796724352711191
AverageParticleSpeed,ParticlesDetected,RainAbsolute,RainAccumulated,RainIntensity,SnowDepthIntensity,Temperature,WindSpeed,0.28226306040840504,0.07967243527111892
ParticlesDetected,RainAbsolute,RainAccumulated,RainIntensity,SnowDepthIntensity,Temperature,VolumeEquivalentDiameter,WindSpeed,0.282263060408405,0.07967243527111888
AverageParticleSpeed,Humidity,KineticEnergy,Pressure,RadarReflectivity,RainAbsolute,RainAccumulated,RainIntensity,0.2821701658792611,0.07962000251232972
Humidity,KineticEnergy,Pressure,RadarReflectivity,RainAbsolute,RainAccumulated,RainIntensity,RainRate,0.282170165879261,0.07962000251232969
Humidity,KineticEnergy,Pressure,RadarReflectivity,RainAbsolute,RainAccumulated,RainIntensity,VolumeEquivalentDiameter,0.282170165879261,0.07962000251232969
ParticlesDetected,Pressure,RainAbsolute,RainAccumulated,RainIntensity,SnowDepthIntensity,Temperature,WindSpeed,0.2819648116760699,0.07950415502352157
AverageParticleSpeed,KineticEnergy,ParticlesDetected,RainAbsolute,RainAccumulated,SnowDepthIntensity,Temperature,WindSpeed,0.2816074607053521,0.07930276192491642
KineticEnergy,ParticlesDetected,RainAbsolute,RainAccumulated,SnowDepthIntensity,Temperature,VolumeEquivalentDiameter,WindSpeed,0.2816074607053521,0.07930276192491642
KineticEnergy,ParticlesDetected,RainAbsolute,RainAccumulated,RainRate,SnowDepthIntensity,Temperature,WindSpeed,0.28160746070535186,0.0793027619249163
KineticEnergy,ParticlesDetected,Pressure,RainAbsolute,RainAccumulated,SnowDepthIntensity,Temperature,WindSpeed,0.2813080905539522,0.07913424181111056
KineticEnergy,ParticlesDetected,RainAbsolute,RainAccumulated,RainIntensity,SnowDepthIntensity,Temperature,WindSpeed,0.27998798826522736,0.07839327357280909
AverageParticleSpeed,Humidity,ParticlesDetected,Pressure,RainAbsolute,RainAccumulated,RainRate,VolumeEquivalentDiameter,0.27805536448684787,0.07731478571991382
AverageParticleSpeed,Humidity,ParticlesDetected,RainAbsolute,RainAccumulated,RainIntensity,RainRate,VolumeEquivalentDiameter,0.27674746318354687,0.07658915837852863
AverageParticleSpeed,Humidity,ParticlesDetected,Pressure,RainAbsolute,RainAccumulated,RainIntensity,VolumeEquivalentDiameter,0.2764725962283478,0.07643709646524303
AverageParticleSpeed,Humidity,ParticlesDetected,Pressure,RainAbsolute,RainAccumulated,RainIntensity,RainRate,0.27647259622834774,0.076437096465243
Humidity,ParticlesDetected,Pressure,RainAbsolute,RainAccumulated,RainIntensity,RainRate,VolumeEquivalentDiameter,0.27647259622834774,0.076437096465243
AverageParticleSpeed,Humidity,RadarReflectivity,RainAbsolute,RainAccumulated,RainRate,VolumeEquivalentDiameter,WindSpeed,0.27623689955370007,0.07630682467504098
AverageParticleSpeed,Humidity,KineticEnergy,ParticlesDetected,RainAbsolute,RainAccumulated,RainRate,VolumeEquivalentDiameter,0.27610892973922846,0.0762361410817422
AverageParticleSpeed,Humidity,Pressure,RainAbsolute,RainIntensity,RainRate,VolumeEquivalentDiameter,WindSpeed,0.27595965580915366,0.07615373163430655
AverageParticleSpeed,Humidity,Pressure,RainAccumulated,RainIntensity,RainRate,VolumeEquivalentDiameter,WindSpeed,0.27595965580915366,0.07615373163430655
Humidity,Pressure,RadarReflectivity,RainAbsolute,RainAccumulated,RainRate,VolumeEquivalentDiameter,WindSpeed,0.2759275681383542,0.07613602285874609
AverageParticleSpeed,Humidity,Pressure,RadarReflectivity,RainAbsolute,RainAccumulated,RainRate,WindSpeed,0.2759275681383541,0.07613602285874606
AverageParticleSpeed,Humidity,Pressure,RadarReflectivity,RainAbsolute,RainAccumulated,VolumeEquivalentDiameter,WindSpeed,0.27592756813835406,0.07613602285874603
AverageParticleSpeed,Humidity,KineticEnergy,ParticlesDetected,Pressure,RainAbsolute,RainAccumulated,VolumeEquivalentDiameter,0.27583275027504195,0.07608370612429366
AverageParticleSpeed,Humidity,KineticEnergy,ParticlesDetected,Pressure,RainAbsolute,RainAccumulated,RainRate,0.2758327502750417,0.07608370612429353
Humidity,KineticEnergy,ParticlesDetected,Pressure,RainAbsolute,RainAccumulated,RainRate,VolumeEquivalentDiameter,0.2758327502750417,0.07608370612429353
AverageParticleSpeed,Humidity,KineticEnergy,Pressure,RainAbsolute,RainRate,VolumeEquivalentDiameter,WindSpeed,0.27474138777626256,0.07548283015722668
AverageParticleSpeed,Humidity,KineticEnergy,Pressure,RainAccumulated,RainRate,VolumeEquivalentDiameter,WindSpeed,0.27474138777626256,0.07548283015722668
Humidity,RadarReflectivity,RainAbsolute,RainAccumulated,RainIntensity,RainRate,VolumeEquivalentDiameter,WindSpeed,0.274647956352221,0.0754314999284515
AverageParticleSpeed,Humidity,RadarReflectivity,RainAbsolute,RainAccumulated,RainIntensity,RainRate,WindSpeed,0.2746479563522209,0.07543149992845143
AverageParticleSpeed,Humidity,RadarReflectivity,RainAbsolute,RainAccumulated,RainIntensity,VolumeEquivalentDiameter,WindSpeed,0.27464795635222083,0.0754314999284514
AverageParticleSpeed,Humidity,KineticEnergy,ParticlesDetected,RainAbsolute,RainAccumulated,RainIntensity,VolumeEquivalentDiameter,0.2745239860948502,0.0753634189414055
Humidity,KineticEnergy,ParticlesDetected,RainAbsolute,RainAccumulated,RainIntensity,RainRate,VolumeEquivalentDiameter,0.2745239860948494,0.07536341894140507
AverageParticleSpeed,Humidity,KineticEnergy,ParticlesDetected,RainAbsolute,RainAccumulated,RainIntensity,RainRate,0.27452398609484935,0.07536341894140504
Humidity,Pressure,RadarReflectivity,RainAbsolute,RainAccumulated,RainIntensity,RainRate,WindSpeed,0.27433567435945594,0.07526006222625745
AverageParticleSpeed,Humidity,Pressure,RadarReflectivity,RainAbsolute,RainAccumulated,RainIntensity,WindSpeed,0.2743356743594558,0.07526006222625736
Humidity,Pressure,RadarReflectivity,RainAbsolute,RainAccumulated,RainIntensity,VolumeEquivalentDiameter,WindSpeed,0.2743356743594558,0.07526006222625736
AverageParticleSpeed,Humidity,KineticEnergy,ParticlesDetected,Pressure,RainAbsolute,RainAccumulated,RainIntensity,0.2742447925365185,0.07521020623339808
Humidity,KineticEnergy,ParticlesDetected,Pressure,RainAbsolute,RainAccumulated,RainIntensity,RainRate,0.2742447925365185,0.07521020623339808
Humidity,KineticEnergy,ParticlesDetected,Pressure,RainAbsolute,RainAccumulated,RainIntensity,VolumeEquivalentDiameter,0.2742447925365185,0.07521020623339808
AverageParticleSpeed,Humidity,KineticEnergy,RadarReflectivity,RainAbsolute,RainAccumulated,RainRate,WindSpeed,0.274024381216055,0.07508936150084183
AverageParticleSpeed,Humidity,KineticEnergy,RadarReflectivity,RainAbsolute,RainAccumulated,VolumeEquivalentDiameter,WindSpeed,0.27402438121605494,0.0750893615008418
Humidity,KineticEnergy,RadarReflectivity,RainAbsolute,RainAccumulated,RainRate,VolumeEquivalentDiameter,WindSpeed,0.2740243812160548,0.07508936150084174
AverageParticleSpeed,Humidity,KineticEnergy,Pressure,RadarReflectivity,RainAbsolute,RainAccumulated,WindSpeed,0.27371088028749474,0.07491764598775527
Humidity,KineticEnergy,Pressure,RadarReflectivity,RainAbsolute,RainAccumulated,VolumeEquivalentDiameter,WindSpeed,0.27371088028749474,0.07491764598775527
Humidity,KineticEnergy,Pressure,RadarReflectivity,RainAbsolute,RainAccumulated,RainRate,WindSpeed,0.2737108802874944,0.07491764598775509
AverageParticleSpeed,Humidity,RadarReflectivity,RainAbsolute,RainAccumulated,RainRate,SnowDepthIntensity,VolumeEquivalentDiameter,0.27266544655777575,0.07434644574655126
AverageParticleSpeed,Humidity,KineticEnergy,RadarReflectivity,RainAbsolute,RainAccumulated,RainIntensity,WindSpeed,0.2724262776921846,0.07421607677721927
Humidity,KineticEnergy,RadarReflectivity,RainAbsolute,RainAccumulated,RainIntensity,VolumeEquivalentDiameter,WindSpeed,0.2724262776921845,0.07421607677721924
Humidity,KineticEnergy,RadarReflectivity,RainAbsolute,RainAccumulated,RainIntensity,RainRate,WindSpeed,0.27242627769218447,0.07421607677721921
AverageParticleSpeed,Humidity,Pressure,RadarReflectivity,RainAbsolute,RainAccumulated,RainRate,SnowDepthIntensity,0.2723847846766673,0.07419347092335442
Humidity,Pressure,RadarReflectivity,RainAbsolute,RainAccumulated,RainRate,SnowDepthIntensity,VolumeEquivalentDiameter,0.2723847846766673,0.07419347092335442
AverageParticleSpeed,Humidity,Pressure,RadarReflectivity,RainAbsolute,RainAccumulated,SnowDepthIntensity,VolumeEquivalentDiameter,0.27238478467666705,0.07419347092335427
AverageParticleSpeed,Humidity,KineticEnergy,RainAbsolute,RainIntensity,RainRate,VolumeEquivalentDiameter,WindSpeed,0.2722637843382162,0.0741275682621667
AverageParticleSpeed,Humidity,KineticEnergy,RainAccumulated,RainIntensity,RainRate,VolumeEquivalentDiameter,WindSpeed,0.2722637843382162,0.0741275682621667
Humidity,KineticEnergy,Pressure,RadarReflectivity,RainAbsolute,RainAccumulated,RainIntensity,WindSpeed,0.27210987991838936,0.07404378674920029
AverageParticleSpeed,Humidity,Pressure,RainAbsolute,RainIntensity,RainRate,SnowDepthIntensity,VolumeEquivalentDiameter,0.27176399721905914,0.07385567018448079
AverageParticleSpeed,Humidity,Pressure,RainAccumulated,RainIntensity,RainRate,SnowDepthIntensity,VolumeEquivalentDiameter,0.27176399721905914,0.07385567018448079
AverageParticleSpeed,Humidity,KineticEnergy,Pressure,RainAbsolute,RainIntensity,VolumeEquivalentDiameter,WindSpeed,0.2714668797664999,0.07369426681015932
AverageParticleSpeed,Humidity,KineticEnergy,Pressure,RainAccumulated,RainIntensity,VolumeEquivalentDiameter,WindSpeed,0.2714668797664999,0.07369426681015932
AverageParticleSpeed,Humidity,KineticEnergy,Pressure,RainAbsolute,RainIntensity,RainRate,WindSpeed,0.2714668797664998,0.07369426681015925
AverageParticleSpeed,Humidity,KineticEnergy,Pressure,RainAccumulated,RainIntensity,RainRate,WindSpeed,0.2714668797664998,0.07369426681015925
Humidity,KineticEnergy,Pressure,RainAbsolute,RainIntensity,RainRate,VolumeEquivalentDiameter,WindSpeed,0.2714668797664998,0.07369426681015925
Humidity,KineticEnergy,Pressure,RainAccumulated,RainIntensity,RainRate,VolumeEquivalentDiameter,WindSpeed,0.2714668797664998,0.07369426681015925
Humidity,RadarReflectivity,RainAbsolute,RainAccumulated,RainIntensity,RainRate,SnowDepthIntensity,VolumeEquivalentDiameter,0.27118678164709425,0.07354227054010878
AverageParticleSpeed,Humidity,RadarReflectivity,RainAbsolute,RainAccumulated,RainIntensity,RainRate,SnowDepthIntensity,0.27118678164709414,0.07354227054010871
AverageParticleSpeed,Humidity,RadarReflectivity,RainAbsolute,RainAccumulated,RainIntensity,SnowDepthIntensity,VolumeEquivalentDiameter,0.27118678164709364,0.07354227054010845
AverageParticleSpeed,Humidity,Pressure,RadarReflectivity,RainAbsolute,RainAccumulated,RainIntensity,SnowDepthIntensity,0.2709034894494598,0.07338870059589357
Humidity,Pressure,RadarReflectivity,RainAbsolute,RainAccumulated,RainIntensity,RainRate,SnowDepthIntensity,0.2709034894494597,0.07338870059589352
Humidity,Pressure,RadarReflectivity,RainAbsolute,RainAccumulated,RainIntensity,SnowDepthIntensity,VolumeEquivalentDiameter,0.2709034894494597,0.07338870059589352
AverageParticleSpeed,Humidity,KineticEnergy,Pressure,RainAbsolute,RainRate,SnowDepthIntensity,VolumeEquivalentDiameter,0.2707444526649663,0.07330255864885216
AverageParticleSpeed,Humidity,KineticEnergy,Pressure,RainAccumulated,RainRate,SnowDepthIntensity,VolumeEquivalentDiameter,0.2707444526649663,0.07330255864885216
AverageParticleSpeed,Humidity,KineticEnergy,RadarReflectivity,RainAbsolute,RainAccumulated,SnowDepthIntensity,VolumeEquivalentDiameter,0.27062850488840445,0.07323978765813316
AverageParticleSpeed,Humidity,KineticEnergy,RadarReflectivity,RainAbsolute,RainAccumulated,RainRate,SnowDepthIntensity,0.2706285048884044,0.07323978765813312
Humidity,KineticEnergy,RadarReflectivity,RainAbsolute,RainAccumulated,RainRate,SnowDepthIntensity,VolumeEquivalentDiameter,0.2706285048884043,0.07323978765813306
Humidity,KineticEnergy,Pressure,RadarReflectivity,RainAbsolute,RainAccumulated,RainRate,SnowDepthIntensity,0.27034417474690525,0.07308597281958525
AverageParticleSpeed,Humidity,KineticEnergy,Pressure,RadarReflectivity,RainAbsolute,RainAccumulated,SnowDepthIntensity,0.27034417474690503,0.07308597281958512
Humidity,KineticEnergy,Pressure,RadarReflectivity,RainAbsolute,RainAccumulated,SnowDepthIntensity,VolumeEquivalentDiameter,0.27034417474690503,0.07308597281958512
AverageParticleSpeed,Humidity,RadarReflectivity,RainAbsolute,RainAccumulated,RainRate,Temperature,VolumeEquivalentDiameter,0.2700540921046511,0.07292921266246738
Humidity,Pressure,RadarReflectivity,RainAbsolute,RainAccumulated,RainRate,Temperature,VolumeEquivalentDiameter,0.26976665015589135,0.07277404553633107
AverageParticleSpeed,Humidity,Pressure,RadarReflectivity,RainAbsolute,RainAccumulated,Temperature,VolumeEquivalentDiameter,0.2697666501558913,0.07277404553633104
AverageParticleSpeed,Humidity,Pressure,RadarReflectivity,RainAbsolute,RainAccumulated,RainRate,Temperature,0.26976665015589124,0.07277404553633102
AverageParticleSpeed,Humidity,KineticEnergy,RadarReflectivity,RainAbsolute,RainAccumulated,RainIntensity,SnowDepthIntensity,0.26914311792574636,0.0724380179267922
Humidity,KineticEnergy,RadarReflectivity,RainAbsolute,RainAccumulated,RainIntensity,RainRate,SnowDepthIntensity,0.2691431179257463,0.07243801792679218
Humidity,KineticEnergy,RadarReflectivity,RainAbsolute,RainAccumulated,RainIntensity,SnowDepthIntensity,VolumeEquivalentDiameter,0.26914311792574597,0.072438017926792
Humidity,KineticEnergy,Pressure,RadarReflectivity,RainAbsolute,RainAccumulated,RainIntensity,SnowDepthIntensity,0.2688562044221141,0.07228365865626561
AverageParticleSpeed,Humidity,RadarReflectivity,RainAbsolute,RainAccumulated,RainIntensity,RainRate,Temperature,0.26862413876067365,0.07215892792491364
Humidity,RadarReflectivity,RainAbsolute,RainAccumulated,RainIntensity,RainRate,Temperature,VolumeEquivalentDiameter,0.26862413876067365,0.07215892792491364
AverageParticleSpeed,Humidity,RadarReflectivity,RainAbsolute,RainAccumulated,RainIntensity,Temperature,VolumeEquivalentDiameter,0.2686241387606735,0.07215892792491356
AverageParticleSpeed,Humidity,KineticEnergy,RainAbsolute,RainIntensity,RainRate,SnowDepthIntensity,VolumeEquivalentDiameter,0.26837008263068957,0.07202250125120314
AverageParticleSpeed,Humidity,KineticEnergy,RainAccumulated,RainIntensity,RainRate,SnowDepthIntensity,VolumeEquivalentDiameter,0.26837008263068957,0.07202250125120314
Humidity,Pressure,RadarReflectivity,RainAbsolute,RainAccumulated,RainIntensity,RainRate,Temperature,0.2683341893374681,0.07200323716739618
AverageParticleSpeed,Humidity,Pressure,RadarReflectivity,RainAbsolute,RainAccumulated,RainIntensity,Temperature,0.26833418933746783,0.07200323716739604
Humidity,Pressure,RadarReflectivity,RainAbsolute,RainAccumulated,RainIntensity,Temperature,VolumeEquivalentDiameter,0.2683341893374678,0.07200323716739601
AverageParticleSpeed,Humidity,KineticEnergy,RadarReflectivity,RainAbsolute,RainAccumulated,Temperature,VolumeEquivalentDiameter,0.2680743159028804,0.07186383884679731
AverageParticleSpeed,Humidity,KineticEnergy,RadarReflectivity,RainAbsolute,RainAccumulated,RainRate,Temperature,0.26807431590288017,0.07186383884679719
Humidity,KineticEnergy,RadarReflectivity,RainAbsolute,RainAccumulated,RainRate,Temperature,VolumeEquivalentDiameter,0.2680743159028801,0.07186383884679716
AverageParticleSpeed,Humidity,KineticEnergy,Pressure,RadarReflectivity,RainAbsolute,RainAccumulated,Temperature,0.2677833535756199,0.07170792445220546
Humidity,KineticEnergy,Pressure,RadarReflectivity,RainAbsolute,RainAccumulated,Temperature,VolumeEquivalentDiameter,0.2677833535756199,0.07170792445220546
Humidity,KineticEnergy,Pressure,RadarReflectivity,RainAbsolute,RainAccumulated,RainRate,Temperature,0.26778335357561983,0.07170792445220543
AverageParticleSpeed,Humidity,KineticEnergy,Pressure,RainAbsolute,RainIntensity,RainRate,SnowDepthIntensity,0.2677547980393306,0.07169263187308272
AverageParticleSpeed,Humidity,KineticEnergy,Pressure,RainAbsolute,RainIntensity,SnowDepthIntensity,VolumeEquivalentDiameter,0.2677547980393306,0.07169263187308272
AverageParticleSpeed,Humidity,KineticEnergy,Pressure,RainAccumulated,RainIntensity,RainRate,SnowDepthIntensity,0.2677547980393306,0.07169263187308272
AverageParticleSpeed,Humidity,KineticEnergy,Pressure,RainAccumulated,RainIntensity,SnowDepthIntensity,VolumeEquivalentDiameter,0.2677547980393306,0.07169263187308272
Humidity,KineticEnergy,Pressure,RainAbsolute,RainIntensity,RainRate,SnowDepthIntensity,VolumeEquivalentDiameter,0.26775479803933055,0.0716926318730827
Humidity,KineticEnergy,Pressure,RainAccumulated,RainIntensity,RainRate,SnowDepthIntensity,VolumeEquivalentDiameter,0.26775479803933055,0.0716926318730827
AverageParticleSpeed,Humidity,ParticlesDetected,RainAbsolute,RainAccumulated,RainRate,VolumeEquivalentDiameter,WindSpeed,0.26764154778974636,0.07163199810329109
AverageParticleSpeed,Humidity,ParticlesDetected,Pressure,RainAbsolute,RainAccumulated,VolumeEquivalentDiameter,WindSpeed,0.26731293359579306,0.07145620446758887
AverageParticleSpeed,Humidity,ParticlesDetected,Pressure,RainAbsolute,RainAccumulated,RainRate,WindSpeed,0.26731293359579295,0.07145620446758881
Humidity,ParticlesDetected,Pressure,RainAbsolute,RainAccumulated,RainRate,VolumeEquivalentDiameter,WindSpeed,0.26731293359579295,0.07145620446758881
Humidity,KineticEnergy,RadarReflectivity,RainAbsolute,RainAccumulated,RainIntensity,RainRate,Temperature,0.26663592645367323,0.07109471727580864
AverageParticleSpeed,Humidity,KineticEnergy,RadarReflectivity,RainAbsolute,RainAccumulated,RainIntensity,Temperature,0.2666359264536731,0.07109471727580859
Humidity,KineticEnergy,RadarReflectivity,RainAbsolute,RainAccumulated,RainIntensity,Temperature,VolumeEquivalentDiameter,0.2666359264536731,0.07109471727580859
Humidity,KineticEnergy,Pressure,RadarReflectivity,RainAbsolute,RainAccumulated,RainIntensity,Temperature,0.2663424959993553,0.07093832517516659
AverageParticleSpeed,Humidity,ParticlesDetected,RainAbsolute,RainAccumulated,RainIntensity,RainRate,WindSpeed,0.2659685599445885,0.07073927487899817
Humidity,ParticlesDetected,RainAbsolute,RainAccumulated,RainIntensity,RainRate,VolumeEquivalentDiameter,WindSpeed,0.2659685599445885,0.07073927487899817
AverageParticleSpeed,Humidity,ParticlesDetected,RainAbsolute,RainAccumulated,RainIntensity,VolumeEquivalentDiameter,WindSpeed,0.2659685599445884,0.07073927487899812
Humidity,ParticlesDetected,Pressure,RainAbsolute,RainAccumulated,RainIntensity,VolumeEquivalentDiameter,WindSpeed,0.2656370703718252,0.07056305315572602
AverageParticleSpeed,Humidity,ParticlesDetected,Pressure,RainAbsolute,RainAccumulated,RainIntensity,WindSpeed,0.26563707037182516,0.07056305315572599
Humidity,ParticlesDetected,Pressure,RainAbsolute,RainAccumulated,RainIntensity,RainRate,WindSpeed,0.26563707037182505,0.07056305315572593
AverageParticleSpeed,Humidity,KineticEnergy,ParticlesDetected,RainAbsolute,RainAccumulated,VolumeEquivalentDiameter,WindSpeed,0.2652855126554399,0.07037640322485958
Humidity,KineticEnergy,ParticlesDetected,RainAbsolute,RainAccumulated,RainRate,VolumeEquivalentDiameter,WindSpeed,0.2652855126554399,0.07037640322485958
AverageParticleSpeed,Humidity,KineticEnergy,ParticlesDetected,RainAbsolute,RainAccumulated,RainRate,WindSpeed,0.26528551265543987,0.07037640322485955
AverageParticleSpeed,Humidity,ParticlesDetected,RainAbsolute,RainAccumulated,RainRate,SnowDepthIntensity,VolumeEquivalentDiameter,0.26513447188075717,0.07029628817948802
AverageParticleSpeed,Humidity,KineticEnergy,ParticlesDetected,Pressure,RainAbsolute,RainAccumulated,WindSpeed,0.2649527941441647,0.07019998312480014
Humidity,KineticEnergy,ParticlesDetected,Pressure,RainAbsolute,RainAccumulated,VolumeEquivalentDiameter,WindSpeed,0.2649527941441647,0.07019998312480014
Humidity,KineticEnergy,ParticlesDetected,Pressure,RainAbsolute,RainAccumulated,RainRate,WindSpeed,0.2649527941441645,0.07019998312480001
AverageParticleSpeed,Humidity,ParticlesDetected,Pressure,RainAbsolute,RainAccumulated,SnowDepthIntensity,VolumeEquivalentDiameter,0.2648378937758046,0.07013910997960435
AverageParticleSpeed,Humidity,ParticlesDetected,Pressure,RainAbsolute,RainAccumulated,RainRate,SnowDepthIntensity,0.2648378937758045,0.07013910997960432
Humidity,ParticlesDetected,Pressure,RainAbsolute,RainAccumulated,RainRate,SnowDepthIntensity,VolumeEquivalentDiameter,0.2648378937758043,0.07013910997960421
AverageParticleSpeed,Humidity,KineticEnergy,Pressure,RainIntensity,RainRate,VolumeEquivalentDiameter,WindSpeed,-0.26389506464920637,0.0696406051462088
Humidity,KineticEnergy,ParticlesDetected,RainAbsolute,RainAccumulated,RainIntensity,RainRate,WindSpeed,0.2636105633273256,0.06949052909774993
AverageParticleSpeed,Humidity,KineticEnergy,ParticlesDetected,RainAbsolute,RainAccumulated,RainIntensity,WindSpeed,0.26361056332732535,0.06949052909774982
Humidity,KineticEnergy,ParticlesDetected,RainAbsolute,RainAccumulated,RainIntensity,VolumeEquivalentDiameter,WindSpeed,0.26361056332732535,0.06949052909774982
AverageParticleSpeed,Humidity,ParticlesDetected,RainAbsolute,RainAccumulated,RainIntensity,SnowDepthIntensity,VolumeEquivalentDiameter,0.2635818685078742,0.06947540140610228
AverageParticleSpeed,Humidity,ParticlesDetected,RainAbsolute,RainAccumulated,RainIntensity,RainRate,SnowDepthIntensity,0.26358186850787346,0.0694754014061019
Humidity,ParticlesDetected,RainAbsolute,RainAccumulated,RainIntensity,RainRate,SnowDepthIntensity,VolumeEquivalentDiameter,0.26358186850787346,0.0694754014061019
Humidity,ParticlesDetected,Pressure,RainAbsolute,RainAccumulated,RainIntensity,RainRate,SnowDepthIntensity,0.2632826998499316,0.06931778004026916
AverageParticleSpeed,Humidity,ParticlesDetected,Pressure,RainAbsolute,RainAccumulated,RainIntensity,SnowDepthIntensity,0.2632826998499315,0.06931778004026913
Humidity,ParticlesDetected,Pressure,RainAbsolute,RainAccumulated,RainIntensity,SnowDepthIntensity,VolumeEquivalentDiameter,0.26328269984993147,0.0693177800402691
Humidity,KineticEnergy,ParticlesDetected,Pressure,RainAbsolute,RainAccumulated,RainIntensity,WindSpeed,0.2632750535945534,0.06931375384521496
Humidity,KineticEnergy,ParticlesDetected,RainAbsolute,RainAccumulated,RainRate,SnowDepthIntensity,VolumeEquivalentDiameter,0.26297102609170286,0.06915376056372306
AverageParticleSpeed,Humidity,KineticEnergy,ParticlesDetected,RainAbsolute,RainAccumulated,RainRate,SnowDepthIntensity,0.2629710260917028,0.06915376056372304
AverageParticleSpeed,Humidity,KineticEnergy,ParticlesDetected,RainAbsolute,RainAccumulated,SnowDepthIntensity,VolumeEquivalentDiameter,0.26297102609170236,0.0691537605637228
AverageParticleSpeed,Humidity,ParticlesDetected,RainAbsolute,RainAccumulated,RainRate,Temperature,VolumeEquivalentDiameter,0.2628530407670842,0.06909172104050243
Humidity,KineticEnergy,ParticlesDetected,Pressure,RainAbsolute,RainAccumulated,RainRate,SnowDepthIntensity,0.262670795643633,0.0689959468840592
AverageParticleSpeed,Humidity,KineticEnergy,ParticlesDetected,Pressure,RainAbsolute,RainAccumulated,SnowDepthIntensity,0.2626707956436327,0.06899594688405906
Humidity,KineticEnergy,ParticlesDetected,Pressure,RainAbsolute,RainAccumulated,SnowDepthIntensity,VolumeEquivalentDiameter,0.2626707956436327,0.06899594688405906
AverageParticleSpeed,Humidity,ParticlesDetected,Pressure,RainAbsolute,RainAccumulated,RainRate,Temperature,0.2625503522238721,0.06893268745287928
Humidity,ParticlesDetected,Pressure,RainAbsolute,RainAccumulated,RainRate,Temperature,VolumeEquivalentDiameter,0.2625503522238721,0.06893268745287928
AverageParticleSpeed,Humidity,ParticlesDetected,Pressure,RainAbsolute,RainAccumulated,Temperature,VolumeEquivalentDiameter,0.26255035222387196,0.06893268745287923
AverageParticleSpeed,Humidity,RadarReflectivity,RainAbsolute,RainAccumulated,SnowDepthIntensity,VolumeEquivalentDiameter,WindSpeed,0.2621149175106092,0.06870422998159348
AverageParticleSpeed,Humidity,RadarReflectivity,RainAbsolute,RainAccumulated,RainRate,SnowDepthIntensity,WindSpeed,0.262114917510609,0.06870422998159337
Humidity,RadarReflectivity,RainAbsolute,RainAccumulated,RainRate,SnowDepthIntensity,VolumeEquivalentDiameter,WindSpeed,0.262114917510609,0.06870422998159337
AverageParticleSpeed,Humidity,Pressure,RadarReflectivity,RainAbsolute,RainAccumulated,SnowDepthIntensity,WindSpeed,0.26178005411445215,0.0685287967321655
Humidity,Pressure,RadarReflectivity,RainAbsolute,RainAccumulated,SnowDepthIntensity,VolumeEquivalentDiameter,WindSpeed,0.26178005411445215,0.0685287967321655
Humidity,Pressure,RadarReflectivity,RainAbsolute,RainAccumulated,RainRate,SnowDepthIntensity,WindSpeed,0.2617800541144521,0.06852879673216547
Humidity,KineticEnergy,ParticlesDetected,RainAbsolute,RainAccumulated,RainIntensity,RainRate,SnowDepthIntensity,0.2614173439724619,0.06833902772961647
Humidity,KineticEnergy,ParticlesDetected,RainAbsolute,RainAccumulated,RainIntensity,SnowDepthIntensity,VolumeEquivalentDiameter,0.2614173439724617,0.06833902772961635
AverageParticleSpeed,Humidity,KineticEnergy,ParticlesDetected,RainAbsolute,RainAccumulated,RainIntensity,SnowDepthIntensity,0.26141734397246164,0.06833902772961632
Humidity,ParticlesDetected,RainAbsolute,RainAccumulated,RainIntensity,RainRate,Temperature,VolumeEquivalentDiameter,0.2613414747120778,0.0682993664046836
AverageParticleSpeed,Humidity,ParticlesDetected,RainAbsolute,RainAccumulated,RainIntensity,RainRate,Temperature,0.26134147471207775,0.06829936640468358
AverageParticleSpeed,Humidity,ParticlesDetected,RainAbsolute,RainAccumulated,RainIntensity,Temperature,VolumeEquivalentDiameter,0.26134147471207775,0.06829936640468358
Humidity,KineticEnergy,ParticlesDetected,Pressure,RainAbsolute,RainAccumulated,RainIntensity,SnowDepthIntensity,0.2611145929307083,0.06818083064136951
AverageParticleSpeed,Humidity,ParticlesDetected,Pressure,RainAbsolute,RainAccumulated,RainIntensity,Temperature,0.26103628439236226,0.06813994176937023
Humidity,ParticlesDetected,Pressure,RainAbsolute,RainAccumulated,RainIntensity,Temperature,VolumeEquivalentDiameter,0.26103628439236226,0.06813994176937023
Humidity,ParticlesDetected,Pressure,RainAbsolute,RainAccumulated,RainIntensity,RainRate,Temperature,0.2610362843923622,0.0681399417693702
AverageParticleSpeed,Humidity,KineticEnergy,ParticlesDetected,RainAbsolute,RainAccumulated,Temperature,VolumeEquivalentDiameter,0.26073629003059273,0.06798341293891737
AverageParticleSpeed,Humidity,KineticEnergy,ParticlesDetected,RainAbsolute,RainAccumulated,RainRate,Temperature,0.2607362900305926,0.06798341293891731
Humidity,KineticEnergy,ParticlesDetected,RainAbsolute,RainAccumulated,RainRate,Temperature,VolumeEquivalentDiameter,0.2607362900305926,0.06798341293891731
Humidity,RadarReflectivity,RainAbsolute,RainAccumulated,RainIntensity,SnowDepthIntensity,VolumeEquivalentDiameter,WindSpeed,0.2605519017464315,0.0678872935036821
Humidity,RadarReflectivity,RainAbsolute,RainAccumulated,RainIntensity,RainRate,SnowDepthIntensity,WindSpeed,0.26055190174643134,0.06788729350368201
AverageParticleSpeed,Humidity,RadarReflectivity,RainAbsolute,RainAccumulated,RainIntensity,SnowDepthIntensity,WindSpeed,0.26055190174643117,0.06788729350368192
Humidity,KineticEnergy,ParticlesDetected,Pressure,RainAbsolute,RainAccumulated,RainRate,Temperature,0.2604300518111608,0.0678238118863639
AverageParticleSpeed,Humidity,KineticEnergy,ParticlesDetected,Pressure,RainAbsolute,RainAccumulated,Temperature,0.26043005181116075,0.06782381188636387
Humidity,KineticEnergy,ParticlesDetected,Pressure,RainAbsolute,RainAccumulated,Temperature,VolumeEquivalentDiameter,0.26043005181116075,0.06782381188636387
Humidity,Pressure,RadarReflectivity,RainAbsolute,RainAccumulated,RainIntensity,SnowDepthIntensity,WindSpeed,0.2602146089921402,0.06771164273293243
AverageParticleSpeed,Humidity,KineticEnergy,RadarReflectivity,RainAbsolute,RainAccumulated,SnowDepthIntensity,WindSpeed,0.2599550977277005,0.0675766528346183
Humidity,KineticEnergy,RadarReflectivity,RainAbsolute,RainAccumulated,SnowDepthIntensity,VolumeEquivalentDiameter,WindSpeed,0.2599550977277004,0.06757665283461828
Humidity,KineticEnergy,RadarReflectivity,RainAbsolute,RainAccumulated,RainRate,SnowDepthIntensity,WindSpeed,0.2599550977277003,0.06757665283461822
Humidity,KineticEnergy,Pressure,RadarReflectivity,RainAbsolute,RainAccumulated,SnowDepthIntensity,WindSpeed,0.25961684419487235,0.06740090578970463
AverageParticleSpeed,Humidity,Pressure,RainAbsolute,RainIntensity,RainRate,Temperature,VolumeEquivalentDiameter,0.25955403338693483,0.06736829624742609
AverageParticleSpeed,Humidity,Pressure,RainAccumulated,RainIntensity,RainRate,Temperature,VolumeEquivalentDiameter,0.25955403338693483,0.06736829624742609
Humidity,RadarReflectivity,RainAbsolute,RainAccumulated,RainRate,Temperature,VolumeEquivalentDiameter,WindSpeed,0.25953455925521224,0.06735818744779727
AverageParticleSpeed,Humidity,RadarReflectivity,RainAbsolute,RainAccumulated,Temperature,VolumeEquivalentDiameter,WindSpeed,0.2595345592552122,0.06735818744779724
AverageParticleSpeed,Humidity,RadarReflectivity,RainAbsolute,RainAccumulated,RainRate,Temperature,WindSpeed,0.2595345592552121,0.06735818744779722
AverageParticleSpeed,Humidity,KineticEnergy,ParticlesDetected,RainAbsolute,RainAccumulated,RainIntensity,Temperature,0.25922198236169725,0.06719603613952808
Humidity,KineticEnergy,ParticlesDetected,RainAbsolute,RainAccumulated,RainIntensity,Temperature,VolumeEquivalentDiameter,0.25922198236169725,0.06719603613952808
Humidity,KineticEnergy,ParticlesDetected,RainAbsolute,RainAccumulated,RainIntensity,RainRate,Temperature,0.25922198236169697,0.06719603613952793
Humidity,Pressure,RadarReflectivity,RainAbsolute,RainAccumulated,RainRate,Temperature,WindSpeed,0.2591923672321925,0.06718068323142774
Humidity,Pressure,RadarReflectivity,RainAbsolute,RainAccumulated,Temperature,VolumeEquivalentDiameter,WindSpeed,0.25919236723219224,0.0671806832314276
AverageParticleSpeed,Humidity,Pressure,RadarReflectivity,RainAbsolute,RainAccumulated,Temperature,WindSpeed,0.2591923672321922,0.06718068323142758
Humidity,KineticEnergy,ParticlesDetected,Pressure,RainAbsolute,RainAccumulated,RainIntensity,Temperature,0.2589133057125431,0.06703609987499681
AverageParticleSpeed,Humidity,KineticEnergy,Pressure,RainAbsolute,RainRate,Temperature,VolumeEquivalentDiameter,0.2586423369526371,0.06689585846432147
AverageParticleSpeed,Humidity,KineticEnergy,Pressure,RainAccumulated,RainRate,Temperature,VolumeEquivalentDiameter,0.2586423369526371,0.06689585846432147
Humidity,KineticEnergy,RadarReflectivity,RainAbsolute,RainAccumulated,RainIntensity,SnowDepthIntensity,WindSpeed,0.2583880671969443,0.0667643932697726
Humidity,RadarReflectivity,RainAbsolute,RainAccumulated,RainIntensity,RainRate,Temperature,WindSpeed,0.2580196140294199,0.06657412122389082
Humidity,RadarReflectivity,RainAbsolute,RainAccumulated,RainIntensity,Temperature,VolumeEquivalentDiameter,WindSpeed,0.25801961402941975,0.06657412122389074
AverageParticleSpeed,Humidity,RadarReflectivity,RainAbsolute,RainAccumulated,RainIntensity,Temperature,WindSpeed,0.2580196140294197,0.06657412122389071
Humidity,Pressure,RadarReflectivity,RainAbsolute,RainAccumulated,RainIntensity,Temperature,WindSpeed,0.2576751022289533,0.06639645830870153
AverageParticleSpeed,Humidity,KineticEnergy,RadarReflectivity,RainAbsolute,RainAccumulated,Temperature,WindSpeed,0.2574304031216362,0.06627041245136811
Humidity,KineticEnergy,RadarReflectivity,RainAbsolute,RainAccumulated,Temperature,VolumeEquivalentDiameter,WindSpeed,0.2574304031216362,0.06627041245136811
Humidity,KineticEnergy,RadarReflectivity,RainAbsolute,RainAccumulated,RainRate,Temperature,WindSpeed,0.25743040312163595,0.066270412451368
AverageParticleSpeed,Humidity,RadarReflectivity,RainAbsolute,RainAccumulated,SnowDepthIntensity,Temperature,VolumeEquivalentDiameter,0.2572864413057048,0.0661963128797539
AverageParticleSpeed,Humidity,RadarReflectivity,RainAbsolute,RainAccumulated,RainRate,SnowDepthIntensity,Temperature,0.25728644130570477,0.06619631287975386
Humidity,RadarReflectivity,RainAbsolute,RainAccumulated,RainRate,SnowDepthIntensity,Temperature,VolumeEquivalentDiameter,0.25728644130570477,0.06619631287975386
Humidity,KineticEnergy,Pressure,RadarReflectivity,RainAbsolute,RainAccumulated,Temperature,WindSpeed,0.2570849526379303,0.06609267287284687
Humidity,Pressure,RadarReflectivity,RainAbsolute,RainAccumulated,SnowDepthIntensity,Temperature,VolumeEquivalentDiameter,0.2569770668758162,0.0660372129000977
AverageParticleSpeed,Humidity,Pressure,RadarReflectivity,RainAbsolute,RainAccumulated,SnowDepthIntensity,Temperature,0.2569770668758161,0.06603721290009767
Humidity,Pressure,RadarReflectivity,RainAbsolute,RainAccumulated,RainRate,SnowDepthIntensity,Temperature,0.2569770668758161,0.06603721290009767
AverageParticleSpeed,Humidity,KineticEnergy,RainAbsolute,RainIntensity,RainRate,Temperature,VolumeEquivalentDiameter,0.2567366312963759,0.06591369784941127
AverageParticleSpeed,Humidity,KineticEnergy,RainAccumulated,RainIntensity,RainRate,Temperature,VolumeEquivalentDiameter,0.2567366312963759,0.06591369784941127
AverageParticleSpeed,Humidity,KineticEnergy,Pressure,RainAbsolute,RainIntensity,RainRate,Temperature,0.25605788300268306,0.06556563944781572
AverageParticleSpeed,Humidity,KineticEnergy,Pressure,RainAccumulated,RainIntensity,RainRate,Temperature,0.25605788300268306,0.06556563944781572
AverageParticleSpeed,Humidity,KineticEnergy,Pressure,RainAbsolute,RainIntensity,Temperature,VolumeEquivalentDiameter,0.256057883002683,0.0655656394478157
AverageParticleSpeed,Humidity,KineticEnergy,Pressure,RainAccumulated,RainIntensity,Temperature,VolumeEquivalentDiameter,0.256057883002683,0.0655656394478157
Humidity,KineticEnergy,Pressure,RainAbsolute,RainIntensity,RainRate,Temperature,VolumeEquivalentDiameter,0.256057883002683,0.0655656394478157
Humidity,KineticEnergy,Pressure,RainAccumulated,RainIntensity,RainRate,Temperature,VolumeEquivalentDiameter,0.256057883002683,0.0655656394478157
Humidity,KineticEnergy,RadarReflectivity,RainAbsolute,RainAccumulated,RainIntensity,Temperature,WindSpeed,0.2559095364341929,0.06548969083796351
AverageParticleSpeed,Humidity,RadarReflectivity,RainAbsolute,RainAccumulated,RainIntensity,SnowDepthIntensity,Temperature,0.2558746938448588,0.06547185895020022
Humidity,RadarReflectivity,RainAbsolute,RainAccumulated,RainIntensity,SnowDepthIntensity,Temperature,VolumeEquivalentDiameter,0.25587469384485867,0.06547185895020015
Humidity,RadarReflectivity,RainAbsolute,RainAccumulated,RainIntensity,RainRate,SnowDepthIntensity,Temperature,0.2558746938448586,0.06547185895020012
Humidity,Pressure,RadarReflectivity,RainAbsolute,RainAccumulated,RainIntensity,SnowDepthIntensity,Temperature,0.2555632131732941,0.06531255592745856
Humidity,KineticEnergy,RadarReflectivity,RainAbsolute,RainAccumulated,RainRate,SnowDepthIntensity,Temperature,0.25534480478674965,0.06520096933158329
AverageParticleSpeed,Humidity,KineticEnergy,RadarReflectivity,RainAbsolute,RainAccumulated,SnowDepthIntensity,Temperature,0.2553448047867495,0.0652009693315832
Humidity,KineticEnergy,RadarReflectivity,RainAbsolute,RainAccumulated,SnowDepthIntensity,Temperature,VolumeEquivalentDiameter,0.2553448047867494,0.06520096933158318
Humidity,KineticEnergy,Pressure,RadarReflectivity,RainAbsolute,RainAccumulated,SnowDepthIntensity,Temperature,0.2550325059111192,0.06504157907130505
Humidity,KineticEnergy,RadarReflectivity,RainAbsolute,RainAccumulated,RainIntensity,SnowDepthIntensity,Temperature,0.25392875039369145,0.06447981027650165
AverageParticleSpeed,Humidity,ParticlesDetected,RainAbsolute,RainAccumulated,RainRate,SnowDepthIntensity,WindSpeed,0.2537781057851636,0.06440332697590567
Humidity,ParticlesDetected,RainAbsolute,RainAccumulated,RainRate,SnowDepthIntensity,VolumeEquivalentDiameter,WindSpeed,0.2537781057851636,0.06440332697590567
AverageParticleSpeed,Humidity,ParticlesDetected,RainAbsolute,RainAccumulated,SnowDepthIntensity,VolumeEquivalentDiameter,WindSpeed,0.2537781057851635,0.06440332697590564
Humidity,ParticlesDetected,Pressure,RainAbsolute,RainAccumulated,RainRate,SnowDepthIntensity,WindSpeed,0.25342669314076427,0.0642250887962631
Humidity,ParticlesDetected,Pressure,RainAbsolute,RainAccumulated,SnowDepthIntensity,VolumeEquivalentDiameter,WindSpeed,0.2534266931407641,0.06422508879626301
AverageParticleSpeed,Humidity,ParticlesDetected,Pressure,RainAbsolute,RainAccumulated,SnowDepthIntensity,WindSpeed,0.25342669314076405,0.06422508879626299
AverageParticleSpeed,ParticlesDetected,Pressure,RadarReflectivity,RainAbsolute,RainAccumulated,RainRate,VolumeEquivalentDiameter,0.2528332957228648,0.0639246754260856
AverageParticleSpeed,KineticEnergy,Pressure,RadarReflectivity,RainAbsolute,RainIntensity,RainRate,VolumeEquivalentDiameter,0.2525624943444186,0.06378781354947446
AverageParticleSpeed,KineticEnergy,Pressure,RadarReflectivity,RainAccumulated,RainIntensity,RainRate,VolumeEquivalentDiameter,0.2525624943444186,0.06378781354947446
Humidity,ParticlesDetected,RainAbsolute,RainAccumulated,RainIntensity,SnowDepthIntensity,VolumeEquivalentDiameter,WindSpeed,0.2521517551888141,0.06358050764479964
AverageParticleSpeed,Humidity,ParticlesDetected,RainAbsolute,RainAccumulated,RainIntensity,SnowDepthIntensity,WindSpeed,0.25215175518881405,0.06358050764479961
Humidity,ParticlesDetected,RainAbsolute,RainAccumulated,RainIntensity,RainRate,SnowDepthIntensity,WindSpeed,0.25215175518881394,0.06358050764479956
Humidity,ParticlesDetected,Pressure,RainAbsolute,RainAccumulated,RainIntensity,SnowDepthIntensity,WindSpeed,0.25179804981505216,0.06340225789066349
AverageParticleSpeed,ParticlesDetected,RadarReflectivity,RainAbsolute,RainAccumulated,RainIntensity,RainRate,VolumeEquivalentDiameter,0.25177720390383673,0.06339176040563418
AverageParticleSpeed,Humidity,ParticlesDetected,RainAbsolute,RainAccumulated,RainRate,Temperature,WindSpeed,0.25152637053775095,0.063265515075894
Humidity,ParticlesDetected,RainAbsolute,RainAccumulated,RainRate,Temperature,VolumeEquivalentDiameter,WindSpeed,0.2515263705377509,0.06326551507589397
AverageParticleSpeed,Humidity,ParticlesDetected,RainAbsolute,RainAccumulated,Temperature,VolumeEquivalentDiameter,WindSpeed,0.2515263705377507,0.06326551507589386
Humidity,KineticEnergy,ParticlesDetected,RainAbsolute,RainAccumulated,RainRate,SnowDepthIntensity,WindSpeed,0.25150629353305953,0.06325541568673751
AverageParticleSpeed,Humidity,KineticEnergy,ParticlesDetected,RainAbsolute,RainAccumulated,SnowDepthIntensity,WindSpeed,0.2515062935330592,0.06325541568673733
Humidity,KineticEnergy,ParticlesDetected,RainAbsolute,RainAccumulated,SnowDepthIntensity,VolumeEquivalentDiameter,WindSpeed,0.2515062935330592,0.06325541568673733
AverageParticleSpeed,ParticlesDetected,Pressure,RadarReflectivity,RainAbsolute,RainAccumulated,RainIntensity,VolumeEquivalentDiameter,0.2514816302401828,0.06324301034826
AverageParticleSpeed,ParticlesDetected,Pressure,RadarReflectivity,RainAbsolute,RainAccumulated,RainIntensity,RainRate,0.2514816302401825,0.06324301034825987
ParticlesDetected,Pressure,RadarReflectivity,RainAbsolute,RainAccumulated,RainIntensity,RainRate,VolumeEquivalentDiameter,0.2514816302401825,0.06324301034825987
AverageParticleSpeed,KineticEnergy,ParticlesDetected,RadarReflectivity,RainAbsolute,RainAccumulated,RainRate,VolumeEquivalentDiameter,0.25122218853071276,0.063112588010161
AverageParticleSpeed,Humidity,ParticlesDetected,Pressure,RainAbsolute,RainAccumulated,Temperature,WindSpeed,0.25116817557470894,0.06308545242152781
Humidity,ParticlesDetected,Pressure,RainAbsolute,RainAccumulated,Temperature,VolumeEquivalentDiameter,WindSpeed,0.25116817557470883,0.06308545242152776
Humidity,ParticlesDetected,Pressure,RainAbsolute,RainAccumulated,RainRate,Temperature,WindSpeed,0.25116817557470866,0.06308545242152767
Humidity,KineticEnergy,ParticlesDetected,Pressure,RainAbsolute,RainAccumulated,SnowDepthIntensity,WindSpeed,0.25115165125858563,0.06307715192991421
AverageParticleSpeed,KineticEnergy,ParticlesDetected,Pressure,RadarReflectivity,RainAbsolute,RainAccumulated,RainRate,0.25092599835237517,0.06296385664913619
KineticEnergy,ParticlesDetected,Pressure,RadarReflectivity,RainAbsolute,RainAccumulated,RainRate,VolumeEquivalentDiameter,0.2509259983523751,0.06296385664913616
AverageParticleSpeed,KineticEnergy,ParticlesDetected,Pressure,RadarReflectivity,RainAbsolute,RainAccumulated,VolumeEquivalentDiameter,0.2509259983523749,0.06296385664913605
AverageParticleSpeed,Humidity,ParticlesDetected,RainAbsolute,RainAccumulated,SnowDepthIntensity,Temperature,VolumeEquivalentDiameter,0.25021869391529794,0.06260939478467756
AverageParticleSpeed,Humidity,ParticlesDetected,RainAbsolute,RainAccumulated,RainRate,SnowDepthIntensity,Temperature,0.25021869391529783,0.0626093947846775
Humidity,ParticlesDetected,RainAbsolute,RainAccumulated,RainRate,SnowDepthIntensity,Temperature,VolumeEquivalentDiameter,0.2502186939152978,0.06260939478467747
AverageParticleSpeed,Humidity,ParticlesDetected,RainAbsolute,RainAccumulated,RainIntensity,Temperature,WindSpeed,0.24993925171025438,0.0624696295454819
Humidity,ParticlesDetected,RainAbsolute,RainAccumulated,RainIntensity,Temperature,VolumeEquivalentDiameter,WindSpeed,0.24993925171025438,0.0624696295454819
Humidity,ParticlesDetected,RainAbsolute,RainAccumulated,RainIntensity,RainRate,Temperature,WindSpeed,0.24993925171025433,0.062469629545481874
Humidity,ParticlesDetected,Pressure,RainAbsolute,RainAccumulated,SnowDepthIntensity,Temperature,VolumeEquivalentDiameter,0.24989585746392098,0.062447939577628314
AverageParticleSpeed,Humidity,ParticlesDetected,Pressure,RainAbsolute,RainAccumulated,SnowDepthIntensity,Temperature,0.24989585746392093,0.062447939577628286
Humidity,ParticlesDetected,Pressure,RainAbsolute,RainAccumulated,RainRate,SnowDepthIntensity,Temperature,0.24989585746392085,0.062447939577628245
Humidity,KineticEnergy,ParticlesDetected,RainAbsolute,RainAccumulated,RainIntensity,SnowDepthIntensity,WindSpeed,0.2498820867563876,0.06244105728172682
KineticEnergy,ParticlesDetected,RadarReflectivity,RainAbsolute,RainAccumulated,RainIntensity,RainRate,VolumeEquivalentDiameter,0.24987469160245906,0.06243736150342403
AverageParticleSpeed,KineticEnergy,ParticlesDetected,RadarReflectivity,RainAbsolute,RainAccumulated,RainIntensity,RainRate,0.24987469160245876,0.062437361503423876
AverageParticleSpeed,KineticEnergy,ParticlesDetected,RadarReflectivity,RainAbsolute,RainAccumulated,RainIntensity,VolumeEquivalentDiameter,0.2498746916024584,0.062437361503423695
Humidity,ParticlesDetected,Pressure,RainAbsolute,RainAccumulated,RainIntensity,Temperature,WindSpeed,0.24957883831775468,0.06228959653603993
KineticEnergy,ParticlesDetected,Pressure,RadarReflectivity,RainAbsolute,RainAccumulated,RainIntensity,VolumeEquivalentDiameter,0.24957710135933264,0.0622887295229266
AverageParticleSpeed,KineticEnergy,ParticlesDetected,Pressure,RadarReflectivity,RainAbsolute,RainAccumulated,RainIntensity,0.2495771013593326,0.06228872952292657
KineticEnergy,ParticlesDetected,Pressure,RadarReflectivity,RainAbsolute,RainAccumulated,RainIntensity,RainRate,0.24957710135933253,0.06228872952292654
Humidity,KineticEnergy,ParticlesDetected,RainAbsolute,RainAccumulated,Temperature,VolumeEquivalentDiameter,WindSpeed,0.24929818353914757,0.06214958431591851
AverageParticleSpeed,Humidity,KineticEnergy,ParticlesDetected,RainAbsolute,RainAccumulated,Temperature,WindSpeed,0.24929818353914746,0.06214958431591845
Humidity,KineticEnergy,ParticlesDetected,RainAbsolute,RainAccumulated,RainRate,Temperature,WindSpeed,0.24929818353914734,0.062149584315918396
Humidity,KineticEnergy,ParticlesDetected,Pressure,RainAbsolute,RainAccumulated,Temperature,WindSpeed,0.24893684434541713,0.061969552472654434
Humidity,ParticlesDetected,RainAbsolute,RainAccumulated,RainIntensity,RainRate,SnowDepthIntensity,Temperature,0.24874262460841254,0.061872893297081635
AverageParticleSpeed,Humidity,ParticlesDetected,RainAbsolute,RainAccumulated,RainIntensity,SnowDepthIntensity,Temperature,0.24874262460841232,0.06187289329708153
Humidity,ParticlesDetected,RainAbsolute,RainAccumulated,RainIntensity,SnowDepthIntensity,Temperature,VolumeEquivalentDiameter,0.24874262460841232,0.06187289329708153
Humidity,ParticlesDetected,Pressure,RainAbsolute,RainAccumulated,RainIntensity,SnowDepthIntensity,Temperature,0.24841774439576766,0.06171137573068096
Humidity,KineticEnergy,ParticlesDetected,RainAbsolute,RainAccumulated,RainRate,SnowDepthIntensity,Temperature,0.2481664564251883,0.06158659009463489
AverageParticleSpeed,Humidity,KineticEnergy,ParticlesDetected,RainAbsolute,RainAccumulated,SnowDepthIntensity,Temperature,0.24816645642518817,0.06158659009463482
Humidity,KineticEnergy,ParticlesDetected,RainAbsolute,RainAccumulated,SnowDepthIntensity,Temperature,VolumeEquivalentDiameter,0.24816645642518817,0.06158659009463482
AverageParticleSpeed,Humidity,Pressure,RainAbsolute,RainRate,SnowDepthIntensity,VolumeEquivalentDiameter,WindSpeed,0.24787414134700234,0.061441589948513696
AverageParticleSpeed,Humidity,Pressure,RainAccumulated,RainRate,SnowDepthIntensity,VolumeEquivalentDiameter,WindSpeed,0.24787414134700234,0.061441589948513696
Humidity,KineticEnergy,ParticlesDetected,Pressure,RainAbsolute,RainAccumulated,SnowDepthIntensity,Temperature,0.24784075413978474,0.06142503941257722
Humidity,KineticEnergy,ParticlesDetected,RainAbsolute,RainAccumulated,RainIntensity,Temperature,WindSpeed,0.24771142980481814,0.061360952455947346
Humidity,KineticEnergy,ParticlesDetected,RainAbsolute,RainAccumulated,RainIntensity,SnowDepthIntensity,Temperature,0.24669105852325757,0.06085647835532529
Humidity,RadarReflectivity,RainAbsolute,RainAccumulated,RainRate,SnowDepthIntensity,Temperature,WindSpeed,0.24611878847994523,0.06057445804283602
Humidity,RadarReflectivity,RainAbsolute,RainAccumulated,SnowDepthIntensity,Temperature,VolumeEquivalentDiameter,WindSpeed,0.2461187884799452,0.060574458042836
AverageParticleSpeed,Humidity,RadarReflectivity,RainAbsolute,RainAccumulated,SnowDepthIntensity,Temperature,WindSpeed,0.24611878847994498,0.0605744580428359
AverageParticleSpeed,Humidity,Pressure,RainIntensity,RainRate,Temperature,VolumeEquivalentDiameter,WindSpeed,-0.2457839004348004,0.06040972571294387
Humidity,Pressure,RadarReflectivity,RainAbsolute,RainAccumulated,SnowDepthIntensity,Temperature,WindSpeed,0.24575665909786537,0.06039633549094441
AverageParticleSpeed,Humidity,RainAbsolute,RainIntensity,RainRate,SnowDepthIntensity,VolumeEquivalentDiameter,WindSpeed,0.24549763029460414,0.06026908648026614
AverageParticleSpeed,Humidity,RainAccumulated,RainIntensity,RainRate,SnowDepthIntensity,VolumeEquivalentDiameter,WindSpeed,0.24549763029460414,0.06026908648026614
AverageParticleSpeed,Humidity,KineticEnergy,Pressure,RainRate,Temperature,VolumeEquivalentDiameter,WindSpeed,-0.24471752644679007,0.0598866677502354
Humidity,RadarReflectivity,RainAbsolute,RainAccumulated,RainIntensity,SnowDepthIntensity,Temperature,WindSpeed,0.24463934845325097,0.05984841081163115
AverageParticleSpeed,Humidity,Pressure,RainAbsolute,RainIntensity,SnowDepthIntensity,VolumeEquivalentDiameter,WindSpeed,0.2445925230294909,0.05982550232193203
AverageParticleSpeed,Humidity,Pressure,RainAccumulated,RainIntensity,SnowDepthIntensity,VolumeEquivalentDiameter,WindSpeed,0.2445925230294909,0.05982550232193203
AverageParticleSpeed,Humidity,Pressure,RainAbsolute,RainIntensity,RainRate,SnowDepthIntensity,WindSpeed,0.24459252302949075,0.05982550232193196
AverageParticleSpeed,Humidity,Pressure,RainAccumulated,RainIntensity,RainRate,SnowDepthIntensity,WindSpeed,0.24459252302949075,0.05982550232193196
Humidity,Pressure,RainAbsolute,RainIntensity,RainRate,SnowDepthIntensity,VolumeEquivalentDiameter,WindSpeed,0.24459252302949075,0.05982550232193196
Humidity,Pressure,RainAccumulated,RainIntensity,RainRate,SnowDepthIntensity,VolumeEquivalentDiameter,WindSpeed,0.24459252302949075,0.05982550232193196
AverageParticleSpeed,Humidity,KineticEnergy,RainAbsolute,RainRate,SnowDepthIntensity,VolumeEquivalentDiameter,WindSpeed,0.24431742950064833,0.05969100635780427
AverageParticleSpeed,Humidity,KineticEnergy,RainAccumulated,RainRate,SnowDepthIntensity,VolumeEquivalentDiameter,WindSpeed,0.24431742950064833,0.05969100635780427
Humidity,KineticEnergy,RadarReflectivity,RainAbsolute,RainAccumulated,SnowDepthIntensity,Temperature,WindSpeed,0.2440785026843523,0.05957431547263537
AverageParticleSpeed,Humidity,KineticEnergy,Pressure,RainAbsolute,SnowDepthIntensity,VolumeEquivalentDiameter,WindSpeed,0.2434086464489732,0.059247769166121234
AverageParticleSpeed,Humidity,KineticEnergy,Pressure,RainAccumulated,SnowDepthIntensity,VolumeEquivalentDiameter,WindSpeed,0.2434086464489732,0.059247769166121234
AverageParticleSpeed,Humidity,KineticEnergy,Pressure,RainAbsolute,RainRate,SnowDepthIntensity,WindSpeed,0.2434086464489731,0.05924776916612118
AverageParticleSpeed,Humidity,KineticEnergy,Pressure,RainAccumulated,RainRate,SnowDepthIntensity,WindSpeed,0.2434086464489731,0.05924776916612118
Humidity,KineticEnergy,Pressure,RainAbsolute,RainRate,SnowDepthIntensity,VolumeEquivalentDiameter,WindSpeed,0.24340864644897303,0.05924776916612115
Humidity,KineticEnergy,Pressure,RainAccumulated,RainRate,SnowDepthIntensity,VolumeEquivalentDiameter,WindSpeed,0.24340864644897303,0.05924776916612115
AverageParticleSpeed,Humidity,Pressure,RainIntensity,RainRate,SnowDepthIntensity,VolumeEquivalentDiameter,WindSpeed,-0.24327372725839802,0.05918210637419343
AverageParticleSpeed,Humidity,KineticEnergy,Pressure,RainIntensity,Temperature,VolumeEquivalentDiameter,WindSpeed,-0.24278493337062299,0.05894452387177784
Humidity,KineticEnergy,Pressure,RainIntensity,RainRate,Temperature,VolumeEquivalentDiameter,WindSpeed,-0.24278493337062299,0.05894452387177784
AverageParticleSpeed,Humidity,KineticEnergy,Pressure,RainIntensity,RainRate,Temperature,WindSpeed,-0.24278493337062282,0.05894452387177776
AverageParticleSpeed,Humidity,KineticEnergy,Pressure,RainRate,SnowDepthIntensity,VolumeEquivalentDiameter,WindSpeed,-0.24195754379265305,0.058543452998173616
AverageParticleSpeed,ParticlesDetected,RadarReflectivity,RainAbsolute,RainAccumulated,RainRate,SnowDepthIntensity,VolumeEquivalentDiameter,0.24194741356551216,0.05853855093104098
AverageParticleSpeed,ParticlesDetected,RadarReflectivity,RainAbsolute,RainAccumulated,RainRate,VolumeEquivalentDiameter,WindSpeed,0.241761584622047,0.05844866379896319
AverageParticleSpeed,ParticlesDetected,Pressure,RadarReflectivity,RainAbsolute,RainAccumulated,RainRate,SnowDepthIntensity,0.2416416894202888,0.058390706065891314
ParticlesDetected,Pressure,RadarReflectivity,RainAbsolute,RainAccumulated,RainRate,SnowDepthIntensity,VolumeEquivalentDiameter,0.2416416894202888,0.058390706065891314
AverageParticleSpeed,ParticlesDetected,Pressure,RadarReflectivity,RainAbsolute,RainAccumulated,SnowDepthIntensity,VolumeEquivalentDiameter,0.24164168942028874,0.058390706065891286
AverageParticleSpeed,ParticlesDetected,Pressure,RadarReflectivity,RainAbsolute,RainAccumulated,RainRate,WindSpeed,0.24142584670705575,0.05828643945821878
ParticlesDetected,Pressure,RadarReflectivity,RainAbsolute,RainAccumulated,RainRate,VolumeEquivalentDiameter,WindSpeed,0.24142584670705575,0.05828643945821878
AverageParticleSpeed,ParticlesDetected,Pressure,RadarReflectivity,RainAbsolute,RainAccumulated,VolumeEquivalentDiameter,WindSpeed,0.24142584670705547,0.058286439458218646
AverageParticleSpeed,ParticlesDetected,RadarReflectivity,RainAbsolute,RainAccumulated,RainRate,Temperature,VolumeEquivalentDiameter,0.24129679179366997,0.05822414172991772
AverageParticleSpeed,Humidity,KineticEnergy,RainAbsolute,RainIntensity,RainRate,SnowDepthIntensity,WindSpeed,0.24099150132873012,0.058076903712675335
AverageParticleSpeed,Humidity,KineticEnergy,RainAccumulated,RainIntensity,RainRate,SnowDepthIntensity,WindSpeed,0.24099150132873012,0.058076903712675335
Humidity,KineticEnergy,RainAbsolute,RainIntensity,RainRate,SnowDepthIntensity,VolumeEquivalentDiameter,WindSpeed,0.24099150132873004,0.05807690371267529
Humidity,KineticEnergy,RainAccumulated,RainIntensity,RainRate,SnowDepthIntensity,VolumeEquivalentDiameter,WindSpeed,0.24099150132873004,0.05807690371267529
AverageParticleSpeed,Humidity,KineticEnergy,RainAbsolute,RainIntensity,SnowDepthIntensity,VolumeEquivalentDiameter,WindSpeed,0.24099150132872987,0.05807690371267521
AverageParticleSpeed,Humidity,KineticEnergy,RainAccumulated,RainIntensity,SnowDepthIntensity,VolumeEquivalentDiameter,WindSpeed,0.24099150132872987,0.05807690371267521
ParticlesDetected,Pressure,RadarReflectivity,RainAbsolute,RainAccumulated,RainRate,Temperature,VolumeEquivalentDiameter,0.24098782693805973,0.05807513273232823
AverageParticleSpeed,ParticlesDetected,Pressure,RadarReflectivity,RainAbsolute,RainAccumulated,RainRate,Temperature,0.24098782693805962,0.05807513273232817
AverageParticleSpeed,ParticlesDetected,Pressure,RadarReflectivity,RainAbsolute,RainAccumulated,Temperature,VolumeEquivalentDiameter,0.24098782693805948,0.05807513273232811
AverageParticleSpeed,Humidity,KineticEnergy,RainIntensity,RainRate,Temperature,VolumeEquivalentDiameter,WindSpeed,-0.24092050381699265,0.05804268915943357
AverageParticleSpeed,ParticlesDetected,RadarReflectivity,RainAbsolute,RainAccumulated,RainIntensity,RainRate,SnowDepthIntensity,0.2406443037257252,0.057909680915639083
ParticlesDetected,RadarReflectivity,RainAbsolute,RainAccumulated,RainIntensity,RainRate,SnowDepthIntensity,VolumeEquivalentDiameter,0.2406443037257252,0.057909680915639083
AverageParticleSpeed,ParticlesDetected,RadarReflectivity,RainAbsolute,RainAccumulated,RainIntensity,SnowDepthIntensity,VolumeEquivalentDiameter,0.24064430372572485,0.05790968091563891
AverageParticleSpeed,ParticlesDetected,RadarReflectivity,RainAbsolute,RainAccumulated,RainIntensity,RainRate,WindSpeed,0.24038193760771862,0.057783475928041124
ParticlesDetected,RadarReflectivity,RainAbsolute,RainAccumulated,RainIntensity,RainRate,VolumeEquivalentDiameter,WindSpeed,0.24038193760771862,0.057783475928041124
AverageParticleSpeed,ParticlesDetected,RadarReflectivity,RainAbsolute,RainAccumulated,RainIntensity,VolumeEquivalentDiameter,WindSpeed,0.24038193760771856,0.057783475928041096
AverageParticleSpeed,ParticlesDetected,Pressure,RadarReflectivity,RainAbsolute,RainAccumulated,RainIntensity,SnowDepthIntensity,0.24033744372531596,0.05776208685641941
ParticlesDetected,Pressure,RadarReflectivity,RainAbsolute,RainAccumulated,RainIntensity,SnowDepthIntensity,VolumeEquivalentDiameter,0.2403374437253159,0.05776208685641939
ParticlesDetected,Pressure,RadarReflectivity,RainAbsolute,RainAccumulated,RainIntensity,RainRate,SnowDepthIntensity,0.24033744372531582,0.05776208685641935
KineticEnergy,ParticlesDetected,RadarReflectivity,RainAbsolute,RainAccumulated,RainRate,SnowDepthIntensity,VolumeEquivalentDiameter,0.24012024013178573,0.057657729720946446
AverageParticleSpeed,KineticEnergy,ParticlesDetected,RadarReflectivity,RainAbsolute,RainAccumulated,RainRate,SnowDepthIntensity,0.2401202401317857,0.05765772972094643
AverageParticleSpeed,KineticEnergy,ParticlesDetected,RadarReflectivity,RainAbsolute,RainAccumulated,SnowDepthIntensity,VolumeEquivalentDiameter,0.2401202401317853,0.05765772972094623
Humidity,KineticEnergy,Pressure,RainAbsolute,RainIntensity,RainRate,SnowDepthIntensity,WindSpeed,0.24007303801588084,0.057635063582174566
Humidity,KineticEnergy,Pressure,RainAccumulated,RainIntensity,RainRate,SnowDepthIntensity,WindSpeed,0.24007303801588084,0.057635063582174566
AverageParticleSpeed,Humidity,KineticEnergy,Pressure,RainAbsolute,RainIntensity,SnowDepthIntensity,WindSpeed,0.24007303801588079,0.05763506358217454
AverageParticleSpeed,Humidity,KineticEnergy,Pressure,RainAccumulated,RainIntensity,SnowDepthIntensity,WindSpeed,0.24007303801588079,0.05763506358217454
Humidity,KineticEnergy,Pressure,RainAbsolute,RainIntensity,SnowDepthIntensity,VolumeEquivalentDiameter,WindSpeed,0.24007303801588062,0.05763506358217446
Humidity,KineticEnergy,Pressure,RainAccumulated,RainIntensity,SnowDepthIntensity,VolumeEquivalentDiameter,WindSpeed,0.24007303801588062,0.05763506358217446
AverageParticleSpeed,ParticlesDetected,Pressure,RadarReflectivity,RainAbsolute,RainAccumulated,RainIntensity,WindSpeed,0.24004506502626194,0.057621633243462325
ParticlesDetected,Pressure,RadarReflectivity,RainAbsolute,RainAccumulated,RainIntensity,VolumeEquivalentDiameter,WindSpeed,0.24004506502626188,0.0576216332434623
ParticlesDetected,Pressure,RadarReflectivity,RainAbsolute,RainAccumulated,RainIntensity,RainRate,WindSpeed,0.2400450650262617,0.0576216332434622
AverageParticleSpeed,ParticlesDetected,RadarReflectivity,RainAbsolute,RainAccumulated,RainIntensity,RainRate,Temperature,0.24000016386719128,0.05760007865627867
ParticlesDetected,RadarReflectivity,RainAbsolute,RainAccumulated,RainIntensity,RainRate,Temperature,VolumeEquivalentDiameter,0.24000016386719128,0.05760007865627867
AverageParticleSpeed,ParticlesDetected,RadarReflectivity,RainAbsolute,RainAccumulated,RainIntensity,Temperature,VolumeEquivalentDiameter,0.24000016386719103,0.057600078656278544
KineticEnergy,ParticlesDetected,Pressure,RadarReflectivity,RainAbsolute,RainAccumulated,RainRate,SnowDepthIntensity,0.2398129157556485,0.057510234563225765
KineticEnergy,ParticlesDetected,Pressure,RadarReflectivity,RainAbsolute,RainAccumulated,SnowDepthIntensity,VolumeEquivalentDiameter,0.23981291575564845,0.05751023456322574
AverageParticleSpeed,KineticEnergy,ParticlesDetected,Pressure,RadarReflectivity,RainAbsolute,RainAccumulated,SnowDepthIntensity,0.2398129157556484,0.057510234563225716
AverageParticleSpeed,KineticEnergy,ParticlesDetected,RadarReflectivity,RainAbsolute,RainAccumulated,RainRate,WindSpeed,0.23981196437279628,0.057509778256339315
AverageParticleSpeed,KineticEnergy,ParticlesDetected,RadarReflectivity,RainAbsolute,RainAccumulated,VolumeEquivalentDiameter,WindSpeed,0.23981196437279628,0.057509778256339315
KineticEnergy,ParticlesDetected,RadarReflectivity,RainAbsolute,RainAccumulated,RainRate,VolumeEquivalentDiameter,WindSpeed,0.23981196437279628,0.057509778256339315
ParticlesDetected,Pressure,RadarReflectivity,RainAbsolute,RainAccumulated,RainIntensity,RainRate,Temperature,0.23969004408832567,0.057451317235063505
AverageParticleSpeed,ParticlesDetected,Pressure,RadarReflectivity,RainAbsolute,RainAccumulated,RainIntensity,Temperature,0.23969004408832562,0.05745131723506348
ParticlesDetected,Pressure,RadarReflectivity,RainAbsolute,RainAccumulated,RainIntensity,Temperature,VolumeEquivalentDiameter,0.23969004408832556,0.05745131723506345
KineticEnergy,ParticlesDetected,Pressure,RadarReflectivity,RainAbsolute,RainAccumulated,RainRate,WindSpeed,0.23947461675014609,0.05734809206762935
AverageParticleSpeed,KineticEnergy,ParticlesDetected,Pressure,RadarReflectivity,RainAbsolute,RainAccumulated,WindSpeed,0.23947461675014606,0.057348092067629336
KineticEnergy,ParticlesDetected,Pressure,RadarReflectivity,RainAbsolute,RainAccumulated,VolumeEquivalentDiameter,WindSpeed,0.23947461675014606,0.057348092067629336
AverageParticleSpeed,KineticEnergy,ParticlesDetected,RadarReflectivity,RainAbsolute,RainAccumulated,Temperature,VolumeEquivalentDiameter,0.23947147243113456,0.057346586108335644
AverageParticleSpeed,KineticEnergy,ParticlesDetected,RadarReflectivity,RainAbsolute,RainAccumulated,RainRate,Temperature,0.23947147243113434,0.05734658610833553
KineticEnergy,ParticlesDetected,RadarReflectivity,RainAbsolute,RainAccumulated,RainRate,Temperature,VolumeEquivalentDiameter,0.23947147243113434,0.05734658610833553
Humidity,KineticEnergy,Pressure,RainIntensity,RainRate,SnowDepthIntensity,VolumeEquivalentDiameter,WindSpeed,-0.23918519186815296,0.057209556009005146
AverageParticleSpeed,Humidity,KineticEnergy,Pressure,RainIntensity,SnowDepthIntensity,VolumeEquivalentDiameter,WindSpeed,-0.2391851918681529,0.05720955600900512
AverageParticleSpeed,Humidity,KineticEnergy,Pressure,RainIntensity,RainRate,SnowDepthIntensity,WindSpeed,-0.23918519186815287,0.057209556009005104
AverageParticleSpeed,KineticEnergy,ParticlesDetected,Pressure,RadarReflectivity,RainAbsolute,RainAccumulated,Temperature,0.23916087248046974,0.05719792292561951
KineticEnergy,ParticlesDetected,Pressure,RadarReflectivity,RainAbsolute,RainAccumulated,Temperature,VolumeEquivalentDiameter,0.23916087248046974,0.05719792292561951
KineticEnergy,ParticlesDetected,Pressure,RadarReflectivity,RainAbsolute,RainAccumulated,RainRate,Temperature,0.2391608724804697,0.05719792292561948
AverageParticleSpeed,KineticEnergy,ParticlesDetected,RadarReflectivity,RainAbsolute,RainAccumulated,RainIntensity,SnowDepthIntensity,0.23882129117146383,0.05703560911680511
KineticEnergy,ParticlesDetected,RadarReflectivity,RainAbsolute,RainAccumulated,RainIntensity,RainRate,SnowDepthIntensity,0.23882129117146383,0.05703560911680511
KineticEnergy,ParticlesDetected,RadarReflectivity,RainAbsolute,RainAccumulated,RainIntensity,SnowDepthIntensity,VolumeEquivalentDiameter,0.23882129117146383,0.05703560911680511
KineticEnergy,ParticlesDetected,Pressure,RadarReflectivity,RainAbsolute,RainAccumulated,RainIntensity,SnowDepthIntensity,0.23851287785572273,0.056888392903018906
AverageParticleSpeed,KineticEnergy,ParticlesDetected,RadarReflectivity,RainAbsolute,RainAccumulated,RainIntensity,WindSpeed,0.23843694759663764,0.05685217797920172
KineticEnergy,ParticlesDetected,RadarReflectivity,RainAbsolute,RainAccumulated,RainIntensity,VolumeEquivalentDiameter,WindSpeed,0.23843694759663764,0.05685217797920172
KineticEnergy,ParticlesDetected,RadarReflectivity,RainAbsolute,RainAccumulated,RainIntensity,RainRate,WindSpeed,0.23843694759663744,0.05685217797920163
AverageParticleSpeed,Humidity,ParticlesDetected,RainAbsolute,RainAccumulated,SnowDepthIntensity,Temperature,WindSpeed,0.23835529160742186,0.05681324503725911
Humidity,ParticlesDetected,RainAbsolute,RainAccumulated,SnowDepthIntensity,Temperature,VolumeEquivalentDiameter,WindSpeed,0.23835529160742186,0.05681324503725911
Humidity,ParticlesDetected,RainAbsolute,RainAccumulated,RainRate,SnowDepthIntensity,Temperature,WindSpeed,0.23835529160742175,0.056813245037259055
AverageParticleSpeed,KineticEnergy,ParticlesDetected,RadarReflectivity,RainAbsolute,RainAccumulated,RainIntensity,Temperature,0.23817840732886886,0.05672895371771657
KineticEnergy,ParticlesDetected,RadarReflectivity,RainAbsolute,RainAccumulated,RainIntensity,Temperature,VolumeEquivalentDiameter,0.23817840732886883,0.05672895371771656
KineticEnergy,ParticlesDetected,RadarReflectivity,RainAbsolute,RainAccumulated,RainIntensity,RainRate,Temperature,0.23817840732886866,0.056728953717716475
KineticEnergy,ParticlesDetected,Pressure,RadarReflectivity,RainAbsolute,RainAccumulated,RainIntensity,WindSpeed,0.23809851937331974,0.05669090492776712
Humidity,ParticlesDetected,Pressure,RainAbsolute,RainAccumulated,SnowDepthIntensity,Temperature,WindSpeed,0.23797951324930156,0.05663424872637449
KineticEnergy,ParticlesDetected,Pressure,RadarReflectivity,RainAbsolute,RainAccumulated,RainIntensity,Temperature,0.23786669917676634,0.05658056657725025
AverageParticleSpeed,Humidity,Pressure,RainAbsolute,RainRate,SnowDepthIntensity,Temperature,VolumeEquivalentDiameter,0.2374477759385793,0.056381446298177755
AverageParticleSpeed,Humidity,Pressure,RainAccumulated,RainRate,SnowDepthIntensity,Temperature,VolumeEquivalentDiameter,0.2374477759385793,0.056381446298177755
AverageParticleSpeed,Humidity,KineticEnergy,RainIntensity,RainRate,SnowDepthIntensity,VolumeEquivalentDiameter,WindSpeed,-0.23720707680925446,0.056267197288391545
Humidity,ParticlesDetected,RainAbsolute,RainAccumulated,RainIntensity,SnowDepthIntensity,Temperature,WindSpeed,0.2368215914882005,0.05608446619500412
Humidity,KineticEnergy,ParticlesDetected,RainAbsolute,RainAccumulated,SnowDepthIntensity,Temperature,WindSpeed,0.23621833992694188,0.05579910411784027
AverageParticleSpeed,KineticEnergy,ParticlesDetected,Pressure,RainAbsolute,RainIntensity,RainRate,VolumeEquivalentDiameter,0.23566799671215544,0.0555394046743205
AverageParticleSpeed,KineticEnergy,ParticlesDetected,Pressure,RainAccumulated,RainIntensity,RainRate,VolumeEquivalentDiameter,0.23566799671215544,0.0555394046743205
AverageParticleSpeed,Humidity,RainAbsolute,RainIntensity,RainRate,SnowDepthIntensity,Temperature,VolumeEquivalentDiameter,0.23559935804102386,0.05550705750934255
AverageParticleSpeed,Humidity,RainAccumulated,RainIntensity,RainRate,SnowDepthIntensity,Temperature,VolumeEquivalentDiameter,0.23559935804102386,0.05550705750934255
Humidity,Pressure,RainAbsolute,RainIntensity,RainRate,SnowDepthIntensity,Temperature,VolumeEquivalentDiameter,0.23484687703790896,0.05515305565445873
Humidity,Pressure,RainAccumulated,RainIntensity,RainRate,SnowDepthIntensity,Temperature,VolumeEquivalentDiameter,0.23484687703790896,0.05515305565445873
AverageParticleSpeed,Humidity,Pressure,RainAbsolute,RainIntensity,RainRate,SnowDepthIntensity,Temperature,0.23484687703790885,0.05515305565445868
AverageParticleSpeed,Humidity,Pressure,RainAccumulated,RainIntensity,RainRate,SnowDepthIntensity,Temperature,0.23484687703790885,0.05515305565445868
AverageParticleSpeed,Humidity,Pressure,RainAbsolute,RainIntensity,SnowDepthIntensity,Temperature,VolumeEquivalentDiameter,0.23484687703790877,0.05515305565445864
AverageParticleSpeed,Humidity,Pressure,RainAccumulated,RainIntensity,SnowDepthIntensity,Temperature,VolumeEquivalentDiameter,0.23484687703790877,0.05515305565445864
AverageParticleSpeed,Humidity,KineticEnergy,RainAbsolute,RainRate,SnowDepthIntensity,Temperature,VolumeEquivalentDiameter,0.23469786248042643,0.055083086652881155
AverageParticleSpeed,Humidity,KineticEnergy,RainAccumulated,RainRate,SnowDepthIntensity,Temperature,VolumeEquivalentDiameter,0.23469786248042643,0.055083086652881155
AverageParticleSpeed,Humidity,Pressure,RainAbsolute,RainRate,Temperature,VolumeEquivalentDiameter,WindSpeed,0.2346807966224689,0.05507507630335661
AverageParticleSpeed,Humidity,Pressure,RainAccumulated,RainRate,Temperature,VolumeEquivalentDiameter,WindSpeed,0.2346807966224689,0.05507507630335661
AverageParticleSpeed,Humidity,KineticEnergy,Pressure,RainAbsolute,RainRate,SnowDepthIntensity,Temperature,0.2339428646917839,0.054729263940198315
AverageParticleSpeed,Humidity,KineticEnergy,Pressure,RainAccumulated,RainRate,SnowDepthIntensity,Temperature,0.2339428646917839,0.054729263940198315
AverageParticleSpeed,Humidity,KineticEnergy,Pressure,RainAbsolute,SnowDepthIntensity,Temperature,VolumeEquivalentDiameter,0.23394286469178385,0.05472926394019829
AverageParticleSpeed,Humidity,KineticEnergy,Pressure,RainAccumulated,SnowDepthIntensity,Temperature,VolumeEquivalentDiameter,0.23394286469178385,0.05472926394019829
Humidity,KineticEnergy,Pressure,RainAbsolute,RainRate,SnowDepthIntensity,Temperature,VolumeEquivalentDiameter,0.23394286469178374,0.05472926394019824
Humidity,KineticEnergy,Pressure,RainAccumulated,RainRate,SnowDepthIntensity,Temperature,VolumeEquivalentDiameter,0.23394286469178374,0.05472926394019824
AverageParticleSpeed,Pressure,RadarReflectivity,RainAbsolute,RainIntensity,RainRate,SnowDepthIntensity,VolumeEquivalentDiameter,0.2336304085254838,0.05458316778778446
AverageParticleSpeed,Pressure,RadarReflectivity,RainAccumulated,RainIntensity,RainRate,SnowDepthIntensity,VolumeEquivalentDiameter,0.2336304085254838,0.05458316778778446
AverageParticleSpeed,Humidity,RainAbsolute,RainIntensity,RainRate,Temperature,VolumeEquivalentDiameter,WindSpeed,0.2328443481165733,0.054216490449831976
AverageParticleSpeed,Humidity,RainAccumulated,RainIntensity,RainRate,Temperature,VolumeEquivalentDiameter,WindSpeed,0.2328443481165733,0.054216490449831976
AverageParticleSpeed,KineticEnergy,Pressure,RadarReflectivity,RainAbsolute,RainRate,SnowDepthIntensity,VolumeEquivalentDiameter,0.2326820179421815,0.054140921473645666
AverageParticleSpeed,KineticEnergy,Pressure,RadarReflectivity,RainAccumulated,RainRate,SnowDepthIntensity,VolumeEquivalentDiameter,0.2326820179421815,0.054140921473645666
AverageParticleSpeed,Humidity,KineticEnergy,RainAbsolute,RainIntensity,RainRate,SnowDepthIntensity,Temperature,0.23206176883436327,0.053852664554533455
AverageParticleSpeed,Humidity,KineticEnergy,RainAccumulated,RainIntensity,RainRate,SnowDepthIntensity,Temperature,0.23206176883436327,0.053852664554533455
Humidity,KineticEnergy,RainAbsolute,RainIntensity,RainRate,SnowDepthIntensity,Temperature,VolumeEquivalentDiameter,0.23206176883436327,0.053852664554533455
Humidity,KineticEnergy,RainAccumulated,RainIntensity,RainRate,SnowDepthIntensity,Temperature,VolumeEquivalentDiameter,0.23206176883436327,0.053852664554533455
AverageParticleSpeed,Humidity,KineticEnergy,RainAbsolute,RainIntensity,SnowDepthIntensity,Temperature,VolumeEquivalentDiameter,0.2320617688343629,0.05385266455453329
AverageParticleSpeed,Humidity,KineticEnergy,RainAccumulated,RainIntensity,SnowDepthIntensity,Temperature,VolumeEquivalentDiameter,0.2320617688343629,0.05385266455453329
AverageParticleSpeed,Humidity,Pressure,RainAbsolute,RainIntensity,RainRate,Temperature,WindSpeed,0.2318722821818591,0.053764755244223694
AverageParticleSpeed,Humidity,Pressure,RainAbsolute,RainIntensity,Temperature,VolumeEquivalentDiameter,WindSpeed,0.2318722821818591,0.053764755244223694
AverageParticleSpeed,Humidity,Pressure,RainAccumulated,RainIntensity,RainRate,Temperature,WindSpeed,0.2318722821818591,0.053764755244223694
AverageParticleSpeed,Humidity,Pressure,RainAccumulated,RainIntensity,Temperature,VolumeEquivalentDiameter,WindSpeed,0.2318722821818591,0.053764755244223694
Humidity,Pressure,RainAbsolute,RainIntensity,RainRate,Temperature,VolumeEquivalentDiameter,WindSpeed,0.23187228218185904,0.053764755244223666
Humidity,Pressure,RainAccumulated,RainIntensity,RainRate,Temperature,VolumeEquivalentDiameter,WindSpeed,0.23187228218185904,0.053764755244223666
AverageParticleSpeed,Humidity,KineticEnergy,RainAbsolute,RainRate,Temperature,VolumeEquivalentDiameter,WindSpeed,0.2317880914888112,0.053725719356025506
AverageParticleSpeed,Humidity,KineticEnergy,RainAccumulated,RainRate,Temperature,VolumeEquivalentDiameter,WindSpeed,0.2317880914888112,0.053725719356025506
AverageParticleSpeed,Pressure,RadarReflectivity,RainAbsolute,RainIntensity,RainRate,Temperature,VolumeEquivalentDiameter,0.2317666746118452,0.053715791460632926
AverageParticleSpeed,Pressure,RadarReflectivity,RainAccumulated,RainIntensity,RainRate,Temperature,VolumeEquivalentDiameter,0.2317666746118452,0.053715791460632926
AverageParticleSpeed,Humidity,KineticEnergy,Pressure,RainAbsolute,RainIntensity,SnowDepthIntensity,Temperature,0.23129978487454153,0.05349959048300919
AverageParticleSpeed,Humidity,KineticEnergy,Pressure,RainAccumulated,RainIntensity,SnowDepthIntensity,Temperature,0.23129978487454153,0.05349959048300919
Humidity,KineticEnergy,Pressure,RainAbsolute,RainIntensity,RainRate,SnowDepthIntensity,Temperature,0.2312997848745415,0.05349959048300918
Humidity,KineticEnergy,Pressure,RainAbsolute,RainIntensity,SnowDepthIntensity,Temperature,VolumeEquivalentDiameter,0.2312997848745415,0.05349959048300918
Humidity,KineticEnergy,Pressure,RainAccumulated,RainIntensity,RainRate,SnowDepthIntensity,Temperature,0.2312997848745415,0.05349959048300918
Humidity,KineticEnergy,Pressure,RainAccumulated,RainIntensity,SnowDepthIntensity,Temperature,VolumeEquivalentDiameter,0.2312997848745415,0.05349959048300918
AverageParticleSpeed,KineticEnergy,RadarReflectivity,RainAbsolute,RainIntensity,RainRate,SnowDepthIntensity,VolumeEquivalentDiameter,0.2308858812059822,0.05330829014026292
AverageParticleSpeed,KineticEnergy,RadarReflectivity,RainAccumulated,RainIntensity,RainRate,SnowDepthIntensity,VolumeEquivalentDiameter,0.2308858812059822,0.05330829014026292
AverageParticleSpeed,Humidity,KineticEnergy,Pressure,RainAbsolute,Temperature,VolumeEquivalentDiameter,WindSpeed,0.23081343269482366,0.05327484071236789
AverageParticleSpeed,Humidity,KineticEnergy,Pressure,RainAccumulated,Temperature,VolumeEquivalentDiameter,WindSpeed,0.23081343269482366,0.05327484071236789
AverageParticleSpeed,Humidity,KineticEnergy,Pressure,RainAbsolute,RainRate,Temperature,WindSpeed,0.2308134326948236,0.05327484071236786
AverageParticleSpeed,Humidity,KineticEnergy,Pressure,RainAccumulated,RainRate,Temperature,WindSpeed,0.2308134326948236,0.05327484071236786
Humidity,KineticEnergy,Pressure,RainAbsolute,RainRate,Temperature,VolumeEquivalentDiameter,WindSpeed,0.23081343269482354,0.053274840712367835
Humidity,KineticEnergy,Pressure,RainAccumulated,RainRate,Temperature,VolumeEquivalentDiameter,WindSpeed,0.23081343269482354,0.053274840712367835
AverageParticleSpeed,KineticEnergy,Pressure,RadarReflectivity,RainAbsolute,RainRate,Temperature,VolumeEquivalentDiameter,0.23080864215817457,0.05327262929490028
AverageParticleSpeed,KineticEnergy,Pressure,RadarReflectivity,RainAccumulated,RainRate,Temperature,VolumeEquivalentDiameter,0.23080864215817457,0.05327262929490028
AverageParticleSpeed,Pressure,RadarReflectivity,RainAbsolute,RainIntensity,RainRate,VolumeEquivalentDiameter,WindSpeed,0.23076548856415338,0.053252710712252405
AverageParticleSpeed,Pressure,RadarReflectivity,RainAccumulated,RainIntensity,RainRate,VolumeEquivalentDiameter,WindSpeed,0.23076548856415338,0.053252710712252405
AverageParticleSpeed,ParticlesDetected,RadarReflectivity,RainAbsolute,RainAccumulated,RainRate,SnowDepthIntensity,Temperature,0.23054466611983138,0.05315084307630453
ParticlesDetected,RadarReflectivity,RainAbsolute,RainAccumulated,RainRate,SnowDepthIntensity,Temperature,VolumeEquivalentDiameter,0.23054466611983138,0.05315084307630453
AverageParticleSpeed,ParticlesDetected,RadarReflectivity,RainAbsolute,RainAccumulated,SnowDepthIntensity,Temperature,VolumeEquivalentDiameter,0.23054466611983115,0.053150843076304424
ParticlesDetected,RadarReflectivity,RainAbsolute,RainAccumulated,RainRate,SnowDepthIntensity,VolumeEquivalentDiameter,WindSpeed,0.23038872588178716,0.05307896501343327
AverageParticleSpeed,ParticlesDetected,RadarReflectivity,RainAbsolute,RainAccumulated,RainRate,SnowDepthIntensity,WindSpeed,0.2303887258817871,0.05307896501343324
AverageParticleSpeed,ParticlesDetected,RadarReflectivity,RainAbsolute,RainAccumulated,SnowDepthIntensity,VolumeEquivalentDiameter,WindSpeed,0.23038872588178708,0.053078965013433226
AverageParticleSpeed,KineticEnergy,Pressure,RadarReflectivity,RainAbsolute,RainIntensity,SnowDepthIntensity,VolumeEquivalentDiameter,0.23026097418735852,0.05302011623371139
AverageParticleSpeed,KineticEnergy,Pressure,RadarReflectivity,RainAccumulated,RainIntensity,SnowDepthIntensity,VolumeEquivalentDiameter,0.23026097418735852,0.05302011623371139
AverageParticleSpeed,KineticEnergy,Pressure,RadarReflectivity,RainAbsolute,RainIntensity,RainRate,SnowDepthIntensity,0.23026097418735833,0.0530201162337113
AverageParticleSpeed,KineticEnergy,Pressure,RadarReflectivity,RainAccumulated,RainIntensity,RainRate,SnowDepthIntensity,0.23026097418735833,0.0530201162337113
KineticEnergy,Pressure,RadarReflectivity,RainAbsolute,RainIntensity,RainRate,SnowDepthIntensity,VolumeEquivalentDiameter,0.23026097418735827,0.05302011623371127
KineticEnergy,Pressure,RadarReflectivity,RainAccumulated,RainIntensity,RainRate,SnowDepthIntensity,VolumeEquivalentDiameter,0.23026097418735827,0.05302011623371127
ParticlesDetected,Pressure,RadarReflectivity,RainAbsolute,RainAccumulated,RainRate,SnowDepthIntensity,Temperature,0.23022644791577507,0.05300421731991509
AverageParticleSpeed,ParticlesDetected,Pressure,RadarReflectivity,RainAbsolute,RainAccumulated,SnowDepthIntensity,Temperature,0.230226447915775,0.053004217319915066
ParticlesDetected,Pressure,RadarReflectivity,RainAbsolute,RainAccumulated,SnowDepthIntensity,Temperature,VolumeEquivalentDiameter,0.230226447915775,0.053004217319915066
AverageParticleSpeed,ParticlesDetected,Pressure,RadarReflectivity,RainAbsolute,RainAccumulated,SnowDepthIntensity,WindSpeed,0.23004399327218758,0.05292023884061429
ParticlesDetected,Pressure,RadarReflectivity,RainAbsolute,RainAccumulated,SnowDepthIntensity,VolumeEquivalentDiameter,WindSpeed,0.23004399327218752,0.05292023884061426
ParticlesDetected,Pressure,RadarReflectivity,RainAbsolute,RainAccumulated,RainRate,SnowDepthIntensity,WindSpeed,0.23004399327218727,0.05292023884061414
AverageParticleSpeed,ParticlesDetected,RadarReflectivity,RainAbsolute,RainAccumulated,Temperature,VolumeEquivalentDiameter,WindSpeed,0.229730906584469,0.052776289440122026
AverageParticleSpeed,ParticlesDetected,RadarReflectivity,RainAbsolute,RainAccumulated,RainRate,Temperature,WindSpeed,0.22973090658446874,0.0527762894401219
ParticlesDetected,RadarReflectivity,RainAbsolute,RainAccumulated,RainRate,Temperature,VolumeEquivalentDiameter,WindSpeed,0.22973090658446874,0.0527762894401219
AverageParticleSpeed,KineticEnergy,Pressure,RadarReflectivity,RainAbsolute,RainRate,VolumeEquivalentDiameter,WindSpeed,0.22966935181755427,0.05274801116429552
AverageParticleSpeed,KineticEnergy,Pressure,RadarReflectivity,RainAccumulated,RainRate,VolumeEquivalentDiameter,WindSpeed,0.22966935181755427,0.05274801116429552
AverageParticleSpeed,ParticlesDetected,Pressure,RadarReflectivity,RainAbsolute,RainAccumulated,Temperature,WindSpeed,0.22938204781844984,0.05261612386138561
ParticlesDetected,Pressure,RadarReflectivity,RainAbsolute,RainAccumulated,Temperature,VolumeEquivalentDiameter,WindSpeed,0.22938204781844979,0.05261612386138558
ParticlesDetected,Pressure,RadarReflectivity,RainAbsolute,RainAccumulated,RainRate,Temperature,WindSpeed,0.2293820478184497,0.05261612386138555
ParticlesDetected,RadarReflectivity,RainAbsolute,RainAccumulated,RainIntensity,RainRate,SnowDepthIntensity,Temperature,0.22929736363622855,0.052577280970524824
AverageParticleSpeed,ParticlesDetected,RadarReflectivity,RainAbsolute,RainAccumulated,RainIntensity,SnowDepthIntensity,Temperature,0.2292973636362285,0.052577280970524796
ParticlesDetected,RadarReflectivity,RainAbsolute,RainAccumulated,RainIntensity,SnowDepthIntensity,Temperature,VolumeEquivalentDiameter,0.2292973636362285,0.052577280970524796
AverageParticleSpeed,ParticlesDetected,RadarReflectivity,RainAbsolute,RainAccumulated,RainIntensity,SnowDepthIntensity,WindSpeed,0.2290662080024794,0.05247132764863516
ParticlesDetected,RadarReflectivity,RainAbsolute,RainAccumulated,RainIntensity,SnowDepthIntensity,VolumeEquivalentDiameter,WindSpeed,0.2290662080024794,0.05247132764863516
ParticlesDetected,RadarReflectivity,RainAbsolute,RainAccumulated,RainIntensity,RainRate,SnowDepthIntensity,WindSpeed,0.2290662080024792,0.05247132764863507
AverageParticleSpeed,KineticEnergy,RadarReflectivity,RainAbsolute,RainIntensity,RainRate,Temperature,VolumeEquivalentDiameter,0.2290625866630982,0.05246966860878937
AverageParticleSpeed,KineticEnergy,RadarReflectivity,RainAccumulated,RainIntensity,RainRate,Temperature,VolumeEquivalentDiameter,0.2290625866630982,0.05246966860878937
ParticlesDetected,Pressure,RadarReflectivity,RainAbsolute,RainAccumulated,RainIntensity,SnowDepthIntensity,Temperature,0.22897827825382422,0.05243105191208575
AverageParticleSpeed,Humidity,KineticEnergy,RainAbsolute,RainIntensity,Temperature,VolumeEquivalentDiameter,WindSpeed,0.22891017192425075,0.052399866810390036
AverageParticleSpeed,Humidity,KineticEnergy,RainAccumulated,RainIntensity,Temperature,VolumeEquivalentDiameter,WindSpeed,0.22891017192425075,0.052399866810390036
AverageParticleSpeed,Humidity,KineticEnergy,RainAbsolute,RainIntensity,RainRate,Temperature,WindSpeed,0.2289101719242507,0.052399866810390015
AverageParticleSpeed,Humidity,KineticEnergy,RainAccumulated,RainIntensity,RainRate,Temperature,WindSpeed,0.2289101719242507,0.052399866810390015
Humidity,KineticEnergy,RainAbsolute,RainIntensity,RainRate,Temperature,VolumeEquivalentDiameter,WindSpeed,0.2289101719242507,0.052399866810390015
Humidity,KineticEnergy,RainAccumulated,RainIntensity,RainRate,Temperature,VolumeEquivalentDiameter,WindSpeed,0.2289101719242507,0.052399866810390015
AverageParticleSpeed,Humidity,Pressure,RainRate,SnowDepthIntensity,Temperature,VolumeEquivalentDiameter,WindSpeed,-0.22890348655791137,0.05239680615836791
AverageParticleSpeed,KineticEnergy,ParticlesDetected,RadarReflectivity,RainAbsolute,RainAccumulated,SnowDepthIntensity,Temperature,0.22879931584107904,0.052349126929345846
KineticEnergy,ParticlesDetected,RadarReflectivity,RainAbsolute,RainAccumulated,SnowDepthIntensity,Temperature,VolumeEquivalentDiameter,0.22879931584107896,0.052349126929345804
KineticEnergy,ParticlesDetected,RadarReflectivity,RainAbsolute,RainAccumulated,RainRate,SnowDepthIntensity,Temperature,0.2287993158410789,0.05234912692934578
ParticlesDetected,Pressure,RadarReflectivity,RainAbsolute,RainAccumulated,RainIntensity,SnowDepthIntensity,WindSpeed,0.22872066473008287,0.05231314247457097
AverageParticleSpeed,KineticEnergy,ParticlesDetected,RadarReflectivity,RainAbsolute,RainAccumulated,SnowDepthIntensity,WindSpeed,0.2285320163246985,0.05222688248543226
KineticEnergy,ParticlesDetected,RadarReflectivity,RainAbsolute,RainAccumulated,RainRate,SnowDepthIntensity,WindSpeed,0.2285320163246985,0.05222688248543226
KineticEnergy,ParticlesDetected,RadarReflectivity,RainAbsolute,RainAccumulated,SnowDepthIntensity,VolumeEquivalentDiameter,WindSpeed,0.22853201632469844,0.05222688248543223
KineticEnergy,ParticlesDetected,Pressure,RadarReflectivity,RainAbsolute,RainAccumulated,SnowDepthIntensity,Temperature,0.22847988604252098,0.052203058326003374
AverageParticleSpeed,KineticEnergy,Pressure,RadarReflectivity,RainAbsolute,RainIntensity,RainRate,Temperature,0.2284230481511951,0.0521770889266832
AverageParticleSpeed,KineticEnergy,Pressure,RadarReflectivity,RainAccumulated,RainIntensity,RainRate,Temperature,0.2284230481511951,0.0521770889266832
KineticEnergy,Pressure,RadarReflectivity,RainAbsolute,RainIntensity,RainRate,Temperature,VolumeEquivalentDiameter,0.2284230481511951,0.0521770889266832
KineticEnergy,Pressure,RadarReflectivity,RainAccumulated,RainIntensity,RainRate,Temperature,VolumeEquivalentDiameter,0.2284230481511951,0.0521770889266832
AverageParticleSpeed,KineticEnergy,Pressure,RadarReflectivity,RainAbsolute,RainIntensity,Temperature,VolumeEquivalentDiameter,0.22842304815119505,0.05217708892668317
AverageParticleSpeed,KineticEnergy,Pressure,RadarReflectivity,RainAccumulated,RainIntensity,Temperature,VolumeEquivalentDiameter,0.22842304815119505,0.05217708892668317
ParticlesDetected,RadarReflectivity,RainAbsolute,RainAccumulated,RainIntensity,RainRate,Temperature,WindSpeed,0.22841232585445295,0.0521721906022408
ParticlesDetected,RadarReflectivity,RainAbsolute,RainAccumulated,RainIntensity,Temperature,VolumeEquivalentDiameter,WindSpeed,0.22841232585445284,0.052172190602240744
AverageParticleSpeed,ParticlesDetected,RadarReflectivity,RainAbsolute,RainAccumulated,RainIntensity,Temperature,WindSpeed,0.22841232585445279,0.05217219060224072
KineticEnergy,ParticlesDetected,Pressure,RadarReflectivity,RainAbsolute,RainAccumulated,SnowDepthIntensity,WindSpeed,0.22818615194444913,0.052068919939215225
ParticlesDetected,Pressure,RadarReflectivity,RainAbsolute,RainAccumulated,RainIntensity,Temperature,WindSpeed,0.22806263614847774,0.052012566006992944
AverageParticleSpeed,Humidity,KineticEnergy,Pressure,RainAbsolute,RainIntensity,Temperature,WindSpeed,0.227928869785146,0.05195156968153405
AverageParticleSpeed,Humidity,KineticEnergy,Pressure,RainAccumulated,RainIntensity,Temperature,WindSpeed,0.227928869785146,0.05195156968153405
Humidity,KineticEnergy,Pressure,RainAbsolute,RainIntensity,RainRate,Temperature,WindSpeed,0.227928869785146,0.05195156968153405
Humidity,KineticEnergy,Pressure,RainAccumulated,RainIntensity,RainRate,Temperature,WindSpeed,0.227928869785146,0.05195156968153405
Humidity,KineticEnergy,Pressure,RainAbsolute,RainIntensity,Temperature,VolumeEquivalentDiameter,WindSpeed,0.2279288697851458,0.05195156968153394
Humidity,KineticEnergy,Pressure,RainAccumulated,RainIntensity,Temperature,VolumeEquivalentDiameter,WindSpeed,0.2279288697851458,0.05195156968153394
KineticEnergy,ParticlesDetected,RadarReflectivity,RainAbsolute,RainAccumulated,RainRate,Temperature,WindSpeed,0.22787233044154617,0.051925798980861214
AverageParticleSpeed,KineticEnergy,ParticlesDetected,RadarReflectivity,RainAbsolute,RainAccumulated,Temperature,WindSpeed,0.2278723304415461,0.05192579898086117
KineticEnergy,ParticlesDetected,RadarReflectivity,RainAbsolute,RainAccumulated,Temperature,VolumeEquivalentDiameter,WindSpeed,0.22787233044154598,0.051925798980861124
AverageParticleSpeed,KineticEnergy,RadarReflectivity,RainAbsolute,RainIntensity,RainRate,VolumeEquivalentDiameter,WindSpeed,0.22776722578650968,0.05187790914248288
AverageParticleSpeed,KineticEnergy,RadarReflectivity,RainAccumulated,RainIntensity,RainRate,VolumeEquivalentDiameter,WindSpeed,0.22776722578650968,0.05187790914248288
KineticEnergy,ParticlesDetected,RadarReflectivity,RainAbsolute,RainAccumulated,RainIntensity,SnowDepthIntensity,Temperature,0.22755672247694,0.051782061944447094
KineticEnergy,ParticlesDetected,Pressure,RadarReflectivity,RainAbsolute,RainAccumulated,Temperature,WindSpeed,0.22752230595891332,0.05176639970886136
KineticEnergy,ParticlesDetected,RadarReflectivity,RainAbsolute,RainAccumulated,RainIntensity,SnowDepthIntensity,WindSpeed,0.2272153619018286,0.05162682068417894
AverageParticleSpeed,KineticEnergy,Pressure,RadarReflectivity,RainAbsolute,RainIntensity,RainRate,WindSpeed,0.22701267375327097,0.05153475404460904
AverageParticleSpeed,KineticEnergy,Pressure,RadarReflectivity,RainAbsolute,RainIntensity,VolumeEquivalentDiameter,WindSpeed,0.22701267375327097,0.05153475404460904
AverageParticleSpeed,KineticEnergy,Pressure,RadarReflectivity,RainAccumulated,RainIntensity,RainRate,WindSpeed,0.22701267375327097,0.05153475404460904
AverageParticleSpeed,KineticEnergy,Pressure,RadarReflectivity,RainAccumulated,RainIntensity,VolumeEquivalentDiameter,WindSpeed,0.22701267375327097,0.05153475404460904
KineticEnergy,Pressure,RadarReflectivity,RainAbsolute,RainIntensity,RainRate,VolumeEquivalentDiameter,WindSpeed,0.22701267375327094,0.051534754044609034
KineticEnergy,Pressure,RadarReflectivity,RainAccumulated,RainIntensity,RainRate,VolumeEquivalentDiameter,WindSpeed,0.22701267375327094,0.051534754044609034
AverageParticleSpeed,Humidity,Pressure,RainIntensity,SnowDepthIntensity,Temperature,VolumeEquivalentDiameter,WindSpeed,-0.22681395290416692,0.05144456923201365
AverageParticleSpeed,Humidity,Pressure,RainIntensity,RainRate,SnowDepthIntensity,Temperature,WindSpeed,-0.22681395290416687,0.051444569232013626
Humidity,Pressure,RainIntensity,RainRate,SnowDepthIntensity,Temperature,VolumeEquivalentDiameter,WindSpeed,-0.22681395290416687,0.051444569232013626
KineticEnergy,ParticlesDetected,RadarReflectivity,RainAbsolute,RainAccumulated,RainIntensity,Temperature,WindSpeed,0.2265590699631291,0.05132901218255803
Humidity,KineticEnergy,Pressure,RainRate,SnowDepthIntensity,Temperature,VolumeEquivalentDiameter,WindSpeed,-0.22576953876207242,0.05097188463283892
AverageParticleSpeed,Humidity,KineticEnergy,Pressure,RainRate,SnowDepthIntensity,Temperature,WindSpeed,-0.22576953876207237,0.0509718846328389
AverageParticleSpeed,Humidity,KineticEnergy,Pressure,SnowDepthIntensity,Temperature,VolumeEquivalentDiameter,WindSpeed,-0.22576953876207229,0.05097188463283886
AverageParticleSpeed,Humidity,RainIntensity,RainRate,SnowDepthIntensity,Temperature,VolumeEquivalentDiameter,WindSpeed,-0.22504532837421998,0.0506453998230605
AverageParticleSpeed,Humidity,KineticEnergy,RainRate,SnowDepthIntensity,Temperature,VolumeEquivalentDiameter,WindSpeed,-0.22400592661588037,0.05017865515903918
Humidity,KineticEnergy,Pressure,RainIntensity,SnowDepthIntensity,Temperature,VolumeEquivalentDiameter,WindSpeed,-0.22359110602132246,0.04999298269183826
AverageParticleSpeed,Humidity,KineticEnergy,Pressure,RainIntensity,SnowDepthIntensity,Temperature,WindSpeed,-0.2235911060213224,0.04999298269183823
Humidity,KineticEnergy,Pressure,RainIntensity,RainRate,SnowDepthIntensity,Temperature,WindSpeed,-0.22359110602132234,0.04999298269183821
AverageParticleSpeed,Humidity,KineticEnergy,RainIntensity,SnowDepthIntensity,Temperature,VolumeEquivalentDiameter,WindSpeed,-0.2218403578888662,0.04921314438826024
AverageParticleSpeed,Humidity,KineticEnergy,RainIntensity,RainRate,SnowDepthIntensity,Temperature,WindSpeed,-0.22184035788886616,0.04921314438826022
Humidity,KineticEnergy,RainIntensity,RainRate,SnowDepthIntensity,Temperature,VolumeEquivalentDiameter,WindSpeed,-0.22184035788886616,0.04921314438826022
AverageParticleSpeed,ParticlesDetected,RadarReflectivity,RainAbsolute,RainAccumulated,SnowDepthIntensity,Temperature,WindSpeed,0.2188417545888804,0.047891713551539754
ParticlesDetected,RadarReflectivity,RainAbsolute,RainAccumulated,SnowDepthIntensity,Temperature,VolumeEquivalentDiameter,WindSpeed,0.2188417545888804,0.047891713551539754
ParticlesDetected,RadarReflectivity,RainAbsolute,RainAccumulated,RainRate,SnowDepthIntensity,Temperature,WindSpeed,0.21884175458888036,0.04789171355153974
ParticlesDetected,Pressure,RadarReflectivity,RainAbsolute,RainAccumulated,SnowDepthIntensity,Temperature,WindSpeed,0.21848629778501566,0.04773626231980254
AverageParticleSpeed,ParticlesDetected,Pressure,RainAbsolute,RainIntensity,RainRate,SnowDepthIntensity,VolumeEquivalentDiameter,0.21848336511722657,0.04773498083294734
AverageParticleSpeed,ParticlesDetected,Pressure,RainAccumulated,RainIntensity,RainRate,SnowDepthIntensity,VolumeEquivalentDiameter,0.21848336511722657,0.04773498083294734
ParticlesDetected,RadarReflectivity,RainAbsolute,RainAccumulated,RainIntensity,SnowDepthIntensity,Temperature,WindSpeed,0.21758158615883183,0.04734174663539316
AverageParticleSpeed,KineticEnergy,ParticlesDetected,Pressure,RainAbsolute,RainRate,SnowDepthIntensity,VolumeEquivalentDiameter,0.21749387754539812,0.04730358676973263
AverageParticleSpeed,KineticEnergy,ParticlesDetected,Pressure,RainAccumulated,RainRate,SnowDepthIntensity,VolumeEquivalentDiameter,0.21749387754539812,0.04730358676973263
KineticEnergy,ParticlesDetected,RadarReflectivity,RainAbsolute,RainAccumulated,SnowDepthIntensity,Temperature,WindSpeed,0.21707652882615208,0.047122219367211234
AverageParticleSpeed,ParticlesDetected,Pressure,RainAbsolute,RainIntensity,RainRate,Temperature,VolumeEquivalentDiameter,0.2169280585581124,0.04705778258979184
AverageParticleSpeed,ParticlesDetected,Pressure,RainAccumulated,RainIntensity,RainRate,Temperature,VolumeEquivalentDiameter,0.2169280585581124,0.04705778258979184
AverageParticleSpeed,KineticEnergy,ParticlesDetected,Pressure,RainAbsolute,RainRate,Temperature,VolumeEquivalentDiameter,0.21591961823830838,0.046621281540176834
AverageParticleSpeed,KineticEnergy,ParticlesDetected,Pressure,RainAccumulated,RainRate,Temperature,VolumeEquivalentDiameter,0.21591961823830838,0.046621281540176834
AverageParticleSpeed,KineticEnergy,ParticlesDetected,RainAbsolute,RainIntensity,RainRate,SnowDepthIntensity,VolumeEquivalentDiameter,0.21573893507670117,0.04654328810802908
AverageParticleSpeed,KineticEnergy,ParticlesDetected,RainAccumulated,RainIntensity,RainRate,SnowDepthIntensity,VolumeEquivalentDiameter,0.21573893507670117,0.04654328810802908
AverageParticleSpeed,KineticEnergy,ParticlesDetected,Pressure,RainAbsolute,RainIntensity,RainRate,SnowDepthIntensity,0.21508428125236545,0.04626124804184664
AverageParticleSpeed,KineticEnergy,ParticlesDetected,Pressure,RainAccumulated,RainIntensity,RainRate,SnowDepthIntensity,0.21508428125236545,0.04626124804184664
KineticEnergy,ParticlesDetected,Pressure,RainAbsolute,RainIntensity,RainRate,SnowDepthIntensity,VolumeEquivalentDiameter,0.21508428125236545,0.04626124804184664
KineticEnergy,ParticlesDetected,Pressure,RainAccumulated,RainIntensity,RainRate,SnowDepthIntensity,VolumeEquivalentDiameter,0.21508428125236545,0.04626124804184664
AverageParticleSpeed,KineticEnergy,ParticlesDetected,Pressure,RainAbsolute,RainIntensity,SnowDepthIntensity,VolumeEquivalentDiameter,0.2150842812523651,0.04626124804184649
AverageParticleSpeed,KineticEnergy,ParticlesDetected,Pressure,RainAccumulated,RainIntensity,SnowDepthIntensity,VolumeEquivalentDiameter,0.2150842812523651,0.04626124804184649
AverageParticleSpeed,KineticEnergy,ParticlesDetected,RainAbsolute,RainIntensity,RainRate,Temperature,VolumeEquivalentDiameter,0.21419085662603501,0.04587772306219469
AverageParticleSpeed,KineticEnergy,ParticlesDetected,RainAccumulated,RainIntensity,RainRate,Temperature,VolumeEquivalentDiameter,0.21419085662603501,0.04587772306219469
AverageParticleSpeed,KineticEnergy,ParticlesDetected,Pressure,RainAbsolute,RainIntensity,Temperature,VolumeEquivalentDiameter,0.21352068740404975,0.04559108394949793
AverageParticleSpeed,KineticEnergy,ParticlesDetected,Pressure,RainAccumulated,RainIntensity,Temperature,VolumeEquivalentDiameter,0.21352068740404975,0.04559108394949793
AverageParticleSpeed,KineticEnergy,ParticlesDetected,Pressure,RainAbsolute,RainIntensity,RainRate,Temperature,0.21352068740404953,0.04559108394949784
AverageParticleSpeed,KineticEnergy,ParticlesDetected,Pressure,RainAccumulated,RainIntensity,RainRate,Temperature,0.21352068740404953,0.04559108394949784
KineticEnergy,ParticlesDetected,Pressure,RainAbsolute,RainIntensity,RainRate,Temperature,VolumeEquivalentDiameter,0.21352068740404948,0.04559108394949781
KineticEnergy,ParticlesDetected,Pressure,RainAccumulated,RainIntensity,RainRate,Temperature,VolumeEquivalentDiameter,0.21352068740404948,0.04559108394949781
AverageParticleSpeed,Pressure,RadarReflectivity,RainAbsolute,RainRate,SnowDepthIntensity,Temperature,VolumeEquivalentDiameter,0.21340253378953847,0.045540641427795105
AverageParticleSpeed,Pressure,RadarReflectivity,RainAccumulated,RainRate,SnowDepthIntensity,Temperature,VolumeEquivalentDiameter,0.21340253378953847,0.045540641427795105
AverageParticleSpeed,Humidity,ParticlesDetected,RadarReflectivity,RainAbsolute,RainAccumulated,RainRate,VolumeEquivalentDiameter,0.21297436309719137,0.045358079336654304
Humidity,ParticlesDetected,Pressure,RadarReflectivity,RainAbsolute,RainAccumulated,RainRate,VolumeEquivalentDiameter,0.21262600699627043,0.045209818851178044
AverageParticleSpeed,Humidity,ParticlesDetected,Pressure,RadarReflectivity,RainAbsolute,RainAccumulated,RainRate,0.2126260069962704,0.04520981885117803
AverageParticleSpeed,Humidity,ParticlesDetected,Pressure,RadarReflectivity,RainAbsolute,RainAccumulated,VolumeEquivalentDiameter,0.21262600699627038,0.04520981885117802
AverageParticleSpeed,ParticlesDetected,Pressure,RainAbsolute,RainIntensity,RainRate,VolumeEquivalentDiameter,WindSpeed,0.21261007890911698,0.04520304565374095
AverageParticleSpeed,ParticlesDetected,Pressure,RainAccumulated,RainIntensity,RainRate,VolumeEquivalentDiameter,WindSpeed,0.21261007890911698,0.04520304565374095
AverageParticleSpeed,RadarReflectivity,RainAbsolute,RainIntensity,RainRate,SnowDepthIntensity,Temperature,VolumeEquivalentDiameter,0.2118579071378359,0.044883772816823896
AverageParticleSpeed,RadarReflectivity,RainAccumulated,RainIntensity,RainRate,SnowDepthIntensity,Temperature,VolumeEquivalentDiameter,0.2118579071378359,0.044883772816823896
AverageParticleSpeed,Humidity,ParticlesDetected,RadarReflectivity,RainAbsolute,RainAccumulated,RainIntensity,VolumeEquivalentDiameter,0.21174581812177526,0.04483629149205993
Humidity,ParticlesDetected,RadarReflectivity,RainAbsolute,RainAccumulated,RainIntensity,RainRate,VolumeEquivalentDiameter,0.2117458181217747,0.04483629149205969
AverageParticleSpeed,Humidity,ParticlesDetected,RadarReflectivity,RainAbsolute,RainAccumulated,RainIntensity,RainRate,0.21174581812177462,0.04483629149205966
AverageParticleSpeed,KineticEnergy,ParticlesDetected,Pressure,RainAbsolute,RainRate,VolumeEquivalentDiameter,WindSpeed,0.21148831680213626,0.04472730814380075
AverageParticleSpeed,KineticEnergy,ParticlesDetected,Pressure,RainAccumulated,RainRate,VolumeEquivalentDiameter,WindSpeed,0.21148831680213626,0.04472730814380075
Humidity,ParticlesDetected,Pressure,RadarReflectivity,RainAbsolute,RainAccumulated,RainIntensity,VolumeEquivalentDiameter,0.2113967430975952,0.044688582992270666
AverageParticleSpeed,Humidity,ParticlesDetected,Pressure,RadarReflectivity,RainAbsolute,RainAccumulated,RainIntensity,0.2113967430975951,0.04468858299227062
Humidity,ParticlesDetected,Pressure,RadarReflectivity,RainAbsolute,RainAccumulated,RainIntensity,RainRate,0.21139674309759507,0.04468858299227061
AverageParticleSpeed,Humidity,KineticEnergy,ParticlesDetected,RadarReflectivity,RainAbsolute,RainAccumulated,VolumeEquivalentDiameter,0.21125546674647608,0.04462887223027146
Humidity,KineticEnergy,ParticlesDetected,RadarReflectivity,RainAbsolute,RainAccumulated,RainRate,VolumeEquivalentDiameter,0.2112554667464759,0.04462887223027139
AverageParticleSpeed,Humidity,KineticEnergy,ParticlesDetected,RadarReflectivity,RainAbsolute,RainAccumulated,RainRate,0.21125546674647575,0.04462887223027132
Pressure,RadarReflectivity,RainAbsolute,RainIntensity,RainRate,SnowDepthIntensity,Temperature,VolumeEquivalentDiameter,0.21119764339486238,0.04460444457554346
Pressure,RadarReflectivity,RainAccumulated,RainIntensity,RainRate,SnowDepthIntensity,Temperature,VolumeEquivalentDiameter,0.21119764339486238,0.04460444457554346
AverageParticleSpeed,Pressure,RadarReflectivity,RainAbsolute,RainIntensity,RainRate,SnowDepthIntensity,Temperature,0.21119764339486236,0.044604444575543446
AverageParticleSpeed,Pressure,RadarReflectivity,RainAccumulated,RainIntensity,RainRate,SnowDepthIntensity,Temperature,0.21119764339486236,0.044604444575543446
AverageParticleSpeed,Pressure,RadarReflectivity,RainAbsolute,RainIntensity,SnowDepthIntensity,Temperature,VolumeEquivalentDiameter,0.2111976433948622,0.04460444457554338
AverageParticleSpeed,Pressure,RadarReflectivity,RainAccumulated,RainIntensity,SnowDepthIntensity,Temperature,VolumeEquivalentDiameter,0.2111976433948622,0.04460444457554338
AverageParticleSpeed,KineticEnergy,RadarReflectivity,RainAbsolute,RainRate,SnowDepthIntensity,Temperature,VolumeEquivalentDiameter,0.21101048123669128,0.04452542319174004
AverageParticleSpeed,KineticEnergy,RadarReflectivity,RainAccumulated,RainRate,SnowDepthIntensity,Temperature,VolumeEquivalentDiameter,0.21101048123669128,0.04452542319174004
AverageParticleSpeed,Humidity,KineticEnergy,ParticlesDetected,Pressure,RadarReflectivity,RainAbsolute,RainAccumulated,0.210906118054043,0.04448139063262592
Humidity,KineticEnergy,ParticlesDetected,Pressure,RadarReflectivity,RainAbsolute,RainAccumulated,VolumeEquivalentDiameter,0.210906118054043,0.04448139063262592
Humidity,KineticEnergy,ParticlesDetected,Pressure,RadarReflectivity,RainAbsolute,RainAccumulated,RainRate,0.21090611805404277,0.04448139063262583
AverageParticleSpeed,Pressure,RadarReflectivity,RainAbsolute,RainRate,SnowDepthIntensity,VolumeEquivalentDiameter,WindSpeed,0.21048870323314578,0.04430549418877131
AverageParticleSpeed,Pressure,RadarReflectivity,RainAccumulated,RainRate,SnowDepthIntensity,VolumeEquivalentDiameter,WindSpeed,0.21048870323314578,0.04430549418877131
KineticEnergy,Pressure,RadarReflectivity,RainAbsolute,RainRate,SnowDepthIntensity,Temperature,VolumeEquivalentDiameter,0.21034963573726223,0.04424696925479891
KineticEnergy,Pressure,RadarReflectivity,RainAccumulated,RainRate,SnowDepthIntensity,Temperature,VolumeEquivalentDiameter,0.21034963573726223,0.04424696925479891
AverageParticleSpeed,KineticEnergy,Pressure,RadarReflectivity,RainAbsolute,RainRate,SnowDepthIntensity,Temperature,0.2103496357372622,0.044246969254798894
AverageParticleSpeed,KineticEnergy,Pressure,RadarReflectivity,RainAccumulated,RainRate,SnowDepthIntensity,Temperature,0.2103496357372622,0.044246969254798894
AverageParticleSpeed,KineticEnergy,Pressure,RadarReflectivity,RainAbsolute,SnowDepthIntensity,Temperature,VolumeEquivalentDiameter,0.21034963573726206,0.04424696925479884
AverageParticleSpeed,KineticEnergy,Pressure,RadarReflectivity,RainAccumulated,SnowDepthIntensity,Temperature,VolumeEquivalentDiameter,0.21034963573726206,0.04424696925479884
Humidity,KineticEnergy,ParticlesDetected,RadarReflectivity,RainAbsolute,RainAccumulated,RainIntensity,RainRate,0.21003245150115327,0.0441136306835843
Humidity,KineticEnergy,ParticlesDetected,RadarReflectivity,RainAbsolute,RainAccumulated,RainIntensity,VolumeEquivalentDiameter,0.2100324515011532,0.04411363068358427
AverageParticleSpeed,Humidity,KineticEnergy,ParticlesDetected,RadarReflectivity,RainAbsolute,RainAccumulated,RainIntensity,0.21003245150115313,0.04411363068358424
Humidity,KineticEnergy,ParticlesDetected,Pressure,RadarReflectivity,RainAbsolute,RainAccumulated,RainIntensity,0.20968243078892565,0.043966721781552594
AverageParticleSpeed,KineticEnergy,ParticlesDetected,RainAbsolute,RainIntensity,RainRate,VolumeEquivalentDiameter,WindSpeed,0.20966795686646697,0.043960652136558656
AverageParticleSpeed,KineticEnergy,ParticlesDetected,RainAccumulated,RainIntensity,RainRate,VolumeEquivalentDiameter,WindSpeed,0.20966795686646697,0.043960652136558656
AverageParticleSpeed,Humidity,RainAbsolute,RainRate,SnowDepthIntensity,Temperature,VolumeEquivalentDiameter,WindSpeed,0.20888565819664412,0.04363321820024524
AverageParticleSpeed,Humidity,RainAccumulated,RainRate,SnowDepthIntensity,Temperature,VolumeEquivalentDiameter,WindSpeed,0.20888565819664412,0.04363321820024524
AverageParticleSpeed,KineticEnergy,ParticlesDetected,Pressure,RainAbsolute,RainIntensity,VolumeEquivalentDiameter,WindSpeed,0.20888287297732921,0.04363205462326305
AverageParticleSpeed,KineticEnergy,ParticlesDetected,Pressure,RainAccumulated,RainIntensity,VolumeEquivalentDiameter,WindSpeed,0.20888287297732921,0.04363205462326305
KineticEnergy,ParticlesDetected,Pressure,RainAbsolute,RainIntensity,RainRate,VolumeEquivalentDiameter,WindSpeed,0.20888287297732916,0.04363205462326303
KineticEnergy,ParticlesDetected,Pressure,RainAccumulated,RainIntensity,RainRate,VolumeEquivalentDiameter,WindSpeed,0.20888287297732916,0.04363205462326303
AverageParticleSpeed,KineticEnergy,ParticlesDetected,Pressure,RainAbsolute,RainIntensity,RainRate,WindSpeed,0.20888287297732913,0.043632054623263014
AverageParticleSpeed,KineticEnergy,ParticlesDetected,Pressure,RainAccumulated,RainIntensity,RainRate,WindSpeed,0.20888287297732913,0.043632054623263014
AverageParticleSpeed,RadarReflectivity,RainAbsolute,RainIntensity,RainRate,SnowDepthIntensity,VolumeEquivalentDiameter,WindSpeed,0.20883214885360593,0.043610866394814624
AverageParticleSpeed,RadarReflectivity,RainAccumulated,RainIntensity,RainRate,SnowDepthIntensity,VolumeEquivalentDiameter,WindSpeed,0.20883214885360593,0.043610866394814624
AverageParticleSpeed,KineticEnergy,RadarReflectivity,RainAbsolute,RainIntensity,RainRate,SnowDepthIntensity,Temperature,0.20882220189965878,0.043606712006221855
AverageParticleSpeed,KineticEnergy,RadarReflectivity,RainAccumulated,RainIntensity,RainRate,SnowDepthIntensity,Temperature,0.20882220189965878,0.043606712006221855
KineticEnergy,RadarReflectivity,RainAbsolute,RainIntensity,RainRate,SnowDepthIntensity,Temperature,VolumeEquivalentDiameter,0.20882220189965878,0.043606712006221855
KineticEnergy,RadarReflectivity,RainAccumulated,RainIntensity,RainRate,SnowDepthIntensity,Temperature,VolumeEquivalentDiameter,0.20882220189965878,0.043606712006221855
AverageParticleSpeed,KineticEnergy,RadarReflectivity,RainAbsolute,RainIntensity,SnowDepthIntensity,Temperature,VolumeEquivalentDiameter,0.20882220189965875,0.04360671200622184
AverageParticleSpeed,KineticEnergy,RadarReflectivity,RainAccumulated,RainIntensity,SnowDepthIntensity,Temperature,VolumeEquivalentDiameter,0.20882220189965875,0.04360671200622184
AverageParticleSpeed,Pressure,RainAbsolute,RainAccumulated,RainIntensity,RainRate,VolumeEquivalentDiameter,WeatherCode4680,0.20873883633134438,0.043571901792963774
AverageParticleSpeed,KineticEnergy,Pressure,RainAbsolute,RainAccumulated,RainRate,VolumeEquivalentDiameter,WeatherCode4680,0.20841318757073124,0.0434360567533928
AverageParticleSpeed,Pressure,RadarReflectivity,RainAbsolute,RainRate,Temperature,VolumeEquivalentDiameter,WindSpeed,0.20839497272314952,0.04342846465628224
AverageParticleSpeed,Pressure,RadarReflectivity,RainAccumulated,RainRate,Temperature,VolumeEquivalentDiameter,WindSpeed,0.20839497272314952,0.04342846465628224
KineticEnergy,Pressure,RadarReflectivity,RainAbsolute,RainIntensity,SnowDepthIntensity,Temperature,VolumeEquivalentDiameter,0.20815987240931094,0.04333053248146061
KineticEnergy,Pressure,RadarReflectivity,RainAccumulated,RainIntensity,SnowDepthIntensity,Temperature,VolumeEquivalentDiameter,0.20815987240931094,0.04333053248146061
AverageParticleSpeed,KineticEnergy,Pressure,RadarReflectivity,RainAbsolute,RainIntensity,SnowDepthIntensity,Temperature,0.20815987240931086,0.04333053248146058
AverageParticleSpeed,KineticEnergy,Pressure,RadarReflectivity,RainAccumulated,RainIntensity,SnowDepthIntensity,Temperature,0.20815987240931086,0.04333053248146058
KineticEnergy,Pressure,RadarReflectivity,RainAbsolute,RainIntensity,RainRate,SnowDepthIntensity,Temperature,0.2081598724093108,0.04333053248146055
KineticEnergy,Pressure,RadarReflectivity,RainAccumulated,RainIntensity,RainRate,SnowDepthIntensity,Temperature,0.2081598724093108,0.04333053248146055
AverageParticleSpeed,Pressure,RadarReflectivity,RainAbsolute,RainIntensity,SnowDepthIntensity,VolumeEquivalentDiameter,WindSpeed,0.2080628159333777,0.043290135374126605
AverageParticleSpeed,Pressure,RadarReflectivity,RainAccumulated,RainIntensity,SnowDepthIntensity,VolumeEquivalentDiameter,WindSpeed,0.2080628159333777,0.043290135374126605
Pressure,RadarReflectivity,RainAbsolute,RainIntensity,RainRate,SnowDepthIntensity,VolumeEquivalentDiameter,WindSpeed,0.20806281593337767,0.0432901353741266
Pressure,RadarReflectivity,RainAccumulated,RainIntensity,RainRate,SnowDepthIntensity,VolumeEquivalentDiameter,WindSpeed,0.20806281593337767,0.0432901353741266
AverageParticleSpeed,Pressure,RadarReflectivity,RainAbsolute,RainIntensity,RainRate,SnowDepthIntensity,WindSpeed,0.20806281593337764,0.043290135374126584
AverageParticleSpeed,Pressure,RadarReflectivity,RainAccumulated,RainIntensity,RainRate,SnowDepthIntensity,WindSpeed,0.20806281593337764,0.043290135374126584
AverageParticleSpeed,KineticEnergy,RadarReflectivity,RainAbsolute,RainRate,SnowDepthIntensity,VolumeEquivalentDiameter,WindSpeed,0.2078815574890119,0.04321474194405736
AverageParticleSpeed,KineticEnergy,RadarReflectivity,RainAccumulated,RainRate,SnowDepthIntensity,VolumeEquivalentDiameter,WindSpeed,0.2078815574890119,0.04321474194405736
AverageParticleSpeed,Humidity,Pressure,RainAbsolute,SnowDepthIntensity,Temperature,VolumeEquivalentDiameter,WindSpeed,0.2078627237857395,0.043206911939626634
AverageParticleSpeed,Humidity,Pressure,RainAccumulated,SnowDepthIntensity,Temperature,VolumeEquivalentDiameter,WindSpeed,0.2078627237857395,0.043206911939626634
AverageParticleSpeed,Humidity,Pressure,RainAbsolute,RainRate,SnowDepthIntensity,Temperature,WindSpeed,0.20786272378573936,0.04320691193962658
AverageParticleSpeed,Humidity,Pressure,RainAccumulated,RainRate,SnowDepthIntensity,Temperature,WindSpeed,0.20786272378573936,0.04320691193962658
Humidity,Pressure,RainAbsolute,RainRate,SnowDepthIntensity,Temperature,VolumeEquivalentDiameter,WindSpeed,0.20786272378573936,0.04320691193962658
Humidity,Pressure,RainAccumulated,RainRate,SnowDepthIntensity,Temperature,VolumeEquivalentDiameter,WindSpeed,0.20786272378573936,0.04320691193962658
AverageParticleSpeed,KineticEnergy,RainAbsolute,RainAccumulated,RainIntensity,RainRate,VolumeEquivalentDiameter,WeatherCode4680,0.20776811728800507,0.04316759056140223
AverageParticleSpeed,KineticEnergy,Pressure,RainAbsolute,RainAccumulated,RainIntensity,VolumeEquivalentDiameter,WeatherCode4680,0.20745304598983683,0.043036766290461353
AverageParticleSpeed,KineticEnergy,Pressure,RainAbsolute,RainAccumulated,RainIntensity,RainRate,WeatherCode4680,0.20745304598983674,0.04303676629046132
KineticEnergy,Pressure,RainAbsolute,RainAccumulated,RainIntensity,RainRate,VolumeEquivalentDiameter,WeatherCode4680,0.20745304598983674,0.04303676629046132
AverageParticleSpeed,KineticEnergy,Pressure,RadarReflectivity,RainAbsolute,SnowDepthIntensity,VolumeEquivalentDiameter,WindSpeed,0.2071120797019301,0.04289541355845865
AverageParticleSpeed,KineticEnergy,Pressure,RadarReflectivity,RainAccumulated,SnowDepthIntensity,VolumeEquivalentDiameter,WindSpeed,0.2071120797019301,0.04289541355845865
AverageParticleSpeed,KineticEnergy,Pressure,RadarReflectivity,RainAbsolute,RainRate,SnowDepthIntensity,WindSpeed,0.2071120797019299,0.042895413558458564
AverageParticleSpeed,KineticEnergy,Pressure,RadarReflectivity,RainAccumulated,RainRate,SnowDepthIntensity,WindSpeed,0.2071120797019299,0.042895413558458564
KineticEnergy,Pressure,RadarReflectivity,RainAbsolute,RainRate,SnowDepthIntensity,VolumeEquivalentDiameter,WindSpeed,0.20711207970192988,0.04289541355845856
KineticEnergy,Pressure,RadarReflectivity,RainAccumulated,RainRate,SnowDepthIntensity,VolumeEquivalentDiameter,WindSpeed,0.20711207970192988,0.04289541355845856
AverageParticleSpeed,RadarReflectivity,RainAbsolute,RainIntensity,RainRate,Temperature,VolumeEquivalentDiameter,WindSpeed,0.2067857140208468,0.04276033152311144
AverageParticleSpeed,RadarReflectivity,RainAccumulated,RainIntensity,RainRate,Temperature,VolumeEquivalentDiameter,WindSpeed,0.2067857140208468,0.04276033152311144
AverageParticleSpeed,Humidity,RainAbsolute,RainIntensity,RainRate,SnowDepthIntensity,Temperature,WindSpeed,0.20610558090374206,0.04247951047966896
AverageParticleSpeed,Humidity,RainAbsolute,RainIntensity,SnowDepthIntensity,Temperature,VolumeEquivalentDiameter,WindSpeed,0.20610558090374206,0.04247951047966896
AverageParticleSpeed,Humidity,RainAccumulated,RainIntensity,RainRate,SnowDepthIntensity,Temperature,WindSpeed,0.20610558090374206,0.04247951047966896
AverageParticleSpeed,Humidity,RainAccumulated,RainIntensity,SnowDepthIntensity,Temperature,VolumeEquivalentDiameter,WindSpeed,0.20610558090374206,0.04247951047966896
Humidity,RainAbsolute,RainIntensity,RainRate,SnowDepthIntensity,Temperature,VolumeEquivalentDiameter,WindSpeed,0.20610558090374206,0.04247951047966896
Humidity,RainAccumulated,RainIntensity,RainRate,SnowDepthIntensity,Temperature,VolumeEquivalentDiameter,WindSpeed,0.20610558090374206,0.04247951047966896
AverageParticleSpeed,Pressure,RadarReflectivity,RainAbsolute,RainIntensity,Temperature,VolumeEquivalentDiameter,WindSpeed,0.2059949337810614,0.04243391274346387
AverageParticleSpeed,Pressure,RadarReflectivity,RainAccumulated,RainIntensity,Temperature,VolumeEquivalentDiameter,WindSpeed,0.2059949337810614,0.04243391274346387
Pressure,RadarReflectivity,RainAbsolute,RainIntensity,RainRate,Temperature,VolumeEquivalentDiameter,WindSpeed,0.2059949337810613,0.04243391274346382
Pressure,RadarReflectivity,RainAccumulated,RainIntensity,RainRate,Temperature,VolumeEquivalentDiameter,WindSpeed,0.2059949337810613,0.04243391274346382
AverageParticleSpeed,Pressure,RadarReflectivity,RainAbsolute,RainIntensity,RainRate,Temperature,WindSpeed,0.20599493378106126,0.042433912743463816
AverageParticleSpeed,Pressure,RadarReflectivity,RainAccumulated,RainIntensity,RainRate,Temperature,WindSpeed,0.20599493378106126,0.042433912743463816
AverageParticleSpeed,KineticEnergy,RadarReflectivity,RainAbsolute,RainRate,Temperature,VolumeEquivalentDiameter,WindSpeed,0.20582011692430366,0.04236192053073403
AverageParticleSpeed,KineticEnergy,RadarReflectivity,RainAccumulated,RainRate,Temperature,VolumeEquivalentDiameter,WindSpeed,0.20582011692430366,0.04236192053073403
AverageParticleSpeed,KineticEnergy,RadarReflectivity,RainAbsolute,RainIntensity,SnowDepthIntensity,VolumeEquivalentDiameter,WindSpeed,0.20547802912860558,0.04222122045457608
AverageParticleSpeed,KineticEnergy,RadarReflectivity,RainAccumulated,RainIntensity,SnowDepthIntensity,VolumeEquivalentDiameter,WindSpeed,0.20547802912860558,0.04222122045457608
AverageParticleSpeed,KineticEnergy,RadarReflectivity,RainAbsolute,RainIntensity,RainRate,SnowDepthIntensity,WindSpeed,0.20547802912860516,0.04222122045457591
AverageParticleSpeed,KineticEnergy,RadarReflectivity,RainAccumulated,RainIntensity,RainRate,SnowDepthIntensity,WindSpeed,0.20547802912860516,0.04222122045457591
KineticEnergy,RadarReflectivity,RainAbsolute,RainIntensity,RainRate,SnowDepthIntensity,VolumeEquivalentDiameter,WindSpeed,0.20547802912860516,0.04222122045457591
KineticEnergy,RadarReflectivity,RainAccumulated,RainIntensity,RainRate,SnowDepthIntensity,VolumeEquivalentDiameter,WindSpeed,0.20547802912860516,0.04222122045457591
Humidity,KineticEnergy,RainAbsolute,RainRate,SnowDepthIntensity,Temperature,VolumeEquivalentDiameter,WindSpeed,0.20511887298190723,0.04207375205336779
Humidity,KineticEnergy,RainAccumulated,RainRate,SnowDepthIntensity,Temperature,VolumeEquivalentDiameter,WindSpeed,0.20511887298190723,0.04207375205336779
AverageParticleSpeed,Humidity,KineticEnergy,RainAbsolute,RainRate,SnowDepthIntensity,Temperature,WindSpeed,0.20511887298190717,0.04207375205336777
AverageParticleSpeed,Humidity,KineticEnergy,RainAccumulated,RainRate,SnowDepthIntensity,Temperature,WindSpeed,0.20511887298190717,0.04207375205336777
AverageParticleSpeed,Humidity,KineticEnergy,RainAbsolute,SnowDepthIntensity,Temperature,VolumeEquivalentDiameter,WindSpeed,0.205118872981907,0.0420737520533677
AverageParticleSpeed,Humidity,KineticEnergy,RainAccumulated,SnowDepthIntensity,Temperature,VolumeEquivalentDiameter,WindSpeed,0.205118872981907,0.0420737520533677
AverageParticleSpeed,Humidity,Pressure,RainAbsolute,RainIntensity,SnowDepthIntensity,Temperature,WindSpeed,0.20507941324297732,0.04205756573608386
AverageParticleSpeed,Humidity,Pressure,RainAccumulated,RainIntensity,SnowDepthIntensity,Temperature,WindSpeed,0.20507941324297732,0.04205756573608386
Humidity,Pressure,RainAbsolute,RainIntensity,SnowDepthIntensity,Temperature,VolumeEquivalentDiameter,WindSpeed,0.20507941324297732,0.04205756573608386
Humidity,Pressure,RainAccumulated,RainIntensity,SnowDepthIntensity,Temperature,VolumeEquivalentDiameter,WindSpeed,0.20507941324297732,0.04205756573608386
Humidity,Pressure,RainAbsolute,RainIntensity,RainRate,SnowDepthIntensity,Temperature,WindSpeed,0.2050794132429772,0.04205756573608382
Humidity,Pressure,RainAccumulated,RainIntensity,RainRate,SnowDepthIntensity,Temperature,WindSpeed,0.2050794132429772,0.04205756573608382
AverageParticleSpeed,KineticEnergy,Pressure,RadarReflectivity,RainAbsolute,Temperature,VolumeEquivalentDiameter,WindSpeed,0.20502918848455584,0.042036968130635524
AverageParticleSpeed,KineticEnergy,Pressure,RadarReflectivity,RainAccumulated,Temperature,VolumeEquivalentDiameter,WindSpeed,0.20502918848455584,0.042036968130635524
KineticEnergy,Pressure,RadarReflectivity,RainAbsolute,RainRate,Temperature,VolumeEquivalentDiameter,WindSpeed,0.20502918848455567,0.042036968130635455
KineticEnergy,Pressure,RadarReflectivity,RainAccumulated,RainRate,Temperature,VolumeEquivalentDiameter,WindSpeed,0.20502918848455567,0.042036968130635455
AverageParticleSpeed,KineticEnergy,Pressure,RadarReflectivity,RainAbsolute,RainRate,Temperature,WindSpeed,0.20502918848455565,0.04203696813063545
AverageParticleSpeed,KineticEnergy,Pressure,RadarReflectivity,RainAccumulated,RainRate,Temperature,WindSpeed,0.20502918848455565,0.04203696813063545
KineticEnergy,Pressure,RadarReflectivity,RainAbsolute,RainIntensity,RainRate,SnowDepthIntensity,WindSpeed,0.20470810558421432,0.041905408491877835
KineticEnergy,Pressure,RadarReflectivity,RainAccumulated,RainIntensity,RainRate,SnowDepthIntensity,WindSpeed,0.20470810558421432,0.041905408491877835
AverageParticleSpeed,KineticEnergy,Pressure,RadarReflectivity,RainAbsolute,RainIntensity,SnowDepthIntensity,WindSpeed,0.20470810558421423,0.0419054084918778
AverageParticleSpeed,KineticEnergy,Pressure,RadarReflectivity,RainAccumulated,RainIntensity,SnowDepthIntensity,WindSpeed,0.20470810558421423,0.0419054084918778
KineticEnergy,Pressure,RadarReflectivity,RainAbsolute,RainIntensity,SnowDepthIntensity,VolumeEquivalentDiameter,WindSpeed,0.2047081055842142,0.041905408491877794
KineticEnergy,Pressure,RadarReflectivity,RainAccumulated,RainIntensity,SnowDepthIntensity,VolumeEquivalentDiameter,WindSpeed,0.2047081055842142,0.041905408491877794
AverageParticleSpeed,Humidity,KineticEnergy,Pressure,RainAbsolute,SnowDepthIntensity,Temperature,WindSpeed,0.20409177188670752,0.04165345135185586
AverageParticleSpeed,Humidity,KineticEnergy,Pressure,RainAccumulated,SnowDepthIntensity,Temperature,WindSpeed,0.20409177188670752,0.04165345135185586
Humidity,KineticEnergy,Pressure,RainAbsolute,RainRate,SnowDepthIntensity,Temperature,WindSpeed,0.20409177188670752,0.04165345135185586
Humidity,KineticEnergy,Pressure,RainAccumulated,RainRate,SnowDepthIntensity,Temperature,WindSpeed,0.20409177188670752,0.04165345135185586
Humidity,KineticEnergy,Pressure,RainAbsolute,SnowDepthIntensity,Temperature,VolumeEquivalentDiameter,WindSpeed,0.2040917718867073,0.04165345135185577
Humidity,KineticEnergy,Pressure,RainAccumulated,SnowDepthIntensity,Temperature,VolumeEquivalentDiameter,WindSpeed,0.2040917718867073,0.04165345135185577
AverageParticleSpeed,KineticEnergy,RadarReflectivity,RainAbsolute,RainIntensity,RainRate,Temperature,WindSpeed,0.20343839769539246,0.041387181656868666
AverageParticleSpeed,KineticEnergy,RadarReflectivity,RainAccumulated,RainIntensity,RainRate,Temperature,WindSpeed,0.20343839769539246,0.041387181656868666
KineticEnergy,RadarReflectivity,RainAbsolute,RainIntensity,RainRate,Temperature,VolumeEquivalentDiameter,WindSpeed,0.20343839769539246,0.041387181656868666
KineticEnergy,RadarReflectivity,RainAccumulated,RainIntensity,RainRate,Temperature,VolumeEquivalentDiameter,WindSpeed,0.20343839769539246,0.041387181656868666
AverageParticleSpeed,KineticEnergy,RadarReflectivity,RainAbsolute,RainIntensity,Temperature,VolumeEquivalentDiameter,WindSpeed,0.20343839769539238,0.04138718165686863
AverageParticleSpeed,KineticEnergy,RadarReflectivity,RainAccumulated,RainIntensity,Temperature,VolumeEquivalentDiameter,WindSpeed,0.20343839769539238,0.04138718165686863
AverageParticleSpeed,Humidity,ParticlesDetected,RadarReflectivity,RainAbsolute,RainAccumulated,SnowDepthIntensity,VolumeEquivalentDiameter,0.20277104565638845,0.04111609695658517
AverageParticleSpeed,Humidity,ParticlesDetected,RadarReflectivity,RainAbsolute,RainAccumulated,RainRate,SnowDepthIntensity,0.2027710456563884,0.04111609695658515
Humidity,ParticlesDetected,RadarReflectivity,RainAbsolute,RainAccumulated,RainRate,SnowDepthIntensity,VolumeEquivalentDiameter,0.2027710456563882,0.04111609695658507
KineticEnergy,Pressure,RadarReflectivity,RainAbsolute,RainIntensity,RainRate,Temperature,WindSpeed,0.2026470116955466,0.041065811349135006
KineticEnergy,Pressure,RadarReflectivity,RainAccumulated,RainIntensity,RainRate,Temperature,WindSpeed,0.2026470116955466,0.041065811349135006
AverageParticleSpeed,KineticEnergy,Pressure,RadarReflectivity,RainAbsolute,RainIntensity,Temperature,WindSpeed,0.20264701169554655,0.04106581134913498
AverageParticleSpeed,KineticEnergy,Pressure,RadarReflectivity,RainAccumulated,RainIntensity,Temperature,WindSpeed,0.20264701169554655,0.04106581134913498
KineticEnergy,Pressure,RadarReflectivity,RainAbsolute,RainIntensity,Temperature,VolumeEquivalentDiameter,WindSpeed,0.20264701169554655,0.04106581134913498
KineticEnergy,Pressure,RadarReflectivity,RainAccumulated,RainIntensity,Temperature,VolumeEquivalentDiameter,WindSpeed,0.20264701169554655,0.04106581134913498
Humidity,ParticlesDetected,Pressure,RadarReflectivity,RainAbsolute,RainAccumulated,RainRate,SnowDepthIntensity,0.20241697689981186,0.04097263253725897
AverageParticleSpeed,Humidity,ParticlesDetected,Pressure,RadarReflectivity,RainAbsolute,RainAccumulated,SnowDepthIntensity,0.20241697689981153,0.040972632537258837
Humidity,ParticlesDetected,Pressure,RadarReflectivity,RainAbsolute,RainAccumulated,SnowDepthIntensity,VolumeEquivalentDiameter,0.20241697689981153,0.040972632537258837
AverageParticleSpeed,Humidity,KineticEnergy,RainAbsolute,RainIntensity,SnowDepthIntensity,Temperature,WindSpeed,0.20231671280338426,0.04093205227956707
AverageParticleSpeed,Humidity,KineticEnergy,RainAccumulated,RainIntensity,SnowDepthIntensity,Temperature,WindSpeed,0.20231671280338426,0.04093205227956707
Humidity,KineticEnergy,RainAbsolute,RainIntensity,SnowDepthIntensity,Temperature,VolumeEquivalentDiameter,WindSpeed,0.20231671280338423,0.040932052279567054
Humidity,KineticEnergy,RainAccumulated,RainIntensity,SnowDepthIntensity,Temperature,VolumeEquivalentDiameter,WindSpeed,0.20231671280338423,0.040932052279567054
Humidity,KineticEnergy,RainAbsolute,RainIntensity,RainRate,SnowDepthIntensity,Temperature,WindSpeed,0.202316712803384,0.04093205227956696
Humidity,KineticEnergy,RainAccumulated,RainIntensity,RainRate,SnowDepthIntensity,Temperature,WindSpeed,0.202316712803384,0.04093205227956696
AverageParticleSpeed,Humidity,ParticlesDetected,RadarReflectivity,RainAbsolute,RainAccumulated,RainIntensity,SnowDepthIntensity,0.20160006660611898,0.04064258685559161
Humidity,ParticlesDetected,RadarReflectivity,RainAbsolute,RainAccumulated,RainIntensity,SnowDepthIntensity,VolumeEquivalentDiameter,0.20160006660611887,0.040642586855591564
Humidity,ParticlesDetected,RadarReflectivity,RainAbsolute,RainAccumulated,RainIntensity,RainRate,SnowDepthIntensity,0.2016000666061185,0.04064258685559142
AverageParticleSpeed,Pressure,RainAbsolute,RainAccumulated,RainRate,SnowDepthIntensity,VolumeEquivalentDiameter,WeatherCode4680,0.20141572663431836,0.04056829493563047
Humidity,KineticEnergy,Pressure,RainAbsolute,RainIntensity,SnowDepthIntensity,Temperature,WindSpeed,0.20128688518898047,0.040516410149081805
Humidity,KineticEnergy,Pressure,RainAccumulated,RainIntensity,SnowDepthIntensity,Temperature,WindSpeed,0.20128688518898047,0.040516410149081805
Humidity,ParticlesDetected,Pressure,RadarReflectivity,RainAbsolute,RainAccumulated,RainIntensity,SnowDepthIntensity,0.2012455545049151,0.04049977320799075
Humidity,KineticEnergy,ParticlesDetected,RadarReflectivity,RainAbsolute,RainAccumulated,SnowDepthIntensity,VolumeEquivalentDiameter,0.2011419040834079,0.04045806557829886
Humidity,KineticEnergy,ParticlesDetected,RadarReflectivity,RainAbsolute,RainAccumulated,RainRate,SnowDepthIntensity,0.20114190408340776,0.040458065578298806
AverageParticleSpeed,Humidity,KineticEnergy,ParticlesDetected,RadarReflectivity,RainAbsolute,RainAccumulated,SnowDepthIntensity,0.2011419040834075,0.04045806557829871
AverageParticleSpeed,Humidity,ParticlesDetected,RadarReflectivity,RainAbsolute,RainAccumulated,RainRate,Temperature,0.20086597492640645,0.04034713988313575
Humidity,ParticlesDetected,RadarReflectivity,RainAbsolute,RainAccumulated,RainRate,Temperature,VolumeEquivalentDiameter,0.20086597492640643,0.040347139883135735
AverageParticleSpeed,Humidity,ParticlesDetected,RadarReflectivity,RainAbsolute,RainAccumulated,Temperature,VolumeEquivalentDiameter,0.20086597492640618,0.04034713988313564
AverageParticleSpeed,RainAbsolute,RainAccumulated,RainIntensity,RainRate,SnowDepthIntensity,VolumeEquivalentDiameter,WeatherCode4680,0.20080102886098966,0.040321053191632004
Humidity,KineticEnergy,ParticlesDetected,Pressure,RadarReflectivity,RainAbsolute,RainAccumulated,SnowDepthIntensity,0.2007872408576599,0.04031551609123193
AverageParticleSpeed,Humidity,ParticlesDetected,RadarReflectivity,RainAbsolute,RainAccumulated,RainRate,WindSpeed,0.20064116826845757,0.0402568784041315
AverageParticleSpeed,Humidity,ParticlesDetected,RadarReflectivity,RainAbsolute,RainAccumulated,VolumeEquivalentDiameter,WindSpeed,0.20064116826845754,0.040256878404131495
Humidity,ParticlesDetected,RadarReflectivity,RainAbsolute,RainAccumulated,RainRate,VolumeEquivalentDiameter,WindSpeed,0.2006411682684574,0.04025687840413144
Humidity,ParticlesDetected,Pressure,RadarReflectivity,RainAbsolute,RainAccumulated,RainRate,Temperature,0.20050692538542644,0.040203027127516965
Humidity,ParticlesDetected,Pressure,RadarReflectivity,RainAbsolute,RainAccumulated,Temperature,VolumeEquivalentDiameter,0.20050692538542603,0.0402030271275168
AverageParticleSpeed,Humidity,ParticlesDetected,Pressure,RadarReflectivity,RainAbsolute,RainAccumulated,Temperature,0.200506925385426,0.04020302712751679
AverageParticleSpeed,KineticEnergy,RainAbsolute,RainAccumulated,RainRate,SnowDepthIntensity,VolumeEquivalentDiameter,WeatherCode4680,0.2004880836006546,0.04019547166586306
AverageParticleSpeed,Pressure,RainAbsolute,RainAccumulated,RainIntensity,RainRate,SnowDepthIntensity,WeatherCode4680,0.20048361888989422,0.04019368144318835
Pressure,RainAbsolute,RainAccumulated,RainIntensity,RainRate,SnowDepthIntensity,VolumeEquivalentDiameter,WeatherCode4680,0.20048361888989422,0.04019368144318835
AverageParticleSpeed,Pressure,RainAbsolute,RainAccumulated,RainIntensity,SnowDepthIntensity,VolumeEquivalentDiameter,WeatherCode4680,0.2004836188898941,0.04019368144318831
Humidity,ParticlesDetected,Pressure,RadarReflectivity,RainAbsolute,RainAccumulated,VolumeEquivalentDiameter,WindSpeed,0.20025305254950412,0.04010128505539446
AverageParticleSpeed,Humidity,ParticlesDetected,Pressure,RadarReflectivity,RainAbsolute,RainAccumulated,WindSpeed,0.2002530525495041,0.040101285055394446
Humidity,ParticlesDetected,Pressure,RadarReflectivity,RainAbsolute,RainAccumulated,RainRate,WindSpeed,0.2002530525495038,0.04010128505539433
AverageParticleSpeed,KineticEnergy,Pressure,RainAbsolute,RainAccumulated,RainRate,SnowDepthIntensity,WeatherCode4680,0.20017062616160472,0.04006827957792891
KineticEnergy,Pressure,RainAbsolute,RainAccumulated,RainRate,SnowDepthIntensity,VolumeEquivalentDiameter,WeatherCode4680,0.20017062616160472,0.04006827957792891
AverageParticleSpeed,KineticEnergy,Pressure,RainAbsolute,RainAccumulated,SnowDepthIntensity,VolumeEquivalentDiameter,WeatherCode4680,0.20017062616160447,0.040068279577928814
AverageParticleSpeed,ParticlesDetected,Pressure,RainAbsolute,RainRate,SnowDepthIntensity,Temperature,VolumeEquivalentDiameter,0.19998277711973136,0.03999311114452015
AverageParticleSpeed,ParticlesDetected,Pressure,RainAccumulated,RainRate,SnowDepthIntensity,Temperature,VolumeEquivalentDiameter,0.19998277711973136,0.03999311114452015
Humidity,KineticEnergy,ParticlesDetected,RadarReflectivity,RainAbsolute,RainAccumulated,RainIntensity,SnowDepthIntensity,0.19997712887051713,0.039990852071295414
Humidity,ParticlesDetected,RadarReflectivity,RainAbsolute,RainAccumulated,RainIntensity,Temperature,VolumeEquivalentDiameter,0.19971231779329357,0.03988500987836948
AverageParticleSpeed,Humidity,ParticlesDetected,RadarReflectivity,RainAbsolute,RainAccumulated,RainIntensity,Temperature,0.1997123177932935,0.03988500987836945
Humidity,ParticlesDetected,RadarReflectivity,RainAbsolute,RainAccumulated,RainIntensity,RainRate,Temperature,0.19971231779329301,0.03988500987836926
AverageParticleSpeed,Pressure,RainAbsolute,RainAccumulated,RainRate,Temperature,VolumeEquivalentDiameter,WeatherCode4680,0.1996949504658548,0.0398780732415602
AverageParticleSpeed,KineticEnergy,RainAbsolute,RainAccumulated,RainIntensity,SnowDepthIntensity,VolumeEquivalentDiameter,WeatherCode4680,0.19955743310991517,0.039823169109418265
AverageParticleSpeed,KineticEnergy,RainAbsolute,RainAccumulated,RainIntensity,RainRate,SnowDepthIntensity,WeatherCode4680,0.19955743310991506,0.03982316910941822
KineticEnergy,RainAbsolute,RainAccumulated,RainIntensity,RainRate,SnowDepthIntensity,VolumeEquivalentDiameter,WeatherCode4680,0.19955743310991506,0.03982316910941822
AverageParticleSpeed,Humidity,ParticlesDetected,RadarReflectivity,RainAbsolute,RainAccumulated,RainIntensity,WindSpeed,0.19940149577016553,0.03976095651537934
Humidity,ParticlesDetected,RadarReflectivity,RainAbsolute,RainAccumulated,RainIntensity,RainRate,WindSpeed,0.1994014957701655,0.03976095651537933
Humidity,ParticlesDetected,RadarReflectivity,RainAbsolute,RainAccumulated,RainIntensity,VolumeEquivalentDiameter,WindSpeed,0.1994014957701654,0.03976095651537929
Humidity,ParticlesDetected,Pressure,RadarReflectivity,RainAbsolute,RainAccumulated,RainIntensity,Temperature,0.19935284803049366,0.0397415580178691
Humidity,KineticEnergy,ParticlesDetected,RadarReflectivity,RainAbsolute,RainAccumulated,Temperature,VolumeEquivalentDiameter,0.19925591295546655,0.03970291884771646
AverageParticleSpeed,Humidity,KineticEnergy,ParticlesDetected,RadarReflectivity,RainAbsolute,RainAccumulated,Temperature,0.19925591295546652,0.03970291884771645
Humidity,KineticEnergy,ParticlesDetected,RadarReflectivity,RainAbsolute,RainAccumulated,RainRate,Temperature,0.19925591295546638,0.039702918847716394
KineticEnergy,Pressure,RainAbsolute,RainAccumulated,RainIntensity,RainRate,SnowDepthIntensity,WeatherCode4680,0.19923980054182047,0.039696498119944405
AverageParticleSpeed,KineticEnergy,Pressure,RainAbsolute,RainAccumulated,RainIntensity,SnowDepthIntensity,WeatherCode4680,0.19923980054182003,0.039696498119944225
KineticEnergy,Pressure,RainAbsolute,RainAccumulated,RainIntensity,SnowDepthIntensity,VolumeEquivalentDiameter,WeatherCode4680,0.19923980054181994,0.0396964981199442
AverageParticleSpeed,RainAbsolute,RainAccumulated,RainIntensity,RainRate,Temperature,VolumeEquivalentDiameter,WeatherCode4680,0.19909833857716516,0.03964014842418749
Humidity,ParticlesDetected,Pressure,RadarReflectivity,RainAbsolute,RainAccumulated,RainIntensity,WindSpeed,0.19901303102979753,0.03960618651966716
Humidity,KineticEnergy,ParticlesDetected,RadarReflectivity,RainAbsolute,RainAccumulated,RainRate,WindSpeed,0.19890519924302622,0.03956327828590796
Humidity,KineticEnergy,ParticlesDetected,RadarReflectivity,RainAbsolute,RainAccumulated,VolumeEquivalentDiameter,WindSpeed,0.19890519924302613,0.03956327828590792
AverageParticleSpeed,Humidity,KineticEnergy,ParticlesDetected,RadarReflectivity,RainAbsolute,RainAccumulated,WindSpeed,0.19890519924302608,0.0395632782859079
Humidity,KineticEnergy,ParticlesDetected,Pressure,RadarReflectivity,RainAbsolute,RainAccumulated,Temperature,0.19889630071501446,0.03955973843811746
AverageParticleSpeed,KineticEnergy,RainAbsolute,RainAccumulated,RainRate,Temperature,VolumeEquivalentDiameter,WeatherCode4680,0.19878755173455329,0.0395164907246177
Pressure,RainAbsolute,RainAccumulated,RainIntensity,RainRate,Temperature,VolumeEquivalentDiameter,WeatherCode4680,0.19877711126290204,0.039512339962024134
AverageParticleSpeed,Pressure,RainAbsolute,RainAccumulated,RainIntensity,RainRate,Temperature,WeatherCode4680,0.198777111262902,0.03951233996202413
AverageParticleSpeed,Pressure,RainAbsolute,RainAccumulated,RainIntensity,Temperature,VolumeEquivalentDiameter,WeatherCode4680,0.19877711126290193,0.03951233996202409
AverageParticleSpeed,Pressure,RainAbsolute,RainAccumulated,RainRate,VolumeEquivalentDiameter,WeatherCode4680,WindSpeed,0.1986717316084494,0.03947045694029975
Humidity,KineticEnergy,ParticlesDetected,Pressure,RadarReflectivity,RainAbsolute,RainAccumulated,WindSpeed,0.19851662618851812,0.03940885087327184
AverageParticleSpeed,KineticEnergy,Pressure,RainAbsolute,RainAccumulated,Temperature,VolumeEquivalentDiameter,WeatherCode4680,0.19846628221393683,0.03938886517582202
AverageParticleSpeed,KineticEnergy,Pressure,RainAbsolute,RainAccumulated,RainRate,Temperature,WeatherCode4680,0.19846628221393672,0.03938886517582198
KineticEnergy,Pressure,RainAbsolute,RainAccumulated,RainRate,Temperature,VolumeEquivalentDiameter,WeatherCode4680,0.1984662822139367,0.03938886517582196
AverageParticleSpeed,ParticlesDetected,RainAbsolute,RainIntensity,RainRate,SnowDepthIntensity,Temperature,VolumeEquivalentDiameter,0.19846023072478353,0.03938646317933431
AverageParticleSpeed,ParticlesDetected,RainAccumulated,RainIntensity,RainRate,SnowDepthIntensity,Temperature,VolumeEquivalentDiameter,0.19846023072478353,0.03938646317933431
Humidity,KineticEnergy,ParticlesDetected,RadarReflectivity,RainAbsolute,RainAccumulated,RainIntensity,Temperature,0.19810784034124168,0.0392467164046709
AverageParticleSpeed,KineticEnergy,Pressure,RainIntensity,RainRate,Temperature,VolumeEquivalentDiameter,WindSpeed,-0.1980954203776605,0.039241795574602036
AverageParticleSpeed,RainAbsolute,RainAccumulated,RainIntensity,RainRate,VolumeEquivalentDiameter,WeatherCode4680,WindSpeed,0.19805136740998078,0.0392243441329632
AverageParticleSpeed,KineticEnergy,RainAbsolute,RainAccumulated,RainIntensity,Temperature,VolumeEquivalentDiameter,WeatherCode4680,0.1978707470736493,0.03915283254748409
AverageParticleSpeed,KineticEnergy,RainAbsolute,RainAccumulated,RainIntensity,RainRate,Temperature,WeatherCode4680,0.19787074707364913,0.03915283254748402
KineticEnergy,RainAbsolute,RainAccumulated,RainIntensity,RainRate,Temperature,VolumeEquivalentDiameter,WeatherCode4680,0.19787074707364913,0.03915283254748402
AverageParticleSpeed,ParticlesDetected,Pressure,RainAbsolute,RainIntensity,RainRate,SnowDepthIntensity,Temperature,0.19777861054685786,0.039116378789845675
AverageParticleSpeed,ParticlesDetected,Pressure,RainAccumulated,RainIntensity,RainRate,SnowDepthIntensity,Temperature,0.19777861054685786,0.039116378789845675
ParticlesDetected,Pressure,RainAbsolute,RainIntensity,RainRate,SnowDepthIntensity,Temperature,VolumeEquivalentDiameter,0.19777861054685786,0.039116378789845675
ParticlesDetected,Pressure,RainAccumulated,RainIntensity,RainRate,SnowDepthIntensity,Temperature,VolumeEquivalentDiameter,0.19777861054685786,0.039116378789845675
AverageParticleSpeed,ParticlesDetected,Pressure,RainAbsolute,RainIntensity,SnowDepthIntensity,Temperature,VolumeEquivalentDiameter,0.19777861054685772,0.03911637878984562
AverageParticleSpeed,ParticlesDetected,Pressure,RainAccumulated,RainIntensity,SnowDepthIntensity,Temperature,VolumeEquivalentDiameter,0.19777861054685772,0.03911637878984562
AverageParticleSpeed,KineticEnergy,RainAbsolute,RainAccumulated,RainRate,VolumeEquivalentDiameter,WeatherCode4680,WindSpeed,0.19772273356918998,0.039094279370072885
AverageParticleSpeed,Pressure,RainAbsolute,RainAccumulated,RainIntensity,RainRate,WeatherCode4680,WindSpeed,0.197707549836899,0.0390882752625099
Pressure,RainAbsolute,RainAccumulated,RainIntensity,RainRate,VolumeEquivalentDiameter,WeatherCode4680,WindSpeed,0.19770754983689898,0.039088275262509894
AverageParticleSpeed,Pressure,RainAbsolute,RainAccumulated,RainIntensity,VolumeEquivalentDiameter,WeatherCode4680,WindSpeed,0.19770754983689892,0.039088275262509874
Humidity,KineticEnergy,ParticlesDetected,RadarReflectivity,RainAbsolute,RainAccumulated,RainIntensity,WindSpeed,0.19767277364263336,0.03907452543957177
AverageParticleSpeed,KineticEnergy,ParticlesDetected,RainAbsolute,RainRate,SnowDepthIntensity,Temperature,VolumeEquivalentDiameter,0.19757934594637402,0.03903759794459694
AverageParticleSpeed,KineticEnergy,ParticlesDetected,RainAccumulated,RainRate,SnowDepthIntensity,Temperature,VolumeEquivalentDiameter,0.19757934594637402,0.03903759794459694
KineticEnergy,Pressure,RainAbsolute,RainAccumulated,RainIntensity,RainRate,Temperature,WeatherCode4680,0.19754931681194432,0.03902573257286595
AverageParticleSpeed,KineticEnergy,Pressure,RainAbsolute,RainAccumulated,RainIntensity,Temperature,WeatherCode4680,0.1975493168119443,0.039025732572865936
KineticEnergy,Pressure,RainAbsolute,RainAccumulated,RainIntensity,Temperature,VolumeEquivalentDiameter,WeatherCode4680,0.1975493168119443,0.039025732572865936
AverageParticleSpeed,KineticEnergy,Pressure,RainAbsolute,RainAccumulated,RainRate,WeatherCode4680,WindSpeed,0.19737890360585347,0.0389584315886488
KineticEnergy,Pressure,RainAbsolute,RainAccumulated,RainRate,VolumeEquivalentDiameter,WeatherCode4680,WindSpeed,0.19737890360585345,0.038958431588648784
AverageParticleSpeed,KineticEnergy,Pressure,RainAbsolute,RainAccumulated,VolumeEquivalentDiameter,WeatherCode4680,WindSpeed,0.19737890360585342,0.03895843158864878
AverageParticleSpeed,KineticEnergy,ParticlesDetected,Pressure,RainAbsolute,SnowDepthIntensity,Temperature,VolumeEquivalentDiameter,0.19689756449208268,0.038768650902913857
AverageParticleSpeed,KineticEnergy,ParticlesDetected,Pressure,RainAccumulated,SnowDepthIntensity,Temperature,VolumeEquivalentDiameter,0.19689756449208268,0.038768650902913857
AverageParticleSpeed,KineticEnergy,ParticlesDetected,Pressure,RainAbsolute,RainRate,SnowDepthIntensity,Temperature,0.19689756449208246,0.038768650902913766
AverageParticleSpeed,KineticEnergy,ParticlesDetected,Pressure,RainAccumulated,RainRate,SnowDepthIntensity,Temperature,0.19689756449208246,0.038768650902913766
KineticEnergy,ParticlesDetected,Pressure,RainAbsolute,RainRate,SnowDepthIntensity,Temperature,VolumeEquivalentDiameter,0.19689756449208243,0.03876865090291376
KineticEnergy,ParticlesDetected,Pressure,RainAccumulated,RainRate,SnowDepthIntensity,Temperature,VolumeEquivalentDiameter,0.19689756449208243,0.03876865090291376
AverageParticleSpeed,KineticEnergy,RainAbsolute,RainAccumulated,RainIntensity,RainRate,WeatherCode4680,WindSpeed,0.19675989354508697,0.038714455707873956
AverageParticleSpeed,KineticEnergy,RainAbsolute,RainAccumulated,RainIntensity,VolumeEquivalentDiameter,WeatherCode4680,WindSpeed,0.19675989354508697,0.038714455707873956
KineticEnergy,RainAbsolute,RainAccumulated,RainIntensity,RainRate,VolumeEquivalentDiameter,WeatherCode4680,WindSpeed,0.19675989354508697,0.038714455707873956
KineticEnergy,Pressure,RainAbsolute,RainAccumulated,RainIntensity,RainRate,WeatherCode4680,WindSpeed,0.19641598112612102,0.03857923764173673
KineticEnergy,Pressure,RainAbsolute,RainAccumulated,RainIntensity,VolumeEquivalentDiameter,WeatherCode4680,WindSpeed,0.19641598112612083,0.03857923764173665
AverageParticleSpeed,KineticEnergy,Pressure,RainAbsolute,RainAccumulated,RainIntensity,WeatherCode4680,WindSpeed,0.19641598112612074,0.03857923764173662
AverageParticleSpeed,KineticEnergy,ParticlesDetected,RainAbsolute,RainIntensity,RainRate,SnowDepthIntensity,Temperature,0.19540331329300714,0.0381824548458851
AverageParticleSpeed,KineticEnergy,ParticlesDetected,RainAccumulated,RainIntensity,RainRate,SnowDepthIntensity,Temperature,0.19540331329300714,0.0381824548458851
KineticEnergy,ParticlesDetected,RainAbsolute,RainIntensity,RainRate,SnowDepthIntensity,Temperature,VolumeEquivalentDiameter,0.19540331329300714,0.0381824548458851
KineticEnergy,ParticlesDetected,RainAccumulated,RainIntensity,RainRate,SnowDepthIntensity,Temperature,VolumeEquivalentDiameter,0.19540331329300714,0.0381824548458851
AverageParticleSpeed,KineticEnergy,ParticlesDetected,RainAbsolute,RainIntensity,SnowDepthIntensity,Temperature,VolumeEquivalentDiameter,0.19540331329300684,0.038182454845884985
AverageParticleSpeed,KineticEnergy,ParticlesDetected,RainAccumulated,RainIntensity,SnowDepthIntensity,Temperature,VolumeEquivalentDiameter,0.19540331329300684,0.038182454845884985
AverageParticleSpeed,KineticEnergy,ParticlesDetected,Pressure,RainAbsolute,RainIntensity,SnowDepthIntensity,Temperature,0.1947210590800388,0.037916290849251966
AverageParticleSpeed,KineticEnergy,ParticlesDetected,Pressure,RainAccumulated,RainIntensity,SnowDepthIntensity,Temperature,0.1947210590800388,0.037916290849251966
KineticEnergy,ParticlesDetected,Pressure,RainAbsolute,RainIntensity,RainRate,SnowDepthIntensity,Temperature,0.1947210590800388,0.037916290849251966
KineticEnergy,ParticlesDetected,Pressure,RainAccumulated,RainIntensity,RainRate,SnowDepthIntensity,Temperature,0.1947210590800388,0.037916290849251966
KineticEnergy,ParticlesDetected,Pressure,RainAbsolute,RainIntensity,SnowDepthIntensity,Temperature,VolumeEquivalentDiameter,0.19472105908003876,0.037916290849251945
KineticEnergy,ParticlesDetected,Pressure,RainAccumulated,RainIntensity,SnowDepthIntensity,Temperature,VolumeEquivalentDiameter,0.19472105908003876,0.037916290849251945
AverageParticleSpeed,ParticlesDetected,Pressure,RainAbsolute,RainRate,SnowDepthIntensity,VolumeEquivalentDiameter,WindSpeed,0.19443535950367236,0.03780510902532231
AverageParticleSpeed,ParticlesDetected,Pressure,RainAccumulated,RainRate,SnowDepthIntensity,VolumeEquivalentDiameter,WindSpeed,0.19443535950367236,0.03780510902532231
AverageParticleSpeed,ParticlesDetected,RainAbsolute,RainIntensity,RainRate,SnowDepthIntensity,VolumeEquivalentDiameter,WindSpeed,0.19285292831789566,0.037192251960787404
AverageParticleSpeed,ParticlesDetected,RainAccumulated,RainIntensity,RainRate,SnowDepthIntensity,VolumeEquivalentDiameter,WindSpeed,0.19285292831789566,0.037192251960787404
AverageParticleSpeed,ParticlesDetected,Pressure,RainAbsolute,RainRate,Temperature,VolumeEquivalentDiameter,WindSpeed,0.1925482754583301,0.03707483838197696
AverageParticleSpeed,ParticlesDetected,Pressure,RainAccumulated,RainRate,Temperature,VolumeEquivalentDiameter,WindSpeed,0.1925482754583301,0.03707483838197696
AverageParticleSpeed,RainAbsolute,RainAccumulated,RainRate,SnowDepthIntensity,Temperature,VolumeEquivalentDiameter,WeatherCode4680,0.192097830779126,0.03690157659004573
ParticlesDetected,Pressure,RainAbsolute,RainIntensity,RainRate,SnowDepthIntensity,VolumeEquivalentDiameter,WindSpeed,0.1920648959734692,0.03688892426529955
ParticlesDetected,Pressure,RainAccumulated,RainIntensity,RainRate,SnowDepthIntensity,VolumeEquivalentDiameter,WindSpeed,0.1920648959734692,0.03688892426529955
AverageParticleSpeed,ParticlesDetected,Pressure,RainAbsolute,RainIntensity,RainRate,SnowDepthIntensity,WindSpeed,0.19206489597346918,0.036888924265299536
AverageParticleSpeed,ParticlesDetected,Pressure,RainAccumulated,RainIntensity,RainRate,SnowDepthIntensity,WindSpeed,0.19206489597346918,0.036888924265299536
AverageParticleSpeed,ParticlesDetected,Pressure,RainAbsolute,RainIntensity,SnowDepthIntensity,VolumeEquivalentDiameter,WindSpeed,0.19206489597346907,0.036888924265299494
AverageParticleSpeed,ParticlesDetected,Pressure,RainAccumulated,RainIntensity,SnowDepthIntensity,VolumeEquivalentDiameter,WindSpeed,0.19206489597346907,0.036888924265299494
AverageParticleSpeed,KineticEnergy,ParticlesDetected,RainAbsolute,RainRate,SnowDepthIntensity,VolumeEquivalentDiameter,WindSpeed,0.19188938150013374,0.036821534732503866
AverageParticleSpeed,KineticEnergy,ParticlesDetected,RainAccumulated,RainRate,SnowDepthIntensity,VolumeEquivalentDiameter,WindSpeed,0.19188938150013374,0.036821534732503866
AverageParticleSpeed,Pressure,RainAbsolute,RainAccumulated,SnowDepthIntensity,Temperature,VolumeEquivalentDiameter,WeatherCode4680,0.1917751505163826,0.0367777083555812
AverageParticleSpeed,Pressure,RainAbsolute,RainAccumulated,RainRate,SnowDepthIntensity,Temperature,WeatherCode4680,0.19177515051638247,0.036777708355581154
Pressure,RainAbsolute,RainAccumulated,RainRate,SnowDepthIntensity,Temperature,VolumeEquivalentDiameter,WeatherCode4680,0.19177515051638247,0.036777708355581154
Humidity,ParticlesDetected,RadarReflectivity,RainAbsolute,RainAccumulated,RainRate,SnowDepthIntensity,Temperature,0.191259591404084,0.03658023130405716
AverageParticleSpeed,Humidity,ParticlesDetected,RadarReflectivity,RainAbsolute,RainAccumulated,SnowDepthIntensity,Temperature,0.19125959140408383,0.0365802313040571
Humidity,ParticlesDetected,RadarReflectivity,RainAbsolute,RainAccumulated,SnowDepthIntensity,Temperature,VolumeEquivalentDiameter,0.19125959140408377,0.036580231304057076
AverageParticleSpeed,RainAbsolute,RainAccumulated,RainIntensity,SnowDepthIntensity,Temperature,VolumeEquivalentDiameter,WeatherCode4680,0.19120893385287743,0.03656085638515406
AverageParticleSpeed,RainAbsolute,RainAccumulated,RainIntensity,RainRate,SnowDepthIntensity,Temperature,WeatherCode4680,0.1912089338528774,0.03656085638515405
RainAbsolute,RainAccumulated,RainIntensity,RainRate,SnowDepthIntensity,Temperature,VolumeEquivalentDiameter,WeatherCode4680,0.1912089338528774,0.03656085638515405
KineticEnergy,ParticlesDetected,Pressure,RainAbsolute,RainRate,SnowDepthIntensity,VolumeEquivalentDiameter,WindSpeed,0.19110183043043125,0.0365199095938613
KineticEnergy,ParticlesDetected,Pressure,RainAccumulated,RainRate,SnowDepthIntensity,VolumeEquivalentDiameter,WindSpeed,0.19110183043043125,0.0365199095938613
AverageParticleSpeed,KineticEnergy,ParticlesDetected,Pressure,RainAbsolute,RainRate,SnowDepthIntensity,WindSpeed,0.1911018304304312,0.036519909593861276
AverageParticleSpeed,KineticEnergy,ParticlesDetected,Pressure,RainAccumulated,RainRate,SnowDepthIntensity,WindSpeed,0.1911018304304312,0.036519909593861276
AverageParticleSpeed,KineticEnergy,ParticlesDetected,Pressure,RainAbsolute,SnowDepthIntensity,VolumeEquivalentDiameter,WindSpeed,0.19110183043043108,0.036519909593861234
AverageParticleSpeed,KineticEnergy,ParticlesDetected,Pressure,RainAccumulated,SnowDepthIntensity,VolumeEquivalentDiameter,WindSpeed,0.19110183043043108,0.036519909593861234
AverageParticleSpeed,ParticlesDetected,RainAbsolute,RainIntensity,RainRate,Temperature,VolumeEquivalentDiameter,WindSpeed,0.1909906651407862,0.03647743417091992
AverageParticleSpeed,ParticlesDetected,RainAccumulated,RainIntensity,RainRate,Temperature,VolumeEquivalentDiameter,WindSpeed,0.1909906651407862,0.03647743417091992
AverageParticleSpeed,KineticEnergy,RainAbsolute,RainAccumulated,SnowDepthIntensity,Temperature,VolumeEquivalentDiameter,WeatherCode4680,0.19091072344128757,0.03644690432487579
AverageParticleSpeed,KineticEnergy,RainAbsolute,RainAccumulated,RainRate,SnowDepthIntensity,Temperature,WeatherCode4680,0.1909107234412875,0.03644690432487577
KineticEnergy,RainAbsolute,RainAccumulated,RainRate,SnowDepthIntensity,Temperature,VolumeEquivalentDiameter,WeatherCode4680,0.1909107234412875,0.03644690432487577
Humidity,ParticlesDetected,Pressure,RadarReflectivity,RainAbsolute,RainAccumulated,SnowDepthIntensity,Temperature,0.19089718156320107,0.036441733928773756
Pressure,RainAbsolute,RainAccumulated,RainIntensity,RainRate,SnowDepthIntensity,Temperature,WeatherCode4680,0.1908861932196634,0.03643753876189467
AverageParticleSpeed,Pressure,RainAbsolute,RainAccumulated,RainIntensity,SnowDepthIntensity,Temperature,WeatherCode4680,0.19088619321966313,0.03643753876189457
Pressure,RainAbsolute,RainAccumulated,RainIntensity,SnowDepthIntensity,Temperature,VolumeEquivalentDiameter,WeatherCode4680,0.1908861932196631,0.03643753876189455
AverageParticleSpeed,RainAbsolute,RainAccumulated,RainRate,SnowDepthIntensity,VolumeEquivalentDiameter,WeatherCode4680,WindSpeed,0.19072661036989869,0.03637663990319114
KineticEnergy,Pressure,RainAbsolute,RainAccumulated,RainRate,SnowDepthIntensity,Temperature,WeatherCode4680,0.19058798363184573,0.036323779504852695
AverageParticleSpeed,KineticEnergy,Pressure,RainAbsolute,RainAccumulated,SnowDepthIntensity,Temperature,WeatherCode4680,0.19058798363184562,0.03632377950485265
KineticEnergy,Pressure,RainAbsolute,RainAccumulated,SnowDepthIntensity,Temperature,VolumeEquivalentDiameter,WeatherCode4680,0.1905879836318456,0.036323779504852646
AverageParticleSpeed,Humidity,ParticlesDetected,RadarReflectivity,RainAbsolute,RainAccumulated,SnowDepthIntensity,WindSpeed,0.19038477312742094,0.036246361838779544
Humidity,ParticlesDetected,RadarReflectivity,RainAbsolute,RainAccumulated,RainRate,SnowDepthIntensity,WindSpeed,0.19038477312742094,0.036246361838779544
Humidity,ParticlesDetected,RadarReflectivity,RainAbsolute,RainAccumulated,SnowDepthIntensity,VolumeEquivalentDiameter,WindSpeed,0.19038477312742094,0.036246361838779544
AverageParticleSpeed,Pressure,RainAbsolute,RainAccumulated,SnowDepthIntensity,VolumeEquivalentDiameter,WeatherCode4680,WindSpeed,0.19038190602054567,0.036245270140015884
Pressure,RainAbsolute,RainAccumulated,RainRate,SnowDepthIntensity,VolumeEquivalentDiameter,WeatherCode4680,WindSpeed,0.19038190602054567,0.036245270140015884
AverageParticleSpeed,Pressure,RainAbsolute,RainAccumulated,RainRate,SnowDepthIntensity,WeatherCode4680,WindSpeed,0.19038190602054564,0.03624527014001587
AverageParticleSpeed,ParticlesDetected,Pressure,RainAbsolute,RainIntensity,RainRate,Temperature,WindSpeed,0.190180009971119,0.03616843619261492
AverageParticleSpeed,ParticlesDetected,Pressure,RainAccumulated,RainIntensity,RainRate,Temperature,WindSpeed,0.190180009971119,0.03616843619261492
AverageParticleSpeed,ParticlesDetected,Pressure,RainAbsolute,RainIntensity,Temperature,VolumeEquivalentDiameter,WindSpeed,0.19018000997111897,0.036168436192614915
AverageParticleSpeed,ParticlesDetected,Pressure,RainAccumulated,RainIntensity,Temperature,VolumeEquivalentDiameter,WindSpeed,0.19018000997111897,0.036168436192614915
ParticlesDetected,Pressure,RainAbsolute,RainIntensity,RainRate,Temperature,VolumeEquivalentDiameter,WindSpeed,0.19018000997111897,0.036168436192614915
ParticlesDetected,Pressure,RainAccumulated,RainIntensity,RainRate,Temperature,VolumeEquivalentDiameter,WindSpeed,0.19018000997111897,0.036168436192614915
Humidity,ParticlesDetected,RadarReflectivity,RainAbsolute,RainAccumulated,RainIntensity,SnowDepthIntensity,Temperature,0.19016129603948,0.036161318511414756
AverageParticleSpeed,KineticEnergy,RainAbsolute,RainAccumulated,RainIntensity,SnowDepthIntensity,Temperature,WeatherCode4680,0.19002340500447373,0.03610889444949425
KineticEnergy,RainAbsolute,RainAccumulated,RainIntensity,RainRate,SnowDepthIntensity,Temperature,WeatherCode4680,0.19002340500447373,0.03610889444949425
KineticEnergy,RainAbsolute,RainAccumulated,RainIntensity,SnowDepthIntensity,Temperature,VolumeEquivalentDiameter,WeatherCode4680,0.19002340500447373,0.03610889444949425
AverageParticleSpeed,KineticEnergy,ParticlesDetected,RainAbsolute,RainRate,Temperature,VolumeEquivalentDiameter,WindSpeed,0.19000466329803703,0.03610177207500042
AverageParticleSpeed,KineticEnergy,ParticlesDetected,RainAccumulated,RainRate,Temperature,VolumeEquivalentDiameter,WindSpeed,0.19000466329803703,0.03610177207500042
Humidity,ParticlesDetected,Pressure,RadarReflectivity,RainAbsolute,RainAccumulated,SnowDepthIntensity,WindSpeed,0.18999394180980536,0.036097697924427706
AverageParticleSpeed,RainAbsolute,RainAccumulated,RainIntensity,RainRate,SnowDepthIntensity,WeatherCode4680,WindSpeed,0.1897953000234328,0.036022255910984874
RainAbsolute,RainAccumulated,RainIntensity,RainRate,SnowDepthIntensity,VolumeEquivalentDiameter,WeatherCode4680,WindSpeed,0.1897953000234328,0.036022255910984874
AverageParticleSpeed,RainAbsolute,RainAccumulated,RainIntensity,SnowDepthIntensity,VolumeEquivalentDiameter,WeatherCode4680,WindSpeed,0.1897953000234325,0.036022255910984756
Humidity,KineticEnergy,ParticlesDetected,RadarReflectivity,RainAbsolute,RainAccumulated,SnowDepthIntensity,Temperature,0.18973501863450518,0.03599937729623603
KineticEnergy,Pressure,RainAbsolute,RainAccumulated,RainIntensity,SnowDepthIntensity,Temperature,WeatherCode4680,0.1897006220474395,0.03598632600518549
AverageParticleSpeed,KineticEnergy,ParticlesDetected,RainAbsolute,RainIntensity,RainRate,SnowDepthIntensity,WindSpeed,0.18955361520179909,0.035930573036071715
AverageParticleSpeed,KineticEnergy,ParticlesDetected,RainAccumulated,RainIntensity,RainRate,SnowDepthIntensity,WindSpeed,0.18955361520179909,0.035930573036071715
KineticEnergy,ParticlesDetected,RainAbsolute,RainIntensity,RainRate,SnowDepthIntensity,VolumeEquivalentDiameter,WindSpeed,0.18955361520179906,0.03593057303607171
KineticEnergy,ParticlesDetected,RainAccumulated,RainIntensity,RainRate,SnowDepthIntensity,VolumeEquivalentDiameter,WindSpeed,0.18955361520179906,0.03593057303607171
AverageParticleSpeed,KineticEnergy,ParticlesDetected,RainAbsolute,RainIntensity,SnowDepthIntensity,VolumeEquivalentDiameter,WindSpeed,0.1895536152017987,0.03593057303607157
AverageParticleSpeed,KineticEnergy,ParticlesDetected,RainAccumulated,RainIntensity,SnowDepthIntensity,VolumeEquivalentDiameter,WindSpeed,0.1895536152017987,0.03593057303607157
AverageParticleSpeed,KineticEnergy,RainAbsolute,RainAccumulated,RainRate,SnowDepthIntensity,WeatherCode4680,WindSpeed,0.18948107645763715,0.03590307833554494
KineticEnergy,RainAbsolute,RainAccumulated,RainRate,SnowDepthIntensity,VolumeEquivalentDiameter,WeatherCode4680,WindSpeed,0.18948107645763715,0.03590307833554494
AverageParticleSpeed,KineticEnergy,RainAbsolute,RainAccumulated,SnowDepthIntensity,VolumeEquivalentDiameter,WeatherCode4680,WindSpeed,0.18948107645763676,0.035903078335544784
AverageParticleSpeed,Pressure,RainAbsolute,RainAccumulated,RainIntensity,SnowDepthIntensity,WeatherCode4680,WindSpeed,0.18945062195869117,0.03589153816053492
Pressure,RainAbsolute,RainAccumulated,RainIntensity,SnowDepthIntensity,VolumeEquivalentDiameter,WeatherCode4680,WindSpeed,0.18945062195869114,0.035891538160534905
Pressure,RainAbsolute,RainAccumulated,RainIntensity,RainRate,SnowDepthIntensity,WeatherCode4680,WindSpeed,0.18945062195869092,0.03589153816053482
Humidity,ParticlesDetected,RadarReflectivity,RainAbsolute,RainAccumulated,RainIntensity,SnowDepthIntensity,WindSpeed,0.18921130723185905,0.03580091878438896
AverageParticleSpeed,KineticEnergy,ParticlesDetected,Pressure,RainAbsolute,Temperature,VolumeEquivalentDiameter,WindSpeed,0.18919451589130334,0.03579456484334463
AverageParticleSpeed,KineticEnergy,ParticlesDetected,Pressure,RainAccumulated,Temperature,VolumeEquivalentDiameter,WindSpeed,0.18919451589130334,0.03579456484334463
AverageParticleSpeed,KineticEnergy,ParticlesDetected,Pressure,RainAbsolute,RainRate,Temperature,WindSpeed,0.18919451589130332,0.035794564843344624
AverageParticleSpeed,KineticEnergy,ParticlesDetected,Pressure,RainAccumulated,RainRate,Temperature,WindSpeed,0.18919451589130332,0.035794564843344624
KineticEnergy,ParticlesDetected,Pressure,RainAbsolute,RainRate,Temperature,VolumeEquivalentDiameter,WindSpeed,0.18919451589130326,0.0357945648433446
KineticEnergy,ParticlesDetected,Pressure,RainAccumulated,RainRate,Temperature,VolumeEquivalentDiameter,WindSpeed,0.18919451589130326,0.0357945648433446
KineticEnergy,Pressure,RainAbsolute,RainAccumulated,RainRate,SnowDepthIntensity,WeatherCode4680,WindSpeed,0.18913643282438475,0.03577259022153301
AverageParticleSpeed,KineticEnergy,Pressure,RainAbsolute,RainAccumulated,SnowDepthIntensity,WeatherCode4680,WindSpeed,0.18913643282438447,0.035772590221532896
KineticEnergy,Pressure,RainAbsolute,RainAccumulated,SnowDepthIntensity,VolumeEquivalentDiameter,WeatherCode4680,WindSpeed,0.18913643282438447,0.035772590221532896
AverageParticleSpeed,RainAbsolute,RainAccumulated,RainRate,Temperature,VolumeEquivalentDiameter,WeatherCode4680,WindSpeed,0.18896760347204958,0.035708755161969766
AverageParticleSpeed,KineticEnergy,ParticlesDetected,Pressure,RainAbsolute,RainIntensity,SnowDepthIntensity,WindSpeed,0.18876700545200054,0.0356329823473156
AverageParticleSpeed,KineticEnergy,ParticlesDetected,Pressure,RainAccumulated,RainIntensity,SnowDepthIntensity,WindSpeed,0.18876700545200054,0.0356329823473156
KineticEnergy,ParticlesDetected,Pressure,RainAbsolute,RainIntensity,RainRate,SnowDepthIntensity,WindSpeed,0.18876700545200054,0.0356329823473156
KineticEnergy,ParticlesDetected,Pressure,RainAbsolute,RainIntensity,SnowDepthIntensity,VolumeEquivalentDiameter,WindSpeed,0.18876700545200054,0.0356329823473156
KineticEnergy,ParticlesDetected,Pressure,RainAccumulated,RainIntensity,RainRate,SnowDepthIntensity,WindSpeed,0.18876700545200054,0.0356329823473156
KineticEnergy,ParticlesDetected,Pressure,RainAccumulated,RainIntensity,SnowDepthIntensity,VolumeEquivalentDiameter,WindSpeed,0.18876700545200054,0.0356329823473156
Humidity,KineticEnergy,ParticlesDetected,RadarReflectivity,RainAbsolute,RainAccumulated,SnowDepthIntensity,WindSpeed,0.18875110634916475,0.035626980148033706
AverageParticleSpeed,RadarReflectivity,RainAbsolute,RainRate,SnowDepthIntensity,Temperature,VolumeEquivalentDiameter,WindSpeed,0.18863365309946886,0.03558265508165076
AverageParticleSpeed,RadarReflectivity,RainAccumulated,RainRate,SnowDepthIntensity,Temperature,VolumeEquivalentDiameter,WindSpeed,0.18863365309946886,0.03558265508165076
AverageParticleSpeed,Pressure,RainAbsolute,RainAccumulated,RainRate,Temperature,WeatherCode4680,WindSpeed,0.188618687874796,0.03557700941560971
Pressure,RainAbsolute,RainAccumulated,RainRate,Temperature,VolumeEquivalentDiameter,WeatherCode4680,WindSpeed,0.18861868787479596,0.0355770094156097
AverageParticleSpeed,Pressure,RainAbsolute,RainAccumulated,Temperature,VolumeEquivalentDiameter,WeatherCode4680,WindSpeed,0.18861868787479594,0.03557700941560969
AverageParticleSpeed,KineticEnergy,RainAbsolute,RainAccumulated,RainIntensity,SnowDepthIntensity,WeatherCode4680,WindSpeed,0.1885517882364243,0.03555177684715339
KineticEnergy,RainAbsolute,RainAccumulated,RainIntensity,SnowDepthIntensity,VolumeEquivalentDiameter,WeatherCode4680,WindSpeed,0.1885517882364243,0.03555177684715339
KineticEnergy,RainAbsolute,RainAccumulated,RainIntensity,RainRate,SnowDepthIntensity,WeatherCode4680,WindSpeed,0.18855178823642427,0.03555177684715338
Humidity,ParticlesDetected,RadarReflectivity,RainAbsolute,RainAccumulated,RainRate,Temperature,WindSpeed,0.1884252329265875,0.035504068403438754
AverageParticleSpeed,Humidity,ParticlesDetected,RadarReflectivity,RainAbsolute,RainAccumulated,Temperature,WindSpeed,0.18842523292658733,0.03550406840343869
Humidity,ParticlesDetected,RadarReflectivity,RainAbsolute,RainAccumulated,Temperature,VolumeEquivalentDiameter,WindSpeed,0.1884252329265873,0.03550406840343868
KineticEnergy,Pressure,RainAbsolute,RainAccumulated,RainIntensity,SnowDepthIntensity,WeatherCode4680,WindSpeed,0.18820718994600605,0.035421946347372
AverageParticleSpeed,RainAbsolute,RainAccumulated,RainIntensity,Temperature,VolumeEquivalentDiameter,WeatherCode4680,WindSpeed,0.1880498655103923,0.03536275191847663
AverageParticleSpeed,RainAbsolute,RainAccumulated,RainIntensity,RainRate,Temperature,WeatherCode4680,WindSpeed,0.18804986551039207,0.03536275191847654
RainAbsolute,RainAccumulated,RainIntensity,RainRate,Temperature,VolumeEquivalentDiameter,WeatherCode4680,WindSpeed,0.18804986551039207,0.03536275191847654
Humidity,ParticlesDetected,Pressure,RadarReflectivity,RainAbsolute,RainAccumulated,Temperature,WindSpeed,0.18802880109798145,0.03535483004234427
Pressure,RadarReflectivity,RainAbsolute,RainRate,SnowDepthIntensity,Temperature,VolumeEquivalentDiameter,WindSpeed,0.18784081741402506,0.0352841726867691
Pressure,RadarReflectivity,RainAccumulated,RainRate,SnowDepthIntensity,Temperature,VolumeEquivalentDiameter,WindSpeed,0.18784081741402506,0.0352841726867691
AverageParticleSpeed,Pressure,RadarReflectivity,RainAbsolute,RainRate,SnowDepthIntensity,Temperature,WindSpeed,0.18784081741402503,0.03528417268676909
AverageParticleSpeed,Pressure,RadarReflectivity,RainAccumulated,RainRate,SnowDepthIntensity,Temperature,WindSpeed,0.18784081741402503,0.03528417268676909
AverageParticleSpeed,Pressure,RadarReflectivity,RainAbsolute,SnowDepthIntensity,Temperature,VolumeEquivalentDiameter,WindSpeed,0.187840817414025,0.03528417268676908
AverageParticleSpeed,Pressure,RadarReflectivity,RainAccumulated,SnowDepthIntensity,Temperature,VolumeEquivalentDiameter,WindSpeed,0.187840817414025,0.03528417268676908
AverageParticleSpeed,KineticEnergy,RainAbsolute,RainAccumulated,RainRate,Temperature,WeatherCode4680,WindSpeed,0.18773760368889864,0.03524540783884997
KineticEnergy,RainAbsolute,RainAccumulated,RainRate,Temperature,VolumeEquivalentDiameter,WeatherCode4680,WindSpeed,0.18773760368889864,0.03524540783884997
AverageParticleSpeed,KineticEnergy,RainAbsolute,RainAccumulated,Temperature,VolumeEquivalentDiameter,WeatherCode4680,WindSpeed,0.18773760368889836,0.035245407838849864
AverageParticleSpeed,Pressure,RainAbsolute,RainAccumulated,RainIntensity,Temperature,WeatherCode4680,WindSpeed,0.18770099027839338,0.03523166175148953
Pressure,RainAbsolute,RainAccumulated,RainIntensity,Temperature,VolumeEquivalentDiameter,WeatherCode4680,WindSpeed,0.18770099027839335,0.035231661751489514
Pressure,RainAbsolute,RainAccumulated,RainIntensity,RainRate,Temperature,WeatherCode4680,WindSpeed,0.1877009902783932,0.035231661751489465
AverageParticleSpeed,KineticEnergy,ParticlesDetected,RainAbsolute,RainIntensity,RainRate,Temperature,WindSpeed,0.18766912385556106,0.035219700048713914
AverageParticleSpeed,KineticEnergy,ParticlesDetected,RainAccumulated,RainIntensity,RainRate,Temperature,WindSpeed,0.18766912385556106,0.035219700048713914
KineticEnergy,ParticlesDetected,RainAbsolute,RainIntensity,RainRate,Temperature,VolumeEquivalentDiameter,WindSpeed,0.18766912385556103,0.03521970004871391
KineticEnergy,ParticlesDetected,RainAccumulated,RainIntensity,RainRate,Temperature,VolumeEquivalentDiameter,WindSpeed,0.18766912385556103,0.03521970004871391
AverageParticleSpeed,KineticEnergy,ParticlesDetected,RainAbsolute,RainIntensity,Temperature,VolumeEquivalentDiameter,WindSpeed,0.1876691238555609,0.03521970004871385
AverageParticleSpeed,KineticEnergy,ParticlesDetected,RainAccumulated,RainIntensity,Temperature,VolumeEquivalentDiameter,WindSpeed,0.1876691238555609,0.03521970004871385
KineticEnergy,Pressure,RainAbsolute,RainAccumulated,RainRate,Temperature,WeatherCode4680,WindSpeed,0.18738876901058824,0.0351145507513036
KineticEnergy,Pressure,RainAbsolute,RainAccumulated,Temperature,VolumeEquivalentDiameter,WeatherCode4680,WindSpeed,0.18738876901058812,0.035114550751303555
AverageParticleSpeed,KineticEnergy,Pressure,RainAbsolute,RainAccumulated,Temperature,WeatherCode4680,WindSpeed,0.1873887690105881,0.03511455075130354
Humidity,ParticlesDetected,RadarReflectivity,RainAbsolute,RainAccumulated,RainIntensity,Temperature,WindSpeed,0.18726795109623198,0.03506928550778073
KineticEnergy,ParticlesDetected,Pressure,RainAbsolute,RainIntensity,RainRate,Temperature,WindSpeed,0.1868599298530173,0.034916633384674545
KineticEnergy,ParticlesDetected,Pressure,RainAccumulated,RainIntensity,RainRate,Temperature,WindSpeed,0.1868599298530173,0.034916633384674545
AverageParticleSpeed,KineticEnergy,ParticlesDetected,Pressure,RainAbsolute,RainIntensity,Temperature,WindSpeed,0.18685992985301725,0.034916633384674524
AverageParticleSpeed,KineticEnergy,ParticlesDetected,Pressure,RainAccumulated,RainIntensity,Temperature,WindSpeed,0.18685992985301725,0.034916633384674524
KineticEnergy,ParticlesDetected,Pressure,RainAbsolute,RainIntensity,Temperature,VolumeEquivalentDiameter,WindSpeed,0.18685992985301725,0.034916633384674524
KineticEnergy,ParticlesDetected,Pressure,RainAccumulated,RainIntensity,Temperature,VolumeEquivalentDiameter,WindSpeed,0.18685992985301725,0.034916633384674524
KineticEnergy,RainAbsolute,RainAccumulated,RainIntensity,RainRate,Temperature,WeatherCode4680,WindSpeed,0.18682148544876487,0.034902267425283066
AverageParticleSpeed,KineticEnergy,RainAbsolute,RainAccumulated,RainIntensity,Temperature,WeatherCode4680,WindSpeed,0.18682148544876476,0.034902267425283025
KineticEnergy,RainAbsolute,RainAccumulated,RainIntensity,Temperature,VolumeEquivalentDiameter,WeatherCode4680,WindSpeed,0.1868214854487647,0.034902267425283004
Humidity,KineticEnergy,ParticlesDetected,RadarReflectivity,RainAbsolute,RainAccumulated,Temperature,WindSpeed,0.1868091168249839,0.03489764612893049
AverageParticleSpeed,Humidity,KineticEnergy,Pressure,RainIntensity,RainRate,Temperature,VolumeEquivalentDiameter,-0.18676057138209148,0.03487951102296529
KineticEnergy,Pressure,RainAbsolute,RainAccumulated,RainIntensity,Temperature,WeatherCode4680,WindSpeed,0.18647270987401338,0.034772071527757964
AverageParticleSpeed,RadarReflectivity,RainAbsolute,RainIntensity,RainRate,SnowDepthIntensity,Temperature,WindSpeed,0.18646999039829784,0.03477105731914129
AverageParticleSpeed,RadarReflectivity,RainAccumulated,RainIntensity,RainRate,SnowDepthIntensity,Temperature,WindSpeed,0.18646999039829784,0.03477105731914129
RadarReflectivity,RainAbsolute,RainIntensity,RainRate,SnowDepthIntensity,Temperature,VolumeEquivalentDiameter,WindSpeed,0.1864699903982978,0.03477105731914128
RadarReflectivity,RainAccumulated,RainIntensity,RainRate,SnowDepthIntensity,Temperature,VolumeEquivalentDiameter,WindSpeed,0.1864699903982978,0.03477105731914128
AverageParticleSpeed,RadarReflectivity,RainAbsolute,RainIntensity,SnowDepthIntensity,Temperature,VolumeEquivalentDiameter,WindSpeed,0.18646999039829776,0.034771057319141256
AverageParticleSpeed,RadarReflectivity,RainAccumulated,RainIntensity,SnowDepthIntensity,Temperature,VolumeEquivalentDiameter,WindSpeed,0.18646999039829776,0.034771057319141256
Pressure,RadarReflectivity,RainAbsolute,RainIntensity,RainRate,SnowDepthIntensity,Temperature,WindSpeed,0.18567807143209766,0.034476346210743164
Pressure,RadarReflectivity,RainAccumulated,RainIntensity,RainRate,SnowDepthIntensity,Temperature,WindSpeed,0.18567807143209766,0.034476346210743164
Pressure,RadarReflectivity,RainAbsolute,RainIntensity,SnowDepthIntensity,Temperature,VolumeEquivalentDiameter,WindSpeed,0.18567807143209755,0.03447634621074312
Pressure,RadarReflectivity,RainAccumulated,RainIntensity,SnowDepthIntensity,Temperature,VolumeEquivalentDiameter,WindSpeed,0.18567807143209755,0.03447634621074312
AverageParticleSpeed,Pressure,RadarReflectivity,RainAbsolute,RainIntensity,SnowDepthIntensity,Temperature,WindSpeed,0.18567807143209752,0.03447634621074311
AverageParticleSpeed,Pressure,RadarReflectivity,RainAccumulated,RainIntensity,SnowDepthIntensity,Temperature,WindSpeed,0.18567807143209752,0.03447634621074311
KineticEnergy,RadarReflectivity,RainAbsolute,RainRate,SnowDepthIntensity,Temperature,VolumeEquivalentDiameter,WindSpeed,0.1856353824532688,0.03446049521857138
KineticEnergy,RadarReflectivity,RainAccumulated,RainRate,SnowDepthIntensity,Temperature,VolumeEquivalentDiameter,WindSpeed,0.1856353824532688,0.03446049521857138
AverageParticleSpeed,KineticEnergy,RadarReflectivity,RainAbsolute,RainRate,SnowDepthIntensity,Temperature,WindSpeed,0.18563538245326877,0.03446049521857137
AverageParticleSpeed,KineticEnergy,RadarReflectivity,RainAccumulated,RainRate,SnowDepthIntensity,Temperature,WindSpeed,0.18563538245326877,0.03446049521857137
AverageParticleSpeed,KineticEnergy,RadarReflectivity,RainAbsolute,SnowDepthIntensity,Temperature,VolumeEquivalentDiameter,WindSpeed,0.18563538245326866,0.03446049521857133
AverageParticleSpeed,KineticEnergy,RadarReflectivity,RainAccumulated,SnowDepthIntensity,Temperature,VolumeEquivalentDiameter,WindSpeed,0.18563538245326866,0.03446049521857133
KineticEnergy,Pressure,RadarReflectivity,RainAbsolute,SnowDepthIntensity,Temperature,VolumeEquivalentDiameter,WindSpeed,0.18484402026966962,0.03416731182945403
KineticEnergy,Pressure,RadarReflectivity,RainAccumulated,SnowDepthIntensity,Temperature,VolumeEquivalentDiameter,WindSpeed,0.18484402026966962,0.03416731182945403
AverageParticleSpeed,KineticEnergy,Pressure,RadarReflectivity,RainAbsolute,SnowDepthIntensity,Temperature,WindSpeed,0.18484402026966956,0.03416731182945401
AverageParticleSpeed,KineticEnergy,Pressure,RadarReflectivity,RainAccumulated,SnowDepthIntensity,Temperature,WindSpeed,0.18484402026966956,0.03416731182945401
KineticEnergy,Pressure,RadarReflectivity,RainAbsolute,RainRate,SnowDepthIntensity,Temperature,WindSpeed,0.18484402026966956,0.03416731182945401
KineticEnergy,Pressure,RadarReflectivity,RainAccumulated,RainRate,SnowDepthIntensity,Temperature,WindSpeed,0.18484402026966956,0.03416731182945401
KineticEnergy,RadarReflectivity,RainAbsolute,RainIntensity,RainRate,SnowDepthIntensity,Temperature,WindSpeed,0.1834943177895,0.03367016466103402
KineticEnergy,RadarReflectivity,RainAccumulated,RainIntensity,RainRate,SnowDepthIntensity,Temperature,WindSpeed,0.1834943177895,0.03367016466103402
AverageParticleSpeed,KineticEnergy,RadarReflectivity,RainAbsolute,RainIntensity,SnowDepthIntensity,Temperature,WindSpeed,0.18349431778949993,0.03367016466103399
AverageParticleSpeed,KineticEnergy,RadarReflectivity,RainAccumulated,RainIntensity,SnowDepthIntensity,Temperature,WindSpeed,0.18349431778949993,0.03367016466103399
KineticEnergy,RadarReflectivity,RainAbsolute,RainIntensity,SnowDepthIntensity,Temperature,VolumeEquivalentDiameter,WindSpeed,0.18349431778949993,0.03367016466103399
KineticEnergy,RadarReflectivity,RainAccumulated,RainIntensity,SnowDepthIntensity,Temperature,VolumeEquivalentDiameter,WindSpeed,0.18349431778949993,0.03367016466103399
KineticEnergy,Pressure,RadarReflectivity,RainAbsolute,RainIntensity,SnowDepthIntensity,Temperature,WindSpeed,0.18270409360307208,0.03338078581932012
KineticEnergy,Pressure,RadarReflectivity,RainAccumulated,RainIntensity,SnowDepthIntensity,Temperature,WindSpeed,0.18270409360307208,0.03338078581932012
AverageParticleSpeed,Humidity,KineticEnergy,Pressure,RainIntensity,RainRate,SnowDepthIntensity,VolumeEquivalentDiameter,-0.18198181382918635,0.03311738056456064
AverageParticleSpeed,RainAbsolute,RainAccumulated,RainRate,SnowDepthIntensity,Temperature,WeatherCode4680,WindSpeed,0.18107042928406555,0.032786500361115786
RainAbsolute,RainAccumulated,RainRate,SnowDepthIntensity,Temperature,VolumeEquivalentDiameter,WeatherCode4680,WindSpeed,0.18107042928406553,0.03278650036111577
AverageParticleSpeed,RainAbsolute,RainAccumulated,SnowDepthIntensity,Temperature,VolumeEquivalentDiameter,WeatherCode4680,WindSpeed,0.18107042928406542,0.03278650036111574
Pressure,RainAbsolute,RainAccumulated,RainRate,SnowDepthIntensity,Temperature,WeatherCode4680,WindSpeed,0.18072172032705897,0.03266034019797172
AverageParticleSpeed,Pressure,RainAbsolute,RainAccumulated,SnowDepthIntensity,Temperature,WeatherCode4680,WindSpeed,0.18072172032705894,0.032660340197971705
Pressure,RainAbsolute,RainAccumulated,SnowDepthIntensity,Temperature,VolumeEquivalentDiameter,WeatherCode4680,WindSpeed,0.18072172032705894,0.032660340197971705
AverageParticleSpeed,RainAbsolute,RainAccumulated,RainIntensity,SnowDepthIntensity,Temperature,WeatherCode4680,WindSpeed,0.18018540217226722,0.03246677915598168
RainAbsolute,RainAccumulated,RainIntensity,SnowDepthIntensity,Temperature,VolumeEquivalentDiameter,WeatherCode4680,WindSpeed,0.18018540217226722,0.03246677915598168
RainAbsolute,RainAccumulated,RainIntensity,RainRate,SnowDepthIntensity,Temperature,WeatherCode4680,WindSpeed,0.18018540217226706,0.032466779155981625
KineticEnergy,RainAbsolute,RainAccumulated,SnowDepthIntensity,Temperature,VolumeEquivalentDiameter,WeatherCode4680,WindSpeed,0.17988730525882227,0.032359442593280704
AverageParticleSpeed,KineticEnergy,RainAbsolute,RainAccumulated,SnowDepthIntensity,Temperature,WeatherCode4680,WindSpeed,0.17988730525882224,0.0323594425932807
KineticEnergy,RainAbsolute,RainAccumulated,RainRate,SnowDepthIntensity,Temperature,WeatherCode4680,WindSpeed,0.17988730525882224,0.0323594425932807
Pressure,RainAbsolute,RainAccumulated,RainIntensity,SnowDepthIntensity,Temperature,WeatherCode4680,WindSpeed,0.1798368464687021,0.032341291347807534
KineticEnergy,Pressure,RainAbsolute,RainAccumulated,SnowDepthIntensity,Temperature,WeatherCode4680,WindSpeed,0.17953883030367995,0.032234191586813586
KineticEnergy,RainAbsolute,RainAccumulated,RainIntensity,SnowDepthIntensity,Temperature,WeatherCode4680,WindSpeed,0.1790045413011732,0.03204262580644342
Humidity,ParticlesDetected,RadarReflectivity,RainAbsolute,RainAccumulated,SnowDepthIntensity,Temperature,WindSpeed,0.17882103677571648,0.031976963193542145
AverageParticleSpeed,Pressure,RainIntensity,RainRate,SnowDepthIntensity,Temperature,VolumeEquivalentDiameter,WindSpeed,-0.17638030057806767,0.031110010432009498
AverageParticleSpeed,KineticEnergy,Pressure,RainRate,SnowDepthIntensity,Temperature,VolumeEquivalentDiameter,WindSpeed,-0.17481483579025728,0.03056022681237462
AverageParticleSpeed,ParticlesDetected,RainAbsolute,RainRate,SnowDepthIntensity,Temperature,VolumeEquivalentDiameter,WindSpeed,0.17457787320153242,0.030477433811570333
AverageParticleSpeed,ParticlesDetected,RainAccumulated,RainRate,SnowDepthIntensity,Temperature,VolumeEquivalentDiameter,WindSpeed,0.17457787320153242,0.030477433811570333
AverageParticleSpeed,Humidity,Pressure,RainIntensity,RainRate,SnowDepthIntensity,Temperature,VolumeEquivalentDiameter,-0.17428192307509488,0.03037418871075329
AverageParticleSpeed,Humidity,Pressure,RainAbsolute,RainAccumulated,RainRate,VolumeEquivalentDiameter,WeatherCode4680,0.17414400966617247,0.03032613610261197
AverageParticleSpeed,ParticlesDetected,Pressure,RainAbsolute,SnowDepthIntensity,Temperature,VolumeEquivalentDiameter,WindSpeed,0.17377407119628394,0.03019742782013116
AverageParticleSpeed,ParticlesDetected,Pressure,RainAccumulated,SnowDepthIntensity,Temperature,VolumeEquivalentDiameter,WindSpeed,0.17377407119628394,0.03019742782013116
ParticlesDetected,Pressure,RainAbsolute,RainRate,SnowDepthIntensity,Temperature,VolumeEquivalentDiameter,WindSpeed,0.1737740711962839,0.03019742782013115
ParticlesDetected,Pressure,RainAccumulated,RainRate,SnowDepthIntensity,Temperature,VolumeEquivalentDiameter,WindSpeed,0.1737740711962839,0.03019742782013115
AverageParticleSpeed,ParticlesDetected,Pressure,RainAbsolute,RainRate,SnowDepthIntensity,Temperature,WindSpeed,0.17377407119628388,0.03019742782013114
AverageParticleSpeed,ParticlesDetected,Pressure,RainAccumulated,RainRate,SnowDepthIntensity,Temperature,WindSpeed,0.17377407119628388,0.03019742782013114
AverageParticleSpeed,Humidity,RainAbsolute,RainAccumulated,RainIntensity,RainRate,VolumeEquivalentDiameter,WeatherCode4680,0.17364300001081187,0.030151891452754813
AverageParticleSpeed,Humidity,KineticEnergy,Pressure,RainRate,SnowDepthIntensity,Temperature,VolumeEquivalentDiameter,-0.17347127797671089,0.030092284282873298
AverageParticleSpeed,Humidity,KineticEnergy,RainAbsolute,RainAccumulated,RainRate,VolumeEquivalentDiameter,WeatherCode4680,0.17336039194901784,0.03005382549671709
AverageParticleSpeed,Humidity,Pressure,RainAbsolute,RainAccumulated,RainIntensity,VolumeEquivalentDiameter,WeatherCode4680,0.17329711224127836,0.03003188911116623
Humidity,Pressure,RainAbsolute,RainAccumulated,RainIntensity,RainRate,VolumeEquivalentDiameter,WeatherCode4680,0.17329711224127828,0.0300318891111662
AverageParticleSpeed,Humidity,Pressure,RainAbsolute,RainAccumulated,RainIntensity,RainRate,WeatherCode4680,0.17329711224127825,0.030031889111166193
AverageParticleSpeed,Humidity,KineticEnergy,Pressure,RainAbsolute,RainAccumulated,RainRate,WeatherCode4680,0.1730145656463265,0.029934039925787023
Humidity,KineticEnergy,Pressure,RainAbsolute,RainAccumulated,RainRate,VolumeEquivalentDiameter,WeatherCode4680,0.17301456564632647,0.029934039925787012
AverageParticleSpeed,Humidity,KineticEnergy,Pressure,RainAbsolute,RainAccumulated,VolumeEquivalentDiameter,WeatherCode4680,0.1730145656463262,0.02993403992578692
Humidity,KineticEnergy,RainAbsolute,RainAccumulated,RainIntensity,RainRate,VolumeEquivalentDiameter,WeatherCode4680,0.17251513800731877,0.02976147284168424
AverageParticleSpeed,Humidity,KineticEnergy,RainAbsolute,RainAccumulated,RainIntensity,RainRate,WeatherCode4680,0.17251513800731874,0.02976147284168423
AverageParticleSpeed,Humidity,KineticEnergy,RainAbsolute,RainAccumulated,RainIntensity,VolumeEquivalentDiameter,WeatherCode4680,0.1725151380073186,0.029761472841684185
AverageParticleSpeed,ParticlesDetected,RainAbsolute,RainIntensity,SnowDepthIntensity,Temperature,VolumeEquivalentDiameter,WindSpeed,0.17246243089967414,0.029743290071824878
AverageParticleSpeed,ParticlesDetected,RainAccumulated,RainIntensity,SnowDepthIntensity,Temperature,VolumeEquivalentDiameter,WindSpeed,0.17246243089967414,0.029743290071824878
AverageParticleSpeed,ParticlesDetected,RainAbsolute,RainIntensity,RainRate,SnowDepthIntensity,Temperature,WindSpeed,0.17246243089967386,0.02974329007182478
AverageParticleSpeed,ParticlesDetected,RainAccumulated,RainIntensity,RainRate,SnowDepthIntensity,Temperature,WindSpeed,0.17246243089967386,0.02974329007182478
ParticlesDetected,RainAbsolute,RainIntensity,RainRate,SnowDepthIntensity,Temperature,VolumeEquivalentDiameter,WindSpeed,0.17246243089967386,0.02974329007182478
ParticlesDetected,RainAccumulated,RainIntensity,RainRate,SnowDepthIntensity,Temperature,VolumeEquivalentDiameter,WindSpeed,0.17246243089967386,0.02974329007182478
Humidity,KineticEnergy,Pressure,RainAbsolute,RainAccumulated,RainIntensity,RainRate,WeatherCode4680,0.17216942612761493,0.029642311293112254
AverageParticleSpeed,Humidity,KineticEnergy,Pressure,RainAbsolute,RainAccumulated,RainIntensity,WeatherCode4680,0.17216942612761485,0.029642311293112227
Humidity,KineticEnergy,Pressure,RainAbsolute,RainAccumulated,RainIntensity,VolumeEquivalentDiameter,WeatherCode4680,0.17216942612761477,0.0296423112931122
KineticEnergy,Pressure,RainIntensity,RainRate,SnowDepthIntensity,Temperature,VolumeEquivalentDiameter,WindSpeed,-0.17201157495731925,0.02958798191929746
AverageParticleSpeed,KineticEnergy,Pressure,RainIntensity,RainRate,SnowDepthIntensity,Temperature,WindSpeed,-0.17201157495731922,0.02958798191929745
AverageParticleSpeed,KineticEnergy,Pressure,RainIntensity,SnowDepthIntensity,Temperature,VolumeEquivalentDiameter,WindSpeed,-0.17201157495731914,0.029587981919297422
AverageParticleSpeed,Humidity,Pressure,RadarReflectivity,RainAbsolute,RainIntensity,RainRate,VolumeEquivalentDiameter,0.17195619590503272,0.029568933310129993
AverageParticleSpeed,Humidity,Pressure,RadarReflectivity,RainAccumulated,RainIntensity,RainRate,VolumeEquivalentDiameter,0.17195619590503272,0.029568933310129993
AverageParticleSpeed,Humidity,KineticEnergy,Pressure,RainIntensity,RainRate,SnowDepthIntensity,Temperature,-0.17180415459312115,0.02951666753545707
Humidity,KineticEnergy,Pressure,RainIntensity,RainRate,SnowDepthIntensity,Temperature,VolumeEquivalentDiameter,-0.17180415459312107,0.029516667535457043
AverageParticleSpeed,Humidity,KineticEnergy,Pressure,RainIntensity,SnowDepthIntensity,Temperature,VolumeEquivalentDiameter,-0.1718041545931209,0.029516667535456984
ParticlesDetected,Pressure,RainAbsolute,RainIntensity,RainRate,SnowDepthIntensity,Temperature,WindSpeed,0.1716606520754452,0.02946737947096705
ParticlesDetected,Pressure,RainAccumulated,RainIntensity,RainRate,SnowDepthIntensity,Temperature,WindSpeed,0.1716606520754452,0.02946737947096705
AverageParticleSpeed,ParticlesDetected,Pressure,RainAbsolute,RainIntensity,SnowDepthIntensity,Temperature,WindSpeed,0.17166065207544504,0.029467379470966993
AverageParticleSpeed,ParticlesDetected,Pressure,RainAccumulated,RainIntensity,SnowDepthIntensity,Temperature,WindSpeed,0.17166065207544504,0.029467379470966993
ParticlesDetected,Pressure,RainAbsolute,RainIntensity,SnowDepthIntensity,Temperature,VolumeEquivalentDiameter,WindSpeed,0.171660652075445,0.029467379470966983
ParticlesDetected,Pressure,RainAccumulated,RainIntensity,SnowDepthIntensity,Temperature,VolumeEquivalentDiameter,WindSpeed,0.171660652075445,0.029467379470966983
AverageParticleSpeed,KineticEnergy,ParticlesDetected,RainAbsolute,SnowDepthIntensity,Temperature,VolumeEquivalentDiameter,WindSpeed,0.17161801804860496,0.0294527441189313
AverageParticleSpeed,KineticEnergy,ParticlesDetected,RainAccumulated,SnowDepthIntensity,Temperature,VolumeEquivalentDiameter,WindSpeed,0.17161801804860496,0.0294527441189313
AverageParticleSpeed,KineticEnergy,ParticlesDetected,RainAbsolute,RainRate,SnowDepthIntensity,Temperature,WindSpeed,0.17161801804860485,0.02945274411893126
AverageParticleSpeed,KineticEnergy,ParticlesDetected,RainAccumulated,RainRate,SnowDepthIntensity,Temperature,WindSpeed,0.17161801804860485,0.02945274411893126
KineticEnergy,ParticlesDetected,RainAbsolute,RainRate,SnowDepthIntensity,Temperature,VolumeEquivalentDiameter,WindSpeed,0.17161801804860485,0.02945274411893126
KineticEnergy,ParticlesDetected,RainAccumulated,RainRate,SnowDepthIntensity,Temperature,VolumeEquivalentDiameter,WindSpeed,0.17161801804860485,0.02945274411893126
AverageParticleSpeed,Humidity,KineticEnergy,Pressure,RadarReflectivity,RainAbsolute,RainRate,VolumeEquivalentDiameter,0.1711980540045241,0.02930877369493595
AverageParticleSpeed,Humidity,KineticEnergy,Pressure,RadarReflectivity,RainAccumulated,RainRate,VolumeEquivalentDiameter,0.1711980540045241,0.02930877369493595
KineticEnergy,ParticlesDetected,Pressure,RainAbsolute,SnowDepthIntensity,Temperature,VolumeEquivalentDiameter,WindSpeed,0.17081730771591755,0.029178552615314466
KineticEnergy,ParticlesDetected,Pressure,RainAccumulated,SnowDepthIntensity,Temperature,VolumeEquivalentDiameter,WindSpeed,0.17081730771591755,0.029178552615314466
KineticEnergy,ParticlesDetected,Pressure,RainAbsolute,RainRate,SnowDepthIntensity,Temperature,WindSpeed,0.1708173077159175,0.029178552615314445
KineticEnergy,ParticlesDetected,Pressure,RainAccumulated,RainRate,SnowDepthIntensity,Temperature,WindSpeed,0.1708173077159175,0.029178552615314445
AverageParticleSpeed,KineticEnergy,ParticlesDetected,Pressure,RainAbsolute,SnowDepthIntensity,Temperature,WindSpeed,0.17081730771591744,0.029178552615314428
AverageParticleSpeed,KineticEnergy,ParticlesDetected,Pressure,RainAccumulated,SnowDepthIntensity,Temperature,WindSpeed,0.17081730771591744,0.029178552615314428
AverageParticleSpeed,Humidity,KineticEnergy,RadarReflectivity,RainAbsolute,RainIntensity,RainRate,VolumeEquivalentDiameter,0.17000084188609318,0.028900286241980454
AverageParticleSpeed,Humidity,KineticEnergy,RadarReflectivity,RainAccumulated,RainIntensity,RainRate,VolumeEquivalentDiameter,0.17000084188609318,0.028900286241980454
AverageParticleSpeed,Humidity,KineticEnergy,RainIntensity,RainRate,SnowDepthIntensity,Temperature,VolumeEquivalentDiameter,-0.16960612186970164,0.028766236575680088
KineticEnergy,ParticlesDetected,RainAbsolute,RainIntensity,RainRate,SnowDepthIntensity,Temperature,WindSpeed,0.169535876735676,0.028742413500534324
KineticEnergy,ParticlesDetected,RainAccumulated,RainIntensity,RainRate,SnowDepthIntensity,Temperature,WindSpeed,0.169535876735676,0.028742413500534324
AverageParticleSpeed,KineticEnergy,ParticlesDetected,RainAbsolute,RainIntensity,SnowDepthIntensity,Temperature,WindSpeed,0.16953587673567572,0.02874241350053423
AverageParticleSpeed,KineticEnergy,ParticlesDetected,RainAccumulated,RainIntensity,SnowDepthIntensity,Temperature,WindSpeed,0.16953587673567572,0.02874241350053423
KineticEnergy,ParticlesDetected,RainAbsolute,RainIntensity,SnowDepthIntensity,Temperature,VolumeEquivalentDiameter,WindSpeed,0.16953587673567572,0.02874241350053423
KineticEnergy,ParticlesDetected,RainAccumulated,RainIntensity,SnowDepthIntensity,Temperature,VolumeEquivalentDiameter,WindSpeed,0.16953587673567572,0.02874241350053423
AverageParticleSpeed,Humidity,KineticEnergy,Pressure,RadarReflectivity,RainAbsolute,RainIntensity,VolumeEquivalentDiameter,0.16922328996409117,0.02863652186627088
AverageParticleSpeed,Humidity,KineticEnergy,Pressure,RadarReflectivity,RainAccumulated,RainIntensity,VolumeEquivalentDiameter,0.16922328996409117,0.02863652186627088
AverageParticleSpeed,Humidity,KineticEnergy,Pressure,RadarReflectivity,RainAbsolute,RainIntensity,RainRate,0.16922328996409103,0.02863652186627083
AverageParticleSpeed,Humidity,KineticEnergy,Pressure,RadarReflectivity,RainAccumulated,RainIntensity,RainRate,0.16922328996409103,0.02863652186627083
Humidity,KineticEnergy,Pressure,RadarReflectivity,RainAbsolute,RainIntensity,RainRate,VolumeEquivalentDiameter,0.16922328996409103,0.02863652186627083
Humidity,KineticEnergy,Pressure,RadarReflectivity,RainAccumulated,RainIntensity,RainRate,VolumeEquivalentDiameter,0.16922328996409103,0.02863652186627083
AverageParticleSpeed,KineticEnergy,RainIntensity,RainRate,SnowDepthIntensity,Temperature,VolumeEquivalentDiameter,WindSpeed,-0.16898969805068412,0.02855751804726139
KineticEnergy,ParticlesDetected,Pressure,RainAbsolute,RainIntensity,SnowDepthIntensity,Temperature,WindSpeed,0.16873738153692106,0.028472303927936468
KineticEnergy,ParticlesDetected,Pressure,RainAccumulated,RainIntensity,SnowDepthIntensity,Temperature,WindSpeed,0.16873738153692106,0.028472303927936468
AverageParticleSpeed,Humidity,RainAbsolute,RainAccumulated,RainRate,SnowDepthIntensity,VolumeEquivalentDiameter,WeatherCode4680,0.1671690359357756,0.02794548657569663
AverageParticleSpeed,Pressure,RadarReflectivity,RainAbsolute,RainAccumulated,RainRate,VolumeEquivalentDiameter,WeatherCode4680,0.1668562252807134,0.02784099991492818
AverageParticleSpeed,Humidity,Pressure,RainAbsolute,RainAccumulated,SnowDepthIntensity,VolumeEquivalentDiameter,WeatherCode4680,0.1668237491072819,0.027830163266209337
AverageParticleSpeed,Humidity,Pressure,RainAbsolute,RainAccumulated,RainRate,SnowDepthIntensity,WeatherCode4680,0.1668237491072818,0.027830163266209303
Humidity,Pressure,RainAbsolute,RainAccumulated,RainRate,SnowDepthIntensity,VolumeEquivalentDiameter,WeatherCode4680,0.1668237491072818,0.027830163266209303
AverageParticleSpeed,RadarReflectivity,RainAbsolute,RainAccumulated,RainIntensity,RainRate,VolumeEquivalentDiameter,WeatherCode4680,0.16643471292132142,0.027700513665202674
AverageParticleSpeed,Humidity,RainAbsolute,RainAccumulated,RainIntensity,SnowDepthIntensity,VolumeEquivalentDiameter,WeatherCode4680,0.16635311695872565,0.027673359521883455
AverageParticleSpeed,Humidity,RainAbsolute,RainAccumulated,RainIntensity,RainRate,SnowDepthIntensity,WeatherCode4680,0.16635311695872537,0.027673359521883364
Humidity,RainAbsolute,RainAccumulated,RainIntensity,RainRate,SnowDepthIntensity,VolumeEquivalentDiameter,WeatherCode4680,0.16635311695872537,0.027673359521883364
AverageParticleSpeed,KineticEnergy,RadarReflectivity,RainAbsolute,RainAccumulated,RainRate,VolumeEquivalentDiameter,WeatherCode4680,0.1661796807747732,0.02761568630240552
AverageParticleSpeed,Pressure,RadarReflectivity,RainAbsolute,RainAccumulated,RainIntensity,RainRate,WeatherCode4680,0.1661244358732942,0.027597328194220238
AverageParticleSpeed,Pressure,RadarReflectivity,RainAbsolute,RainAccumulated,RainIntensity,VolumeEquivalentDiameter,WeatherCode4680,0.1661244358732942,0.027597328194220238
Pressure,RadarReflectivity,RainAbsolute,RainAccumulated,RainIntensity,RainRate,VolumeEquivalentDiameter,WeatherCode4680,0.1661244358732942,0.027597328194220238
AverageParticleSpeed,Humidity,KineticEnergy,RainAbsolute,RainAccumulated,RainRate,SnowDepthIntensity,WeatherCode4680,0.166083360217105,0.02758368254100466
Humidity,KineticEnergy,RainAbsolute,RainAccumulated,RainRate,SnowDepthIntensity,VolumeEquivalentDiameter,WeatherCode4680,0.166083360217105,0.02758368254100466
AverageParticleSpeed,Humidity,KineticEnergy,RainAbsolute,RainAccumulated,SnowDepthIntensity,VolumeEquivalentDiameter,WeatherCode4680,0.1660833602171049,0.027583682541004625
Humidity,Pressure,RainAbsolute,RainAccumulated,RainIntensity,RainRate,SnowDepthIntensity,WeatherCode4680,0.16600802953608945,0.02755866587045515
AverageParticleSpeed,Humidity,Pressure,RainAbsolute,RainAccumulated,RainIntensity,SnowDepthIntensity,WeatherCode4680,0.16600802953608937,0.02755866587045512
Humidity,Pressure,RainAbsolute,RainAccumulated,RainIntensity,SnowDepthIntensity,VolumeEquivalentDiameter,WeatherCode4680,0.16600802953608937,0.02755866587045512
AverageParticleSpeed,KineticEnergy,Pressure,RadarReflectivity,RainAbsolute,RainAccumulated,VolumeEquivalentDiameter,WeatherCode4680,0.16586951059737218,0.02751269454581176
AverageParticleSpeed,KineticEnergy,Pressure,RadarReflectivity,RainAbsolute,RainAccumulated,RainRate,WeatherCode4680,0.16586951059737193,0.027512694545811678
KineticEnergy,Pressure,RadarReflectivity,RainAbsolute,RainAccumulated,RainRate,VolumeEquivalentDiameter,WeatherCode4680,0.16586951059737193,0.027512694545811678
Humidity,KineticEnergy,Pressure,RainAbsolute,RainAccumulated,RainRate,SnowDepthIntensity,WeatherCode4680,0.16573836965724384,0.027469207176641204
AverageParticleSpeed,Humidity,KineticEnergy,Pressure,RainAbsolute,RainAccumulated,SnowDepthIntensity,WeatherCode4680,0.16573836965724364,0.02746920717664114
Humidity,KineticEnergy,Pressure,RainAbsolute,RainAccumulated,SnowDepthIntensity,VolumeEquivalentDiameter,WeatherCode4680,0.16573836965724362,0.02746920717664113
AverageParticleSpeed,KineticEnergy,RadarReflectivity,RainAbsolute,RainAccumulated,RainIntensity,VolumeEquivalentDiameter,WeatherCode4680,0.1654499168301044,0.027373674979088464
AverageParticleSpeed,KineticEnergy,RadarReflectivity,RainAbsolute,RainAccumulated,RainIntensity,RainRate,WeatherCode4680,0.16544991683010407,0.027373674979088353
KineticEnergy,RadarReflectivity,RainAbsolute,RainAccumulated,RainIntensity,RainRate,VolumeEquivalentDiameter,WeatherCode4680,0.16544991683010407,0.027373674979088353
Humidity,KineticEnergy,RainAbsolute,RainAccumulated,RainIntensity,RainRate,SnowDepthIntensity,WeatherCode4680,0.16526969780785689,0.027314073013500334
AverageParticleSpeed,Humidity,KineticEnergy,RainAbsolute,RainAccumulated,RainIntensity,SnowDepthIntensity,WeatherCode4680,0.16526969780785639,0.02731407301350017
Humidity,KineticEnergy,RainAbsolute,RainAccumulated,RainIntensity,SnowDepthIntensity,VolumeEquivalentDiameter,WeatherCode4680,0.16526969780785633,0.02731407301350015
AverageParticleSpeed,KineticEnergy,Pressure,RadarReflectivity,RainAbsolute,RainAccumulated,RainIntensity,WeatherCode4680,0.1651399839026817,0.02727121428337797
KineticEnergy,Pressure,RadarReflectivity,RainAbsolute,RainAccumulated,RainIntensity,VolumeEquivalentDiameter,WeatherCode4680,0.16513998390268164,0.02727121428337795
KineticEnergy,Pressure,RadarReflectivity,RainAbsolute,RainAccumulated,RainIntensity,RainRate,WeatherCode4680,0.16513998390268142,0.02727121428337788
Humidity,KineticEnergy,Pressure,RainAbsolute,RainAccumulated,RainIntensity,SnowDepthIntensity,WeatherCode4680,0.1649249221984802,0.02720022996217475
AverageParticleSpeed,Humidity,RainAbsolute,RainAccumulated,RainRate,Temperature,VolumeEquivalentDiameter,WeatherCode4680,0.16481231542637778,0.027163099316203844
AverageParticleSpeed,Humidity,Pressure,RainAbsolute,RainAccumulated,Temperature,VolumeEquivalentDiameter,WeatherCode4680,0.16446319066849763,0.027048141084862604
AverageParticleSpeed,Humidity,Pressure,RainAbsolute,RainAccumulated,RainRate,Temperature,WeatherCode4680,0.1644631906684976,0.027048141084862597
Humidity,Pressure,RainAbsolute,RainAccumulated,RainRate,Temperature,VolumeEquivalentDiameter,WeatherCode4680,0.1644631906684976,0.027048141084862597
AverageParticleSpeed,Humidity,RainAbsolute,RainAccumulated,RainIntensity,RainRate,Temperature,WeatherCode4680,0.16401428402105162,0.026900685362938187
Humidity,RainAbsolute,RainAccumulated,RainIntensity,RainRate,Temperature,VolumeEquivalentDiameter,WeatherCode4680,0.16401428402105162,0.026900685362938187
AverageParticleSpeed,Humidity,RainAbsolute,RainAccumulated,RainIntensity,Temperature,VolumeEquivalentDiameter,WeatherCode4680,0.1640142840210516,0.026900685362938177
AverageParticleSpeed,Humidity,KineticEnergy,RainAbsolute,RainAccumulated,RainRate,Temperature,WeatherCode4680,0.1637487005430324,0.026813636929531696
AverageParticleSpeed,Humidity,KineticEnergy,RainAbsolute,RainAccumulated,Temperature,VolumeEquivalentDiameter,WeatherCode4680,0.1637487005430324,0.026813636929531696
Humidity,KineticEnergy,RainAbsolute,RainAccumulated,RainRate,Temperature,VolumeEquivalentDiameter,WeatherCode4680,0.16374870054303228,0.026813636929531662
Humidity,Pressure,RainAbsolute,RainAccumulated,RainIntensity,Temperature,VolumeEquivalentDiameter,WeatherCode4680,0.1636653784201907,0.02678635609342422
AverageParticleSpeed,Humidity,Pressure,RainAbsolute,RainAccumulated,RainIntensity,Temperature,WeatherCode4680,0.16366537842019063,0.026786356093424203
Humidity,Pressure,RainAbsolute,RainAccumulated,RainIntensity,RainRate,Temperature,WeatherCode4680,0.1636653784201905,0.026786356093424155
AverageParticleSpeed,ParticlesDetected,Pressure,RainAbsolute,RainAccumulated,RainRate,VolumeEquivalentDiameter,WeatherCode4680,0.1634996286970424,0.026732128584070734
AverageParticleSpeed,Humidity,KineticEnergy,Pressure,RainAbsolute,RainAccumulated,Temperature,WeatherCode4680,0.16339990050038442,0.02669952748353553
Humidity,KineticEnergy,Pressure,RainAbsolute,RainAccumulated,Temperature,VolumeEquivalentDiameter,WeatherCode4680,0.16339990050038442,0.02669952748353553
Humidity,KineticEnergy,Pressure,RainAbsolute,RainAccumulated,RainRate,Temperature,WeatherCode4680,0.16339990050038428,0.026699527483535483
AverageParticleSpeed,ParticlesDetected,RainAbsolute,RainAccumulated,RainIntensity,RainRate,VolumeEquivalentDiameter,WeatherCode4680,0.1630662246076033,0.02659059360777733
AverageParticleSpeed,Humidity,RainAbsolute,RainAccumulated,RainRate,VolumeEquivalentDiameter,WeatherCode4680,WindSpeed,0.16296837408593606,0.026558690952213596
Humidity,KineticEnergy,RainAbsolute,RainAccumulated,RainIntensity,RainRate,Temperature,WeatherCode4680,0.1629525521433867,0.02655353425004316
Humidity,KineticEnergy,RainAbsolute,RainAccumulated,RainIntensity,Temperature,VolumeEquivalentDiameter,WeatherCode4680,0.16295255214338664,0.02655353425004314
AverageParticleSpeed,Humidity,KineticEnergy,RainAbsolute,RainAccumulated,RainIntensity,Temperature,WeatherCode4680,0.16295255214338655,0.026553534250043115
AverageParticleSpeed,KineticEnergy,ParticlesDetected,RainAbsolute,RainAccumulated,RainRate,VolumeEquivalentDiameter,WeatherCode4680,0.1628001390845185,0.026503885285938573
AverageParticleSpeed,ParticlesDetected,Pressure,RainAbsolute,RainAccumulated,RainIntensity,VolumeEquivalentDiameter,WeatherCode4680,0.16275370444047474,0.026488768309097407
AverageParticleSpeed,ParticlesDetected,Pressure,RainAbsolute,RainAccumulated,RainIntensity,RainRate,WeatherCode4680,0.16275370444047466,0.02648876830909738
ParticlesDetected,Pressure,RainAbsolute,RainAccumulated,RainIntensity,RainRate,VolumeEquivalentDiameter,WeatherCode4680,0.16275370444047463,0.026488768309097372
Humidity,KineticEnergy,Pressure,RainAbsolute,RainAccumulated,RainIntensity,Temperature,WeatherCode4680,0.16260398634862053,0.02644005637646237
AverageParticleSpeed,Humidity,Pressure,RainAbsolute,RainAccumulated,RainRate,WeatherCode4680,WindSpeed,0.16259548357236728,0.026437291278131957
Humidity,Pressure,RainAbsolute,RainAccumulated,RainRate,VolumeEquivalentDiameter,WeatherCode4680,WindSpeed,0.1625954835723672,0.02643729127813193
AverageParticleSpeed,Humidity,Pressure,RainAbsolute,RainAccumulated,VolumeEquivalentDiameter,WeatherCode4680,WindSpeed,0.16259548357236714,0.02643729127813191
AverageParticleSpeed,KineticEnergy,ParticlesDetected,Pressure,RainAbsolute,RainAccumulated,RainRate,WeatherCode4680,0.16248774595947932,0.026402267586992288
KineticEnergy,ParticlesDetected,Pressure,RainAbsolute,RainAccumulated,RainRate,VolumeEquivalentDiameter,WeatherCode4680,0.16248774595947932,0.026402267586992288
AverageParticleSpeed,KineticEnergy,ParticlesDetected,Pressure,RainAbsolute,RainAccumulated,VolumeEquivalentDiameter,WeatherCode4680,0.16248774595947912,0.026402267586992226
AverageParticleSpeed,Humidity,RainAbsolute,RainAccumulated,RainIntensity,VolumeEquivalentDiameter,WeatherCode4680,WindSpeed,0.1621283627525506,0.026285606008822637
AverageParticleSpeed,Humidity,RainAbsolute,RainAccumulated,RainIntensity,RainRate,WeatherCode4680,WindSpeed,0.1621283627525504,0.026285606008822574
Humidity,RainAbsolute,RainAccumulated,RainIntensity,RainRate,VolumeEquivalentDiameter,WeatherCode4680,WindSpeed,0.1621283627525504,0.026285606008822574
AverageParticleSpeed,KineticEnergy,ParticlesDetected,RainAbsolute,RainAccumulated,RainIntensity,RainRate,WeatherCode4680,0.16205706083425064,0.026262490966236014
KineticEnergy,ParticlesDetected,RainAbsolute,RainAccumulated,RainIntensity,RainRate,VolumeEquivalentDiameter,WeatherCode4680,0.16205706083425064,0.026262490966236014
AverageParticleSpeed,KineticEnergy,ParticlesDetected,RainAbsolute,RainAccumulated,RainIntensity,VolumeEquivalentDiameter,WeatherCode4680,0.16205706083425025,0.02626249096623589
AverageParticleSpeed,Humidity,KineticEnergy,RainAbsolute,RainAccumulated,VolumeEquivalentDiameter,WeatherCode4680,WindSpeed,0.16184723603406173,0.02619452781186529
AverageParticleSpeed,Humidity,KineticEnergy,RainAbsolute,RainAccumulated,RainRate,WeatherCode4680,WindSpeed,0.1618472360340617,0.026194527811865282
Humidity,KineticEnergy,RainAbsolute,RainAccumulated,RainRate,VolumeEquivalentDiameter,WeatherCode4680,WindSpeed,0.1618472360340617,0.026194527811865282
AverageParticleSpeed,Humidity,Pressure,RainAbsolute,RainAccumulated,RainIntensity,WeatherCode4680,WindSpeed,0.16175580008675097,0.026164938861704946
Humidity,Pressure,RainAbsolute,RainAccumulated,RainIntensity,VolumeEquivalentDiameter,WeatherCode4680,WindSpeed,0.16175580008675094,0.026164938861704935
Humidity,Pressure,RainAbsolute,RainAccumulated,RainIntensity,RainRate,WeatherCode4680,WindSpeed,0.16175580008675086,0.02616493886170491
AverageParticleSpeed,KineticEnergy,ParticlesDetected,Pressure,RainAbsolute,RainAccumulated,RainIntensity,WeatherCode4680,0.16174494854879296,0.02616142838105168
KineticEnergy,ParticlesDetected,Pressure,RainAbsolute,RainAccumulated,RainIntensity,VolumeEquivalentDiameter,WeatherCode4680,0.16174494854879296,0.02616142838105168
KineticEnergy,ParticlesDetected,Pressure,RainAbsolute,RainAccumulated,RainIntensity,RainRate,WeatherCode4680,0.16174494854879287,0.026161428381051652
AverageParticleSpeed,Humidity,KineticEnergy,Pressure,RainAbsolute,RainAccumulated,WeatherCode4680,WindSpeed,0.16147482208060188,0.026074118165962033
Humidity,KineticEnergy,Pressure,RainAbsolute,RainAccumulated,RainRate,WeatherCode4680,WindSpeed,0.16147482208060188,0.026074118165962033
Humidity,KineticEnergy,Pressure,RainAbsolute,RainAccumulated,VolumeEquivalentDiameter,WeatherCode4680,WindSpeed,0.16147482208060182,0.026074118165962012
AverageParticleSpeed,Humidity,KineticEnergy,RainAbsolute,RainAccumulated,RainIntensity,WeatherCode4680,WindSpeed,0.16100966359496954,0.02592411177096526
Humidity,KineticEnergy,RainAbsolute,RainAccumulated,RainIntensity,VolumeEquivalentDiameter,WeatherCode4680,WindSpeed,0.16100966359496954,0.02592411177096526
Humidity,KineticEnergy,RainAbsolute,RainAccumulated,RainIntensity,RainRate,WeatherCode4680,WindSpeed,0.16100966359496943,0.025924111770965225
AverageParticleSpeed,RadarReflectivity,RainAbsolute,RainAccumulated,RainRate,SnowDepthIntensity,VolumeEquivalentDiameter,WeatherCode4680,0.16087609307300618,0.025881117322434546
AverageParticleSpeed,KineticEnergy,Pressure,RainIntensity,RainRate,SnowDepthIntensity,VolumeEquivalentDiameter,WindSpeed,-0.16074942652308324,0.02584037812750014
Humidity,KineticEnergy,Pressure,RainAbsolute,RainAccumulated,RainIntensity,WeatherCode4680,WindSpeed,0.16063759432982141,0.025804436712072273
AverageParticleSpeed,Pressure,RadarReflectivity,RainAbsolute,RainAccumulated,SnowDepthIntensity,VolumeEquivalentDiameter,WeatherCode4680,0.16056735085210452,0.02578187415966283
AverageParticleSpeed,Pressure,RadarReflectivity,RainAbsolute,RainAccumulated,RainRate,SnowDepthIntensity,WeatherCode4680,0.16056735085210427,0.02578187415966275
Pressure,RadarReflectivity,RainAbsolute,RainAccumulated,RainRate,SnowDepthIntensity,VolumeEquivalentDiameter,WeatherCode4680,0.16056735085210427,0.02578187415966275
AverageParticleSpeed,RadarReflectivity,RainAbsolute,RainAccumulated,RainIntensity,RainRate,SnowDepthIntensity,WeatherCode4680,0.16017094133233395,0.025654730447285962
RadarReflectivity,RainAbsolute,RainAccumulated,RainIntensity,RainRate,SnowDepthIntensity,VolumeEquivalentDiameter,WeatherCode4680,0.16017094133233395,0.025654730447285962
AverageParticleSpeed,RadarReflectivity,RainAbsolute,RainAccumulated,RainIntensity,SnowDepthIntensity,VolumeEquivalentDiameter,WeatherCode4680,0.1601709413323326,0.02565473044728553
AverageParticleSpeed,KineticEnergy,RadarReflectivity,RainAbsolute,RainAccumulated,RainRate,SnowDepthIntensity,WeatherCode4680,0.15992768144456687,0.02557686329223486
KineticEnergy,RadarReflectivity,RainAbsolute,RainAccumulated,RainRate,SnowDepthIntensity,VolumeEquivalentDiameter,WeatherCode4680,0.15992768144456687,0.02557686329223486
AverageParticleSpeed,KineticEnergy,RadarReflectivity,RainAbsolute,RainAccumulated,SnowDepthIntensity,VolumeEquivalentDiameter,WeatherCode4680,0.15992768144456682,0.025576863292234842
AverageParticleSpeed,Pressure,RadarReflectivity,RainAbsolute,RainAccumulated,RainIntensity,SnowDepthIntensity,WeatherCode4680,0.15986248318489477,0.02555601353004076
Pressure,RadarReflectivity,RainAbsolute,RainAccumulated,RainIntensity,SnowDepthIntensity,VolumeEquivalentDiameter,WeatherCode4680,0.15986248318489474,0.025556013530040753
Pressure,RadarReflectivity,RainAbsolute,RainAccumulated,RainIntensity,RainRate,SnowDepthIntensity,WeatherCode4680,0.15986248318489465,0.025556013530040726
AverageParticleSpeed,KineticEnergy,Pressure,RadarReflectivity,RainAbsolute,RainAccumulated,SnowDepthIntensity,WeatherCode4680,0.1596193502062231,0.02547833696025689
KineticEnergy,Pressure,RadarReflectivity,RainAbsolute,RainAccumulated,SnowDepthIntensity,VolumeEquivalentDiameter,WeatherCode4680,0.15961935020622306,0.02547833696025688
KineticEnergy,Pressure,RadarReflectivity,RainAbsolute,RainAccumulated,RainRate,SnowDepthIntensity,WeatherCode4680,0.159619350206223,0.025478336960256864
AverageParticleSpeed,Humidity,ParticlesDetected,Pressure,RainAbsolute,RainIntensity,RainRate,VolumeEquivalentDiameter,0.1594958940116399,0.025438940206572273
AverageParticleSpeed,Humidity,ParticlesDetected,Pressure,RainAccumulated,RainIntensity,RainRate,VolumeEquivalentDiameter,0.1594958940116399,0.025438940206572273
AverageParticleSpeed,RadarReflectivity,RainAbsolute,RainAccumulated,RainRate,Temperature,VolumeEquivalentDiameter,WeatherCode4680,0.15930171516764857,0.025377036455354635
KineticEnergy,RadarReflectivity,RainAbsolute,RainAccumulated,RainIntensity,RainRate,SnowDepthIntensity,WeatherCode4680,0.15922498857936493,0.025352596988098892
AverageParticleSpeed,KineticEnergy,RadarReflectivity,RainAbsolute,RainAccumulated,RainIntensity,SnowDepthIntensity,WeatherCode4680,0.15922498857936443,0.025352596988098733
KineticEnergy,RadarReflectivity,RainAbsolute,RainAccumulated,RainIntensity,SnowDepthIntensity,VolumeEquivalentDiameter,WeatherCode4680,0.15922498857936443,0.025352596988098733
Pressure,RadarReflectivity,RainAbsolute,RainAccumulated,RainRate,Temperature,VolumeEquivalentDiameter,WeatherCode4680,0.15898987373803886,0.025277779951237537
AverageParticleSpeed,Pressure,RadarReflectivity,RainAbsolute,RainAccumulated,RainRate,Temperature,WeatherCode4680,0.15898987373803883,0.02527777995123753
AverageParticleSpeed,Pressure,RadarReflectivity,RainAbsolute,RainAccumulated,Temperature,VolumeEquivalentDiameter,WeatherCode4680,0.15898987373803875,0.025277779951237502
KineticEnergy,Pressure,RadarReflectivity,RainAbsolute,RainAccumulated,RainIntensity,SnowDepthIntensity,WeatherCode4680,0.15891695059783015,0.02525459718731319
AverageParticleSpeed,Humidity,KineticEnergy,ParticlesDetected,Pressure,RainAbsolute,RainRate,VolumeEquivalentDiameter,0.1587112532127584,0.02518926189636431
AverageParticleSpeed,Humidity,KineticEnergy,ParticlesDetected,Pressure,RainAccumulated,RainRate,VolumeEquivalentDiameter,0.1587112532127584,0.02518926189636431
AverageParticleSpeed,RadarReflectivity,RainAbsolute,RainAccumulated,RainIntensity,RainRate,Temperature,WeatherCode4680,0.15860462445491333,0.02515542689848409
RadarReflectivity,RainAbsolute,RainAccumulated,RainIntensity,RainRate,Temperature,VolumeEquivalentDiameter,WeatherCode4680,0.15860462445491333,0.02515542689848409
AverageParticleSpeed,RadarReflectivity,RainAbsolute,RainAccumulated,RainIntensity,Temperature,VolumeEquivalentDiameter,WeatherCode4680,0.15860462445491322,0.025155426898484056
AverageParticleSpeed,KineticEnergy,RadarReflectivity,RainAbsolute,RainAccumulated,Temperature,VolumeEquivalentDiameter,WeatherCode4680,0.1583626595061923,0.025078731925874197
AverageParticleSpeed,KineticEnergy,RadarReflectivity,RainAbsolute,RainAccumulated,RainRate,Temperature,WeatherCode4680,0.15836265950619227,0.02507873192587419
KineticEnergy,RadarReflectivity,RainAbsolute,RainAccumulated,RainRate,Temperature,VolumeEquivalentDiameter,WeatherCode4680,0.15836265950619227,0.02507873192587419
Pressure,RadarReflectivity,RainAbsolute,RainAccumulated,RainIntensity,Temperature,VolumeEquivalentDiameter,WeatherCode4680,0.15829307536851464,0.025056697709622256
AverageParticleSpeed,Pressure,RadarReflectivity,RainAbsolute,RainAccumulated,RainIntensity,Temperature,WeatherCode4680,0.1582930753685146,0.02505669770962225
Pressure,RadarReflectivity,RainAbsolute,RainAccumulated,RainIntensity,RainRate,Temperature,WeatherCode4680,0.15829307536851456,0.025056697709622232
KineticEnergy,Pressure,RadarReflectivity,RainAbsolute,RainAccumulated,RainRate,Temperature,WeatherCode4680,0.15805124213714203,0.024980195141093498
AverageParticleSpeed,KineticEnergy,Pressure,RadarReflectivity,RainAbsolute,RainAccumulated,Temperature,WeatherCode4680,0.15805124213714195,0.024980195141093474
KineticEnergy,Pressure,RadarReflectivity,RainAbsolute,RainAccumulated,Temperature,VolumeEquivalentDiameter,WeatherCode4680,0.1580512421371419,0.024980195141093457
AverageParticleSpeed,Humidity,RainAbsolute,RainAccumulated,RainRate,SnowDepthIntensity,Temperature,WeatherCode4680,0.15790480210858748,0.024933926528952172
AverageParticleSpeed,Humidity,RainAbsolute,RainAccumulated,SnowDepthIntensity,Temperature,VolumeEquivalentDiameter,WeatherCode4680,0.15790480210858748,0.024933926528952172
Humidity,RainAbsolute,RainAccumulated,RainRate,SnowDepthIntensity,Temperature,VolumeEquivalentDiameter,WeatherCode4680,0.15790480210858748,0.024933926528952172
AverageParticleSpeed,KineticEnergy,RadarReflectivity,RainAbsolute,RainAccumulated,RainIntensity,Temperature,WeatherCode4680,0.1576678466852728,0.024859149878370693
KineticEnergy,RadarReflectivity,RainAbsolute,RainAccumulated,RainIntensity,Temperature,VolumeEquivalentDiameter,WeatherCode4680,0.1576678466852728,0.024859149878370693
KineticEnergy,RadarReflectivity,RainAbsolute,RainAccumulated,RainIntensity,RainRate,Temperature,WeatherCode4680,0.15766784668527264,0.02485914987837064
AverageParticleSpeed,ParticlesDetected,RainAbsolute,RainAccumulated,RainRate,SnowDepthIntensity,VolumeEquivalentDiameter,WeatherCode4680,0.15757294849424522,0.024829234097170055
Humidity,Pressure,RainAbsolute,RainAccumulated,RainRate,SnowDepthIntensity,Temperature,WeatherCode4680,0.15755739198031685,0.02482433176763921
Humidity,Pressure,RainAbsolute,RainAccumulated,SnowDepthIntensity,Temperature,VolumeEquivalentDiameter,WeatherCode4680,0.15755739198031676,0.024824331767639186
AverageParticleSpeed,Humidity,Pressure,RainAbsolute,RainAccumulated,SnowDepthIntensity,Temperature,WeatherCode4680,0.15755739198031674,0.024824331767639176
AverageParticleSpeed,Humidity,KineticEnergy,ParticlesDetected,RainAbsolute,RainIntensity,RainRate,VolumeEquivalentDiameter,0.1575454933844094,0.024820582485736986
AverageParticleSpeed,Humidity,KineticEnergy,ParticlesDetected,RainAccumulated,RainIntensity,RainRate,VolumeEquivalentDiameter,0.1575454933844094,0.024820582485736986
KineticEnergy,Pressure,RadarReflectivity,RainAbsolute,RainAccumulated,RainIntensity,Temperature,WeatherCode4680,0.1573567308069974,0.02476114073026585
AverageParticleSpeed,ParticlesDetected,Pressure,RainAbsolute,RainAccumulated,RainRate,SnowDepthIntensity,WeatherCode4680,0.15726218903953437,0.024731396101506244
ParticlesDetected,Pressure,RainAbsolute,RainAccumulated,RainRate,SnowDepthIntensity,VolumeEquivalentDiameter,WeatherCode4680,0.15726218903953437,0.024731396101506244
AverageParticleSpeed,ParticlesDetected,Pressure,RainAbsolute,RainAccumulated,SnowDepthIntensity,VolumeEquivalentDiameter,WeatherCode4680,0.1572621890395341,0.024731396101506157
Humidity,RainAbsolute,RainAccumulated,RainIntensity,RainRate,SnowDepthIntensity,Temperature,WeatherCode4680,0.15713662728855776,0.024691919635623116
AverageParticleSpeed,Humidity,RainAbsolute,RainAccumulated,RainIntensity,SnowDepthIntensity,Temperature,WeatherCode4680,0.1571366272885576,0.024691919635623064
Humidity,RainAbsolute,RainAccumulated,RainIntensity,SnowDepthIntensity,Temperature,VolumeEquivalentDiameter,WeatherCode4680,0.1571366272885576,0.024691919635623064
Humidity,KineticEnergy,RainAbsolute,RainAccumulated,RainRate,SnowDepthIntensity,Temperature,WeatherCode4680,0.15688328818524752,0.024612366111815425
AverageParticleSpeed,Humidity,KineticEnergy,RainAbsolute,RainAccumulated,SnowDepthIntensity,Temperature,WeatherCode4680,0.1568832881852475,0.024612366111815415
Humidity,KineticEnergy,RainAbsolute,RainAccumulated,SnowDepthIntensity,Temperature,VolumeEquivalentDiameter,WeatherCode4680,0.15688328818524747,0.024612366111815408
AverageParticleSpeed,ParticlesDetected,RainAbsolute,RainAccumulated,RainIntensity,RainRate,SnowDepthIntensity,WeatherCode4680,0.15685616583959217,0.02460385676189764
ParticlesDetected,RainAbsolute,RainAccumulated,RainIntensity,RainRate,SnowDepthIntensity,VolumeEquivalentDiameter,WeatherCode4680,0.15685616583959217,0.02460385676189764
AverageParticleSpeed,ParticlesDetected,RainAbsolute,RainAccumulated,RainIntensity,SnowDepthIntensity,VolumeEquivalentDiameter,WeatherCode4680,0.15685616583959208,0.024603856761897615
Humidity,Pressure,RainAbsolute,RainAccumulated,RainIntensity,SnowDepthIntensity,Temperature,WeatherCode4680,0.15678952201292365,0.024582954213041068
AverageParticleSpeed,Humidity,Pressure,RadarReflectivity,RainAbsolute,RainRate,SnowDepthIntensity,VolumeEquivalentDiameter,0.1567877996717886,0.024582414125920913
AverageParticleSpeed,Humidity,Pressure,RadarReflectivity,RainAccumulated,RainRate,SnowDepthIntensity,VolumeEquivalentDiameter,0.1567877996717886,0.024582414125920913
AverageParticleSpeed,RadarReflectivity,RainAbsolute,RainAccumulated,RainRate,VolumeEquivalentDiameter,WeatherCode4680,WindSpeed,0.15675726183350994,0.02457283913753959
AverageParticleSpeed,Humidity,KineticEnergy,ParticlesDetected,Pressure,RainAbsolute,RainIntensity,RainRate,0.15675416848881585,0.02457186933862007
AverageParticleSpeed,Humidity,KineticEnergy,ParticlesDetected,Pressure,RainAccumulated,RainIntensity,RainRate,0.15675416848881585,0.02457186933862007
Humidity,KineticEnergy,ParticlesDetected,Pressure,RainAbsolute,RainIntensity,RainRate,VolumeEquivalentDiameter,0.15675416848881585,0.02457186933862007
Humidity,KineticEnergy,ParticlesDetected,Pressure,RainAccumulated,RainIntensity,RainRate,VolumeEquivalentDiameter,0.15675416848881585,0.02457186933862007
AverageParticleSpeed,Humidity,KineticEnergy,ParticlesDetected,Pressure,RainAbsolute,RainIntensity,VolumeEquivalentDiameter,0.15675416848881568,0.024571869338620014
AverageParticleSpeed,Humidity,KineticEnergy,ParticlesDetected,Pressure,RainAccumulated,RainIntensity,VolumeEquivalentDiameter,0.15675416848881568,0.024571869338620014
AverageParticleSpeed,KineticEnergy,ParticlesDetected,RainAbsolute,RainAccumulated,RainRate,SnowDepthIntensity,WeatherCode4680,0.15660327275439276,0.024524585037386734
KineticEnergy,ParticlesDetected,RainAbsolute,RainAccumulated,RainRate,SnowDepthIntensity,VolumeEquivalentDiameter,WeatherCode4680,0.15660327275439276,0.024524585037386734
AverageParticleSpeed,KineticEnergy,ParticlesDetected,RainAbsolute,RainAccumulated,SnowDepthIntensity,VolumeEquivalentDiameter,WeatherCode4680,0.15660327275439254,0.024524585037386665
AverageParticleSpeed,ParticlesDetected,Pressure,RainAbsolute,RainAccumulated,RainIntensity,SnowDepthIntensity,WeatherCode4680,0.15654573311119374,0.024506566555321102
ParticlesDetected,Pressure,RainAbsolute,RainAccumulated,RainIntensity,SnowDepthIntensity,VolumeEquivalentDiameter,WeatherCode4680,0.15654573311119374,0.024506566555321102
ParticlesDetected,Pressure,RainAbsolute,RainAccumulated,RainIntensity,RainRate,SnowDepthIntensity,WeatherCode4680,0.15654573311119369,0.024506566555321085
Humidity,KineticEnergy,Pressure,RainAbsolute,RainAccumulated,SnowDepthIntensity,Temperature,WeatherCode4680,0.15653631754158093,0.024503618709478658
Pressure,RadarReflectivity,RainAbsolute,RainAccumulated,RainRate,VolumeEquivalentDiameter,WeatherCode4680,WindSpeed,0.15642781812878576,0.024469662284532474
AverageParticleSpeed,Pressure,RadarReflectivity,RainAbsolute,RainAccumulated,RainRate,WeatherCode4680,WindSpeed,0.15642781812878573,0.024469662284532467
AverageParticleSpeed,Pressure,RadarReflectivity,RainAbsolute,RainAccumulated,VolumeEquivalentDiameter,WeatherCode4680,WindSpeed,0.15642781812878548,0.024469662284532387
AverageParticleSpeed,KineticEnergy,ParticlesDetected,Pressure,RainAbsolute,RainAccumulated,SnowDepthIntensity,WeatherCode4680,0.15629298707872935,0.02442749780999186
KineticEnergy,ParticlesDetected,Pressure,RainAbsolute,RainAccumulated,RainRate,SnowDepthIntensity,WeatherCode4680,0.15629298707872935,0.02442749780999186
KineticEnergy,ParticlesDetected,Pressure,RainAbsolute,RainAccumulated,SnowDepthIntensity,VolumeEquivalentDiameter,WeatherCode4680,0.15629298707872935,0.02442749780999186
Humidity,KineticEnergy,RainAbsolute,RainAccumulated,RainIntensity,SnowDepthIntensity,Temperature,WeatherCode4680,0.15611741778723637,0.024372648136554508
AverageParticleSpeed,ParticlesDetected,RainAbsolute,RainAccumulated,RainRate,Temperature,VolumeEquivalentDiameter,WeatherCode4680,0.15605284338653055,0.02435248992902103
AverageParticleSpeed,RadarReflectivity,RainAbsolute,RainAccumulated,RainIntensity,VolumeEquivalentDiameter,WeatherCode4680,WindSpeed,0.15603740069785738,0.0243476704165437
AverageParticleSpeed,RadarReflectivity,RainAbsolute,RainAccumulated,RainIntensity,RainRate,WeatherCode4680,WindSpeed,0.1560374006978571,0.024347670416543614
RadarReflectivity,RainAbsolute,RainAccumulated,RainIntensity,RainRate,VolumeEquivalentDiameter,WeatherCode4680,WindSpeed,0.1560374006978571,0.024347670416543614
KineticEnergy,ParticlesDetected,RainAbsolute,RainAccumulated,RainIntensity,RainRate,SnowDepthIntensity,WeatherCode4680,0.15588971546441996,0.024301603387577815
AverageParticleSpeed,KineticEnergy,ParticlesDetected,RainAbsolute,RainAccumulated,RainIntensity,SnowDepthIntensity,WeatherCode4680,0.1558897154644198,0.024301603387577763
KineticEnergy,ParticlesDetected,RainAbsolute,RainAccumulated,RainIntensity,SnowDepthIntensity,VolumeEquivalentDiameter,WeatherCode4680,0.1558897154644198,0.024301603387577763
AverageParticleSpeed,KineticEnergy,RadarReflectivity,RainAbsolute,RainAccumulated,RainRate,WeatherCode4680,WindSpeed,0.15578640612109143,0.024269404332125634
KineticEnergy,RadarReflectivity,RainAbsolute,RainAccumulated,RainRate,VolumeEquivalentDiameter,WeatherCode4680,WindSpeed,0.15578640612109143,0.024269404332125634
AverageParticleSpeed,KineticEnergy,RadarReflectivity,RainAbsolute,RainAccumulated,VolumeEquivalentDiameter,WeatherCode4680,WindSpeed,0.1557864061210912,0.024269404332125565
AverageParticleSpeed,Humidity,RadarReflectivity,RainAbsolute,RainIntensity,RainRate,SnowDepthIntensity,VolumeEquivalentDiameter,0.15577017040605248,0.02426434598833063
AverageParticleSpeed,Humidity,RadarReflectivity,RainAccumulated,RainIntensity,RainRate,SnowDepthIntensity,VolumeEquivalentDiameter,0.15577017040605248,0.02426434598833063
AverageParticleSpeed,ParticlesDetected,Pressure,RainAbsolute,RainAccumulated,Temperature,VolumeEquivalentDiameter,WeatherCode4680,0.1557389219987681,0.024254611825338373
ParticlesDetected,Pressure,RainAbsolute,RainAccumulated,RainRate,Temperature,VolumeEquivalentDiameter,WeatherCode4680,0.15573892199876804,0.024254611825338356
AverageParticleSpeed,ParticlesDetected,Pressure,RainAbsolute,RainAccumulated,RainRate,Temperature,WeatherCode4680,0.15573892199876796,0.02425461182533833
AverageParticleSpeed,Humidity,RainAbsolute,RainAccumulated,SnowDepthIntensity,VolumeEquivalentDiameter,WeatherCode4680,WindSpeed,0.15572442294242556,0.024250095900751435
AverageParticleSpeed,Humidity,RainAbsolute,RainAccumulated,RainRate,SnowDepthIntensity,WeatherCode4680,WindSpeed,0.15572442294242547,0.02425009590075141
Humidity,RainAbsolute,RainAccumulated,RainRate,SnowDepthIntensity,VolumeEquivalentDiameter,WeatherCode4680,WindSpeed,0.15572442294242547,0.02425009590075141
Pressure,RadarReflectivity,RainAbsolute,RainAccumulated,RainIntensity,RainRate,WeatherCode4680,WindSpeed,0.15570834088740626,0.02424508742190871
AverageParticleSpeed,Pressure,RadarReflectivity,RainAbsolute,RainAccumulated,RainIntensity,WeatherCode4680,WindSpeed,0.15570834088740607,0.024245087421908652
Pressure,RadarReflectivity,RainAbsolute,RainAccumulated,RainIntensity,VolumeEquivalentDiameter,WeatherCode4680,WindSpeed,0.15570834088740607,0.024245087421908652
KineticEnergy,ParticlesDetected,Pressure,RainAbsolute,RainAccumulated,RainIntensity,SnowDepthIntensity,WeatherCode4680,0.15557976579909644,0.024205063526101696
KineticEnergy,Pressure,RadarReflectivity,RainAbsolute,RainAccumulated,VolumeEquivalentDiameter,WeatherCode4680,WindSpeed,0.1554575155460158,0.024167039139739745
AverageParticleSpeed,KineticEnergy,Pressure,RadarReflectivity,RainAbsolute,RainAccumulated,WeatherCode4680,WindSpeed,0.15545751554601578,0.02416703913973974
KineticEnergy,Pressure,RadarReflectivity,RainAbsolute,RainAccumulated,RainRate,WeatherCode4680,WindSpeed,0.1554575155460155,0.02416703913973965
Humidity,Pressure,RainAbsolute,RainAccumulated,RainRate,SnowDepthIntensity,WeatherCode4680,WindSpeed,0.1553541493634405,0.024134911724438178
AverageParticleSpeed,Humidity,Pressure,RainAbsolute,RainAccumulated,SnowDepthIntensity,WeatherCode4680,WindSpeed,0.15535414936344044,0.02413491172443816
Humidity,Pressure,RainAbsolute,RainAccumulated,SnowDepthIntensity,VolumeEquivalentDiameter,WeatherCode4680,WindSpeed,0.15535414936344036,0.024134911724438136
AverageParticleSpeed,ParticlesDetected,RainAbsolute,RainAccumulated,RainIntensity,RainRate,Temperature,WeatherCode4680,0.15534318213413253,0.024131504235558272
ParticlesDetected,RainAbsolute,RainAccumulated,RainIntensity,RainRate,Temperature,VolumeEquivalentDiameter,WeatherCode4680,0.15534318213413253,0.024131504235558272
AverageParticleSpeed,ParticlesDetected,RainAbsolute,RainAccumulated,RainIntensity,Temperature,VolumeEquivalentDiameter,WeatherCode4680,0.15534318213413248,0.024131504235558255
AverageParticleSpeed,Humidity,KineticEnergy,RadarReflectivity,RainAbsolute,RainRate,SnowDepthIntensity,VolumeEquivalentDiameter,0.1551119288900353,0.02405971048398737
AverageParticleSpeed,Humidity,KineticEnergy,RadarReflectivity,RainAccumulated,RainRate,SnowDepthIntensity,VolumeEquivalentDiameter,0.1551119288900353,0.02405971048398737
KineticEnergy,ParticlesDetected,RainAbsolute,RainAccumulated,RainRate,Temperature,VolumeEquivalentDiameter,WeatherCode4680,0.15509126291732592,0.024053299833291113
AverageParticleSpeed,KineticEnergy,ParticlesDetected,RainAbsolute,RainAccumulated,RainRate,Temperature,WeatherCode4680,0.15509126291732583,0.024053299833291086
AverageParticleSpeed,KineticEnergy,ParticlesDetected,RainAbsolute,RainAccumulated,Temperature,VolumeEquivalentDiameter,WeatherCode4680,0.15509126291732575,0.02405329983329106
KineticEnergy,RadarReflectivity,RainAbsolute,RainAccumulated,RainIntensity,RainRate,WeatherCode4680,WindSpeed,0.15506917382836122,0.024046448671810508
AverageParticleSpeed,KineticEnergy,RadarReflectivity,RainAbsolute,RainAccumulated,RainIntensity,WeatherCode4680,WindSpeed,0.15506917382836113,0.02404644867181048
KineticEnergy,RadarReflectivity,RainAbsolute,RainAccumulated,RainIntensity,VolumeEquivalentDiameter,WeatherCode4680,WindSpeed,0.15506917382836113,0.02404644867181048
ParticlesDetected,Pressure,RainAbsolute,RainAccumulated,RainIntensity,RainRate,Temperature,WeatherCode4680,0.15502959607587072,0.02403417565944763
AverageParticleSpeed,ParticlesDetected,Pressure,RainAbsolute,RainAccumulated,RainIntensity,Temperature,WeatherCode4680,0.1550295960758706,0.024034175659447595
ParticlesDetected,Pressure,RainAbsolute,RainAccumulated,RainIntensity,Temperature,VolumeEquivalentDiameter,WeatherCode4680,0.1550295960758706,0.024034175659447595
AverageParticleSpeed,Humidity,Pressure,RadarReflectivity,RainAbsolute,RainIntensity,SnowDepthIntensity,VolumeEquivalentDiameter,0.1549972883157755,0.024024159385243635
AverageParticleSpeed,Humidity,Pressure,RadarReflectivity,RainAccumulated,RainIntensity,SnowDepthIntensity,VolumeEquivalentDiameter,0.1549972883157755,0.024024159385243635
AverageParticleSpeed,Humidity,Pressure,RadarReflectivity,RainAbsolute,RainIntensity,RainRate,SnowDepthIntensity,0.15499728831577536,0.024024159385243594
AverageParticleSpeed,Humidity,Pressure,RadarReflectivity,RainAccumulated,RainIntensity,RainRate,SnowDepthIntensity,0.15499728831577536,0.024024159385243594
Humidity,Pressure,RadarReflectivity,RainAbsolute,RainIntensity,RainRate,SnowDepthIntensity,VolumeEquivalentDiameter,0.15499728831577536,0.024024159385243594
Humidity,Pressure,RadarReflectivity,RainAccumulated,RainIntensity,RainRate,SnowDepthIntensity,VolumeEquivalentDiameter,0.15499728831577536,0.024024159385243594
AverageParticleSpeed,Humidity,RainAbsolute,RainAccumulated,RainIntensity,SnowDepthIntensity,WeatherCode4680,WindSpeed,0.15491889725948305,0.023999864728094265
Humidity,RainAbsolute,RainAccumulated,RainIntensity,RainRate,SnowDepthIntensity,WeatherCode4680,WindSpeed,0.15491889725948305,0.023999864728094265
Humidity,RainAbsolute,RainAccumulated,RainIntensity,SnowDepthIntensity,VolumeEquivalentDiameter,WeatherCode4680,WindSpeed,0.15491889725948305,0.023999864728094265
KineticEnergy,ParticlesDetected,Pressure,RainAbsolute,RainAccumulated,RainRate,Temperature,WeatherCode4680,0.15477782914204866,0.023956176393925208
KineticEnergy,ParticlesDetected,Pressure,RainAbsolute,RainAccumulated,Temperature,VolumeEquivalentDiameter,WeatherCode4680,0.15477782914204855,0.023956176393925173
AverageParticleSpeed,KineticEnergy,ParticlesDetected,Pressure,RainAbsolute,RainAccumulated,Temperature,WeatherCode4680,0.15477782914204852,0.023956176393925162
KineticEnergy,Pressure,RadarReflectivity,RainAbsolute,RainAccumulated,RainIntensity,WeatherCode4680,WindSpeed,0.15474067667306513,0.02394467701723808
Humidity,KineticEnergy,RainAbsolute,RainAccumulated,SnowDepthIntensity,VolumeEquivalentDiameter,WeatherCode4680,WindSpeed,0.15465195501698384,0.023917227190575194
AverageParticleSpeed,Humidity,KineticEnergy,RainAbsolute,RainAccumulated,SnowDepthIntensity,WeatherCode4680,WindSpeed,0.1546519550169838,0.023917227190575183
Humidity,KineticEnergy,RainAbsolute,RainAccumulated,RainRate,SnowDepthIntensity,WeatherCode4680,WindSpeed,0.1546519550169837,0.02391722719057515
Humidity,Pressure,RainAbsolute,RainAccumulated,RainIntensity,SnowDepthIntensity,WeatherCode4680,WindSpeed,0.15454904386616633,0.023885406959946204
AverageParticleSpeed,KineticEnergy,ParticlesDetected,RainAbsolute,RainAccumulated,RainIntensity,Temperature,WeatherCode4680,0.15438466140426557,0.02383462367690973
KineticEnergy,ParticlesDetected,RainAbsolute,RainAccumulated,RainIntensity,Temperature,VolumeEquivalentDiameter,WeatherCode4680,0.15438466140426557,0.02383462367690973
KineticEnergy,ParticlesDetected,RainAbsolute,RainAccumulated,RainIntensity,RainRate,Temperature,WeatherCode4680,0.1543846614042655,0.0238346236769097
Humidity,KineticEnergy,Pressure,RadarReflectivity,RainAbsolute,RainRate,SnowDepthIntensity,VolumeEquivalentDiameter,0.1543397987607208,0.02382077348149979
Humidity,KineticEnergy,Pressure,RadarReflectivity,RainAccumulated,RainRate,SnowDepthIntensity,VolumeEquivalentDiameter,0.1543397987607208,0.02382077348149979
AverageParticleSpeed,Humidity,KineticEnergy,Pressure,RadarReflectivity,RainAbsolute,RainRate,SnowDepthIntensity,0.15433979876072074,0.023820773481499774
AverageParticleSpeed,Humidity,KineticEnergy,Pressure,RadarReflectivity,RainAbsolute,SnowDepthIntensity,VolumeEquivalentDiameter,0.15433979876072074,0.023820773481499774
AverageParticleSpeed,Humidity,KineticEnergy,Pressure,RadarReflectivity,RainAccumulated,RainRate,SnowDepthIntensity,0.15433979876072074,0.023820773481499774
AverageParticleSpeed,Humidity,KineticEnergy,Pressure,RadarReflectivity,RainAccumulated,SnowDepthIntensity,VolumeEquivalentDiameter,0.15433979876072074,0.023820773481499774
Humidity,KineticEnergy,Pressure,RainAbsolute,RainAccumulated,SnowDepthIntensity,WeatherCode4680,WindSpeed,0.15428228134442845,0.023803022336841374
KineticEnergy,ParticlesDetected,Pressure,RainAbsolute,RainAccumulated,RainIntensity,Temperature,WeatherCode4680,0.1540715722296662,0.023738049369321248
Humidity,KineticEnergy,RainAbsolute,RainAccumulated,RainIntensity,SnowDepthIntensity,WeatherCode4680,WindSpeed,0.15384929578822745,0.023669605814533503
AverageParticleSpeed,Humidity,ParticlesDetected,Pressure,RainRate,Temperature,VolumeEquivalentDiameter,WindSpeed,-0.15358443889927667,0.02358817987200565
AverageParticleSpeed,Humidity,KineticEnergy,RadarReflectivity,RainAbsolute,RainIntensity,RainRate,SnowDepthIntensity,0.15333916029841127,0.023512898081021867
AverageParticleSpeed,Humidity,KineticEnergy,RadarReflectivity,RainAccumulated,RainIntensity,RainRate,SnowDepthIntensity,0.15333916029841127,0.023512898081021867
AverageParticleSpeed,Humidity,KineticEnergy,RadarReflectivity,RainAbsolute,RainIntensity,SnowDepthIntensity,VolumeEquivalentDiameter,0.15333916029841121,0.02351289808102185
AverageParticleSpeed,Humidity,KineticEnergy,RadarReflectivity,RainAccumulated,RainIntensity,SnowDepthIntensity,VolumeEquivalentDiameter,0.15333916029841121,0.02351289808102185
Humidity,KineticEnergy,RadarReflectivity,RainAbsolute,RainIntensity,RainRate,SnowDepthIntensity,VolumeEquivalentDiameter,0.15333916029841121,0.02351289808102185
Humidity,KineticEnergy,RadarReflectivity,RainAccumulated,RainIntensity,RainRate,SnowDepthIntensity,VolumeEquivalentDiameter,0.15333916029841121,0.02351289808102185
AverageParticleSpeed,Humidity,RainAbsolute,RainAccumulated,RainRate,Temperature,WeatherCode4680,WindSpeed,0.15331825906273155,0.023506488562026865
Humidity,RainAbsolute,RainAccumulated,RainRate,Temperature,VolumeEquivalentDiameter,WeatherCode4680,WindSpeed,0.15331825906273155,0.023506488562026865
AverageParticleSpeed,Humidity,RainAbsolute,RainAccumulated,Temperature,VolumeEquivalentDiameter,WeatherCode4680,WindSpeed,0.1533182590627315,0.02350648856202685
AverageParticleSpeed,RadarReflectivity,RainAbsolute,RainAccumulated,SnowDepthIntensity,Temperature,VolumeEquivalentDiameter,WeatherCode4680,0.15330255039214372,0.023501671956735762
AverageParticleSpeed,RadarReflectivity,RainAbsolute,RainAccumulated,RainRate,SnowDepthIntensity,Temperature,WeatherCode4680,0.1533025503921436,0.02350167195673573
RadarReflectivity,RainAbsolute,RainAccumulated,RainRate,SnowDepthIntensity,Temperature,VolumeEquivalentDiameter,WeatherCode4680,0.1533025503921436,0.02350167195673573
AverageParticleSpeed,ParticlesDetected,RainAbsolute,RainAccumulated,RainRate,VolumeEquivalentDiameter,WeatherCode4680,WindSpeed,0.15327917125606308,0.023494504340945514
Pressure,RadarReflectivity,RainAbsolute,RainAccumulated,SnowDepthIntensity,Temperature,VolumeEquivalentDiameter,WeatherCode4680,0.15299301626576758,0.023406863026097426
AverageParticleSpeed,Pressure,RadarReflectivity,RainAbsolute,RainAccumulated,SnowDepthIntensity,Temperature,WeatherCode4680,0.15299301626576753,0.02340686302609741
Pressure,RadarReflectivity,RainAbsolute,RainAccumulated,RainRate,SnowDepthIntensity,Temperature,WeatherCode4680,0.15299301626576736,0.023406863026097357
AverageParticleSpeed,ParticlesDetected,Pressure,RainAbsolute,RainAccumulated,VolumeEquivalentDiameter,WeatherCode4680,WindSpeed,0.1529477332532429,0.023393009107305143
ParticlesDetected,Pressure,RainAbsolute,RainAccumulated,RainRate,VolumeEquivalentDiameter,WeatherCode4680,WindSpeed,0.1529477332532428,0.023393009107305112
AverageParticleSpeed,ParticlesDetected,Pressure,RainAbsolute,RainAccumulated,RainRate,WeatherCode4680,WindSpeed,0.15294773325324276,0.0233930091073051
Humidity,Pressure,RainAbsolute,RainAccumulated,RainRate,Temperature,WeatherCode4680,WindSpeed,0.15294395350692186,0.023391852914327476
Humidity,Pressure,RainAbsolute,RainAccumulated,Temperature,VolumeEquivalentDiameter,WeatherCode4680,WindSpeed,0.15294395350692175,0.02339185291432744
AverageParticleSpeed,Humidity,Pressure,RainAbsolute,RainAccumulated,Temperature,WeatherCode4680,WindSpeed,0.1529439535069217,0.023391852914327424
AverageParticleSpeed,Humidity,ParticlesDetected,Pressure,RainIntensity,RainRate,VolumeEquivalentDiameter,WindSpeed,-0.15279166526705676,0.02334529297508032
AverageParticleSpeed,Humidity,Pressure,RadarReflectivity,RainIntensity,RainRate,VolumeEquivalentDiameter,WindSpeed,-0.1527178244347666,0.0233227339000882
RadarReflectivity,RainAbsolute,RainAccumulated,RainIntensity,RainRate,SnowDepthIntensity,Temperature,WeatherCode4680,0.15263139032186865,0.02329634131158662
AverageParticleSpeed,RadarReflectivity,RainAbsolute,RainAccumulated,RainIntensity,SnowDepthIntensity,Temperature,WeatherCode4680,0.15263139032186862,0.02329634131158661
RadarReflectivity,RainAbsolute,RainAccumulated,RainIntensity,SnowDepthIntensity,Temperature,VolumeEquivalentDiameter,WeatherCode4680,0.15263139032186862,0.02329634131158661
Humidity,KineticEnergy,Pressure,RadarReflectivity,RainAbsolute,RainIntensity,RainRate,SnowDepthIntensity,0.15256862186549128,0.023277184377935262
Humidity,KineticEnergy,Pressure,RadarReflectivity,RainAccumulated,RainIntensity,RainRate,SnowDepthIntensity,0.15256862186549128,0.023277184377935262
AverageParticleSpeed,Humidity,KineticEnergy,Pressure,RadarReflectivity,RainAbsolute,RainIntensity,SnowDepthIntensity,0.15256862186549117,0.023277184377935228
AverageParticleSpeed,Humidity,KineticEnergy,Pressure,RadarReflectivity,RainAccumulated,RainIntensity,SnowDepthIntensity,0.15256862186549117,0.023277184377935228
Humidity,KineticEnergy,Pressure,RadarReflectivity,RainAbsolute,RainIntensity,SnowDepthIntensity,VolumeEquivalentDiameter,0.15256862186549114,0.02327718437793522
Humidity,KineticEnergy,Pressure,RadarReflectivity,RainAccumulated,RainIntensity,SnowDepthIntensity,VolumeEquivalentDiameter,0.15256862186549114,0.02327718437793522
AverageParticleSpeed,ParticlesDetected,RainAbsolute,RainAccumulated,RainIntensity,VolumeEquivalentDiameter,WeatherCode4680,WindSpeed,0.15254774619619255,0.023270814869537977
AverageParticleSpeed,ParticlesDetected,RainAbsolute,RainAccumulated,RainIntensity,RainRate,WeatherCode4680,WindSpeed,0.15254774619619227,0.023270814869537894
ParticlesDetected,RainAbsolute,RainAccumulated,RainIntensity,RainRate,VolumeEquivalentDiameter,WeatherCode4680,WindSpeed,0.15254774619619227,0.023270814869537894
Humidity,RainAbsolute,RainAccumulated,RainIntensity,RainRate,Temperature,WeatherCode4680,WindSpeed,0.15253028150574818,0.023265486776222786
AverageParticleSpeed,Humidity,RainAbsolute,RainAccumulated,RainIntensity,Temperature,WeatherCode4680,WindSpeed,0.15253028150574807,0.02326548677622275
Humidity,RainAbsolute,RainAccumulated,RainIntensity,Temperature,VolumeEquivalentDiameter,WeatherCode4680,WindSpeed,0.15253028150574807,0.02326548677622275
AverageParticleSpeed,Humidity,Pressure,RadarReflectivity,RainRate,Temperature,VolumeEquivalentDiameter,WindSpeed,-0.15250771985925768,0.023258604616669818
AverageParticleSpeed,KineticEnergy,RadarReflectivity,RainAbsolute,RainAccumulated,SnowDepthIntensity,Temperature,WeatherCode4680,0.15240067961753617,0.023225967147886904
KineticEnergy,RadarReflectivity,RainAbsolute,RainAccumulated,SnowDepthIntensity,Temperature,VolumeEquivalentDiameter,WeatherCode4680,0.15240067961753617,0.023225967147886904
KineticEnergy,RadarReflectivity,RainAbsolute,RainAccumulated,RainRate,SnowDepthIntensity,Temperature,WeatherCode4680,0.15240067961753598,0.023225967147886845
AverageParticleSpeed,Humidity,ParticlesDetected,Pressure,RainIntensity,RainRate,Temperature,WindSpeed,-0.15239206712868825,0.023223342123754626
AverageParticleSpeed,Humidity,ParticlesDetected,Pressure,RainIntensity,Temperature,VolumeEquivalentDiameter,WindSpeed,-0.15239206712868822,0.023223342123754615
Humidity,ParticlesDetected,Pressure,RainIntensity,RainRate,Temperature,VolumeEquivalentDiameter,WindSpeed,-0.15239206712868822,0.023223342123754615
Pressure,RadarReflectivity,RainAbsolute,RainAccumulated,RainIntensity,SnowDepthIntensity,Temperature,WeatherCode4680,0.15232219720025486,0.023202051759913328
AverageParticleSpeed,KineticEnergy,ParticlesDetected,RainAbsolute,RainAccumulated,RainRate,WeatherCode4680,WindSpeed,0.15228694293277778,0.023191312987811116
KineticEnergy,ParticlesDetected,RainAbsolute,RainAccumulated,RainRate,VolumeEquivalentDiameter,WeatherCode4680,WindSpeed,0.15228694293277778,0.023191312987811116
AverageParticleSpeed,KineticEnergy,ParticlesDetected,RainAbsolute,RainAccumulated,VolumeEquivalentDiameter,WeatherCode4680,WindSpeed,0.1522869429327774,0.023191312987811
Humidity,KineticEnergy,RainAbsolute,RainAccumulated,RainRate,Temperature,WeatherCode4680,WindSpeed,0.15226749387992605,0.02318538969247332
Humidity,KineticEnergy,RainAbsolute,RainAccumulated,Temperature,VolumeEquivalentDiameter,WeatherCode4680,WindSpeed,0.15226749387992583,0.02318538969247325
AverageParticleSpeed,Humidity,KineticEnergy,RainAbsolute,RainAccumulated,Temperature,WeatherCode4680,WindSpeed,0.1522674938799258,0.023185389692473243
AverageParticleSpeed,ParticlesDetected,Pressure,RainAbsolute,RainAccumulated,RainIntensity,WeatherCode4680,WindSpeed,0.15221674238405586,0.023169936662014026
ParticlesDetected,Pressure,RainAbsolute,RainAccumulated,RainIntensity,VolumeEquivalentDiameter,WeatherCode4680,WindSpeed,0.15221674238405586,0.023169936662014026
ParticlesDetected,Pressure,RainAbsolute,RainAccumulated,RainIntensity,RainRate,WeatherCode4680,WindSpeed,0.1522167423840557,0.023169936662013977
Humidity,Pressure,RainAbsolute,RainAccumulated,RainIntensity,Temperature,WeatherCode4680,WindSpeed,0.15215641399538274,0.023151574319934306
KineticEnergy,Pressure,RadarReflectivity,RainAbsolute,RainAccumulated,SnowDepthIntensity,Temperature,WeatherCode4680,0.15209163478796078,0.02313186537247444
AverageParticleSpeed,Humidity,KineticEnergy,ParticlesDetected,Pressure,RainRate,VolumeEquivalentDiameter,WindSpeed,-0.1520155936661572,0.02310874071767421
AverageParticleSpeed,Humidity,KineticEnergy,Pressure,RadarReflectivity,RainRate,VolumeEquivalentDiameter,WindSpeed,-0.15200753583512067,0.023106290950665492
AverageParticleSpeed,KineticEnergy,ParticlesDetected,Pressure,RainAbsolute,RainAccumulated,WeatherCode4680,WindSpeed,0.15195613285788886,0.023090666313124373
KineticEnergy,ParticlesDetected,Pressure,RainAbsolute,RainAccumulated,VolumeEquivalentDiameter,WeatherCode4680,WindSpeed,0.15195613285788884,0.023090666313124363
KineticEnergy,ParticlesDetected,Pressure,RainAbsolute,RainAccumulated,RainRate,WeatherCode4680,WindSpeed,0.15195613285788875,0.023090666313124338
Humidity,KineticEnergy,Pressure,RainAbsolute,RainAccumulated,Temperature,WeatherCode4680,WindSpeed,0.1518938151644027,0.023071731085197732
KineticEnergy,RadarReflectivity,RainAbsolute,RainAccumulated,RainIntensity,SnowDepthIntensity,Temperature,WeatherCode4680,0.15173196209477371,0.02302258832112985
AverageParticleSpeed,Humidity,KineticEnergy,ParticlesDetected,Pressure,Temperature,VolumeEquivalentDiameter,WindSpeed,-0.15170901005111956,0.023015623730690694
AverageParticleSpeed,Humidity,KineticEnergy,ParticlesDetected,Pressure,RainRate,Temperature,WindSpeed,-0.15170901005111945,0.023015623730690663
Humidity,KineticEnergy,ParticlesDetected,Pressure,RainRate,Temperature,VolumeEquivalentDiameter,WindSpeed,-0.15170901005111942,0.023015623730690653
KineticEnergy,ParticlesDetected,RainAbsolute,RainAccumulated,RainIntensity,RainRate,WeatherCode4680,WindSpeed,0.15155898771273213,0.02297012675650809
AverageParticleSpeed,KineticEnergy,ParticlesDetected,RainAbsolute,RainAccumulated,RainIntensity,WeatherCode4680,WindSpeed,0.15155898771273185,0.022970126756508006
KineticEnergy,ParticlesDetected,RainAbsolute,RainAccumulated,RainIntensity,VolumeEquivalentDiameter,WeatherCode4680,WindSpeed,0.15155898771273185,0.022970126756508006
Humidity,KineticEnergy,RainAbsolute,RainAccumulated,RainIntensity,Temperature,WeatherCode4680,WindSpeed,0.15148200977962506,0.022946799286874424
AverageParticleSpeed,Humidity,Pressure,RadarReflectivity,RainIntensity,RainRate,Temperature,WindSpeed,-0.15141987237344876,0.02292797774959151
AverageParticleSpeed,Humidity,Pressure,RadarReflectivity,RainIntensity,Temperature,VolumeEquivalentDiameter,WindSpeed,-0.1514198723734487,0.022927977749591492
Humidity,Pressure,RadarReflectivity,RainIntensity,RainRate,Temperature,VolumeEquivalentDiameter,WindSpeed,-0.15141987237344867,0.022927977749591485
KineticEnergy,ParticlesDetected,Pressure,RainAbsolute,RainAccumulated,RainIntensity,WeatherCode4680,WindSpeed,0.15122862129103534,0.022870095897587386
AverageParticleSpeed,Humidity,ParticlesDetected,RainIntensity,RainRate,Temperature,VolumeEquivalentDiameter,WindSpeed,-0.15121650096325384,0.02286643016356975
AverageParticleSpeed,Humidity,Pressure,RadarReflectivity,RainAbsolute,RainRate,Temperature,VolumeEquivalentDiameter,0.15118540003887918,0.022857025184915926
AverageParticleSpeed,Humidity,Pressure,RadarReflectivity,RainAccumulated,RainRate,Temperature,VolumeEquivalentDiameter,0.15118540003887918,0.022857025184915926
AverageParticleSpeed,ParticlesDetected,Pressure,RadarReflectivity,RainAbsolute,RainIntensity,RainRate,VolumeEquivalentDiameter,0.15106508944981972,0.022820661250482033
AverageParticleSpeed,ParticlesDetected,Pressure,RadarReflectivity,RainAccumulated,RainIntensity,RainRate,VolumeEquivalentDiameter,0.15106508944981972,0.022820661250482033
AverageParticleSpeed,Humidity,KineticEnergy,Pressure,RadarReflectivity,RainRate,Temperature,WindSpeed,-0.15080572708208503,0.022742367320756317
Humidity,KineticEnergy,Pressure,RadarReflectivity,RainRate,Temperature,VolumeEquivalentDiameter,WindSpeed,-0.15080572708208498,0.0227423673207563
AverageParticleSpeed,Humidity,KineticEnergy,Pressure,RadarReflectivity,Temperature,VolumeEquivalentDiameter,WindSpeed,-0.15080572708208492,0.022742367320756282
Humidity,KineticEnergy,Pressure,RadarReflectivity,RainIntensity,RainRate,VolumeEquivalentDiameter,WindSpeed,-0.15076372991859496,0.022729702258967047
AverageParticleSpeed,Humidity,KineticEnergy,Pressure,RadarReflectivity,RainIntensity,RainRate,WindSpeed,-0.15076372991859494,0.022729702258967036
AverageParticleSpeed,Humidity,KineticEnergy,Pressure,RadarReflectivity,RainIntensity,VolumeEquivalentDiameter,WindSpeed,-0.1507637299185948,0.022729702258966995
AverageParticleSpeed,Humidity,KineticEnergy,ParticlesDetected,Pressure,RainIntensity,VolumeEquivalentDiameter,WindSpeed,-0.15069518849076902,0.0227090398342684
Humidity,KineticEnergy,ParticlesDetected,Pressure,RainIntensity,RainRate,VolumeEquivalentDiameter,WindSpeed,-0.15069518849076902,0.0227090398342684
AverageParticleSpeed,Humidity,KineticEnergy,ParticlesDetected,Pressure,RainIntensity,RainRate,WindSpeed,-0.150695188490769,0.022709039834268394
AverageParticleSpeed,RadarReflectivity,RainAbsolute,RainAccumulated,RainRate,SnowDepthIntensity,WeatherCode4680,WindSpeed,0.15057839380765858,0.022673852681694313
AverageParticleSpeed,RadarReflectivity,RainAbsolute,RainAccumulated,SnowDepthIntensity,VolumeEquivalentDiameter,WeatherCode4680,WindSpeed,0.15057839380765858,0.022673852681694313
RadarReflectivity,RainAbsolute,RainAccumulated,RainRate,SnowDepthIntensity,VolumeEquivalentDiameter,WeatherCode4680,WindSpeed,0.15057839380765853,0.022673852681694296
AverageParticleSpeed,Humidity,KineticEnergy,ParticlesDetected,RainRate,Temperature,VolumeEquivalentDiameter,WindSpeed,-0.15053900065986814,0.02266199071967178
AverageParticleSpeed,Humidity,KineticEnergy,ParticlesDetected,Pressure,RainIntensity,Temperature,WindSpeed,-0.15053573302848508,0.022661006918423335
Humidity,KineticEnergy,ParticlesDetected,Pressure,RainIntensity,RainRate,Temperature,WindSpeed,-0.15053573302848508,0.022661006918423335
Humidity,KineticEnergy,ParticlesDetected,Pressure,RainIntensity,Temperature,VolumeEquivalentDiameter,WindSpeed,-0.15053573302848508,0.022661006918423335
AverageParticleSpeed,KineticEnergy,ParticlesDetected,Pressure,RadarReflectivity,RainAbsolute,RainRate,VolumeEquivalentDiameter,0.1504788723771274,0.022643891031891794
AverageParticleSpeed,KineticEnergy,ParticlesDetected,Pressure,RadarReflectivity,RainAccumulated,RainRate,VolumeEquivalentDiameter,0.1504788723771274,0.022643891031891794
AverageParticleSpeed,Humidity,RadarReflectivity,RainAbsolute,RainIntensity,RainRate,Temperature,VolumeEquivalentDiameter,0.15027837411971692,0.022583589728065605
AverageParticleSpeed,Humidity,RadarReflectivity,RainAccumulated,RainIntensity,RainRate,Temperature,VolumeEquivalentDiameter,0.15027837411971692,0.022583589728065605
Pressure,RadarReflectivity,RainAbsolute,RainAccumulated,RainRate,SnowDepthIntensity,WeatherCode4680,WindSpeed,0.15025200284678966,0.022575664359471687
Pressure,RadarReflectivity,RainAbsolute,RainAccumulated,SnowDepthIntensity,VolumeEquivalentDiameter,WeatherCode4680,WindSpeed,0.15025200284678966,0.022575664359471687
AverageParticleSpeed,Pressure,RadarReflectivity,RainAbsolute,RainAccumulated,SnowDepthIntensity,WeatherCode4680,WindSpeed,0.15025200284678963,0.02257566435947168
AverageParticleSpeed,Humidity,RadarReflectivity,RainIntensity,RainRate,Temperature,VolumeEquivalentDiameter,WindSpeed,-0.15018176090829655,0.02255456130951675
AverageParticleSpeed,ParticlesDetected,RainAbsolute,RainAccumulated,RainRate,SnowDepthIntensity,Temperature,WeatherCode4680,0.15010381033130002,0.02253115387597489
ParticlesDetected,RainAbsolute,RainAccumulated,RainRate,SnowDepthIntensity,Temperature,VolumeEquivalentDiameter,WeatherCode4680,0.15010381033130002,0.02253115387597489
AverageParticleSpeed,ParticlesDetected,RainAbsolute,RainAccumulated,SnowDepthIntensity,Temperature,VolumeEquivalentDiameter,WeatherCode4680,0.15010381033129983,0.022531153875974833
RadarReflectivity,RainAbsolute,RainAccumulated,RainIntensity,RainRate,SnowDepthIntensity,WeatherCode4680,WindSpeed,0.14988703575550755,0.0224661234875728
AverageParticleSpeed,RadarReflectivity,RainAbsolute,RainAccumulated,RainIntensity,SnowDepthIntensity,WeatherCode4680,WindSpeed,0.14988703575550744,0.022466123487572764
RadarReflectivity,RainAbsolute,RainAccumulated,RainIntensity,SnowDepthIntensity,VolumeEquivalentDiameter,WeatherCode4680,WindSpeed,0.1498870357555074,0.022466123487572758
AverageParticleSpeed,ParticlesDetected,Pressure,RainAbsolute,RainAccumulated,SnowDepthIntensity,Temperature,WeatherCode4680,0.14979244633700126,0.0224377769796234
ParticlesDetected,Pressure,RainAbsolute,RainAccumulated,SnowDepthIntensity,Temperature,VolumeEquivalentDiameter,WeatherCode4680,0.14979244633700126,0.0224377769796234
ParticlesDetected,Pressure,RainAbsolute,RainAccumulated,RainRate,SnowDepthIntensity,Temperature,WeatherCode4680,0.14979244633700098,0.02243777697962332
Humidity,KineticEnergy,Pressure,RadarReflectivity,RainIntensity,RainRate,Temperature,WindSpeed,-0.1497244810554931,0.022417420227336712
Humidity,KineticEnergy,Pressure,RadarReflectivity,RainIntensity,Temperature,VolumeEquivalentDiameter,WindSpeed,-0.1497244810554931,0.022417420227336712
AverageParticleSpeed,Humidity,KineticEnergy,Pressure,RadarReflectivity,RainIntensity,Temperature,WindSpeed,-0.14972448105549294,0.022417420227336664
AverageParticleSpeed,KineticEnergy,ParticlesDetected,RadarReflectivity,RainAbsolute,RainIntensity,RainRate,VolumeEquivalentDiameter,0.1496537901825336,0.02239625691599779
AverageParticleSpeed,KineticEnergy,ParticlesDetected,RadarReflectivity,RainAccumulated,RainIntensity,RainRate,VolumeEquivalentDiameter,0.1496537901825336,0.02239625691599779
KineticEnergy,RadarReflectivity,RainAbsolute,RainAccumulated,RainRate,SnowDepthIntensity,WeatherCode4680,WindSpeed,0.1496484549853859,0.02239466007951307
AverageParticleSpeed,KineticEnergy,RadarReflectivity,RainAbsolute,RainAccumulated,SnowDepthIntensity,WeatherCode4680,WindSpeed,0.1496484549853857,0.02239466007951301
KineticEnergy,RadarReflectivity,RainAbsolute,RainAccumulated,SnowDepthIntensity,VolumeEquivalentDiameter,WeatherCode4680,WindSpeed,0.1496484549853857,0.02239466007951301
AverageParticleSpeed,Humidity,KineticEnergy,RadarReflectivity,RainAbsolute,RainRate,Temperature,VolumeEquivalentDiameter,0.14964430787271477,0.022393418878703844
AverageParticleSpeed,Humidity,KineticEnergy,RadarReflectivity,RainAccumulated,RainRate,Temperature,VolumeEquivalentDiameter,0.14964430787271477,0.022393418878703844
AverageParticleSpeed,Humidity,KineticEnergy,RadarReflectivity,RainRate,Temperature,VolumeEquivalentDiameter,WindSpeed,-0.14957304515524988,0.02237209583701442
Pressure,RadarReflectivity,RainAbsolute,RainAccumulated,RainIntensity,SnowDepthIntensity,WeatherCode4680,WindSpeed,0.14956107729296342,0.022368515841031777
Humidity,Pressure,RadarReflectivity,RainAbsolute,RainIntensity,RainRate,Temperature,VolumeEquivalentDiameter,0.14948724648723039,0.022346436862333972
Humidity,Pressure,RadarReflectivity,RainAccumulated,RainIntensity,RainRate,Temperature,VolumeEquivalentDiameter,0.14948724648723039,0.022346436862333972
AverageParticleSpeed,Humidity,Pressure,RadarReflectivity,RainAbsolute,RainIntensity,RainRate,Temperature,0.14948724648723036,0.022346436862333965
AverageParticleSpeed,Humidity,Pressure,RadarReflectivity,RainAbsolute,RainIntensity,Temperature,VolumeEquivalentDiameter,0.14948724648723036,0.022346436862333965
AverageParticleSpeed,Humidity,Pressure,RadarReflectivity,RainAccumulated,RainIntensity,RainRate,Temperature,0.14948724648723036,0.022346436862333965
AverageParticleSpeed,Humidity,Pressure,RadarReflectivity,RainAccumulated,RainIntensity,Temperature,VolumeEquivalentDiameter,0.14948724648723036,0.022346436862333965
AverageParticleSpeed,Humidity,KineticEnergy,ParticlesDetected,RainIntensity,RainRate,VolumeEquivalentDiameter,WindSpeed,-0.14943016683028282,0.022329374758926154
ParticlesDetected,RainAbsolute,RainAccumulated,RainIntensity,RainRate,SnowDepthIntensity,Temperature,WeatherCode4680,0.1494223807313709,0.022327047863430764
AverageParticleSpeed,ParticlesDetected,RainAbsolute,RainAccumulated,RainIntensity,SnowDepthIntensity,Temperature,WeatherCode4680,0.14942238073137076,0.022327047863430722
ParticlesDetected,RainAbsolute,RainAccumulated,RainIntensity,SnowDepthIntensity,Temperature,VolumeEquivalentDiameter,WeatherCode4680,0.14942238073137076,0.022327047863430722
AverageParticleSpeed,Humidity,KineticEnergy,RadarReflectivity,RainIntensity,RainRate,VolumeEquivalentDiameter,WindSpeed,-0.14941593477055873,0.022325121563359862
AverageParticleSpeed,Humidity,KineticEnergy,ParticlesDetected,RainIntensity,Temperature,VolumeEquivalentDiameter,WindSpeed,-0.14937746764629037,0.022313627840418526
AverageParticleSpeed,Humidity,KineticEnergy,ParticlesDetected,RainIntensity,RainRate,Temperature,WindSpeed,-0.14937746764629026,0.022313627840418494
Humidity,KineticEnergy,ParticlesDetected,RainIntensity,RainRate,Temperature,VolumeEquivalentDiameter,WindSpeed,-0.14937746764629023,0.022313627840418484
KineticEnergy,Pressure,RadarReflectivity,RainAbsolute,RainAccumulated,SnowDepthIntensity,WeatherCode4680,WindSpeed,0.1493226818940823,0.022297263328041293
KineticEnergy,ParticlesDetected,RainAbsolute,RainAccumulated,RainRate,SnowDepthIntensity,Temperature,WeatherCode4680,0.1491830005369892,0.022255567649219325
AverageParticleSpeed,KineticEnergy,ParticlesDetected,RainAbsolute,RainAccumulated,SnowDepthIntensity,Temperature,WeatherCode4680,0.14918300053698907,0.022255567649219283
KineticEnergy,ParticlesDetected,RainAbsolute,RainAccumulated,SnowDepthIntensity,Temperature,VolumeEquivalentDiameter,WeatherCode4680,0.14918300053698907,0.022255567649219283
ParticlesDetected,Pressure,RainAbsolute,RainAccumulated,RainIntensity,SnowDepthIntensity,Temperature,WeatherCode4680,0.14911139969603004,0.02223420951930923
KineticEnergy,ParticlesDetected,Pressure,RadarReflectivity,RainAbsolute,RainIntensity,RainRate,VolumeEquivalentDiameter,0.14903406011102255,0.022211151073175884
KineticEnergy,ParticlesDetected,Pressure,RadarReflectivity,RainAccumulated,RainIntensity,RainRate,VolumeEquivalentDiameter,0.14903406011102255,0.022211151073175884
AverageParticleSpeed,KineticEnergy,ParticlesDetected,Pressure,RadarReflectivity,RainAbsolute,RainIntensity,RainRate,0.14903406011102252,0.022211151073175874
AverageParticleSpeed,KineticEnergy,ParticlesDetected,Pressure,RadarReflectivity,RainAccumulated,RainIntensity,RainRate,0.14903406011102252,0.022211151073175874
AverageParticleSpeed,KineticEnergy,ParticlesDetected,Pressure,RadarReflectivity,RainAbsolute,RainIntensity,VolumeEquivalentDiameter,0.14903406011102224,0.02221115107317579
AverageParticleSpeed,KineticEnergy,ParticlesDetected,Pressure,RadarReflectivity,RainAccumulated,RainIntensity,VolumeEquivalentDiameter,0.14903406011102224,0.02221115107317579
KineticEnergy,RadarReflectivity,RainAbsolute,RainAccumulated,RainIntensity,SnowDepthIntensity,WeatherCode4680,WindSpeed,0.14895988050364373,0.022189045999659818
AverageParticleSpeed,RadarReflectivity,RainAbsolute,RainAccumulated,Temperature,VolumeEquivalentDiameter,WeatherCode4680,WindSpeed,0.14895114860388442,0.022186444670416458
RadarReflectivity,RainAbsolute,RainAccumulated,RainRate,Temperature,VolumeEquivalentDiameter,WeatherCode4680,WindSpeed,0.1489511486038842,0.022186444670416392
AverageParticleSpeed,RadarReflectivity,RainAbsolute,RainAccumulated,RainRate,Temperature,WeatherCode4680,WindSpeed,0.14895114860388417,0.022186444670416385
KineticEnergy,ParticlesDetected,Pressure,RainAbsolute,RainAccumulated,SnowDepthIntensity,Temperature,WeatherCode4680,0.14887218807932306,0.022162928383525342
Humidity,KineticEnergy,Pressure,RadarReflectivity,RainAbsolute,RainRate,Temperature,VolumeEquivalentDiameter,0.14885405418966643,0.022157529448700152
Humidity,KineticEnergy,Pressure,RadarReflectivity,RainAccumulated,RainRate,Temperature,VolumeEquivalentDiameter,0.14885405418966643,0.022157529448700152
AverageParticleSpeed,Humidity,KineticEnergy,Pressure,RadarReflectivity,RainAbsolute,Temperature,VolumeEquivalentDiameter,0.14885405418966638,0.022157529448700135
AverageParticleSpeed,Humidity,KineticEnergy,Pressure,RadarReflectivity,RainAccumulated,Temperature,VolumeEquivalentDiameter,0.14885405418966638,0.022157529448700135
AverageParticleSpeed,Humidity,KineticEnergy,Pressure,RadarReflectivity,RainAbsolute,RainRate,Temperature,0.14885405418966632,0.022157529448700117
AverageParticleSpeed,Humidity,KineticEnergy,Pressure,RadarReflectivity,RainAccumulated,RainRate,Temperature,0.14885405418966632,0.022157529448700117
Pressure,RadarReflectivity,RainAbsolute,RainAccumulated,Temperature,VolumeEquivalentDiameter,WeatherCode4680,WindSpeed,0.1486214230130934,0.022088327378436846
AverageParticleSpeed,Pressure,RadarReflectivity,RainAbsolute,RainAccumulated,Temperature,WeatherCode4680,WindSpeed,0.14862142301309336,0.02208832737843684
Pressure,RadarReflectivity,RainAbsolute,RainAccumulated,RainRate,Temperature,WeatherCode4680,WindSpeed,0.14862142301309325,0.022088327378436804
KineticEnergy,ParticlesDetected,RainAbsolute,RainAccumulated,RainIntensity,SnowDepthIntensity,Temperature,WeatherCode4680,0.14850470727294904,0.02205364808222428
AverageParticleSpeed,Humidity,KineticEnergy,RadarReflectivity,RainIntensity,RainRate,Temperature,WindSpeed,-0.14850378371353992,0.022053373777237845
AverageParticleSpeed,Humidity,KineticEnergy,RadarReflectivity,RainIntensity,Temperature,VolumeEquivalentDiameter,WindSpeed,-0.14850378371353992,0.022053373777237845
Humidity,KineticEnergy,RadarReflectivity,RainIntensity,RainRate,Temperature,VolumeEquivalentDiameter,WindSpeed,-0.14850378371353992,0.022053373777237845
RadarReflectivity,RainAbsolute,RainAccumulated,RainIntensity,RainRate,Temperature,WeatherCode4680,WindSpeed,0.14826757008302321,0.0219832723383242
AverageParticleSpeed,RadarReflectivity,RainAbsolute,RainAccumulated,RainIntensity,Temperature,WeatherCode4680,WindSpeed,0.1482675700830231,0.02198327233832417
RadarReflectivity,RainAbsolute,RainAccumulated,RainIntensity,Temperature,VolumeEquivalentDiameter,WeatherCode4680,WindSpeed,0.14826757008302308,0.02198327233832416
AverageParticleSpeed,KineticEnergy,RadarReflectivity,RainAbsolute,RainAccumulated,Temperature,WeatherCode4680,WindSpeed,0.14803026214211373,0.021912958509862912
KineticEnergy,RadarReflectivity,RainAbsolute,RainAccumulated,Temperature,VolumeEquivalentDiameter,WeatherCode4680,WindSpeed,0.14803026214211373,0.021912958509862912
KineticEnergy,RadarReflectivity,RainAbsolute,RainAccumulated,RainRate,Temperature,WeatherCode4680,WindSpeed,0.14803026214211368,0.021912958509862895
AverageParticleSpeed,Humidity,KineticEnergy,RadarReflectivity,RainAbsolute,RainIntensity,RainRate,Temperature,0.14795950555667542,0.021892015284575864
AverageParticleSpeed,Humidity,KineticEnergy,RadarReflectivity,RainAccumulated,RainIntensity,RainRate,Temperature,0.14795950555667542,0.021892015284575864
Humidity,KineticEnergy,RadarReflectivity,RainAbsolute,RainIntensity,RainRate,Temperature,VolumeEquivalentDiameter,0.14795950555667542,0.021892015284575864
Humidity,KineticEnergy,RadarReflectivity,RainAccumulated,RainIntensity,RainRate,Temperature,VolumeEquivalentDiameter,0.14795950555667542,0.021892015284575864
AverageParticleSpeed,Humidity,KineticEnergy,RadarReflectivity,RainAbsolute,RainIntensity,Temperature,VolumeEquivalentDiameter,0.14795950555667528,0.021892015284575822
AverageParticleSpeed,Humidity,KineticEnergy,RadarReflectivity,RainAccumulated,RainIntensity,Temperature,VolumeEquivalentDiameter,0.14795950555667528,0.021892015284575822
Pressure,RadarReflectivity,RainAbsolute,RainAccumulated,RainIntensity,Temperature,WeatherCode4680,WindSpeed,0.1479382858939489,0.021885736433239756
KineticEnergy,Pressure,RadarReflectivity,RainAbsolute,RainAccumulated,Temperature,WeatherCode4680,WindSpeed,0.1477011690222178,0.021815635330529753
KineticEnergy,RadarReflectivity,RainAbsolute,RainAccumulated,RainIntensity,Temperature,WeatherCode4680,WindSpeed,0.1473492947128757,0.021711814652381898
Humidity,KineticEnergy,Pressure,RadarReflectivity,RainAbsolute,RainIntensity,RainRate,Temperature,0.1471710610049151,0.02165932119731244
Humidity,KineticEnergy,Pressure,RadarReflectivity,RainAccumulated,RainIntensity,RainRate,Temperature,0.1471710610049151,0.02165932119731244
AverageParticleSpeed,Humidity,KineticEnergy,Pressure,RadarReflectivity,RainAbsolute,RainIntensity,Temperature,0.14717106100491492,0.02165932119731239
AverageParticleSpeed,Humidity,KineticEnergy,Pressure,RadarReflectivity,RainAccumulated,RainIntensity,Temperature,0.14717106100491492,0.02165932119731239
Humidity,KineticEnergy,Pressure,RadarReflectivity,RainAbsolute,RainIntensity,Temperature,VolumeEquivalentDiameter,0.14717106100491492,0.02165932119731239
Humidity,KineticEnergy,Pressure,RadarReflectivity,RainAccumulated,RainIntensity,Temperature,VolumeEquivalentDiameter,0.14717106100491492,0.02165932119731239
AverageParticleSpeed,ParticlesDetected,RainAbsolute,RainAccumulated,SnowDepthIntensity,VolumeEquivalentDiameter,WeatherCode4680,WindSpeed,0.14716663381808365,0.021658018109345922
AverageParticleSpeed,ParticlesDetected,RainAbsolute,RainAccumulated,RainRate,SnowDepthIntensity,WeatherCode4680,WindSpeed,0.14716663381808348,0.021658018109345874
ParticlesDetected,RainAbsolute,RainAccumulated,RainRate,SnowDepthIntensity,VolumeEquivalentDiameter,WeatherCode4680,WindSpeed,0.14716663381808348,0.021658018109345874
ParticlesDetected,Pressure,RainAbsolute,RainAccumulated,RainRate,SnowDepthIntensity,WeatherCode4680,WindSpeed,0.14683852632920077,0.021561552814531388
AverageParticleSpeed,ParticlesDetected,Pressure,RainAbsolute,RainAccumulated,SnowDepthIntensity,WeatherCode4680,WindSpeed,0.14683852632920072,0.021561552814531374
ParticlesDetected,Pressure,RainAbsolute,RainAccumulated,SnowDepthIntensity,VolumeEquivalentDiameter,WeatherCode4680,WindSpeed,0.14683852632920072,0.021561552814531374
Humidity,RainAbsolute,RainAccumulated,SnowDepthIntensity,Temperature,VolumeEquivalentDiameter,WeatherCode4680,WindSpeed,0.14651101656690751,0.021465477975468647
AverageParticleSpeed,Humidity,RainAbsolute,RainAccumulated,SnowDepthIntensity,Temperature,WeatherCode4680,WindSpeed,0.1465110165669075,0.02146547797546864
Humidity,RainAbsolute,RainAccumulated,RainRate,SnowDepthIntensity,Temperature,WeatherCode4680,WindSpeed,0.14651101656690732,0.02146547797546859
ParticlesDetected,RainAbsolute,RainAccumulated,RainIntensity,RainRate,SnowDepthIntensity,WeatherCode4680,WindSpeed,0.14646608622641336,0.021452314414483153
AverageParticleSpeed,ParticlesDetected,RainAbsolute,RainAccumulated,RainIntensity,SnowDepthIntensity,WeatherCode4680,WindSpeed,0.14646608622641313,0.021452314414483087
ParticlesDetected,RainAbsolute,RainAccumulated,RainIntensity,SnowDepthIntensity,VolumeEquivalentDiameter,WeatherCode4680,WindSpeed,0.14646608622641313,0.021452314414483087
KineticEnergy,ParticlesDetected,RainAbsolute,RainAccumulated,RainRate,SnowDepthIntensity,WeatherCode4680,WindSpeed,0.14621904205879035,0.021380008260590302
AverageParticleSpeed,KineticEnergy,ParticlesDetected,RainAbsolute,RainAccumulated,SnowDepthIntensity,WeatherCode4680,WindSpeed,0.14621904205879027,0.021380008260590277
KineticEnergy,ParticlesDetected,RainAbsolute,RainAccumulated,SnowDepthIntensity,VolumeEquivalentDiameter,WeatherCode4680,WindSpeed,0.14621904205879027,0.021380008260590277
Humidity,Pressure,RainAbsolute,RainAccumulated,SnowDepthIntensity,Temperature,WeatherCode4680,WindSpeed,0.14614024223013272,0.021356970399081868
ParticlesDetected,Pressure,RainAbsolute,RainAccumulated,RainIntensity,SnowDepthIntensity,WeatherCode4680,WindSpeed,0.14613845960013394,0.02135644937429998
AverageParticleSpeed,Humidity,Pressure,RadarReflectivity,RainAbsolute,RainRate,VolumeEquivalentDiameter,WindSpeed,0.14591961034435028,0.021292532683047018
AverageParticleSpeed,Humidity,Pressure,RadarReflectivity,RainAccumulated,RainRate,VolumeEquivalentDiameter,WindSpeed,0.14591961034435028,0.021292532683047018
KineticEnergy,ParticlesDetected,Pressure,RainAbsolute,RainAccumulated,SnowDepthIntensity,WeatherCode4680,WindSpeed,0.1458916246039577,0.02128436612958211
Humidity,RainAbsolute,RainAccumulated,RainIntensity,SnowDepthIntensity,Temperature,WeatherCode4680,WindSpeed,0.1457557705376962,0.021244744645037547
AverageParticleSpeed,ParticlesDetected,RainAbsolute,RainAccumulated,RainRate,Temperature,WeatherCode4680,WindSpeed,0.1455893545579955,0.02119626016061372
ParticlesDetected,RainAbsolute,RainAccumulated,RainRate,Temperature,VolumeEquivalentDiameter,WeatherCode4680,WindSpeed,0.1455893545579955,0.02119626016061372
AverageParticleSpeed,ParticlesDetected,RainAbsolute,RainAccumulated,Temperature,VolumeEquivalentDiameter,WeatherCode4680,WindSpeed,0.14558935455799532,0.021196260160613673
KineticEnergy,ParticlesDetected,RainAbsolute,RainAccumulated,RainIntensity,SnowDepthIntensity,WeatherCode4680,WindSpeed,0.1455220187207602,0.021176657932565283
AverageParticleSpeed,Humidity,ParticlesDetected,Pressure,RainAbsolute,RainRate,SnowDepthIntensity,VolumeEquivalentDiameter,0.14552103884804662,0.021176372747414695
AverageParticleSpeed,Humidity,ParticlesDetected,Pressure,RainAccumulated,RainRate,SnowDepthIntensity,VolumeEquivalentDiameter,0.14552103884804662,0.021176372747414695
Humidity,KineticEnergy,RainAbsolute,RainAccumulated,SnowDepthIntensity,Temperature,WeatherCode4680,WindSpeed,0.1455063395527745,0.02117209485004731
AverageParticleSpeed,Humidity,ParticlesDetected,Pressure,SnowDepthIntensity,Temperature,VolumeEquivalentDiameter,WindSpeed,-0.14547772221666638,0.021163767661349548
Humidity,ParticlesDetected,Pressure,RainRate,SnowDepthIntensity,Temperature,VolumeEquivalentDiameter,WindSpeed,-0.1454777222166663,0.021163767661349524
AverageParticleSpeed,Humidity,ParticlesDetected,Pressure,RainRate,SnowDepthIntensity,Temperature,WindSpeed,-0.14547772221666627,0.021163767661349517
ParticlesDetected,Pressure,RainAbsolute,RainAccumulated,RainRate,Temperature,WeatherCode4680,WindSpeed,0.1452578353056122,0.02109983871767236
ParticlesDetected,Pressure,RainAbsolute,RainAccumulated,Temperature,VolumeEquivalentDiameter,WeatherCode4680,WindSpeed,0.14525783530561218,0.02109983871767235
AverageParticleSpeed,ParticlesDetected,Pressure,RainAbsolute,RainAccumulated,Temperature,WeatherCode4680,WindSpeed,0.14525783530561212,0.021099838717672334
AverageParticleSpeed,Humidity,ParticlesDetected,Pressure,RainRate,SnowDepthIntensity,VolumeEquivalentDiameter,WindSpeed,-0.14511102539507795,0.021057209691210957
AverageParticleSpeed,Humidity,RadarReflectivity,RainAbsolute,RainIntensity,RainRate,VolumeEquivalentDiameter,WindSpeed,0.144926749464581,0.021003762710369432
AverageParticleSpeed,Humidity,RadarReflectivity,RainAccumulated,RainIntensity,RainRate,VolumeEquivalentDiameter,WindSpeed,0.144926749464581,0.021003762710369432
ParticlesDetected,RainAbsolute,RainAccumulated,RainIntensity,RainRate,Temperature,WeatherCode4680,WindSpeed,0.144895674122176,0.020994756379319822
ParticlesDetected,RainAbsolute,RainAccumulated,RainIntensity,Temperature,VolumeEquivalentDiameter,WeatherCode4680,WindSpeed,0.14489567412217597,0.020994756379319815
AverageParticleSpeed,ParticlesDetected,RainAbsolute,RainAccumulated,RainIntensity,Temperature,WeatherCode4680,WindSpeed,0.14489567412217594,0.020994756379319805
AverageParticleSpeed,KineticEnergy,ParticlesDetected,RainAbsolute,RainAccumulated,Temperature,WeatherCode4680,WindSpeed,0.1446495991837957,0.020923506544032747
KineticEnergy,ParticlesDetected,RainAbsolute,RainAccumulated,Temperature,VolumeEquivalentDiameter,WeatherCode4680,WindSpeed,0.14464959918379566,0.02092350654403274
KineticEnergy,ParticlesDetected,RainAbsolute,RainAccumulated,RainRate,Temperature,WeatherCode4680,WindSpeed,0.14464959918379552,0.0209235065440327
ParticlesDetected,Pressure,RainAbsolute,RainAccumulated,RainIntensity,Temperature,WeatherCode4680,WindSpeed,0.1445646454271555,0.02089893670747919
AverageParticleSpeed,Humidity,ParticlesDetected,RainAbsolute,RainIntensity,RainRate,SnowDepthIntensity,VolumeEquivalentDiameter,0.14453498701882136,0.02089036247253086
AverageParticleSpeed,Humidity,ParticlesDetected,RainAccumulated,RainIntensity,RainRate,SnowDepthIntensity,VolumeEquivalentDiameter,0.14453498701882136,0.02089036247253086
Humidity,ParticlesDetected,Pressure,RainIntensity,SnowDepthIntensity,Temperature,VolumeEquivalentDiameter,WindSpeed,-0.14442337963723853,0.020858112585841925
AverageParticleSpeed,Humidity,ParticlesDetected,Pressure,RainIntensity,SnowDepthIntensity,Temperature,WindSpeed,-0.1444233796372385,0.020858112585841918
Humidity,ParticlesDetected,Pressure,RainIntensity,RainRate,SnowDepthIntensity,Temperature,WindSpeed,-0.14442337963723847,0.020858112585841908
AverageParticleSpeed,Humidity,ParticlesDetected,RainRate,SnowDepthIntensity,Temperature,VolumeEquivalentDiameter,WindSpeed,-0.1443819555615382,0.020846149091773996
KineticEnergy,ParticlesDetected,Pressure,RainAbsolute,RainAccumulated,Temperature,WeatherCode4680,WindSpeed,0.14431878599033401,0.020827911989723828
AverageParticleSpeed,Humidity,Pressure,RadarReflectivity,RainRate,SnowDepthIntensity,VolumeEquivalentDiameter,WindSpeed,-0.14424115191101433,0.020805509904616312
AverageParticleSpeed,Humidity,KineticEnergy,RadarReflectivity,RainAbsolute,RainRate,VolumeEquivalentDiameter,WindSpeed,0.14420019373778675,0.020793695874015233
AverageParticleSpeed,Humidity,KineticEnergy,RadarReflectivity,RainAccumulated,RainRate,VolumeEquivalentDiameter,WindSpeed,0.14420019373778675,0.020793695874015233
AverageParticleSpeed,Humidity,Pressure,RadarReflectivity,SnowDepthIntensity,Temperature,VolumeEquivalentDiameter,WindSpeed,-0.14402376438605957,0.020742844707931203
AverageParticleSpeed,Humidity,Pressure,RadarReflectivity,RainRate,SnowDepthIntensity,Temperature,WindSpeed,-0.14402376438605943,0.02074284470793116
Humidity,Pressure,RadarReflectivity,RainRate,SnowDepthIntensity,Temperature,VolumeEquivalentDiameter,WindSpeed,-0.14402376438605938,0.020742844707931144
AverageParticleSpeed,Humidity,Pressure,RadarReflectivity,RainAbsolute,RainIntensity,RainRate,WindSpeed,0.1440079310614763,0.020738284208606912
AverageParticleSpeed,Humidity,Pressure,RadarReflectivity,RainAccumulated,RainIntensity,RainRate,WindSpeed,0.1440079310614763,0.020738284208606912
Humidity,Pressure,RadarReflectivity,RainAbsolute,RainIntensity,RainRate,VolumeEquivalentDiameter,WindSpeed,0.1440079310614763,0.020738284208606912
Humidity,Pressure,RadarReflectivity,RainAccumulated,RainIntensity,RainRate,VolumeEquivalentDiameter,WindSpeed,0.1440079310614763,0.020738284208606912
AverageParticleSpeed,Humidity,Pressure,RadarReflectivity,RainAbsolute,RainIntensity,VolumeEquivalentDiameter,WindSpeed,0.14400793106147627,0.020738284208606902
AverageParticleSpeed,Humidity,Pressure,RadarReflectivity,RainAccumulated,RainIntensity,VolumeEquivalentDiameter,WindSpeed,0.14400793106147627,0.020738284208606902
KineticEnergy,ParticlesDetected,RainAbsolute,RainAccumulated,RainIntensity,Temperature,WeatherCode4680,WindSpeed,0.14395928730605848,0.02072427640166829
AverageParticleSpeed,Humidity,ParticlesDetected,Pressure,RainIntensity,SnowDepthIntensity,VolumeEquivalentDiameter,WindSpeed,-0.14394158773051663,0.020719180678382014
Humidity,ParticlesDetected,Pressure,RainIntensity,RainRate,SnowDepthIntensity,VolumeEquivalentDiameter,WindSpeed,-0.14394158773051663,0.020719180678382014
AverageParticleSpeed,Humidity,ParticlesDetected,Pressure,RainIntensity,RainRate,SnowDepthIntensity,WindSpeed,-0.1439415877305166,0.020719180678382007
AverageParticleSpeed,Humidity,KineticEnergy,ParticlesDetected,RainAbsolute,RainRate,SnowDepthIntensity,VolumeEquivalentDiameter,0.1438610594765814,0.02069600443372449
AverageParticleSpeed,Humidity,KineticEnergy,ParticlesDetected,RainAccumulated,RainRate,SnowDepthIntensity,VolumeEquivalentDiameter,0.1438610594765814,0.02069600443372449
AverageParticleSpeed,Humidity,KineticEnergy,ParticlesDetected,Pressure,SnowDepthIntensity,Temperature,WindSpeed,-0.1438405591469836,0.020690106455716888
Humidity,KineticEnergy,ParticlesDetected,Pressure,RainRate,SnowDepthIntensity,Temperature,WindSpeed,-0.14384055914698357,0.02069010645571688
Humidity,KineticEnergy,ParticlesDetected,Pressure,SnowDepthIntensity,Temperature,VolumeEquivalentDiameter,WindSpeed,-0.14384055914698354,0.02069010645571687
AverageParticleSpeed,Humidity,ParticlesDetected,Pressure,RainAbsolute,RainIntensity,SnowDepthIntensity,VolumeEquivalentDiameter,0.1437539328385077,0.020665193206538184
AverageParticleSpeed,Humidity,ParticlesDetected,Pressure,RainAccumulated,RainIntensity,SnowDepthIntensity,VolumeEquivalentDiameter,0.1437539328385077,0.020665193206538184
AverageParticleSpeed,Humidity,ParticlesDetected,Pressure,RainAbsolute,RainIntensity,RainRate,SnowDepthIntensity,0.14375393283850757,0.020665193206538146
AverageParticleSpeed,Humidity,ParticlesDetected,Pressure,RainAccumulated,RainIntensity,RainRate,SnowDepthIntensity,0.14375393283850757,0.020665193206538146
Humidity,ParticlesDetected,Pressure,RainAbsolute,RainIntensity,RainRate,SnowDepthIntensity,VolumeEquivalentDiameter,0.14375393283850757,0.020665193206538146
Humidity,ParticlesDetected,Pressure,RainAccumulated,RainIntensity,RainRate,SnowDepthIntensity,VolumeEquivalentDiameter,0.14375393283850757,0.020665193206538146
AverageParticleSpeed,Humidity,ParticlesDetected,RainIntensity,SnowDepthIntensity,Temperature,VolumeEquivalentDiameter,WindSpeed,-0.14333820584304655,0.020545841254303584
AverageParticleSpeed,Humidity,ParticlesDetected,RainIntensity,RainRate,SnowDepthIntensity,Temperature,WindSpeed,-0.14333820584304643,0.020545841254303553
Humidity,ParticlesDetected,RainIntensity,RainRate,SnowDepthIntensity,Temperature,VolumeEquivalentDiameter,WindSpeed,-0.14333820584304643,0.020545841254303553
AverageParticleSpeed,Humidity,KineticEnergy,ParticlesDetected,Pressure,RainRate,SnowDepthIntensity,WindSpeed,-0.1432927112458813,0.02053280109619552
Humidity,KineticEnergy,ParticlesDetected,Pressure,RainRate,SnowDepthIntensity,VolumeEquivalentDiameter,WindSpeed,-0.14329271124588125,0.020532801096195503
AverageParticleSpeed,Humidity,KineticEnergy,ParticlesDetected,Pressure,SnowDepthIntensity,VolumeEquivalentDiameter,WindSpeed,-0.14329271124588105,0.020532801096195447
Humidity,KineticEnergy,Pressure,RadarReflectivity,RainAbsolute,RainRate,VolumeEquivalentDiameter,WindSpeed,0.14328299379416903,0.020530016310619882
Humidity,KineticEnergy,Pressure,RadarReflectivity,RainAccumulated,RainRate,VolumeEquivalentDiameter,WindSpeed,0.14328299379416903,0.020530016310619882
AverageParticleSpeed,Humidity,KineticEnergy,Pressure,RadarReflectivity,RainAbsolute,RainRate,WindSpeed,0.143282993794169,0.020530016310619875
AverageParticleSpeed,Humidity,KineticEnergy,Pressure,RadarReflectivity,RainAbsolute,VolumeEquivalentDiameter,WindSpeed,0.143282993794169,0.020530016310619875
AverageParticleSpeed,Humidity,KineticEnergy,Pressure,RadarReflectivity,RainAccumulated,RainRate,WindSpeed,0.143282993794169,0.020530016310619875
AverageParticleSpeed,Humidity,KineticEnergy,Pressure,RadarReflectivity,RainAccumulated,VolumeEquivalentDiameter,WindSpeed,0.143282993794169,0.020530016310619875
AverageParticleSpeed,Humidity,Pressure,RadarReflectivity,RainIntensity,RainRate,SnowDepthIntensity,WindSpeed,-0.14315002004740876,0.02049192823957353
Humidity,Pressure,RadarReflectivity,RainIntensity,RainRate,SnowDepthIntensity,VolumeEquivalentDiameter,WindSpeed,-0.14315002004740865,0.0204919282395735
AverageParticleSpeed,Humidity,Pressure,RadarReflectivity,RainIntensity,SnowDepthIntensity,VolumeEquivalentDiameter,WindSpeed,-0.14315002004740862,0.02049192823957349
AverageParticleSpeed,Humidity,KineticEnergy,ParticlesDetected,Pressure,RainAbsolute,SnowDepthIntensity,VolumeEquivalentDiameter,0.14308116625181122,0.020472220135978443
AverageParticleSpeed,Humidity,KineticEnergy,ParticlesDetected,Pressure,RainAccumulated,SnowDepthIntensity,VolumeEquivalentDiameter,0.14308116625181122,0.020472220135978443
AverageParticleSpeed,Humidity,KineticEnergy,ParticlesDetected,Pressure,RainAbsolute,RainRate,SnowDepthIntensity,0.1430811662518112,0.020472220135978433
AverageParticleSpeed,Humidity,KineticEnergy,ParticlesDetected,Pressure,RainAccumulated,RainRate,SnowDepthIntensity,0.1430811662518112,0.020472220135978433
Humidity,KineticEnergy,ParticlesDetected,Pressure,RainAbsolute,RainRate,SnowDepthIntensity,VolumeEquivalentDiameter,0.14308116625181114,0.02047222013597842
Humidity,KineticEnergy,ParticlesDetected,Pressure,RainAccumulated,RainRate,SnowDepthIntensity,VolumeEquivalentDiameter,0.14308116625181114,0.02047222013597842
AverageParticleSpeed,RadarReflectivity,RainAbsolute,RainAccumulated,SnowDepthIntensity,Temperature,WeatherCode4680,WindSpeed,0.1430738869629253,0.020470137130679928
RadarReflectivity,RainAbsolute,RainAccumulated,SnowDepthIntensity,Temperature,VolumeEquivalentDiameter,WeatherCode4680,WindSpeed,0.1430738869629253,0.020470137130679928
RadarReflectivity,RainAbsolute,RainAccumulated,RainRate,SnowDepthIntensity,Temperature,WeatherCode4680,WindSpeed,0.14307388696292522,0.020470137130679904
AverageParticleSpeed,Humidity,Pressure,RadarReflectivity,RainIntensity,SnowDepthIntensity,Temperature,WindSpeed,-0.14305592954547255,0.02046499897811921
Humidity,Pressure,RadarReflectivity,RainIntensity,SnowDepthIntensity,Temperature,VolumeEquivalentDiameter,WindSpeed,-0.14305592954547253,0.0204649989781192
Humidity,Pressure,RadarReflectivity,RainIntensity,RainRate,SnowDepthIntensity,Temperature,WindSpeed,-0.1430559295454724,0.02046499897811916
AverageParticleSpeed,Humidity,RadarReflectivity,RainRate,SnowDepthIntensity,Temperature,VolumeEquivalentDiameter,WindSpeed,-0.14287575725568097,0.020413482011384272
Humidity,KineticEnergy,ParticlesDetected,Pressure,RainIntensity,SnowDepthIntensity,Temperature,WindSpeed,-0.1428036816441788,0.02039289149113197
AverageParticleSpeed,Humidity,ParticlesDetected,RainIntensity,RainRate,SnowDepthIntensity,VolumeEquivalentDiameter,WindSpeed,-0.14276388448754745,0.020381526713973794
AverageParticleSpeed,Humidity,KineticEnergy,ParticlesDetected,RainRate,SnowDepthIntensity,Temperature,WindSpeed,-0.14276014429299777,0.020380458798557544
AverageParticleSpeed,Humidity,KineticEnergy,ParticlesDetected,SnowDepthIntensity,Temperature,VolumeEquivalentDiameter,WindSpeed,-0.14276014429299777,0.020380458798557544
Humidity,KineticEnergy,ParticlesDetected,RainRate,SnowDepthIntensity,Temperature,VolumeEquivalentDiameter,WindSpeed,-0.14276014429299774,0.020380458798557537
Pressure,RadarReflectivity,RainAbsolute,RainAccumulated,SnowDepthIntensity,Temperature,WeatherCode4680,WindSpeed,0.14274769335215678,0.020376903957361386
Humidity,KineticEnergy,Pressure,RadarReflectivity,RainRate,SnowDepthIntensity,VolumeEquivalentDiameter,WindSpeed,-0.14255845851434754,0.020322914093986948
AverageParticleSpeed,Humidity,KineticEnergy,Pressure,RadarReflectivity,RainRate,SnowDepthIntensity,WindSpeed,-0.14255845851434745,0.020322914093986923
AverageParticleSpeed,Humidity,KineticEnergy,Pressure,RadarReflectivity,SnowDepthIntensity,VolumeEquivalentDiameter,WindSpeed,-0.14255845851434726,0.020322914093986868
Humidity,KineticEnergy,Pressure,RadarReflectivity,SnowDepthIntensity,Temperature,VolumeEquivalentDiameter,WindSpeed,-0.14253131474076533,0.020315175681731107
AverageParticleSpeed,Humidity,KineticEnergy,Pressure,RadarReflectivity,SnowDepthIntensity,Temperature,WindSpeed,-0.1425313147407652,0.02031517568173107
Humidity,KineticEnergy,Pressure,RadarReflectivity,RainRate,SnowDepthIntensity,Temperature,WindSpeed,-0.14253131474076516,0.020315175681731062
RadarReflectivity,RainAbsolute,RainAccumulated,RainIntensity,SnowDepthIntensity,Temperature,WeatherCode4680,WindSpeed,0.14241763372192132,0.020282782394951338
AverageParticleSpeed,Humidity,KineticEnergy,RadarReflectivity,RainAbsolute,RainIntensity,VolumeEquivalentDiameter,WindSpeed,0.14230966665044076,0.02025204122215957
AverageParticleSpeed,Humidity,KineticEnergy,RadarReflectivity,RainAccumulated,RainIntensity,VolumeEquivalentDiameter,WindSpeed,0.14230966665044076,0.02025204122215957
AverageParticleSpeed,Humidity,KineticEnergy,RadarReflectivity,RainAbsolute,RainIntensity,RainRate,WindSpeed,0.1423096666504405,0.0202520412221595
AverageParticleSpeed,Humidity,KineticEnergy,RadarReflectivity,RainAccumulated,RainIntensity,RainRate,WindSpeed,0.1423096666504405,0.0202520412221595
Humidity,KineticEnergy,RadarReflectivity,RainAbsolute,RainIntensity,RainRate,VolumeEquivalentDiameter,WindSpeed,0.14230966665044043,0.020252041222159477
Humidity,KineticEnergy,RadarReflectivity,RainAccumulated,RainIntensity,RainRate,VolumeEquivalentDiameter,WindSpeed,0.14230966665044043,0.020252041222159477
KineticEnergy,RadarReflectivity,RainAbsolute,RainAccumulated,SnowDepthIntensity,Temperature,WeatherCode4680,WindSpeed,0.142192116685761,0.020218598047577075
AverageParticleSpeed,Humidity,KineticEnergy,ParticlesDetected,Pressure,RainIntensity,SnowDepthIntensity,WindSpeed,-0.14214651000911124,0.020205630307770363
Humidity,KineticEnergy,ParticlesDetected,Pressure,RainIntensity,SnowDepthIntensity,VolumeEquivalentDiameter,WindSpeed,-0.14214651000911124,0.020205630307770363
Humidity,KineticEnergy,ParticlesDetected,Pressure,RainIntensity,RainRate,SnowDepthIntensity,WindSpeed,-0.14214651000911116,0.02020563030777034
AverageParticleSpeed,Humidity,KineticEnergy,ParticlesDetected,RainRate,SnowDepthIntensity,VolumeEquivalentDiameter,WindSpeed,-0.1421207461389279,0.020198306483085588
AverageParticleSpeed,Humidity,KineticEnergy,ParticlesDetected,RainAbsolute,RainIntensity,SnowDepthIntensity,VolumeEquivalentDiameter,0.1421192695982315,0.020197886791134812
AverageParticleSpeed,Humidity,KineticEnergy,ParticlesDetected,RainAccumulated,RainIntensity,SnowDepthIntensity,VolumeEquivalentDiameter,0.1421192695982315,0.020197886791134812
AverageParticleSpeed,Humidity,KineticEnergy,ParticlesDetected,RainAbsolute,RainIntensity,RainRate,SnowDepthIntensity,0.142119269598231,0.02019788679113467
AverageParticleSpeed,Humidity,KineticEnergy,ParticlesDetected,RainAccumulated,RainIntensity,RainRate,SnowDepthIntensity,0.142119269598231,0.02019788679113467
Humidity,KineticEnergy,ParticlesDetected,RainAbsolute,RainIntensity,RainRate,SnowDepthIntensity,VolumeEquivalentDiameter,0.14211926959823099,0.020197886791134663
Humidity,KineticEnergy,ParticlesDetected,RainAccumulated,RainIntensity,RainRate,SnowDepthIntensity,VolumeEquivalentDiameter,0.14211926959823099,0.020197886791134663
AverageParticleSpeed,Humidity,RadarReflectivity,RainIntensity,SnowDepthIntensity,Temperature,VolumeEquivalentDiameter,WindSpeed,-0.14191868770175028,0.020140913918986928
AverageParticleSpeed,Humidity,RadarReflectivity,RainIntensity,RainRate,SnowDepthIntensity,Temperature,WindSpeed,-0.14191868770175017,0.020140913918986897
Humidity,RadarReflectivity,RainIntensity,RainRate,SnowDepthIntensity,Temperature,VolumeEquivalentDiameter,WindSpeed,-0.14191868770175017,0.020140913918986897
AverageParticleSpeed,Humidity,RadarReflectivity,RainIntensity,RainRate,SnowDepthIntensity,VolumeEquivalentDiameter,WindSpeed,-0.14190477740545976,0.020136965850493082
AverageParticleSpeed,Humidity,KineticEnergy,ParticlesDetected,RainIntensity,SnowDepthIntensity,Temperature,WindSpeed,-0.1417336998122138,0.02008844166245873
Humidity,KineticEnergy,ParticlesDetected,RainIntensity,SnowDepthIntensity,Temperature,VolumeEquivalentDiameter,WindSpeed,-0.14173369981221376,0.020088441662458722
Humidity,KineticEnergy,ParticlesDetected,RainIntensity,RainRate,SnowDepthIntensity,Temperature,WindSpeed,-0.14173369981221373,0.020088441662458715
Humidity,KineticEnergy,Pressure,RadarReflectivity,RainIntensity,SnowDepthIntensity,Temperature,WindSpeed,-0.14157184156659688,0.02004258632455761
Humidity,KineticEnergy,Pressure,RadarReflectivity,RainIntensity,SnowDepthIntensity,VolumeEquivalentDiameter,WindSpeed,-0.1414799667979375,0.0200165810051455
Humidity,KineticEnergy,Pressure,RadarReflectivity,RainIntensity,RainRate,SnowDepthIntensity,WindSpeed,-0.14147996679793748,0.02001658100514549
AverageParticleSpeed,Humidity,KineticEnergy,Pressure,RadarReflectivity,RainIntensity,SnowDepthIntensity,WindSpeed,-0.14147996679793742,0.020016581005145476
AverageParticleSpeed,Humidity,KineticEnergy,RadarReflectivity,RainRate,SnowDepthIntensity,Temperature,WindSpeed,-0.14139872482336727,0.01999359938167434
Humidity,KineticEnergy,RadarReflectivity,RainRate,SnowDepthIntensity,Temperature,VolumeEquivalentDiameter,WindSpeed,-0.14139872482336727,0.01999359938167434
AverageParticleSpeed,Humidity,KineticEnergy,RadarReflectivity,SnowDepthIntensity,Temperature,VolumeEquivalentDiameter,WindSpeed,-0.1413987248233671,0.01999359938167429
AverageParticleSpeed,Humidity,KineticEnergy,Pressure,RadarReflectivity,RainAbsolute,RainIntensity,WindSpeed,0.1413958913737265,0.019992798097370663
AverageParticleSpeed,Humidity,KineticEnergy,Pressure,RadarReflectivity,RainAccumulated,RainIntensity,WindSpeed,0.1413958913737265,0.019992798097370663
Humidity,KineticEnergy,Pressure,RadarReflectivity,RainAbsolute,RainIntensity,VolumeEquivalentDiameter,WindSpeed,0.1413958913737265,0.019992798097370663
Humidity,KineticEnergy,Pressure,RadarReflectivity,RainAccumulated,RainIntensity,VolumeEquivalentDiameter,WindSpeed,0.1413958913737265,0.019992798097370663
Humidity,KineticEnergy,Pressure,RadarReflectivity,RainAbsolute,RainIntensity,RainRate,WindSpeed,0.14139589137372643,0.019992798097370645
Humidity,KineticEnergy,Pressure,RadarReflectivity,RainAccumulated,RainIntensity,RainRate,WindSpeed,0.14139589137372643,0.019992798097370645
Humidity,KineticEnergy,ParticlesDetected,Pressure,RainAbsolute,RainIntensity,RainRate,SnowDepthIntensity,0.1413418239932683,0.019977511209744035
Humidity,KineticEnergy,ParticlesDetected,Pressure,RainAccumulated,RainIntensity,RainRate,SnowDepthIntensity,0.1413418239932683,0.019977511209744035
Humidity,KineticEnergy,ParticlesDetected,Pressure,RainAbsolute,RainIntensity,SnowDepthIntensity,VolumeEquivalentDiameter,0.14134182399326803,0.019977511209743958
Humidity,KineticEnergy,ParticlesDetected,Pressure,RainAccumulated,RainIntensity,SnowDepthIntensity,VolumeEquivalentDiameter,0.14134182399326803,0.019977511209743958
AverageParticleSpeed,Humidity,KineticEnergy,ParticlesDetected,Pressure,RainAbsolute,RainIntensity,SnowDepthIntensity,0.141341823993268,0.01997751120974395
AverageParticleSpeed,Humidity,KineticEnergy,ParticlesDetected,Pressure,RainAccumulated,RainIntensity,SnowDepthIntensity,0.141341823993268,0.01997751120974395
AverageParticleSpeed,Humidity,KineticEnergy,RadarReflectivity,RainRate,SnowDepthIntensity,VolumeEquivalentDiameter,WindSpeed,-0.1413189157669628,0.019971035953549925
AverageParticleSpeed,Humidity,KineticEnergy,ParticlesDetected,RainIntensity,SnowDepthIntensity,VolumeEquivalentDiameter,WindSpeed,-0.14098701375414194,0.019877338047310608
AverageParticleSpeed,Humidity,KineticEnergy,ParticlesDetected,RainIntensity,RainRate,SnowDepthIntensity,WindSpeed,-0.14098701375414166,0.01987733804731053
Humidity,KineticEnergy,ParticlesDetected,RainIntensity,RainRate,SnowDepthIntensity,VolumeEquivalentDiameter,WindSpeed,-0.14098701375414166,0.01987733804731053
AverageParticleSpeed,ParticlesDetected,Pressure,RadarReflectivity,RainAbsolute,RainRate,SnowDepthIntensity,VolumeEquivalentDiameter,0.1406472606336465,0.019781651923748887
AverageParticleSpeed,ParticlesDetected,Pressure,RadarReflectivity,RainAccumulated,RainRate,SnowDepthIntensity,VolumeEquivalentDiameter,0.1406472606336465,0.019781651923748887
AverageParticleSpeed,Humidity,KineticEnergy,RadarReflectivity,RainIntensity,SnowDepthIntensity,Temperature,WindSpeed,-0.1404499092727621,0.019726177014727106
Humidity,KineticEnergy,RadarReflectivity,RainIntensity,SnowDepthIntensity,Temperature,VolumeEquivalentDiameter,WindSpeed,-0.1404499092727621,0.019726177014727106
Humidity,KineticEnergy,RadarReflectivity,RainIntensity,RainRate,SnowDepthIntensity,Temperature,WindSpeed,-0.14044990927276194,0.01972617701472706
AverageParticleSpeed,Humidity,ParticlesDetected,Pressure,RainAbsolute,RainRate,Temperature,VolumeEquivalentDiameter,0.14038083600014786,0.01970677911610041
AverageParticleSpeed,Humidity,ParticlesDetected,Pressure,RainAccumulated,RainRate,Temperature,VolumeEquivalentDiameter,0.14038083600014786,0.01970677911610041
AverageParticleSpeed,Humidity,KineticEnergy,RadarReflectivity,RainIntensity,SnowDepthIntensity,VolumeEquivalentDiameter,WindSpeed,-0.14025339268964074,0.01967101416095457
AverageParticleSpeed,Humidity,KineticEnergy,RadarReflectivity,RainIntensity,RainRate,SnowDepthIntensity,WindSpeed,-0.1402533926896406,0.01967101416095453
Humidity,KineticEnergy,RadarReflectivity,RainIntensity,RainRate,SnowDepthIntensity,VolumeEquivalentDiameter,WindSpeed,-0.14025339268964057,0.019671014160954525
AverageParticleSpeed,ParticlesDetected,RadarReflectivity,RainAbsolute,RainIntensity,RainRate,SnowDepthIntensity,VolumeEquivalentDiameter,0.1399290158669978,0.01958012948150652
AverageParticleSpeed,ParticlesDetected,RadarReflectivity,RainAccumulated,RainIntensity,RainRate,SnowDepthIntensity,VolumeEquivalentDiameter,0.1399290158669978,0.01958012948150652
AverageParticleSpeed,ParticlesDetected,RainAbsolute,RainAccumulated,SnowDepthIntensity,Temperature,WeatherCode4680,WindSpeed,0.13977616362330422,0.019537375917248714
ParticlesDetected,RainAbsolute,RainAccumulated,SnowDepthIntensity,Temperature,VolumeEquivalentDiameter,WeatherCode4680,WindSpeed,0.13977616362330422,0.019537375917248714
ParticlesDetected,RainAbsolute,RainAccumulated,RainRate,SnowDepthIntensity,Temperature,WeatherCode4680,WindSpeed,0.13977616362330417,0.0195373759172487
AverageParticleSpeed,Humidity,ParticlesDetected,RainAbsolute,RainIntensity,RainRate,Temperature,VolumeEquivalentDiameter,0.13948882322208894,0.019457131803883178
AverageParticleSpeed,Humidity,ParticlesDetected,RainAccumulated,RainIntensity,RainRate,Temperature,VolumeEquivalentDiameter,0.13948882322208894,0.019457131803883178
ParticlesDetected,Pressure,RainAbsolute,RainAccumulated,SnowDepthIntensity,Temperature,WeatherCode4680,WindSpeed,0.13944843225406156,0.019445865258115598
AverageParticleSpeed,KineticEnergy,ParticlesDetected,RadarReflectivity,RainAbsolute,RainRate,SnowDepthIntensity,VolumeEquivalentDiameter,0.13941173531772366,0.01943563194429904
AverageParticleSpeed,KineticEnergy,ParticlesDetected,RadarReflectivity,RainAccumulated,RainRate,SnowDepthIntensity,VolumeEquivalentDiameter,0.13941173531772366,0.01943563194429904
AverageParticleSpeed,ParticlesDetected,Pressure,RadarReflectivity,RainAbsolute,RainIntensity,SnowDepthIntensity,VolumeEquivalentDiameter,0.13932033367200392,0.01941015537447851
AverageParticleSpeed,ParticlesDetected,Pressure,RadarReflectivity,RainAccumulated,RainIntensity,SnowDepthIntensity,VolumeEquivalentDiameter,0.13932033367200392,0.01941015537447851
AverageParticleSpeed,ParticlesDetected,Pressure,RadarReflectivity,RainAbsolute,RainIntensity,RainRate,SnowDepthIntensity,0.13932033367200372,0.019410155374478454
AverageParticleSpeed,ParticlesDetected,Pressure,RadarReflectivity,RainAccumulated,RainIntensity,RainRate,SnowDepthIntensity,0.13932033367200372,0.019410155374478454
ParticlesDetected,Pressure,RadarReflectivity,RainAbsolute,RainIntensity,RainRate,SnowDepthIntensity,VolumeEquivalentDiameter,0.1393203336720037,0.019410155374478447
ParticlesDetected,Pressure,RadarReflectivity,RainAccumulated,RainIntensity,RainRate,SnowDepthIntensity,VolumeEquivalentDiameter,0.1393203336720037,0.019410155374478447
ParticlesDetected,RainAbsolute,RainAccumulated,RainIntensity,SnowDepthIntensity,Temperature,WeatherCode4680,WindSpeed,0.13911194194613294,0.01935213239202426
KineticEnergy,ParticlesDetected,RainAbsolute,RainAccumulated,SnowDepthIntensity,Temperature,WeatherCode4680,WindSpeed,0.13887886886960046,0.01928734021849968
AverageParticleSpeed,Humidity,KineticEnergy,ParticlesDetected,RainAbsolute,RainRate,Temperature,VolumeEquivalentDiameter,0.1388345594835227,0.0192750349069838
AverageParticleSpeed,Humidity,KineticEnergy,ParticlesDetected,RainAccumulated,RainRate,Temperature,VolumeEquivalentDiameter,0.1388345594835227,0.0192750349069838
AverageParticleSpeed,KineticEnergy,ParticlesDetected,Pressure,RadarReflectivity,RainAbsolute,SnowDepthIntensity,VolumeEquivalentDiameter,0.13880400519595598,0.019266551858438976
AverageParticleSpeed,KineticEnergy,ParticlesDetected,Pressure,RadarReflectivity,RainAccumulated,SnowDepthIntensity,VolumeEquivalentDiameter,0.13880400519595598,0.019266551858438976
AverageParticleSpeed,KineticEnergy,ParticlesDetected,Pressure,RadarReflectivity,RainAbsolute,RainRate,SnowDepthIntensity,0.13880400519595576,0.019266551858438914
AverageParticleSpeed,KineticEnergy,ParticlesDetected,Pressure,RadarReflectivity,RainAccumulated,RainRate,SnowDepthIntensity,0.13880400519595576,0.019266551858438914
KineticEnergy,ParticlesDetected,Pressure,RadarReflectivity,RainAbsolute,RainRate,SnowDepthIntensity,VolumeEquivalentDiameter,0.13880400519595576,0.019266551858438914
KineticEnergy,ParticlesDetected,Pressure,RadarReflectivity,RainAccumulated,RainRate,SnowDepthIntensity,VolumeEquivalentDiameter,0.13880400519595576,0.019266551858438914
AverageParticleSpeed,Humidity,ParticlesDetected,Pressure,RainAbsolute,RainIntensity,Temperature,VolumeEquivalentDiameter,0.13868967679853034,0.019234826450480805
AverageParticleSpeed,Humidity,ParticlesDetected,Pressure,RainAccumulated,RainIntensity,Temperature,VolumeEquivalentDiameter,0.13868967679853034,0.019234826450480805
AverageParticleSpeed,Humidity,ParticlesDetected,Pressure,RainAbsolute,RainIntensity,RainRate,Temperature,0.13868967679853025,0.01923482645048078
AverageParticleSpeed,Humidity,ParticlesDetected,Pressure,RainAccumulated,RainIntensity,RainRate,Temperature,0.13868967679853025,0.01923482645048078
Humidity,ParticlesDetected,Pressure,RainAbsolute,RainIntensity,RainRate,Temperature,VolumeEquivalentDiameter,0.13868967679853023,0.019234826450480774
Humidity,ParticlesDetected,Pressure,RainAccumulated,RainIntensity,RainRate,Temperature,VolumeEquivalentDiameter,0.13868967679853023,0.019234826450480774
AverageParticleSpeed,ParticlesDetected,Pressure,RadarReflectivity,RainAbsolute,RainRate,Temperature,VolumeEquivalentDiameter,0.13819983901341074,0.019099195503332646
AverageParticleSpeed,ParticlesDetected,Pressure,RadarReflectivity,RainAccumulated,RainRate,Temperature,VolumeEquivalentDiameter,0.13819983901341074,0.019099195503332646
KineticEnergy,ParticlesDetected,RadarReflectivity,RainAbsolute,RainIntensity,RainRate,SnowDepthIntensity,VolumeEquivalentDiameter,0.13810087209963492,0.019071850874679722
KineticEnergy,ParticlesDetected,RadarReflectivity,RainAccumulated,RainIntensity,RainRate,SnowDepthIntensity,VolumeEquivalentDiameter,0.13810087209963492,0.019071850874679722
AverageParticleSpeed,KineticEnergy,ParticlesDetected,RadarReflectivity,RainAbsolute,RainIntensity,RainRate,SnowDepthIntensity,0.1381008720996349,0.019071850874679715
AverageParticleSpeed,KineticEnergy,ParticlesDetected,RadarReflectivity,RainAccumulated,RainIntensity,RainRate,SnowDepthIntensity,0.1381008720996349,0.019071850874679715
AverageParticleSpeed,KineticEnergy,ParticlesDetected,RadarReflectivity,RainAbsolute,RainIntensity,SnowDepthIntensity,VolumeEquivalentDiameter,0.13810087209963431,0.019071850874679556
AverageParticleSpeed,KineticEnergy,ParticlesDetected,RadarReflectivity,RainAccumulated,RainIntensity,SnowDepthIntensity,VolumeEquivalentDiameter,0.13810087209963431,0.019071850874679556
AverageParticleSpeed,Humidity,KineticEnergy,ParticlesDetected,Pressure,RainAbsolute,Temperature,VolumeEquivalentDiameter,0.1380366984447966,0.019054130117539713
AverageParticleSpeed,Humidity,KineticEnergy,ParticlesDetected,Pressure,RainAccumulated,Temperature,VolumeEquivalentDiameter,0.1380366984447966,0.019054130117539713
AverageParticleSpeed,Humidity,KineticEnergy,ParticlesDetected,Pressure,RainAbsolute,RainRate,Temperature,0.13803669844479652,0.01905413011753969
AverageParticleSpeed,Humidity,KineticEnergy,ParticlesDetected,Pressure,RainAccumulated,RainRate,Temperature,0.13803669844479652,0.01905413011753969
Humidity,KineticEnergy,ParticlesDetected,Pressure,RainAbsolute,RainRate,Temperature,VolumeEquivalentDiameter,0.13803669844479652,0.01905413011753969
Humidity,KineticEnergy,ParticlesDetected,Pressure,RainAccumulated,RainRate,Temperature,VolumeEquivalentDiameter,0.13803669844479652,0.01905413011753969
AverageParticleSpeed,Humidity,RadarReflectivity,RainAbsolute,RainAccumulated,RainRate,VolumeEquivalentDiameter,WeatherCode4680,0.13754491713974154,0.018918604230978367
AverageParticleSpeed,ParticlesDetected,RadarReflectivity,RainAbsolute,RainIntensity,RainRate,Temperature,VolumeEquivalentDiameter,0.1375044213206052,0.018907465882714504
AverageParticleSpeed,ParticlesDetected,RadarReflectivity,RainAccumulated,RainIntensity,RainRate,Temperature,VolumeEquivalentDiameter,0.1375044213206052,0.018907465882714504
AverageParticleSpeed,KineticEnergy,ParticlesDetected,Pressure,RadarReflectivity,RainAbsolute,RainIntensity,SnowDepthIntensity,0.1374951524518218,0.018904916947749723
AverageParticleSpeed,KineticEnergy,ParticlesDetected,Pressure,RadarReflectivity,RainAccumulated,RainIntensity,SnowDepthIntensity,0.1374951524518218,0.018904916947749723
KineticEnergy,ParticlesDetected,Pressure,RadarReflectivity,RainAbsolute,RainIntensity,SnowDepthIntensity,VolumeEquivalentDiameter,0.1374951524518218,0.018904916947749723
KineticEnergy,ParticlesDetected,Pressure,RadarReflectivity,RainAccumulated,RainIntensity,SnowDepthIntensity,VolumeEquivalentDiameter,0.1374951524518218,0.018904916947749723
KineticEnergy,ParticlesDetected,Pressure,RadarReflectivity,RainAbsolute,RainIntensity,RainRate,SnowDepthIntensity,0.13749515245182167,0.018904916947749685
KineticEnergy,ParticlesDetected,Pressure,RadarReflectivity,RainAccumulated,RainIntensity,RainRate,SnowDepthIntensity,0.13749515245182167,0.018904916947749685
AverageParticleSpeed,Humidity,RadarReflectivity,RainAbsolute,RainRate,SnowDepthIntensity,Temperature,VolumeEquivalentDiameter,0.1372938301024688,0.018849595784205565
AverageParticleSpeed,Humidity,RadarReflectivity,RainAccumulated,RainRate,SnowDepthIntensity,Temperature,VolumeEquivalentDiameter,0.1372938301024688,0.018849595784205565
AverageParticleSpeed,Humidity,Pressure,RadarReflectivity,RainAbsolute,RainAccumulated,RainRate,WeatherCode4680,0.1372196973153001,0.018829245331302577
Humidity,Pressure,RadarReflectivity,RainAbsolute,RainAccumulated,RainRate,VolumeEquivalentDiameter,WeatherCode4680,0.13721969731530007,0.018829245331302567
AverageParticleSpeed,Humidity,Pressure,RadarReflectivity,RainAbsolute,RainAccumulated,VolumeEquivalentDiameter,WeatherCode4680,0.13721969731529973,0.018829245331302476
AverageParticleSpeed,Humidity,KineticEnergy,ParticlesDetected,RainAbsolute,RainIntensity,RainRate,Temperature,0.13716492100376262,0.018814215553968443
AverageParticleSpeed,Humidity,KineticEnergy,ParticlesDetected,RainAccumulated,RainIntensity,RainRate,Temperature,0.13716492100376262,0.018814215553968443
Humidity,KineticEnergy,ParticlesDetected,RainAbsolute,RainIntensity,RainRate,Temperature,VolumeEquivalentDiameter,0.13716492100376262,0.018814215553968443
Humidity,KineticEnergy,ParticlesDetected,RainAccumulated,RainIntensity,RainRate,Temperature,VolumeEquivalentDiameter,0.13716492100376262,0.018814215553968443
AverageParticleSpeed,Humidity,KineticEnergy,ParticlesDetected,RainAbsolute,RainIntensity,Temperature,VolumeEquivalentDiameter,0.13716492100376257,0.018814215553968425
AverageParticleSpeed,Humidity,KineticEnergy,ParticlesDetected,RainAccumulated,RainIntensity,Temperature,VolumeEquivalentDiameter,0.13716492100376257,0.018814215553968425
AverageParticleSpeed,KineticEnergy,ParticlesDetected,RadarReflectivity,RainAbsolute,RainRate,Temperature,VolumeEquivalentDiameter,0.1369847248913515,0.018764814853559252
AverageParticleSpeed,KineticEnergy,ParticlesDetected,RadarReflectivity,RainAccumulated,RainRate,Temperature,VolumeEquivalentDiameter,0.1369847248913515,0.018764814853559252
Humidity,RadarReflectivity,RainAbsolute,RainAccumulated,RainIntensity,RainRate,VolumeEquivalentDiameter,WeatherCode4680,0.13691450115661438,0.01874558062696456
AverageParticleSpeed,Humidity,RadarReflectivity,RainAbsolute,RainAccumulated,RainIntensity,RainRate,WeatherCode4680,0.1369145011566142,0.01874558062696451
AverageParticleSpeed,Humidity,RadarReflectivity,RainAbsolute,RainAccumulated,RainIntensity,VolumeEquivalentDiameter,WeatherCode4680,0.13691450115661413,0.018745580626964492
AverageParticleSpeed,ParticlesDetected,Pressure,RadarReflectivity,RainAbsolute,RainIntensity,RainRate,Temperature,0.1368827881084473,0.018736897680342084
AverageParticleSpeed,ParticlesDetected,Pressure,RadarReflectivity,RainAccumulated,RainIntensity,RainRate,Temperature,0.1368827881084473,0.018736897680342084
ParticlesDetected,Pressure,RadarReflectivity,RainAbsolute,RainIntensity,RainRate,Temperature,VolumeEquivalentDiameter,0.1368827881084473,0.018736897680342084
ParticlesDetected,Pressure,RadarReflectivity,RainAccumulated,RainIntensity,RainRate,Temperature,VolumeEquivalentDiameter,0.1368827881084473,0.018736897680342084
AverageParticleSpeed,ParticlesDetected,Pressure,RadarReflectivity,RainAbsolute,RainIntensity,Temperature,VolumeEquivalentDiameter,0.13688278810844723,0.018736897680342063
AverageParticleSpeed,ParticlesDetected,Pressure,RadarReflectivity,RainAccumulated,RainIntensity,Temperature,VolumeEquivalentDiameter,0.13688278810844723,0.018736897680342063
AverageParticleSpeed,Humidity,KineticEnergy,RadarReflectivity,RainAbsolute,RainAccumulated,VolumeEquivalentDiameter,WeatherCode4680,0.1366996245999664,0.01868678736577174
AverageParticleSpeed,Humidity,KineticEnergy,RadarReflectivity,RainAbsolute,RainAccumulated,RainRate,WeatherCode4680,0.1366996245999661,0.018686787365771656
Humidity,KineticEnergy,RadarReflectivity,RainAbsolute,RainAccumulated,RainRate,VolumeEquivalentDiameter,WeatherCode4680,0.136699624599966,0.01868678736577163
Humidity,Pressure,RadarReflectivity,RainAbsolute,RainAccumulated,RainIntensity,RainRate,WeatherCode4680,0.13658973195477983,0.018656754875478604
AverageParticleSpeed,Humidity,Pressure,RadarReflectivity,RainAbsolute,RainAccumulated,RainIntensity,WeatherCode4680,0.13658973195477978,0.018656754875478587
Humidity,Pressure,RadarReflectivity,RainAbsolute,RainAccumulated,RainIntensity,VolumeEquivalentDiameter,WeatherCode4680,0.13658973195477978,0.018656754875478587
AverageParticleSpeed,Humidity,Pressure,RadarReflectivity,RainAbsolute,SnowDepthIntensity,Temperature,VolumeEquivalentDiameter,0.136516841482441,0.018636848008341925
AverageParticleSpeed,Humidity,Pressure,RadarReflectivity,RainAccumulated,SnowDepthIntensity,Temperature,VolumeEquivalentDiameter,0.136516841482441,0.018636848008341925
Humidity,Pressure,RadarReflectivity,RainAbsolute,RainRate,SnowDepthIntensity,Temperature,VolumeEquivalentDiameter,0.13651684148244078,0.018636848008341863
Humidity,Pressure,RadarReflectivity,RainAccumulated,RainRate,SnowDepthIntensity,Temperature,VolumeEquivalentDiameter,0.13651684148244078,0.018636848008341863
AverageParticleSpeed,Humidity,Pressure,RadarReflectivity,RainAbsolute,RainRate,SnowDepthIntensity,Temperature,0.13651684148244075,0.018636848008341856
AverageParticleSpeed,Humidity,Pressure,RadarReflectivity,RainAccumulated,RainRate,SnowDepthIntensity,Temperature,0.13651684148244075,0.018636848008341856
Humidity,KineticEnergy,Pressure,RadarReflectivity,RainAbsolute,RainAccumulated,RainRate,WeatherCode4680,0.13637504788889848,0.018598153686699353
AverageParticleSpeed,Humidity,KineticEnergy,Pressure,RadarReflectivity,RainAbsolute,RainAccumulated,WeatherCode4680,0.1363750478888982,0.01859815368669928
Humidity,KineticEnergy,Pressure,RadarReflectivity,RainAbsolute,RainAccumulated,VolumeEquivalentDiameter,WeatherCode4680,0.13637504788889818,0.01859815368669927
AverageParticleSpeed,Humidity,KineticEnergy,ParticlesDetected,Pressure,RainAbsolute,RainIntensity,Temperature,0.13636970124176606,0.018596695416768533
AverageParticleSpeed,Humidity,KineticEnergy,ParticlesDetected,Pressure,RainAccumulated,RainIntensity,Temperature,0.13636970124176606,0.018596695416768533
Humidity,KineticEnergy,ParticlesDetected,Pressure,RainAbsolute,RainIntensity,Temperature,VolumeEquivalentDiameter,0.13636970124176606,0.018596695416768533
Humidity,KineticEnergy,ParticlesDetected,Pressure,RainAccumulated,RainIntensity,Temperature,VolumeEquivalentDiameter,0.13636970124176606,0.018596695416768533
Humidity,KineticEnergy,ParticlesDetected,Pressure,RainAbsolute,RainIntensity,RainRate,Temperature,0.13636970124176603,0.018596695416768526
Humidity,KineticEnergy,ParticlesDetected,Pressure,RainAccumulated,RainIntensity,RainRate,Temperature,0.13636970124176603,0.018596695416768526
KineticEnergy,ParticlesDetected,Pressure,RadarReflectivity,RainAbsolute,RainRate,Temperature,VolumeEquivalentDiameter,0.13636409901300475,0.018595167499628563
KineticEnergy,ParticlesDetected,Pressure,RadarReflectivity,RainAccumulated,RainRate,Temperature,VolumeEquivalentDiameter,0.13636409901300475,0.018595167499628563
AverageParticleSpeed,KineticEnergy,ParticlesDetected,Pressure,RadarReflectivity,RainAbsolute,RainRate,Temperature,0.1363640990130046,0.018595167499628525
AverageParticleSpeed,KineticEnergy,ParticlesDetected,Pressure,RadarReflectivity,RainAbsolute,Temperature,VolumeEquivalentDiameter,0.1363640990130046,0.018595167499628525
AverageParticleSpeed,KineticEnergy,ParticlesDetected,Pressure,RadarReflectivity,RainAccumulated,RainRate,Temperature,0.1363640990130046,0.018595167499628525
AverageParticleSpeed,KineticEnergy,ParticlesDetected,Pressure,RadarReflectivity,RainAccumulated,Temperature,VolumeEquivalentDiameter,0.1363640990130046,0.018595167499628525
AverageParticleSpeed,Humidity,KineticEnergy,RadarReflectivity,RainAbsolute,RainAccumulated,RainIntensity,WeatherCode4680,0.13607163674961634,0.018515490327719538
Humidity,KineticEnergy,RadarReflectivity,RainAbsolute,RainAccumulated,RainIntensity,VolumeEquivalentDiameter,WeatherCode4680,0.1360716367496163,0.01851549032771953
Humidity,KineticEnergy,RadarReflectivity,RainAbsolute,RainAccumulated,RainIntensity,RainRate,WeatherCode4680,0.13607163674961617,0.018515490327719493
Humidity,RadarReflectivity,RainAbsolute,RainIntensity,RainRate,SnowDepthIntensity,Temperature,VolumeEquivalentDiameter,0.13576114668822642,0.01843108895010213
Humidity,RadarReflectivity,RainAccumulated,RainIntensity,RainRate,SnowDepthIntensity,Temperature,VolumeEquivalentDiameter,0.13576114668822642,0.01843108895010213
AverageParticleSpeed,Humidity,RadarReflectivity,RainAbsolute,RainIntensity,SnowDepthIntensity,Temperature,VolumeEquivalentDiameter,0.1357611466882264,0.018431088950102124
AverageParticleSpeed,Humidity,RadarReflectivity,RainAccumulated,RainIntensity,SnowDepthIntensity,Temperature,VolumeEquivalentDiameter,0.1357611466882264,0.018431088950102124
AverageParticleSpeed,Humidity,RadarReflectivity,RainAbsolute,RainIntensity,RainRate,SnowDepthIntensity,Temperature,0.13576114668822636,0.018431088950102117
AverageParticleSpeed,Humidity,RadarReflectivity,RainAccumulated,RainIntensity,RainRate,SnowDepthIntensity,Temperature,0.13576114668822636,0.018431088950102117
Humidity,KineticEnergy,Pressure,RadarReflectivity,RainAbsolute,RainAccumulated,RainIntensity,WeatherCode4680,0.13574751810405503,0.018427388671410746
AverageParticleSpeed,KineticEnergy,ParticlesDetected,RadarReflectivity,RainAbsolute,RainIntensity,RainRate,Temperature,0.13568321749143566,0.018409935508828232
AverageParticleSpeed,KineticEnergy,ParticlesDetected,RadarReflectivity,RainAccumulated,RainIntensity,RainRate,Temperature,0.13568321749143566,0.018409935508828232
KineticEnergy,ParticlesDetected,RadarReflectivity,RainAbsolute,RainIntensity,RainRate,Temperature,VolumeEquivalentDiameter,0.13568321749143566,0.018409935508828232
KineticEnergy,ParticlesDetected,RadarReflectivity,RainAccumulated,RainIntensity,RainRate,Temperature,VolumeEquivalentDiameter,0.13568321749143566,0.018409935508828232
AverageParticleSpeed,KineticEnergy,ParticlesDetected,RadarReflectivity,RainAbsolute,RainIntensity,Temperature,VolumeEquivalentDiameter,0.1356832174914356,0.018409935508828218
AverageParticleSpeed,KineticEnergy,ParticlesDetected,RadarReflectivity,RainAccumulated,RainIntensity,Temperature,VolumeEquivalentDiameter,0.1356832174914356,0.018409935508828218
AverageParticleSpeed,Humidity,KineticEnergy,RadarReflectivity,RainAbsolute,SnowDepthIntensity,Temperature,VolumeEquivalentDiameter,0.13520815680975415,0.018281245667891067
AverageParticleSpeed,Humidity,KineticEnergy,RadarReflectivity,RainAccumulated,SnowDepthIntensity,Temperature,VolumeEquivalentDiameter,0.13520815680975415,0.018281245667891067
AverageParticleSpeed,Humidity,KineticEnergy,RadarReflectivity,RainAbsolute,RainRate,SnowDepthIntensity,Temperature,0.13520815680975393,0.018281245667891008
AverageParticleSpeed,Humidity,KineticEnergy,RadarReflectivity,RainAccumulated,RainRate,SnowDepthIntensity,Temperature,0.13520815680975393,0.018281245667891008
Humidity,KineticEnergy,RadarReflectivity,RainAbsolute,RainRate,SnowDepthIntensity,Temperature,VolumeEquivalentDiameter,0.13520815680975384,0.018281245667890984
Humidity,KineticEnergy,RadarReflectivity,RainAccumulated,RainRate,SnowDepthIntensity,Temperature,VolumeEquivalentDiameter,0.13520815680975384,0.018281245667890984
AverageParticleSpeed,KineticEnergy,ParticlesDetected,Pressure,RadarReflectivity,RainAbsolute,RainIntensity,Temperature,0.13506467727016377,0.018242467046093495
AverageParticleSpeed,KineticEnergy,ParticlesDetected,Pressure,RadarReflectivity,RainAccumulated,RainIntensity,Temperature,0.13506467727016377,0.018242467046093495
KineticEnergy,ParticlesDetected,Pressure,RadarReflectivity,RainAbsolute,RainIntensity,Temperature,VolumeEquivalentDiameter,0.13506467727016375,0.01824246704609349
KineticEnergy,ParticlesDetected,Pressure,RadarReflectivity,RainAccumulated,RainIntensity,Temperature,VolumeEquivalentDiameter,0.13506467727016375,0.01824246704609349
KineticEnergy,ParticlesDetected,Pressure,RadarReflectivity,RainAbsolute,RainIntensity,RainRate,Temperature,0.13506467727016372,0.01824246704609348
KineticEnergy,ParticlesDetected,Pressure,RadarReflectivity,RainAccumulated,RainIntensity,RainRate,Temperature,0.13506467727016372,0.01824246704609348
Humidity,Pressure,RadarReflectivity,RainAbsolute,RainIntensity,RainRate,SnowDepthIntensity,Temperature,0.13498658858633153,0.01822137909817553
Humidity,Pressure,RadarReflectivity,RainAccumulated,RainIntensity,RainRate,SnowDepthIntensity,Temperature,0.13498658858633153,0.01822137909817553
Humidity,Pressure,RadarReflectivity,RainAbsolute,RainIntensity,SnowDepthIntensity,Temperature,VolumeEquivalentDiameter,0.13498658858633142,0.0182213790981755
Humidity,Pressure,RadarReflectivity,RainAccumulated,RainIntensity,SnowDepthIntensity,Temperature,VolumeEquivalentDiameter,0.13498658858633142,0.0182213790981755
AverageParticleSpeed,Humidity,Pressure,RadarReflectivity,RainAbsolute,RainIntensity,SnowDepthIntensity,Temperature,0.1349865885863314,0.01822137909817549
AverageParticleSpeed,Humidity,Pressure,RadarReflectivity,RainAccumulated,RainIntensity,SnowDepthIntensity,Temperature,0.1349865885863314,0.01822137909817549
Humidity,KineticEnergy,Pressure,RadarReflectivity,RainAbsolute,SnowDepthIntensity,Temperature,VolumeEquivalentDiameter,0.13443474436198197,0.018072700491671444
Humidity,KineticEnergy,Pressure,RadarReflectivity,RainAccumulated,SnowDepthIntensity,Temperature,VolumeEquivalentDiameter,0.13443474436198197,0.018072700491671444
AverageParticleSpeed,Humidity,KineticEnergy,Pressure,RadarReflectivity,RainAbsolute,SnowDepthIntensity,Temperature,0.13443474436198188,0.01807270049167142
AverageParticleSpeed,Humidity,KineticEnergy,Pressure,RadarReflectivity,RainAccumulated,SnowDepthIntensity,Temperature,0.13443474436198188,0.01807270049167142
Humidity,KineticEnergy,Pressure,RadarReflectivity,RainAbsolute,RainRate,SnowDepthIntensity,Temperature,0.1344347443619818,0.0180727004916714
Humidity,KineticEnergy,Pressure,RadarReflectivity,RainAccumulated,RainRate,SnowDepthIntensity,Temperature,0.1344347443619818,0.0180727004916714
AverageParticleSpeed,Humidity,ParticlesDetected,RainAbsolute,RainAccumulated,RainRate,VolumeEquivalentDiameter,WeatherCode4680,0.13441157361223582,0.01806647112091749
AverageParticleSpeed,Humidity,ParticlesDetected,Pressure,RainAbsolute,RainAccumulated,VolumeEquivalentDiameter,WeatherCode4680,0.1340845419012124,0.017978664376857988
AverageParticleSpeed,Humidity,ParticlesDetected,Pressure,RainAbsolute,RainAccumulated,RainRate,WeatherCode4680,0.13408454190121236,0.017978664376857974
Humidity,ParticlesDetected,Pressure,RainAbsolute,RainAccumulated,RainRate,VolumeEquivalentDiameter,WeatherCode4680,0.13408454190121233,0.017978664376857963
AverageParticleSpeed,Humidity,ParticlesDetected,RainAbsolute,RainAccumulated,RainIntensity,VolumeEquivalentDiameter,WeatherCode4680,0.13377190304679232,0.017894922044760404
AverageParticleSpeed,Humidity,ParticlesDetected,RainAbsolute,RainAccumulated,RainIntensity,RainRate,WeatherCode4680,0.13377190304679218,0.017894922044760366
Humidity,ParticlesDetected,RainAbsolute,RainAccumulated,RainIntensity,RainRate,VolumeEquivalentDiameter,WeatherCode4680,0.13377190304679218,0.017894922044760366
AverageParticleSpeed,Humidity,KineticEnergy,RadarReflectivity,RainAbsolute,RainIntensity,SnowDepthIntensity,Temperature,0.13369196674841052,0.017873541973058106
AverageParticleSpeed,Humidity,KineticEnergy,RadarReflectivity,RainAccumulated,RainIntensity,SnowDepthIntensity,Temperature,0.13369196674841052,0.017873541973058106
Humidity,KineticEnergy,RadarReflectivity,RainAbsolute,RainIntensity,SnowDepthIntensity,Temperature,VolumeEquivalentDiameter,0.1336919667484104,0.017873541973058075
Humidity,KineticEnergy,RadarReflectivity,RainAccumulated,RainIntensity,SnowDepthIntensity,Temperature,VolumeEquivalentDiameter,0.1336919667484104,0.017873541973058075
Humidity,KineticEnergy,RadarReflectivity,RainAbsolute,RainIntensity,RainRate,SnowDepthIntensity,Temperature,0.13369196674841033,0.017873541973058054
Humidity,KineticEnergy,RadarReflectivity,RainAccumulated,RainIntensity,RainRate,SnowDepthIntensity,Temperature,0.13369196674841033,0.017873541973058054
AverageParticleSpeed,Humidity,KineticEnergy,ParticlesDetected,RainAbsolute,RainAccumulated,VolumeEquivalentDiameter,WeatherCode4680,0.1335491355452898,0.017835371604894186
AverageParticleSpeed,Humidity,KineticEnergy,ParticlesDetected,RainAbsolute,RainAccumulated,RainRate,WeatherCode4680,0.13354913554528972,0.017835371604894165
Humidity,KineticEnergy,ParticlesDetected,RainAbsolute,RainAccumulated,RainRate,VolumeEquivalentDiameter,WeatherCode4680,0.13354913554528972,0.017835371604894165
AverageParticleSpeed,Humidity,ParticlesDetected,Pressure,RainAbsolute,RainAccumulated,RainIntensity,WeatherCode4680,0.13344536895455952,0.01780766649541852
Humidity,ParticlesDetected,Pressure,RainAbsolute,RainAccumulated,RainIntensity,VolumeEquivalentDiameter,WeatherCode4680,0.13344536895455952,0.01780766649541852
Humidity,ParticlesDetected,Pressure,RainAbsolute,RainAccumulated,RainIntensity,RainRate,WeatherCode4680,0.13344536895455938,0.01780766649541848
AverageParticleSpeed,Humidity,KineticEnergy,ParticlesDetected,Pressure,RainAbsolute,RainAccumulated,WeatherCode4680,0.13322281742930484,0.017748319083801888
Humidity,KineticEnergy,ParticlesDetected,Pressure,RainAbsolute,RainAccumulated,VolumeEquivalentDiameter,WeatherCode4680,0.1332228174293048,0.01774831908380188
Humidity,KineticEnergy,ParticlesDetected,Pressure,RainAbsolute,RainAccumulated,RainRate,WeatherCode4680,0.13322281742930472,0.01774831908380186
AverageParticleSpeed,Humidity,ParticlesDetected,Pressure,RainAbsolute,RainRate,VolumeEquivalentDiameter,WindSpeed,0.13294258977975223,0.017673732177347485
AverageParticleSpeed,Humidity,ParticlesDetected,Pressure,RainAccumulated,RainRate,VolumeEquivalentDiameter,WindSpeed,0.13294258977975223,0.017673732177347485
Humidity,KineticEnergy,Pressure,RadarReflectivity,RainAbsolute,RainIntensity,SnowDepthIntensity,Temperature,0.1329210967880348,0.017668017971334115
Humidity,KineticEnergy,Pressure,RadarReflectivity,RainAccumulated,RainIntensity,SnowDepthIntensity,Temperature,0.1329210967880348,0.017668017971334115
AverageParticleSpeed,Humidity,KineticEnergy,ParticlesDetected,RainAbsolute,RainAccumulated,RainIntensity,WeatherCode4680,0.13291256004882074,0.017665748618731377
Humidity,KineticEnergy,ParticlesDetected,RainAbsolute,RainAccumulated,RainIntensity,VolumeEquivalentDiameter,WeatherCode4680,0.13291256004882074,0.017665748618731377
Humidity,KineticEnergy,ParticlesDetected,RainAbsolute,RainAccumulated,RainIntensity,RainRate,WeatherCode4680,0.13291256004882057,0.017665748618731335
AverageParticleSpeed,ParticlesDetected,RadarReflectivity,RainAbsolute,RainAccumulated,RainRate,VolumeEquivalentDiameter,WeatherCode4680,0.13261005907747794,0.01758542776853219
Humidity,KineticEnergy,ParticlesDetected,Pressure,RainAbsolute,RainAccumulated,RainIntensity,WeatherCode4680,0.13258674676458482,0.017579245417616143
AverageParticleSpeed,ParticlesDetected,Pressure,RadarReflectivity,RainAbsolute,RainAccumulated,VolumeEquivalentDiameter,WeatherCode4680,0.13231917989870948,0.017508365369067042
AverageParticleSpeed,ParticlesDetected,Pressure,RadarReflectivity,RainAbsolute,RainAccumulated,RainRate,WeatherCode4680,0.13231917989870912,0.017508365369066945
ParticlesDetected,Pressure,RadarReflectivity,RainAbsolute,RainAccumulated,RainRate,VolumeEquivalentDiameter,WeatherCode4680,0.1323191798987091,0.017508365369066938
AverageParticleSpeed,Humidity,RadarReflectivity,RainAbsolute,RainAccumulated,SnowDepthIntensity,VolumeEquivalentDiameter,WeatherCode4680,0.1320993079991398,0.0174502271738516
Humidity,RadarReflectivity,RainAbsolute,RainAccumulated,RainRate,SnowDepthIntensity,VolumeEquivalentDiameter,WeatherCode4680,0.13209930799913971,0.017450227173851578
AverageParticleSpeed,Humidity,RadarReflectivity,RainAbsolute,RainAccumulated,RainRate,SnowDepthIntensity,WeatherCode4680,0.13209930799913963,0.017450227173851557
ParticlesDetected,RadarReflectivity,RainAbsolute,RainAccumulated,RainIntensity,RainRate,VolumeEquivalentDiameter,WeatherCode4680,0.13204706409728914,0.017436427136713586
AverageParticleSpeed,ParticlesDetected,RadarReflectivity,RainAbsolute,RainAccumulated,RainIntensity,RainRate,WeatherCode4680,0.1320470640972891,0.01743642713671358
AverageParticleSpeed,ParticlesDetected,RadarReflectivity,RainAbsolute,RainAccumulated,RainIntensity,VolumeEquivalentDiameter,WeatherCode4680,0.13204706409728903,0.017436427136713558
AverageParticleSpeed,Humidity,ParticlesDetected,RainAbsolute,RainIntensity,RainRate,VolumeEquivalentDiameter,WindSpeed,0.13200908929393929,0.017426399656215237
AverageParticleSpeed,Humidity,ParticlesDetected,RainAccumulated,RainIntensity,RainRate,VolumeEquivalentDiameter,WindSpeed,0.13200908929393929,0.017426399656215237
AverageParticleSpeed,KineticEnergy,ParticlesDetected,RadarReflectivity,RainAbsolute,RainAccumulated,VolumeEquivalentDiameter,WeatherCode4680,0.13184633544023924,0.017383456169020088
AverageParticleSpeed,KineticEnergy,ParticlesDetected,RadarReflectivity,RainAbsolute,RainAccumulated,RainRate,WeatherCode4680,0.13184633544023844,0.017383456169019873
KineticEnergy,ParticlesDetected,RadarReflectivity,RainAbsolute,RainAccumulated,RainRate,VolumeEquivalentDiameter,WeatherCode4680,0.13184633544023844,0.017383456169019873
Humidity,Pressure,RadarReflectivity,RainAbsolute,RainAccumulated,RainRate,SnowDepthIntensity,WeatherCode4680,0.13177771693368712,0.017365366680254967
AverageParticleSpeed,Humidity,Pressure,RadarReflectivity,RainAbsolute,RainAccumulated,SnowDepthIntensity,WeatherCode4680,0.13177771693368695,0.017365366680254925
Humidity,Pressure,RadarReflectivity,RainAbsolute,RainAccumulated,SnowDepthIntensity,VolumeEquivalentDiameter,WeatherCode4680,0.13177771693368684,0.017365366680254894
ParticlesDetected,Pressure,RadarReflectivity,RainAbsolute,RainAccumulated,RainIntensity,RainRate,WeatherCode4680,0.1317566258780984,0.017359808462781186
AverageParticleSpeed,ParticlesDetected,Pressure,RadarReflectivity,RainAbsolute,RainAccumulated,RainIntensity,WeatherCode4680,0.13175662587809828,0.017359808462781158
ParticlesDetected,Pressure,RadarReflectivity,RainAbsolute,RainAccumulated,RainIntensity,VolumeEquivalentDiameter,WeatherCode4680,0.13175662587809822,0.01735980846278114
KineticEnergy,ParticlesDetected,Pressure,RadarReflectivity,RainAbsolute,RainAccumulated,RainRate,WeatherCode4680,0.13155609074571692,0.017307005012295304
KineticEnergy,ParticlesDetected,Pressure,RadarReflectivity,RainAbsolute,RainAccumulated,VolumeEquivalentDiameter,WeatherCode4680,0.13155609074571692,0.017307005012295304
AverageParticleSpeed,KineticEnergy,ParticlesDetected,Pressure,RadarReflectivity,RainAbsolute,RainAccumulated,WeatherCode4680,0.1315560907457169,0.017307005012295297
Humidity,RadarReflectivity,RainAbsolute,RainAccumulated,RainIntensity,SnowDepthIntensity,VolumeEquivalentDiameter,WeatherCode4680,0.13149403291882092,0.01729068069325596
AverageParticleSpeed,Humidity,RadarReflectivity,RainAbsolute,RainAccumulated,RainIntensity,SnowDepthIntensity,WeatherCode4680,0.13149403291882086,0.017290680693255945
Humidity,RadarReflectivity,RainAbsolute,RainAccumulated,RainIntensity,RainRate,SnowDepthIntensity,WeatherCode4680,0.13149403291882084,0.017290680693255938
Humidity,KineticEnergy,RadarReflectivity,RainAbsolute,RainAccumulated,RainRate,SnowDepthIntensity,WeatherCode4680,0.13128968708836694,0.017236981935761304
AverageParticleSpeed,Humidity,KineticEnergy,RadarReflectivity,RainAbsolute,RainAccumulated,SnowDepthIntensity,WeatherCode4680,0.13128968708836672,0.017236981935761248
Humidity,KineticEnergy,RadarReflectivity,RainAbsolute,RainAccumulated,SnowDepthIntensity,VolumeEquivalentDiameter,WeatherCode4680,0.13128968708836666,0.01723698193576123
AverageParticleSpeed,KineticEnergy,ParticlesDetected,RadarReflectivity,RainAbsolute,RainAccumulated,RainIntensity,WeatherCode4680,0.13128599387648074,0.01723601218813534
KineticEnergy,ParticlesDetected,RadarReflectivity,RainAbsolute,RainAccumulated,RainIntensity,VolumeEquivalentDiameter,WeatherCode4680,0.1312859938764807,0.017236012188135332
KineticEnergy,ParticlesDetected,RadarReflectivity,RainAbsolute,RainAccumulated,RainIntensity,RainRate,WeatherCode4680,0.1312859938764803,0.01723601218813522
AverageParticleSpeed,Humidity,KineticEnergy,ParticlesDetected,RainAbsolute,RainRate,VolumeEquivalentDiameter,WindSpeed,0.13128133980314508,0.017234790180508844
AverageParticleSpeed,Humidity,KineticEnergy,ParticlesDetected,RainAccumulated,RainRate,VolumeEquivalentDiameter,WindSpeed,0.13128133980314508,0.017234790180508844
Humidity,Pressure,RadarReflectivity,RainAbsolute,RainAccumulated,RainIntensity,SnowDepthIntensity,WeatherCode4680,0.13117292773376307,0.01720633697024703
AverageParticleSpeed,Humidity,ParticlesDetected,Pressure,RainAbsolute,RainIntensity,VolumeEquivalentDiameter,WindSpeed,0.13108830888459808,0.017184144726223795
AverageParticleSpeed,Humidity,ParticlesDetected,Pressure,RainAccumulated,RainIntensity,VolumeEquivalentDiameter,WindSpeed,0.13108830888459808,0.017184144726223795
AverageParticleSpeed,Humidity,ParticlesDetected,Pressure,RainAbsolute,RainIntensity,RainRate,WindSpeed,0.13108830888459796,0.017184144726223767
AverageParticleSpeed,Humidity,ParticlesDetected,Pressure,RainAccumulated,RainIntensity,RainRate,WindSpeed,0.13108830888459796,0.017184144726223767
Humidity,ParticlesDetected,Pressure,RainAbsolute,RainIntensity,RainRate,VolumeEquivalentDiameter,WindSpeed,0.13108830888459794,0.01718414472622376
Humidity,ParticlesDetected,Pressure,RainAccumulated,RainIntensity,RainRate,VolumeEquivalentDiameter,WindSpeed,0.13108830888459794,0.01718414472622376
KineticEnergy,ParticlesDetected,Pressure,RadarReflectivity,RainAbsolute,RainAccumulated,RainIntensity,WeatherCode4680,0.13099619432615162,0.017160002927934875
Humidity,KineticEnergy,Pressure,RadarReflectivity,RainAbsolute,RainAccumulated,SnowDepthIntensity,WeatherCode4680,0.13096878514854476,0.01715282268328568
Humidity,KineticEnergy,RadarReflectivity,RainAbsolute,RainAccumulated,RainIntensity,SnowDepthIntensity,WeatherCode4680,0.13068693023880706,0.017079073735242825
AverageParticleSpeed,ParticlesDetected,Pressure,RadarReflectivity,RainAbsolute,RainRate,VolumeEquivalentDiameter,WindSpeed,0.13052589541547455,0.0170370093740114
AverageParticleSpeed,ParticlesDetected,Pressure,RadarReflectivity,RainAccumulated,RainRate,VolumeEquivalentDiameter,WindSpeed,0.13052589541547455,0.0170370093740114
AverageParticleSpeed,Humidity,RadarReflectivity,RainAbsolute,RainRate,SnowDepthIntensity,VolumeEquivalentDiameter,WindSpeed,0.13051797040945387,0.017034940599803077
AverageParticleSpeed,Humidity,RadarReflectivity,RainAccumulated,RainRate,SnowDepthIntensity,VolumeEquivalentDiameter,WindSpeed,0.13051797040945387,0.017034940599803077
AverageParticleSpeed,Humidity,KineticEnergy,ParticlesDetected,Pressure,RainAbsolute,VolumeEquivalentDiameter,WindSpeed,0.13036276475940986,0.016994450435717234
AverageParticleSpeed,Humidity,KineticEnergy,ParticlesDetected,Pressure,RainAccumulated,VolumeEquivalentDiameter,WindSpeed,0.13036276475940986,0.016994450435717234
Humidity,KineticEnergy,ParticlesDetected,Pressure,RainAbsolute,RainRate,VolumeEquivalentDiameter,WindSpeed,0.13036276475940983,0.016994450435717227
Humidity,KineticEnergy,ParticlesDetected,Pressure,RainAccumulated,RainRate,VolumeEquivalentDiameter,WindSpeed,0.13036276475940983,0.016994450435717227
AverageParticleSpeed,Humidity,KineticEnergy,ParticlesDetected,Pressure,RainAbsolute,RainRate,WindSpeed,0.13036276475940978,0.01699445043571721
AverageParticleSpeed,Humidity,KineticEnergy,ParticlesDetected,Pressure,RainAccumulated,RainRate,WindSpeed,0.13036276475940978,0.01699445043571721
AverageParticleSpeed,Humidity,RadarReflectivity,RainAbsolute,RainAccumulated,RainRate,Temperature,WeatherCode4680,0.13013863665614495,0.016936064750720112
Humidity,RadarReflectivity,RainAbsolute,RainAccumulated,RainRate,Temperature,VolumeEquivalentDiameter,WeatherCode4680,0.13013863665614495,0.016936064750720112
AverageParticleSpeed,Humidity,RadarReflectivity,RainAbsolute,RainAccumulated,Temperature,VolumeEquivalentDiameter,WeatherCode4680,0.13013863665614483,0.016936064750720084
AverageParticleSpeed,ParticlesDetected,RadarReflectivity,RainAbsolute,RainIntensity,RainRate,VolumeEquivalentDiameter,WindSpeed,0.12985189133387773,0.01686151368298519
AverageParticleSpeed,ParticlesDetected,RadarReflectivity,RainAccumulated,RainIntensity,RainRate,VolumeEquivalentDiameter,WindSpeed,0.12985189133387773,0.01686151368298519
Humidity,Pressure,RadarReflectivity,RainAbsolute,RainAccumulated,RainRate,Temperature,WeatherCode4680,0.12981423514864002,0.016851735647226404
AverageParticleSpeed,Humidity,Pressure,RadarReflectivity,RainAbsolute,RainAccumulated,Temperature,WeatherCode4680,0.12981423514863993,0.016851735647226383
Humidity,Pressure,RadarReflectivity,RainAbsolute,RainAccumulated,Temperature,VolumeEquivalentDiameter,WeatherCode4680,0.12981423514863988,0.01685173564722637
AverageParticleSpeed,Humidity,Pressure,RadarReflectivity,RainAbsolute,SnowDepthIntensity,VolumeEquivalentDiameter,WindSpeed,0.12962545391053404,0.016802758301511983
AverageParticleSpeed,Humidity,Pressure,RadarReflectivity,RainAccumulated,SnowDepthIntensity,VolumeEquivalentDiameter,WindSpeed,0.12962545391053404,0.016802758301511983
AverageParticleSpeed,Humidity,Pressure,RadarReflectivity,RainAbsolute,RainRate,SnowDepthIntensity,WindSpeed,0.12962545391053398,0.01680275830151197
AverageParticleSpeed,Humidity,Pressure,RadarReflectivity,RainAccumulated,RainRate,SnowDepthIntensity,WindSpeed,0.12962545391053398,0.01680275830151197
Humidity,Pressure,RadarReflectivity,RainAbsolute,RainRate,SnowDepthIntensity,VolumeEquivalentDiameter,WindSpeed,0.12962545391053393,0.016802758301511955
Humidity,Pressure,RadarReflectivity,RainAccumulated,RainRate,SnowDepthIntensity,VolumeEquivalentDiameter,WindSpeed,0.12962545391053393,0.016802758301511955
Humidity,RadarReflectivity,RainAbsolute,RainAccumulated,RainIntensity,RainRate,Temperature,WeatherCode4680,0.12954353814366457,0.016781528274779075
Humidity,RadarReflectivity,RainAbsolute,RainAccumulated,RainIntensity,Temperature,VolumeEquivalentDiameter,WeatherCode4680,0.1295435381436645,0.01678152827477906
AverageParticleSpeed,Humidity,RadarReflectivity,RainAbsolute,RainAccumulated,RainIntensity,Temperature,WeatherCode4680,0.12954353814366446,0.016781528274779047
AverageParticleSpeed,Humidity,KineticEnergy,ParticlesDetected,RainAbsolute,RainIntensity,RainRate,WindSpeed,0.12945691204391743,0.016759092075946575
AverageParticleSpeed,Humidity,KineticEnergy,ParticlesDetected,RainAccumulated,RainIntensity,RainRate,WindSpeed,0.12945691204391743,0.016759092075946575
Humidity,KineticEnergy,ParticlesDetected,RainAbsolute,RainIntensity,RainRate,VolumeEquivalentDiameter,WindSpeed,0.12945691204391743,0.016759092075946575
Humidity,KineticEnergy,ParticlesDetected,RainAccumulated,RainIntensity,RainRate,VolumeEquivalentDiameter,WindSpeed,0.12945691204391743,0.016759092075946575
AverageParticleSpeed,Humidity,KineticEnergy,ParticlesDetected,RainAbsolute,RainIntensity,VolumeEquivalentDiameter,WindSpeed,0.12945691204391735,0.016759092075946554
AverageParticleSpeed,Humidity,KineticEnergy,ParticlesDetected,RainAccumulated,RainIntensity,VolumeEquivalentDiameter,WindSpeed,0.12945691204391735,0.016759092075946554
Humidity,KineticEnergy,RadarReflectivity,RainAbsolute,RainAccumulated,RainRate,Temperature,WeatherCode4680,0.12934171912027523,0.01672928030498817
Humidity,KineticEnergy,RadarReflectivity,RainAbsolute,RainAccumulated,Temperature,VolumeEquivalentDiameter,WeatherCode4680,0.1293417191202752,0.016729280304988162
AverageParticleSpeed,Humidity,KineticEnergy,RadarReflectivity,RainAbsolute,RainAccumulated,Temperature,WeatherCode4680,0.12934171912027514,0.01672928030498815
AverageParticleSpeed,KineticEnergy,ParticlesDetected,RadarReflectivity,RainAbsolute,RainRate,VolumeEquivalentDiameter,WindSpeed,0.12931199386403538,0.016721591757092324
AverageParticleSpeed,KineticEnergy,ParticlesDetected,RadarReflectivity,RainAccumulated,RainRate,VolumeEquivalentDiameter,WindSpeed,0.12931199386403538,0.016721591757092324
Humidity,Pressure,RadarReflectivity,RainAbsolute,RainAccumulated,RainIntensity,Temperature,WeatherCode4680,0.12921963097941355,0.016697713030455814
AverageParticleSpeed,ParticlesDetected,Pressure,RadarReflectivity,RainAbsolute,RainIntensity,VolumeEquivalentDiameter,WindSpeed,0.12916772288620762,0.016684300635608124
AverageParticleSpeed,ParticlesDetected,Pressure,RadarReflectivity,RainAccumulated,RainIntensity,VolumeEquivalentDiameter,WindSpeed,0.12916772288620762,0.016684300635608124
AverageParticleSpeed,ParticlesDetected,Pressure,RadarReflectivity,RainAbsolute,RainIntensity,RainRate,WindSpeed,0.12916772288620754,0.016684300635608103
AverageParticleSpeed,ParticlesDetected,Pressure,RadarReflectivity,RainAccumulated,RainIntensity,RainRate,WindSpeed,0.12916772288620754,0.016684300635608103
ParticlesDetected,Pressure,RadarReflectivity,RainAbsolute,RainIntensity,RainRate,VolumeEquivalentDiameter,WindSpeed,0.12916772288620754,0.016684300635608103
ParticlesDetected,Pressure,RadarReflectivity,RainAccumulated,RainIntensity,RainRate,VolumeEquivalentDiameter,WindSpeed,0.12916772288620754,0.016684300635608103
AverageParticleSpeed,Humidity,ParticlesDetected,RainAbsolute,RainAccumulated,RainRate,SnowDepthIntensity,WeatherCode4680,0.12901935053790614,0.016645992813223102
Humidity,ParticlesDetected,RainAbsolute,RainAccumulated,RainRate,SnowDepthIntensity,VolumeEquivalentDiameter,WeatherCode4680,0.12901935053790614,0.016645992813223102
AverageParticleSpeed,Humidity,ParticlesDetected,RainAbsolute,RainAccumulated,SnowDepthIntensity,VolumeEquivalentDiameter,WeatherCode4680,0.1290193505379057,0.016645992813222987
Humidity,KineticEnergy,Pressure,RadarReflectivity,RainAbsolute,RainAccumulated,Temperature,WeatherCode4680,0.1290180206294738,0.016645649647147324
Humidity,RadarReflectivity,RainAbsolute,RainIntensity,RainRate,SnowDepthIntensity,VolumeEquivalentDiameter,WindSpeed,0.12883368977132403,0.016598119620093763
Humidity,RadarReflectivity,RainAccumulated,RainIntensity,RainRate,SnowDepthIntensity,VolumeEquivalentDiameter,WindSpeed,0.12883368977132403,0.016598119620093763
AverageParticleSpeed,Humidity,RadarReflectivity,RainAbsolute,RainIntensity,SnowDepthIntensity,VolumeEquivalentDiameter,WindSpeed,0.12883368977132392,0.016598119620093735
AverageParticleSpeed,Humidity,RadarReflectivity,RainAccumulated,RainIntensity,SnowDepthIntensity,VolumeEquivalentDiameter,WindSpeed,0.12883368977132392,0.016598119620093735
AverageParticleSpeed,Humidity,RadarReflectivity,RainAbsolute,RainIntensity,RainRate,SnowDepthIntensity,WindSpeed,0.1288336897713239,0.016598119620093728
AverageParticleSpeed,Humidity,RadarReflectivity,RainAccumulated,RainIntensity,RainRate,SnowDepthIntensity,WindSpeed,0.1288336897713239,0.016598119620093728
Humidity,KineticEnergy,RadarReflectivity,RainAbsolute,RainAccumulated,RainIntensity,Temperature,WeatherCode4680,0.1287489658946575,0.016576296218943683
Humidity,ParticlesDetected,Pressure,RainAbsolute,RainAccumulated,RainRate,SnowDepthIntensity,WeatherCode4680,0.12869618615900452,0.016562708331873146
AverageParticleSpeed,Humidity,ParticlesDetected,Pressure,RainAbsolute,RainAccumulated,SnowDepthIntensity,WeatherCode4680,0.12869618615900438,0.01656270833187311
Humidity,ParticlesDetected,Pressure,RainAbsolute,RainAccumulated,SnowDepthIntensity,VolumeEquivalentDiameter,WeatherCode4680,0.12869618615900438,0.01656270833187311
AverageParticleSpeed,KineticEnergy,ParticlesDetected,Pressure,RadarReflectivity,RainAbsolute,VolumeEquivalentDiameter,WindSpeed,0.12862926446029566,0.01654548767559668
AverageParticleSpeed,KineticEnergy,ParticlesDetected,Pressure,RadarReflectivity,RainAccumulated,VolumeEquivalentDiameter,WindSpeed,0.12862926446029566,0.01654548767559668
KineticEnergy,ParticlesDetected,Pressure,RadarReflectivity,RainAbsolute,RainRate,VolumeEquivalentDiameter,WindSpeed,0.12862926446029563,0.016545487675596673
KineticEnergy,ParticlesDetected,Pressure,RadarReflectivity,RainAccumulated,RainRate,VolumeEquivalentDiameter,WindSpeed,0.12862926446029563,0.016545487675596673
AverageParticleSpeed,KineticEnergy,ParticlesDetected,Pressure,RadarReflectivity,RainAbsolute,RainRate,WindSpeed,0.1286292644602956,0.016545487675596666
AverageParticleSpeed,KineticEnergy,ParticlesDetected,Pressure,RadarReflectivity,RainAccumulated,RainRate,WindSpeed,0.1286292644602956,0.016545487675596666
AverageParticleSpeed,Humidity,KineticEnergy,ParticlesDetected,Pressure,RainAbsolute,RainIntensity,WindSpeed,0.12854288628678515,0.016523273614937377
AverageParticleSpeed,Humidity,KineticEnergy,ParticlesDetected,Pressure,RainAccumulated,RainIntensity,WindSpeed,0.12854288628678515,0.016523273614937377
Humidity,KineticEnergy,ParticlesDetected,Pressure,RainAbsolute,RainIntensity,RainRate,WindSpeed,0.12854288628678515,0.016523273614937377
Humidity,KineticEnergy,ParticlesDetected,Pressure,RainAccumulated,RainIntensity,RainRate,WindSpeed,0.12854288628678515,0.016523273614937377
Humidity,KineticEnergy,ParticlesDetected,Pressure,RainAbsolute,RainIntensity,VolumeEquivalentDiameter,WindSpeed,0.1285428862867851,0.016523273614937363
Humidity,KineticEnergy,ParticlesDetected,Pressure,RainAccumulated,RainIntensity,VolumeEquivalentDiameter,WindSpeed,0.1285428862867851,0.016523273614937363
Humidity,ParticlesDetected,RainAbsolute,RainAccumulated,RainIntensity,RainRate,SnowDepthIntensity,WeatherCode4680,0.12840675435360088,0.016488294563626
Humidity,ParticlesDetected,RainAbsolute,RainAccumulated,RainIntensity,SnowDepthIntensity,VolumeEquivalentDiameter,WeatherCode4680,0.1284067543536008,0.016488294563625976
AverageParticleSpeed,Humidity,ParticlesDetected,RainAbsolute,RainAccumulated,RainIntensity,SnowDepthIntensity,WeatherCode4680,0.12840675435360077,0.01648829456362597
AverageParticleSpeed,Humidity,KineticEnergy,RadarReflectivity,RainAbsolute,RainRate,SnowDepthIntensity,WindSpeed,0.12821904410143528,0.016440123270285805
AverageParticleSpeed,Humidity,KineticEnergy,RadarReflectivity,RainAccumulated,RainRate,SnowDepthIntensity,WindSpeed,0.12821904410143528,0.016440123270285805
AverageParticleSpeed,Humidity,KineticEnergy,RadarReflectivity,RainAbsolute,SnowDepthIntensity,VolumeEquivalentDiameter,WindSpeed,0.12821904410143525,0.016440123270285798
AverageParticleSpeed,Humidity,KineticEnergy,RadarReflectivity,RainAccumulated,SnowDepthIntensity,VolumeEquivalentDiameter,WindSpeed,0.12821904410143525,0.016440123270285798
Humidity,KineticEnergy,RadarReflectivity,RainAbsolute,RainRate,SnowDepthIntensity,VolumeEquivalentDiameter,WindSpeed,0.12821904410143523,0.01644012327028579
Humidity,KineticEnergy,RadarReflectivity,RainAccumulated,RainRate,SnowDepthIntensity,VolumeEquivalentDiameter,WindSpeed,0.12821904410143523,0.01644012327028579
AverageParticleSpeed,Humidity,KineticEnergy,ParticlesDetected,RainAbsolute,RainAccumulated,SnowDepthIntensity,WeatherCode4680,0.12819560505261884,0.016434113154807035
Humidity,KineticEnergy,ParticlesDetected,RainAbsolute,RainAccumulated,SnowDepthIntensity,VolumeEquivalentDiameter,WeatherCode4680,0.12819560505261884,0.016434113154807035
Humidity,KineticEnergy,ParticlesDetected,RainAbsolute,RainAccumulated,RainRate,SnowDepthIntensity,WeatherCode4680,0.12819560505261876,0.01643411315480701
Humidity,ParticlesDetected,Pressure,RainAbsolute,RainAccumulated,RainIntensity,SnowDepthIntensity,WeatherCode4680,0.12808412081287573,0.016405542004407348
AverageParticleSpeed,ParticlesDetected,RadarReflectivity,RainAbsolute,RainRate,SnowDepthIntensity,Temperature,VolumeEquivalentDiameter,0.1280572169378454,0.016398650809866397
AverageParticleSpeed,ParticlesDetected,RadarReflectivity,RainAccumulated,RainRate,SnowDepthIntensity,Temperature,VolumeEquivalentDiameter,0.1280572169378454,0.016398650809866397
AverageParticleSpeed,KineticEnergy,ParticlesDetected,RadarReflectivity,RainAbsolute,RainIntensity,VolumeEquivalentDiameter,WindSpeed,0.12797146557796302,0.016376696002171773
AverageParticleSpeed,KineticEnergy,ParticlesDetected,RadarReflectivity,RainAccumulated,RainIntensity,VolumeEquivalentDiameter,WindSpeed,0.12797146557796302,0.016376696002171773
AverageParticleSpeed,KineticEnergy,ParticlesDetected,RadarReflectivity,RainAbsolute,RainIntensity,RainRate,WindSpeed,0.12797146557796293,0.016376696002171752
AverageParticleSpeed,KineticEnergy,ParticlesDetected,RadarReflectivity,RainAccumulated,RainIntensity,RainRate,WindSpeed,0.12797146557796293,0.016376696002171752
KineticEnergy,ParticlesDetected,RadarReflectivity,RainAbsolute,RainIntensity,RainRate,VolumeEquivalentDiameter,WindSpeed,0.12797146557796293,0.016376696002171752
KineticEnergy,ParticlesDetected,RadarReflectivity,RainAccumulated,RainIntensity,RainRate,VolumeEquivalentDiameter,WindSpeed,0.12797146557796293,0.016376696002171752
Humidity,Pressure,RadarReflectivity,RainAbsolute,RainIntensity,RainRate,SnowDepthIntensity,WindSpeed,0.12794523722552095,0.01636998372869483
Humidity,Pressure,RadarReflectivity,RainAccumulated,RainIntensity,RainRate,SnowDepthIntensity,WindSpeed,0.12794523722552095,0.01636998372869483
AverageParticleSpeed,Humidity,Pressure,RadarReflectivity,RainAbsolute,RainIntensity,SnowDepthIntensity,WindSpeed,0.12794523722552087,0.01636998372869481
AverageParticleSpeed,Humidity,Pressure,RadarReflectivity,RainAccumulated,RainIntensity,SnowDepthIntensity,WindSpeed,0.12794523722552087,0.01636998372869481
Humidity,Pressure,RadarReflectivity,RainAbsolute,RainIntensity,SnowDepthIntensity,VolumeEquivalentDiameter,WindSpeed,0.12794523722552084,0.016369983728694804
Humidity,Pressure,RadarReflectivity,RainAccumulated,RainIntensity,SnowDepthIntensity,VolumeEquivalentDiameter,WindSpeed,0.12794523722552084,0.016369983728694804
Humidity,KineticEnergy,ParticlesDetected,Pressure,RainAbsolute,RainAccumulated,SnowDepthIntensity,WeatherCode4680,0.12787319739389652,0.016351554611738425
AverageParticleSpeed,ParticlesDetected,RadarReflectivity,RainAbsolute,RainAccumulated,SnowDepthIntensity,VolumeEquivalentDiameter,WeatherCode4680,0.12786013494507695,0.016348214108173286
ParticlesDetected,RadarReflectivity,RainAbsolute,RainAccumulated,RainRate,SnowDepthIntensity,VolumeEquivalentDiameter,WeatherCode4680,0.12786013494507648,0.016348214108173168
AverageParticleSpeed,ParticlesDetected,RadarReflectivity,RainAbsolute,RainAccumulated,RainRate,SnowDepthIntensity,WeatherCode4680,0.12786013494507645,0.016348214108173158
Humidity,KineticEnergy,ParticlesDetected,RainAbsolute,RainAccumulated,RainIntensity,SnowDepthIntensity,WeatherCode4680,0.1275861158067568,0.01627821694665516
ParticlesDetected,Pressure,RadarReflectivity,RainAbsolute,RainAccumulated,RainRate,SnowDepthIntensity,WeatherCode4680,0.1275726845895087,0.016274789853374272
AverageParticleSpeed,ParticlesDetected,Pressure,RadarReflectivity,RainAbsolute,RainAccumulated,SnowDepthIntensity,WeatherCode4680,0.12757268458950846,0.01627478985337421
ParticlesDetected,Pressure,RadarReflectivity,RainAbsolute,RainAccumulated,SnowDepthIntensity,VolumeEquivalentDiameter,WeatherCode4680,0.12757268458950846,0.01627478985337421
AverageParticleSpeed,ParticlesDetected,Pressure,RadarReflectivity,RainAbsolute,RainRate,SnowDepthIntensity,Temperature,0.1274496971533432,0.0162434253044789
AverageParticleSpeed,ParticlesDetected,Pressure,RadarReflectivity,RainAccumulated,RainRate,SnowDepthIntensity,Temperature,0.1274496971533432,0.0162434253044789
ParticlesDetected,Pressure,RadarReflectivity,RainAbsolute,RainRate,SnowDepthIntensity,Temperature,VolumeEquivalentDiameter,0.1274496971533432,0.0162434253044789
ParticlesDetected,Pressure,RadarReflectivity,RainAccumulated,RainRate,SnowDepthIntensity,Temperature,VolumeEquivalentDiameter,0.1274496971533432,0.0162434253044789
AverageParticleSpeed,ParticlesDetected,Pressure,RadarReflectivity,RainAbsolute,SnowDepthIntensity,Temperature,VolumeEquivalentDiameter,0.12744969715334317,0.016243425304478892
AverageParticleSpeed,ParticlesDetected,Pressure,RadarReflectivity,RainAccumulated,SnowDepthIntensity,Temperature,VolumeEquivalentDiameter,0.12744969715334317,0.016243425304478892
AverageParticleSpeed,Humidity,ParticlesDetected,RainAbsolute,RainRate,SnowDepthIntensity,Temperature,VolumeEquivalentDiameter,0.1274384714807908,0.01624056401336033
AverageParticleSpeed,Humidity,ParticlesDetected,RainAccumulated,RainRate,SnowDepthIntensity,Temperature,VolumeEquivalentDiameter,0.1274384714807908,0.01624056401336033
Humidity,KineticEnergy,Pressure,RadarReflectivity,RainAbsolute,RainRate,SnowDepthIntensity,WindSpeed,0.12733246914369262,0.016213557698229433
Humidity,KineticEnergy,Pressure,RadarReflectivity,RainAccumulated,RainRate,SnowDepthIntensity,WindSpeed,0.12733246914369262,0.016213557698229433
AverageParticleSpeed,Humidity,KineticEnergy,Pressure,RadarReflectivity,RainAbsolute,SnowDepthIntensity,WindSpeed,0.12733246914369253,0.016213557698229412
AverageParticleSpeed,Humidity,KineticEnergy,Pressure,RadarReflectivity,RainAccumulated,SnowDepthIntensity,WindSpeed,0.12733246914369253,0.016213557698229412
Humidity,KineticEnergy,Pressure,RadarReflectivity,RainAbsolute,SnowDepthIntensity,VolumeEquivalentDiameter,WindSpeed,0.12733246914369245,0.01621355769822939
Humidity,KineticEnergy,Pressure,RadarReflectivity,RainAccumulated,SnowDepthIntensity,VolumeEquivalentDiameter,WindSpeed,0.12733246914369245,0.01621355769822939
ParticlesDetected,RadarReflectivity,RainAbsolute,RainAccumulated,RainIntensity,RainRate,SnowDepthIntensity,WeatherCode4680,0.12731912883566188,0.016210160567471866
AverageParticleSpeed,ParticlesDetected,RadarReflectivity,RainAbsolute,RainAccumulated,RainIntensity,SnowDepthIntensity,WeatherCode4680,0.12731912883566174,0.01621016056747183
ParticlesDetected,RadarReflectivity,RainAbsolute,RainAccumulated,RainIntensity,SnowDepthIntensity,VolumeEquivalentDiameter,WeatherCode4680,0.1273191288356617,0.016210160567471824
KineticEnergy,ParticlesDetected,Pressure,RadarReflectivity,RainAbsolute,RainIntensity,VolumeEquivalentDiameter,WindSpeed,0.1272917101033504,0.016203179461035395
KineticEnergy,ParticlesDetected,Pressure,RadarReflectivity,RainAccumulated,RainIntensity,VolumeEquivalentDiameter,WindSpeed,0.1272917101033504,0.016203179461035395
AverageParticleSpeed,KineticEnergy,ParticlesDetected,Pressure,RadarReflectivity,RainAbsolute,RainIntensity,WindSpeed,0.12729171010335036,0.01620317946103539
AverageParticleSpeed,KineticEnergy,ParticlesDetected,Pressure,RadarReflectivity,RainAccumulated,RainIntensity,WindSpeed,0.12729171010335036,0.01620317946103539
KineticEnergy,ParticlesDetected,Pressure,RadarReflectivity,RainAbsolute,RainIntensity,RainRate,WindSpeed,0.12729171010335025,0.01620317946103536
KineticEnergy,ParticlesDetected,Pressure,RadarReflectivity,RainAccumulated,RainIntensity,RainRate,WindSpeed,0.12729171010335025,0.01620317946103536
KineticEnergy,ParticlesDetected,RadarReflectivity,RainAbsolute,RainAccumulated,RainRate,SnowDepthIntensity,WeatherCode4680,0.12712813708009038,0.01616156323745425
AverageParticleSpeed,KineticEnergy,ParticlesDetected,RadarReflectivity,RainAbsolute,RainAccumulated,SnowDepthIntensity,WeatherCode4680,0.12712813708008985,0.016161563237454116
KineticEnergy,ParticlesDetected,RadarReflectivity,RainAbsolute,RainAccumulated,SnowDepthIntensity,VolumeEquivalentDiameter,WeatherCode4680,0.12712813708008985,0.016161563237454116
AverageParticleSpeed,Humidity,ParticlesDetected,RainAbsolute,RainAccumulated,Temperature,VolumeEquivalentDiameter,WeatherCode4680,0.12710525438123746,0.016155745691319084
Humidity,ParticlesDetected,RainAbsolute,RainAccumulated,RainRate,Temperature,VolumeEquivalentDiameter,WeatherCode4680,0.1271052543812374,0.01615574569131907
AverageParticleSpeed,Humidity,ParticlesDetected,RainAbsolute,RainAccumulated,RainRate,Temperature,WeatherCode4680,0.12710525438123738,0.016155745691319064
ParticlesDetected,Pressure,RadarReflectivity,RainAbsolute,RainAccumulated,RainIntensity,SnowDepthIntensity,WeatherCode4680,0.12703213753790185,0.016137163967448413
Humidity,RadarReflectivity,RainAbsolute,RainAccumulated,RainRate,VolumeEquivalentDiameter,WeatherCode4680,WindSpeed,0.12698380145627977,0.01612488583228788
AverageParticleSpeed,Humidity,RadarReflectivity,RainAbsolute,RainAccumulated,RainRate,WeatherCode4680,WindSpeed,0.12698380145627974,0.016124885832287873
AverageParticleSpeed,Humidity,RadarReflectivity,RainAbsolute,RainAccumulated,VolumeEquivalentDiameter,WeatherCode4680,WindSpeed,0.12698380145627966,0.016124885832287852
AverageParticleSpeed,ParticlesDetected,RadarReflectivity,RainAbsolute,RainIntensity,RainRate,SnowDepthIntensity,Temperature,0.12686051041015242,0.01609358910152439
AverageParticleSpeed,ParticlesDetected,RadarReflectivity,RainAccumulated,RainIntensity,RainRate,SnowDepthIntensity,Temperature,0.12686051041015242,0.01609358910152439
ParticlesDetected,RadarReflectivity,RainAbsolute,RainIntensity,RainRate,SnowDepthIntensity,Temperature,VolumeEquivalentDiameter,0.12686051041015242,0.01609358910152439
ParticlesDetected,RadarReflectivity,RainAccumulated,RainIntensity,RainRate,SnowDepthIntensity,Temperature,VolumeEquivalentDiameter,0.12686051041015242,0.01609358910152439
AverageParticleSpeed,ParticlesDetected,RadarReflectivity,RainAbsolute,RainIntensity,SnowDepthIntensity,Temperature,VolumeEquivalentDiameter,0.1268605104101524,0.016093589101524385
AverageParticleSpeed,ParticlesDetected,RadarReflectivity,RainAccumulated,RainIntensity,SnowDepthIntensity,Temperature,VolumeEquivalentDiameter,0.1268605104101524,0.016093589101524385
KineticEnergy,ParticlesDetected,Pressure,RadarReflectivity,RainAbsolute,RainAccumulated,SnowDepthIntensity,WeatherCode4680,0.12684134417845142,0.016088726592996372
AverageParticleSpeed,Humidity,ParticlesDetected,Pressure,RainAbsolute,RainAccumulated,Temperature,WeatherCode4680,0.12677921000406173,0.016072968089253986
Humidity,ParticlesDetected,Pressure,RainAbsolute,RainAccumulated,Temperature,VolumeEquivalentDiameter,WeatherCode4680,0.12677921000406173,0.016072968089253986
Humidity,ParticlesDetected,Pressure,RainAbsolute,RainAccumulated,RainRate,Temperature,WeatherCode4680,0.1267792100040617,0.01607296808925398
AverageParticleSpeed,Humidity,ParticlesDetected,Pressure,RainAbsolute,RainRate,SnowDepthIntensity,Temperature,0.12665739847558,0.016042096588601854
AverageParticleSpeed,Humidity,ParticlesDetected,Pressure,RainAccumulated,RainRate,SnowDepthIntensity,Temperature,0.12665739847558,0.016042096588601854
AverageParticleSpeed,Humidity,ParticlesDetected,Pressure,RainAbsolute,SnowDepthIntensity,Temperature,VolumeEquivalentDiameter,0.12665739847557997,0.016042096588601847
AverageParticleSpeed,Humidity,ParticlesDetected,Pressure,RainAccumulated,SnowDepthIntensity,Temperature,VolumeEquivalentDiameter,0.12665739847557997,0.016042096588601847
Humidity,ParticlesDetected,Pressure,RainAbsolute,RainRate,SnowDepthIntensity,Temperature,VolumeEquivalentDiameter,0.12665739847557986,0.01604209658860182
Humidity,ParticlesDetected,Pressure,RainAccumulated,RainRate,SnowDepthIntensity,Temperature,VolumeEquivalentDiameter,0.12665739847557986,0.01604209658860182
AverageParticleSpeed,Humidity,Pressure,RadarReflectivity,RainAbsolute,RainAccumulated,WeatherCode4680,WindSpeed,0.12664174213125964,0.016038130850040463
Humidity,Pressure,RadarReflectivity,RainAbsolute,RainAccumulated,VolumeEquivalentDiameter,WeatherCode4680,WindSpeed,0.12664174213125964,0.016038130850040463
Humidity,Pressure,RadarReflectivity,RainAbsolute,RainAccumulated,RainRate,WeatherCode4680,WindSpeed,0.12664174213125953,0.016038130850040435
KineticEnergy,ParticlesDetected,RadarReflectivity,RainAbsolute,RainAccumulated,RainIntensity,SnowDepthIntensity,WeatherCode4680,0.1265897574873601,0.016024966700708642
Humidity,KineticEnergy,RadarReflectivity,RainAbsolute,RainIntensity,RainRate,SnowDepthIntensity,WindSpeed,0.12655898194281007,0.016017175910400524
Humidity,KineticEnergy,RadarReflectivity,RainAccumulated,RainIntensity,RainRate,SnowDepthIntensity,WindSpeed,0.12655898194281007,0.016017175910400524
AverageParticleSpeed,Humidity,KineticEnergy,RadarReflectivity,RainAbsolute,RainIntensity,SnowDepthIntensity,WindSpeed,0.12655898194280996,0.016017175910400496
AverageParticleSpeed,Humidity,KineticEnergy,RadarReflectivity,RainAccumulated,RainIntensity,SnowDepthIntensity,WindSpeed,0.12655898194280996,0.016017175910400496
Humidity,KineticEnergy,RadarReflectivity,RainAbsolute,RainIntensity,SnowDepthIntensity,VolumeEquivalentDiameter,WindSpeed,0.12655898194280982,0.01601717591040046
Humidity,KineticEnergy,RadarReflectivity,RainAccumulated,RainIntensity,SnowDepthIntensity,VolumeEquivalentDiameter,WindSpeed,0.12655898194280982,0.01601717591040046
Humidity,ParticlesDetected,RainAbsolute,RainAccumulated,RainIntensity,RainRate,Temperature,WeatherCode4680,0.12650220973313075,0.016002809067365002
AverageParticleSpeed,Humidity,ParticlesDetected,RainAbsolute,RainAccumulated,RainIntensity,Temperature,WeatherCode4680,0.12650220973313053,0.016002809067364947
Humidity,ParticlesDetected,RainAbsolute,RainAccumulated,RainIntensity,Temperature,VolumeEquivalentDiameter,WeatherCode4680,0.1265022097331305,0.01600280906736494
AverageParticleSpeed,ParticlesDetected,RadarReflectivity,RainAbsolute,RainAccumulated,RainRate,Temperature,WeatherCode4680,0.12642566255941892,0.01598344815358806
ParticlesDetected,RadarReflectivity,RainAbsolute,RainAccumulated,RainRate,Temperature,VolumeEquivalentDiameter,WeatherCode4680,0.1264256625594189,0.015983448153588053
AverageParticleSpeed,ParticlesDetected,RadarReflectivity,RainAbsolute,RainAccumulated,Temperature,VolumeEquivalentDiameter,WeatherCode4680,0.1264256625594188,0.015983448153588032
AverageParticleSpeed,KineticEnergy,ParticlesDetected,RadarReflectivity,RainAbsolute,RainRate,SnowDepthIntensity,Temperature,0.12640166666847888,0.015977381336569244
AverageParticleSpeed,KineticEnergy,ParticlesDetected,RadarReflectivity,RainAbsolute,SnowDepthIntensity,Temperature,VolumeEquivalentDiameter,0.12640166666847888,0.015977381336569244
AverageParticleSpeed,KineticEnergy,ParticlesDetected,RadarReflectivity,RainAccumulated,RainRate,SnowDepthIntensity,Temperature,0.12640166666847888,0.015977381336569244
AverageParticleSpeed,KineticEnergy,ParticlesDetected,RadarReflectivity,RainAccumulated,SnowDepthIntensity,Temperature,VolumeEquivalentDiameter,0.12640166666847888,0.015977381336569244
KineticEnergy,ParticlesDetected,RadarReflectivity,RainAbsolute,RainRate,SnowDepthIntensity,Temperature,VolumeEquivalentDiameter,0.1264016666684788,0.015977381336569223
KineticEnergy,ParticlesDetected,RadarReflectivity,RainAccumulated,RainRate,SnowDepthIntensity,Temperature,VolumeEquivalentDiameter,0.1264016666684788,0.015977381336569223
Humidity,RadarReflectivity,RainAbsolute,RainAccumulated,RainIntensity,VolumeEquivalentDiameter,WeatherCode4680,WindSpeed,0.12637064205387785,0.01596953917310932
AverageParticleSpeed,Humidity,RadarReflectivity,RainAbsolute,RainAccumulated,RainIntensity,WeatherCode4680,WindSpeed,0.12637064205387777,0.0159695391731093
Humidity,RadarReflectivity,RainAbsolute,RainAccumulated,RainIntensity,RainRate,WeatherCode4680,WindSpeed,0.12637064205387774,0.015969539173109292
AverageParticleSpeed,Humidity,KineticEnergy,ParticlesDetected,RainAbsolute,RainAccumulated,Temperature,WeatherCode4680,0.12629342132210306,0.015950028269242234
Humidity,KineticEnergy,ParticlesDetected,RainAbsolute,RainAccumulated,Temperature,VolumeEquivalentDiameter,WeatherCode4680,0.12629342132210306,0.015950028269242234
Humidity,KineticEnergy,ParticlesDetected,RainAbsolute,RainAccumulated,RainRate,Temperature,WeatherCode4680,0.1262934213221029,0.015950028269242193
AverageParticleSpeed,ParticlesDetected,Pressure,RadarReflectivity,RainAbsolute,RainIntensity,SnowDepthIntensity,Temperature,0.1262552164794549,0.01594037968827402
AverageParticleSpeed,ParticlesDetected,Pressure,RadarReflectivity,RainAccumulated,RainIntensity,SnowDepthIntensity,Temperature,0.1262552164794549,0.01594037968827402
ParticlesDetected,Pressure,RadarReflectivity,RainAbsolute,RainIntensity,SnowDepthIntensity,Temperature,VolumeEquivalentDiameter,0.1262552164794549,0.01594037968827402
ParticlesDetected,Pressure,RadarReflectivity,RainAccumulated,RainIntensity,SnowDepthIntensity,Temperature,VolumeEquivalentDiameter,0.1262552164794549,0.01594037968827402
ParticlesDetected,Pressure,RadarReflectivity,RainAbsolute,RainIntensity,RainRate,SnowDepthIntensity,Temperature,0.12625521647945487,0.015940379688274012
ParticlesDetected,Pressure,RadarReflectivity,RainAccumulated,RainIntensity,RainRate,SnowDepthIntensity,Temperature,0.12625521647945487,0.015940379688274012
Humidity,ParticlesDetected,Pressure,RainAbsolute,RainAccumulated,RainIntensity,Temperature,WeatherCode4680,0.12617670538989353,0.015920560983047987
AverageParticleSpeed,Humidity,KineticEnergy,RadarReflectivity,RainAbsolute,RainAccumulated,WeatherCode4680,WindSpeed,0.126162024678297,0.015916856470927224
Humidity,KineticEnergy,RadarReflectivity,RainAbsolute,RainAccumulated,RainRate,WeatherCode4680,WindSpeed,0.126162024678297,0.015916856470927224
Humidity,KineticEnergy,RadarReflectivity,RainAbsolute,RainAccumulated,VolumeEquivalentDiameter,WeatherCode4680,WindSpeed,0.12616202467829699,0.015916856470927217
ParticlesDetected,Pressure,RadarReflectivity,RainAbsolute,RainAccumulated,RainRate,Temperature,WeatherCode4680,0.12613569402825078,0.0159102133079885
ParticlesDetected,Pressure,RadarReflectivity,RainAbsolute,RainAccumulated,Temperature,VolumeEquivalentDiameter,WeatherCode4680,0.12613569402825067,0.01591021330798847
AverageParticleSpeed,ParticlesDetected,Pressure,RadarReflectivity,RainAbsolute,RainAccumulated,Temperature,WeatherCode4680,0.12613569402825064,0.015910213307988464
Humidity,Pressure,RadarReflectivity,RainAbsolute,RainAccumulated,RainIntensity,WeatherCode4680,WindSpeed,0.12602917968688523,0.015883354132549207
Humidity,KineticEnergy,ParticlesDetected,Pressure,RainAbsolute,RainAccumulated,Temperature,WeatherCode4680,0.1259681488581146,0.01586797452674012
AverageParticleSpeed,Humidity,ParticlesDetected,RainAbsolute,RainIntensity,SnowDepthIntensity,Temperature,VolumeEquivalentDiameter,0.125925817719476,0.015857311568318697
AverageParticleSpeed,Humidity,ParticlesDetected,RainAccumulated,RainIntensity,SnowDepthIntensity,Temperature,VolumeEquivalentDiameter,0.125925817719476,0.015857311568318697
AverageParticleSpeed,Humidity,ParticlesDetected,RainAbsolute,RainIntensity,RainRate,SnowDepthIntensity,Temperature,0.12592581771947592,0.015857311568318676
AverageParticleSpeed,Humidity,ParticlesDetected,RainAccumulated,RainIntensity,RainRate,SnowDepthIntensity,Temperature,0.12592581771947592,0.015857311568318676
Humidity,ParticlesDetected,RainAbsolute,RainIntensity,RainRate,SnowDepthIntensity,Temperature,VolumeEquivalentDiameter,0.12592581771947592,0.015857311568318676
Humidity,ParticlesDetected,RainAccumulated,RainIntensity,RainRate,SnowDepthIntensity,Temperature,VolumeEquivalentDiameter,0.12592581771947592,0.015857311568318676
ParticlesDetected,RadarReflectivity,RainAbsolute,RainAccumulated,RainIntensity,RainRate,Temperature,WeatherCode4680,0.12588950667048895,0.015848167889739084
AverageParticleSpeed,ParticlesDetected,RadarReflectivity,RainAbsolute,RainAccumulated,RainIntensity,Temperature,WeatherCode4680,0.1258895066704889,0.01584816788973907
ParticlesDetected,RadarReflectivity,RainAbsolute,RainAccumulated,RainIntensity,Temperature,VolumeEquivalentDiameter,WeatherCode4680,0.12588950667048884,0.015848167889739057
Humidity,KineticEnergy,Pressure,RadarReflectivity,RainAbsolute,RainAccumulated,WeatherCode4680,WindSpeed,0.12582081305414838,0.015830876997606956
KineticEnergy,ParticlesDetected,Pressure,RadarReflectivity,RainAbsolute,SnowDepthIntensity,Temperature,VolumeEquivalentDiameter,0.12579742906364486,0.01582499315902276
KineticEnergy,ParticlesDetected,Pressure,RadarReflectivity,RainAccumulated,SnowDepthIntensity,Temperature,VolumeEquivalentDiameter,0.12579742906364486,0.01582499315902276
AverageParticleSpeed,KineticEnergy,ParticlesDetected,Pressure,RadarReflectivity,RainAbsolute,SnowDepthIntensity,Temperature,0.12579742906364483,0.015824993159022752
AverageParticleSpeed,KineticEnergy,ParticlesDetected,Pressure,RadarReflectivity,RainAccumulated,SnowDepthIntensity,Temperature,0.12579742906364483,0.015824993159022752
KineticEnergy,ParticlesDetected,Pressure,RadarReflectivity,RainAbsolute,RainRate,SnowDepthIntensity,Temperature,0.1257974290636448,0.015824993159022745
KineticEnergy,ParticlesDetected,Pressure,RadarReflectivity,RainAccumulated,RainRate,SnowDepthIntensity,Temperature,0.1257974290636448,0.015824993159022745
KineticEnergy,ParticlesDetected,RadarReflectivity,RainAbsolute,RainAccumulated,RainRate,Temperature,WeatherCode4680,0.12569940040069633,0.015800339261094577
KineticEnergy,ParticlesDetected,RadarReflectivity,RainAbsolute,RainAccumulated,Temperature,VolumeEquivalentDiameter,WeatherCode4680,0.12569940040069627,0.015800339261094563
AverageParticleSpeed,KineticEnergy,ParticlesDetected,RadarReflectivity,RainAbsolute,RainAccumulated,Temperature,WeatherCode4680,0.12569940040069624,0.015800339261094556
Humidity,KineticEnergy,ParticlesDetected,RainAbsolute,RainAccumulated,RainIntensity,Temperature,WeatherCode4680,0.1256933167830424,0.015798809883922252
Humidity,KineticEnergy,Pressure,RadarReflectivity,RainAbsolute,RainIntensity,SnowDepthIntensity,WindSpeed,0.12567658948649416,0.015794605144956772
Humidity,KineticEnergy,Pressure,RadarReflectivity,RainAccumulated,RainIntensity,SnowDepthIntensity,WindSpeed,0.12567658948649416,0.015794605144956772
ParticlesDetected,Pressure,RadarReflectivity,RainAbsolute,RainAccumulated,RainIntensity,Temperature,WeatherCode4680,0.1256000038637562,0.01577536097057557
Humidity,KineticEnergy,RadarReflectivity,RainAbsolute,RainAccumulated,RainIntensity,WeatherCode4680,WindSpeed,0.12555156717419774,0.015763196019897088
KineticEnergy,ParticlesDetected,Pressure,RadarReflectivity,RainAbsolute,RainAccumulated,Temperature,WeatherCode4680,0.12541010056571741,0.015727693323903356
AverageParticleSpeed,Humidity,KineticEnergy,ParticlesDetected,RainAbsolute,SnowDepthIntensity,Temperature,VolumeEquivalentDiameter,0.12536137703409625,0.015715474851884834
AverageParticleSpeed,Humidity,KineticEnergy,ParticlesDetected,RainAccumulated,SnowDepthIntensity,Temperature,VolumeEquivalentDiameter,0.12536137703409625,0.015715474851884834
AverageParticleSpeed,Humidity,KineticEnergy,ParticlesDetected,RainAbsolute,RainRate,SnowDepthIntensity,Temperature,0.1253613770340962,0.01571547485188482
AverageParticleSpeed,Humidity,KineticEnergy,ParticlesDetected,RainAccumulated,RainRate,SnowDepthIntensity,Temperature,0.1253613770340962,0.01571547485188482
Humidity,KineticEnergy,ParticlesDetected,RainAbsolute,RainRate,SnowDepthIntensity,Temperature,VolumeEquivalentDiameter,0.12536137703409617,0.015715474851884813
Humidity,KineticEnergy,ParticlesDetected,RainAccumulated,RainRate,SnowDepthIntensity,Temperature,VolumeEquivalentDiameter,0.12536137703409617,0.015715474851884813
KineticEnergy,ParticlesDetected,RadarReflectivity,RainAbsolute,RainIntensity,RainRate,SnowDepthIntensity,Temperature,0.1252210025012382,0.0156802994674151
KineticEnergy,ParticlesDetected,RadarReflectivity,RainAccumulated,RainIntensity,RainRate,SnowDepthIntensity,Temperature,0.1252210025012382,0.0156802994674151
AverageParticleSpeed,KineticEnergy,ParticlesDetected,RadarReflectivity,RainAbsolute,RainIntensity,SnowDepthIntensity,Temperature,0.12522100250123816,0.015680299467415094
AverageParticleSpeed,KineticEnergy,ParticlesDetected,RadarReflectivity,RainAccumulated,RainIntensity,SnowDepthIntensity,Temperature,0.12522100250123816,0.015680299467415094
KineticEnergy,ParticlesDetected,RadarReflectivity,RainAbsolute,RainIntensity,SnowDepthIntensity,Temperature,VolumeEquivalentDiameter,0.1252210025012381,0.01568029946741508
KineticEnergy,ParticlesDetected,RadarReflectivity,RainAccumulated,RainIntensity,SnowDepthIntensity,Temperature,VolumeEquivalentDiameter,0.1252210025012381,0.01568029946741508
KineticEnergy,ParticlesDetected,RadarReflectivity,RainAbsolute,RainAccumulated,RainIntensity,Temperature,WeatherCode4680,0.12516579029790176,0.015666475060898317
Humidity,ParticlesDetected,Pressure,RainAbsolute,RainIntensity,RainRate,SnowDepthIntensity,Temperature,0.12514786411492157,0.015661987892526874
Humidity,ParticlesDetected,Pressure,RainAccumulated,RainIntensity,RainRate,SnowDepthIntensity,Temperature,0.12514786411492157,0.015661987892526874
AverageParticleSpeed,Humidity,ParticlesDetected,Pressure,RainAbsolute,RainIntensity,SnowDepthIntensity,Temperature,0.12514786411492151,0.01566198789252686
AverageParticleSpeed,Humidity,ParticlesDetected,Pressure,RainAccumulated,RainIntensity,SnowDepthIntensity,Temperature,0.12514786411492151,0.01566198789252686
Humidity,ParticlesDetected,Pressure,RainAbsolute,RainIntensity,SnowDepthIntensity,Temperature,VolumeEquivalentDiameter,0.12514786411492146,0.015661987892526846
Humidity,ParticlesDetected,Pressure,RainAccumulated,RainIntensity,SnowDepthIntensity,Temperature,VolumeEquivalentDiameter,0.12514786411492146,0.015661987892526846
Humidity,RadarReflectivity,RainAbsolute,RainAccumulated,RainRate,SnowDepthIntensity,Temperature,WeatherCode4680,0.12498778041449694,0.015621945252942505
Humidity,RadarReflectivity,RainAbsolute,RainAccumulated,SnowDepthIntensity,Temperature,VolumeEquivalentDiameter,WeatherCode4680,0.12498778041449694,0.015621945252942505
AverageParticleSpeed,Humidity,RadarReflectivity,RainAbsolute,RainAccumulated,SnowDepthIntensity,Temperature,WeatherCode4680,0.12498778041449689,0.015621945252942492
AverageParticleSpeed,Humidity,RadarReflectivity,RainAbsolute,RainRate,Temperature,VolumeEquivalentDiameter,WindSpeed,0.12468361478765431,0.01554600379651617
AverageParticleSpeed,Humidity,RadarReflectivity,RainAccumulated,RainRate,Temperature,VolumeEquivalentDiameter,WindSpeed,0.12468361478765431,0.01554600379651617
Humidity,Pressure,RadarReflectivity,RainAbsolute,RainAccumulated,SnowDepthIntensity,Temperature,WeatherCode4680,0.12466737438855556,0.015541954236936278
KineticEnergy,ParticlesDetected,Pressure,RadarReflectivity,RainAbsolute,RainIntensity,SnowDepthIntensity,Temperature,0.12461901952231696,0.015529900026703616
KineticEnergy,ParticlesDetected,Pressure,RadarReflectivity,RainAccumulated,RainIntensity,SnowDepthIntensity,Temperature,0.12461901952231696,0.015529900026703616
Humidity,KineticEnergy,ParticlesDetected,Pressure,RainAbsolute,SnowDepthIntensity,Temperature,VolumeEquivalentDiameter,0.12458491027831027,0.01552139986905462
Humidity,KineticEnergy,ParticlesDetected,Pressure,RainAccumulated,SnowDepthIntensity,Temperature,VolumeEquivalentDiameter,0.12458491027831027,0.01552139986905462
AverageParticleSpeed,Humidity,KineticEnergy,ParticlesDetected,Pressure,RainAbsolute,SnowDepthIntensity,Temperature,0.12458491027831024,0.015521399869054613
AverageParticleSpeed,Humidity,KineticEnergy,ParticlesDetected,Pressure,RainAccumulated,SnowDepthIntensity,Temperature,0.12458491027831024,0.015521399869054613
Humidity,KineticEnergy,ParticlesDetected,Pressure,RainAbsolute,RainRate,SnowDepthIntensity,Temperature,0.12458491027831024,0.015521399869054613
Humidity,KineticEnergy,ParticlesDetected,Pressure,RainAccumulated,RainRate,SnowDepthIntensity,Temperature,0.12458491027831024,0.015521399869054613
Humidity,RadarReflectivity,RainAbsolute,RainAccumulated,RainIntensity,SnowDepthIntensity,Temperature,WeatherCode4680,0.12441638410544288,0.0154794366338731
Humidity,KineticEnergy,RadarReflectivity,RainAbsolute,RainAccumulated,SnowDepthIntensity,Temperature,WeatherCode4680,0.12422442183354654,0.015431706979878914
Humidity,KineticEnergy,ParticlesDetected,RainAbsolute,RainIntensity,RainRate,SnowDepthIntensity,Temperature,0.12387156391110721,0.015344164345783517
Humidity,KineticEnergy,ParticlesDetected,RainAccumulated,RainIntensity,RainRate,SnowDepthIntensity,Temperature,0.12387156391110721,0.015344164345783517
AverageParticleSpeed,Humidity,KineticEnergy,ParticlesDetected,RainAbsolute,RainIntensity,SnowDepthIntensity,Temperature,0.12387156391110705,0.01534416434578348
AverageParticleSpeed,Humidity,KineticEnergy,ParticlesDetected,RainAccumulated,RainIntensity,SnowDepthIntensity,Temperature,0.12387156391110705,0.01534416434578348
Humidity,KineticEnergy,ParticlesDetected,RainAbsolute,RainIntensity,SnowDepthIntensity,Temperature,VolumeEquivalentDiameter,0.12387156391110701,0.01534416434578347
Humidity,KineticEnergy,ParticlesDetected,RainAccumulated,RainIntensity,SnowDepthIntensity,Temperature,VolumeEquivalentDiameter,0.12387156391110701,0.01534416434578347
AverageParticleSpeed,Humidity,Pressure,RadarReflectivity,RainAbsolute,Temperature,VolumeEquivalentDiameter,WindSpeed,0.12377119051300124,0.015319307601005649
AverageParticleSpeed,Humidity,Pressure,RadarReflectivity,RainAccumulated,Temperature,VolumeEquivalentDiameter,WindSpeed,0.12377119051300124,0.015319307601005649
Humidity,Pressure,RadarReflectivity,RainAbsolute,RainRate,Temperature,VolumeEquivalentDiameter,WindSpeed,0.12377119051300121,0.015319307601005642
Humidity,Pressure,RadarReflectivity,RainAccumulated,RainRate,Temperature,VolumeEquivalentDiameter,WindSpeed,0.12377119051300121,0.015319307601005642
AverageParticleSpeed,Humidity,Pressure,RadarReflectivity,RainAbsolute,RainRate,Temperature,WindSpeed,0.12377119051300119,0.015319307601005635
AverageParticleSpeed,Humidity,Pressure,RadarReflectivity,RainAccumulated,RainRate,Temperature,WindSpeed,0.12377119051300119,0.015319307601005635
AverageParticleSpeed,Humidity,ParticlesDetected,RainAbsolute,RainAccumulated,RainRate,WeatherCode4680,WindSpeed,0.123754058761537,0.015315067059953953
Humidity,ParticlesDetected,RainAbsolute,RainAccumulated,RainRate,VolumeEquivalentDiameter,WeatherCode4680,WindSpeed,0.12375405876153699,0.01531506705995395
AverageParticleSpeed,Humidity,ParticlesDetected,RainAbsolute,RainAccumulated,VolumeEquivalentDiameter,WeatherCode4680,WindSpeed,0.1237540587615369,0.015315067059953929
AverageParticleSpeed,Humidity,ParticlesDetected,Pressure,RainAbsolute,RainAccumulated,WeatherCode4680,WindSpeed,0.12341048827858973,0.015230148617159933
Humidity,ParticlesDetected,Pressure,RainAbsolute,RainAccumulated,RainRate,WeatherCode4680,WindSpeed,0.12341048827858973,0.015230148617159933
Humidity,ParticlesDetected,Pressure,RainAbsolute,RainAccumulated,VolumeEquivalentDiameter,WeatherCode4680,WindSpeed,0.12341048827858973,0.015230148617159933
Humidity,ParticlesDetected,RainAbsolute,RainAccumulated,RainIntensity,VolumeEquivalentDiameter,WeatherCode4680,WindSpeed,0.1231340438116108,0.015161992745399689
AverageParticleSpeed,Humidity,ParticlesDetected,RainAbsolute,RainAccumulated,RainIntensity,WeatherCode4680,WindSpeed,0.12313404381161078,0.015161992745399682
Humidity,ParticlesDetected,RainAbsolute,RainAccumulated,RainIntensity,RainRate,WeatherCode4680,WindSpeed,0.12313404381161078,0.015161992745399682
Humidity,KineticEnergy,ParticlesDetected,Pressure,RainAbsolute,RainIntensity,SnowDepthIntensity,Temperature,0.12309830629161037,0.01515319301186312
Humidity,KineticEnergy,ParticlesDetected,Pressure,RainAccumulated,RainIntensity,SnowDepthIntensity,Temperature,0.12309830629161037,0.01515319301186312
AverageParticleSpeed,Humidity,RadarReflectivity,RainAbsolute,RainIntensity,Temperature,VolumeEquivalentDiameter,WindSpeed,0.1230873484568689,0.015150495350142668
AverageParticleSpeed,Humidity,RadarReflectivity,RainAccumulated,RainIntensity,Temperature,VolumeEquivalentDiameter,WindSpeed,0.1230873484568689,0.015150495350142668
Humidity,RadarReflectivity,RainAbsolute,RainIntensity,RainRate,Temperature,VolumeEquivalentDiameter,WindSpeed,0.12308734845686882,0.015150495350142647
Humidity,RadarReflectivity,RainAccumulated,RainIntensity,RainRate,Temperature,VolumeEquivalentDiameter,WindSpeed,0.12308734845686882,0.015150495350142647
AverageParticleSpeed,Humidity,RadarReflectivity,RainAbsolute,RainIntensity,RainRate,Temperature,WindSpeed,0.1230873484568688,0.015150495350142644
AverageParticleSpeed,Humidity,RadarReflectivity,RainAccumulated,RainIntensity,RainRate,Temperature,WindSpeed,0.1230873484568688,0.015150495350142644
AverageParticleSpeed,ParticlesDetected,RadarReflectivity,RainAbsolute,RainAccumulated,RainRate,WeatherCode4680,WindSpeed,0.12308564124348093,0.015150075080318893
ParticlesDetected,RadarReflectivity,RainAbsolute,RainAccumulated,RainRate,VolumeEquivalentDiameter,WeatherCode4680,WindSpeed,0.12308564124348093,0.015150075080318893
AverageParticleSpeed,ParticlesDetected,RadarReflectivity,RainAbsolute,RainAccumulated,VolumeEquivalentDiameter,WeatherCode4680,WindSpeed,0.12308564124348083,0.015150075080318869
Humidity,KineticEnergy,ParticlesDetected,RainAbsolute,RainAccumulated,RainRate,WeatherCode4680,WindSpeed,0.12291871196545043,0.015109009751245366
AverageParticleSpeed,Humidity,KineticEnergy,ParticlesDetected,RainAbsolute,RainAccumulated,WeatherCode4680,WindSpeed,0.12291871196545028,0.01510900975124533
Humidity,KineticEnergy,ParticlesDetected,RainAbsolute,RainAccumulated,VolumeEquivalentDiameter,WeatherCode4680,WindSpeed,0.12291871196545028,0.01510900975124533
Humidity,ParticlesDetected,Pressure,RainAbsolute,RainAccumulated,RainIntensity,WeatherCode4680,WindSpeed,0.12279112255955055,0.015077659779434564
ParticlesDetected,Pressure,RadarReflectivity,RainAbsolute,RainAccumulated,VolumeEquivalentDiameter,WeatherCode4680,WindSpeed,0.12278267814304865,0.015075586051979476
AverageParticleSpeed,ParticlesDetected,Pressure,RadarReflectivity,RainAbsolute,RainAccumulated,WeatherCode4680,WindSpeed,0.12278267814304862,0.01507558605197947
ParticlesDetected,Pressure,RadarReflectivity,RainAbsolute,RainAccumulated,RainRate,WeatherCode4680,WindSpeed,0.12278267814304861,0.015075586051979466
Humidity,KineticEnergy,ParticlesDetected,Pressure,RainAbsolute,RainAccumulated,WeatherCode4680,WindSpeed,0.12257606836794552,0.015024892536543254
AverageParticleSpeed,ParticlesDetected,RadarReflectivity,RainAbsolute,RainAccumulated,RainIntensity,WeatherCode4680,WindSpeed,0.12254038648658756,0.015016146320282251
ParticlesDetected,RadarReflectivity,RainAbsolute,RainAccumulated,RainIntensity,VolumeEquivalentDiameter,WeatherCode4680,WindSpeed,0.12254038648658756,0.015016146320282251
ParticlesDetected,RadarReflectivity,RainAbsolute,RainAccumulated,RainIntensity,RainRate,WeatherCode4680,WindSpeed,0.12254038648658748,0.01501614632028223
AverageParticleSpeed,Humidity,KineticEnergy,RadarReflectivity,RainAbsolute,Temperature,VolumeEquivalentDiameter,WindSpeed,0.12249722518613869,0.015005570178303571
AverageParticleSpeed,Humidity,KineticEnergy,RadarReflectivity,RainAccumulated,Temperature,VolumeEquivalentDiameter,WindSpeed,0.12249722518613869,0.015005570178303571
AverageParticleSpeed,Humidity,KineticEnergy,RadarReflectivity,RainAbsolute,RainRate,Temperature,WindSpeed,0.12249722518613859,0.015005570178303547
AverageParticleSpeed,Humidity,KineticEnergy,RadarReflectivity,RainAccumulated,RainRate,Temperature,WindSpeed,0.12249722518613859,0.015005570178303547
Humidity,KineticEnergy,RadarReflectivity,RainAbsolute,RainRate,Temperature,VolumeEquivalentDiameter,WindSpeed,0.12249722518613856,0.01500557017830354
Humidity,KineticEnergy,RadarReflectivity,RainAccumulated,RainRate,Temperature,VolumeEquivalentDiameter,WindSpeed,0.12249722518613856,0.01500557017830354
KineticEnergy,ParticlesDetected,RadarReflectivity,RainAbsolute,RainAccumulated,RainRate,WeatherCode4680,WindSpeed,0.12234661124305188,0.014968693282658468
KineticEnergy,ParticlesDetected,RadarReflectivity,RainAbsolute,RainAccumulated,VolumeEquivalentDiameter,WeatherCode4680,WindSpeed,0.12234661124305178,0.014968693282658445
AverageParticleSpeed,KineticEnergy,ParticlesDetected,RadarReflectivity,RainAbsolute,RainAccumulated,WeatherCode4680,WindSpeed,0.12234661124305175,0.014968693282658438
Humidity,KineticEnergy,ParticlesDetected,RainAbsolute,RainAccumulated,RainIntensity,WeatherCode4680,WindSpeed,0.12230203533121582,0.014957787846157963
ParticlesDetected,Pressure,RadarReflectivity,RainAbsolute,RainAccumulated,RainIntensity,WeatherCode4680,WindSpeed,0.12223796596544088,0.014942120323368283
Humidity,Pressure,RadarReflectivity,RainAbsolute,RainIntensity,RainRate,Temperature,WindSpeed,0.12217916049048282,0.014927747258159157
Humidity,Pressure,RadarReflectivity,RainAccumulated,RainIntensity,RainRate,Temperature,WindSpeed,0.12217916049048282,0.014927747258159157
Humidity,Pressure,RadarReflectivity,RainAbsolute,RainIntensity,Temperature,VolumeEquivalentDiameter,WindSpeed,0.12217916049048279,0.01492774725815915
Humidity,Pressure,RadarReflectivity,RainAccumulated,RainIntensity,Temperature,VolumeEquivalentDiameter,WindSpeed,0.12217916049048279,0.01492774725815915
AverageParticleSpeed,Humidity,Pressure,RadarReflectivity,RainAbsolute,RainIntensity,Temperature,WindSpeed,0.12217916049048277,0.014927747258159147
AverageParticleSpeed,Humidity,Pressure,RadarReflectivity,RainAccumulated,RainIntensity,Temperature,WindSpeed,0.12217916049048277,0.014927747258159147
KineticEnergy,ParticlesDetected,Pressure,RadarReflectivity,RainAbsolute,RainAccumulated,WeatherCode4680,WindSpeed,0.1220444266429926,0.014894842074616802
Humidity,ParticlesDetected,RainAbsolute,RainAccumulated,RainRate,SnowDepthIntensity,Temperature,WeatherCode4680,0.12200618708048083,0.014885509685917288
Humidity,ParticlesDetected,RainAbsolute,RainAccumulated,SnowDepthIntensity,Temperature,VolumeEquivalentDiameter,WeatherCode4680,0.12200618708048074,0.014885509685917264
AverageParticleSpeed,Humidity,ParticlesDetected,RainAbsolute,RainAccumulated,SnowDepthIntensity,Temperature,WeatherCode4680,0.12200618708048071,0.014885509685917257
ParticlesDetected,RadarReflectivity,RainAbsolute,RainAccumulated,RainRate,SnowDepthIntensity,Temperature,WeatherCode4680,0.1218906526213977,0.014857331196470246
AverageParticleSpeed,ParticlesDetected,RadarReflectivity,RainAbsolute,RainAccumulated,SnowDepthIntensity,Temperature,WeatherCode4680,0.12189065262139749,0.014857331196470196
ParticlesDetected,RadarReflectivity,RainAbsolute,RainAccumulated,SnowDepthIntensity,Temperature,VolumeEquivalentDiameter,WeatherCode4680,0.12189065262139749,0.014857331196470196
KineticEnergy,ParticlesDetected,RadarReflectivity,RainAbsolute,RainAccumulated,RainIntensity,WeatherCode4680,WindSpeed,0.12180413543209773,0.014836247408360806
Humidity,RadarReflectivity,RainAbsolute,RainAccumulated,SnowDepthIntensity,VolumeEquivalentDiameter,WeatherCode4680,WindSpeed,0.1216893769982719,0.014808304474227546
Humidity,RadarReflectivity,RainAbsolute,RainAccumulated,RainRate,SnowDepthIntensity,WeatherCode4680,WindSpeed,0.12168937699827184,0.014808304474227532
AverageParticleSpeed,Humidity,RadarReflectivity,RainAbsolute,RainAccumulated,SnowDepthIntensity,WeatherCode4680,WindSpeed,0.12168937699827179,0.014808304474227518
Humidity,ParticlesDetected,Pressure,RainAbsolute,RainAccumulated,SnowDepthIntensity,Temperature,WeatherCode4680,0.12168435852556878,0.014807083109779162
ParticlesDetected,Pressure,RadarReflectivity,RainAbsolute,RainAccumulated,SnowDepthIntensity,Temperature,WeatherCode4680,0.12160431936604471,0.014787610488478996
Humidity,KineticEnergy,Pressure,RadarReflectivity,RainAbsolute,RainRate,Temperature,WindSpeed,0.12159104721015965,0.014784382761663273
Humidity,KineticEnergy,Pressure,RadarReflectivity,RainAccumulated,RainRate,Temperature,WindSpeed,0.12159104721015965,0.014784382761663273
AverageParticleSpeed,Humidity,KineticEnergy,Pressure,RadarReflectivity,RainAbsolute,Temperature,WindSpeed,0.12159104721015954,0.014784382761663245
AverageParticleSpeed,Humidity,KineticEnergy,Pressure,RadarReflectivity,RainAccumulated,Temperature,WindSpeed,0.12159104721015954,0.014784382761663245
Humidity,KineticEnergy,Pressure,RadarReflectivity,RainAbsolute,Temperature,VolumeEquivalentDiameter,WindSpeed,0.12159104721015954,0.014784382761663245
Humidity,KineticEnergy,Pressure,RadarReflectivity,RainAccumulated,Temperature,VolumeEquivalentDiameter,WindSpeed,0.12159104721015954,0.014784382761663245
Humidity,ParticlesDetected,RainAbsolute,RainAccumulated,RainIntensity,SnowDepthIntensity,Temperature,WeatherCode4680,0.12142856556059137,0.014744896534102835
ParticlesDetected,RadarReflectivity,RainAbsolute,RainAccumulated,RainIntensity,SnowDepthIntensity,Temperature,WeatherCode4680,0.12137541385554955,0.01473199108860593
Humidity,Pressure,RadarReflectivity,RainAbsolute,RainAccumulated,SnowDepthIntensity,WeatherCode4680,WindSpeed,0.12135214568295224,0.014726343261856465
Humidity,KineticEnergy,ParticlesDetected,RainAbsolute,RainAccumulated,SnowDepthIntensity,Temperature,WeatherCode4680,0.12123060260327029,0.014696859007552045
KineticEnergy,ParticlesDetected,RadarReflectivity,RainAbsolute,RainAccumulated,SnowDepthIntensity,Temperature,WeatherCode4680,0.12119449835293562,0.014688106431019716
Humidity,RadarReflectivity,RainAbsolute,RainAccumulated,RainIntensity,SnowDepthIntensity,WeatherCode4680,WindSpeed,0.12110237470583876,0.014665785159393376
Humidity,KineticEnergy,RadarReflectivity,RainAbsolute,RainIntensity,RainRate,Temperature,WindSpeed,0.12092117189195731,0.014621929811724286
Humidity,KineticEnergy,RadarReflectivity,RainAccumulated,RainIntensity,RainRate,Temperature,WindSpeed,0.12092117189195731,0.014621929811724286
AverageParticleSpeed,Humidity,KineticEnergy,RadarReflectivity,RainAbsolute,RainIntensity,Temperature,WindSpeed,0.1209211718919572,0.01462192981172426
AverageParticleSpeed,Humidity,KineticEnergy,RadarReflectivity,RainAccumulated,RainIntensity,Temperature,WindSpeed,0.1209211718919572,0.01462192981172426
Humidity,KineticEnergy,RadarReflectivity,RainAbsolute,RainIntensity,Temperature,VolumeEquivalentDiameter,WindSpeed,0.12092117189195715,0.014621929811724249
Humidity,KineticEnergy,RadarReflectivity,RainAccumulated,RainIntensity,Temperature,VolumeEquivalentDiameter,WindSpeed,0.12092117189195715,0.014621929811724249
Humidity,KineticEnergy,RadarReflectivity,RainAbsolute,RainAccumulated,SnowDepthIntensity,WeatherCode4680,WindSpeed,0.1209046537820712,0.014617935306162504
AverageParticleSpeed,ParticlesDetected,RadarReflectivity,RainAbsolute,RainRate,SnowDepthIntensity,VolumeEquivalentDiameter,WindSpeed,0.12017395038104592,0.014441778350186087
AverageParticleSpeed,ParticlesDetected,RadarReflectivity,RainAccumulated,RainRate,SnowDepthIntensity,VolumeEquivalentDiameter,WindSpeed,0.12017395038104592,0.014441778350186087
Humidity,KineticEnergy,Pressure,RadarReflectivity,RainAbsolute,RainIntensity,Temperature,WindSpeed,0.1200193445590648,0.014404643068387516
Humidity,KineticEnergy,Pressure,RadarReflectivity,RainAccumulated,RainIntensity,Temperature,WindSpeed,0.1200193445590648,0.014404643068387516
Humidity,RadarReflectivity,RainAbsolute,RainAccumulated,Temperature,VolumeEquivalentDiameter,WeatherCode4680,WindSpeed,0.11968031358632523,0.014323377460121144
AverageParticleSpeed,Humidity,RadarReflectivity,RainAbsolute,RainAccumulated,Temperature,WeatherCode4680,WindSpeed,0.1196803135863252,0.014323377460121134
Humidity,RadarReflectivity,RainAbsolute,RainAccumulated,RainRate,Temperature,WeatherCode4680,WindSpeed,0.11968031358632517,0.014323377460121129
AverageParticleSpeed,ParticlesDetected,Pressure,RadarReflectivity,RainAbsolute,RainRate,SnowDepthIntensity,WindSpeed,0.11950977522522895,0.014282586374384747
AverageParticleSpeed,ParticlesDetected,Pressure,RadarReflectivity,RainAccumulated,RainRate,SnowDepthIntensity,WindSpeed,0.11950977522522895,0.014282586374384747
ParticlesDetected,Pressure,RadarReflectivity,RainAbsolute,RainRate,SnowDepthIntensity,VolumeEquivalentDiameter,WindSpeed,0.11950977522522895,0.014282586374384747
ParticlesDetected,Pressure,RadarReflectivity,RainAccumulated,RainRate,SnowDepthIntensity,VolumeEquivalentDiameter,WindSpeed,0.11950977522522895,0.014282586374384747
AverageParticleSpeed,ParticlesDetected,Pressure,RadarReflectivity,RainAbsolute,SnowDepthIntensity,VolumeEquivalentDiameter,WindSpeed,0.11950977522522886,0.014282586374384726
AverageParticleSpeed,ParticlesDetected,Pressure,RadarReflectivity,RainAccumulated,SnowDepthIntensity,VolumeEquivalentDiameter,WindSpeed,0.11950977522522886,0.014282586374384726
Humidity,Pressure,RadarReflectivity,RainAbsolute,RainAccumulated,Temperature,WeatherCode4680,WindSpeed,0.11934014447586637,0.014242070083520658
Humidity,RadarReflectivity,RainAbsolute,RainAccumulated,RainIntensity,Temperature,WeatherCode4680,WindSpeed,0.11910330089758665,0.014185596284701065
AverageParticleSpeed,Humidity,ParticlesDetected,RainAbsolute,RainRate,SnowDepthIntensity,VolumeEquivalentDiameter,WindSpeed,0.11900368663536669,0.014161877432808553
AverageParticleSpeed,Humidity,ParticlesDetected,RainAccumulated,RainRate,SnowDepthIntensity,VolumeEquivalentDiameter,WindSpeed,0.11900368663536669,0.014161877432808553
AverageParticleSpeed,ParticlesDetected,RadarReflectivity,RainAbsolute,RainIntensity,RainRate,SnowDepthIntensity,WindSpeed,0.11895058106024496,0.014149240734569907
AverageParticleSpeed,ParticlesDetected,RadarReflectivity,RainAccumulated,RainIntensity,RainRate,SnowDepthIntensity,WindSpeed,0.11895058106024496,0.014149240734569907
ParticlesDetected,RadarReflectivity,RainAbsolute,RainIntensity,RainRate,SnowDepthIntensity,VolumeEquivalentDiameter,WindSpeed,0.11895058106024496,0.014149240734569907
ParticlesDetected,RadarReflectivity,RainAccumulated,RainIntensity,RainRate,SnowDepthIntensity,VolumeEquivalentDiameter,WindSpeed,0.11895058106024496,0.014149240734569907
AverageParticleSpeed,ParticlesDetected,RadarReflectivity,RainAbsolute,RainIntensity,SnowDepthIntensity,VolumeEquivalentDiameter,WindSpeed,0.11895058106024478,0.014149240734569864
AverageParticleSpeed,ParticlesDetected,RadarReflectivity,RainAccumulated,RainIntensity,SnowDepthIntensity,VolumeEquivalentDiameter,WindSpeed,0.11895058106024478,0.014149240734569864
Humidity,KineticEnergy,RadarReflectivity,RainAbsolute,RainAccumulated,Temperature,WeatherCode4680,WindSpeed,0.11890813582264396,0.014139144764816345
AverageParticleSpeed,Humidity,ParticlesDetected,Pressure,RainIntensity,RainRate,Temperature,VolumeEquivalentDiameter,-0.1186989320369497,0.014089436466712403
Humidity,ParticlesDetected,RainAbsolute,RainAccumulated,RainRate,SnowDepthIntensity,WeatherCode4680,WindSpeed,0.11852571976680958,0.014048346246240274
AverageParticleSpeed,Humidity,ParticlesDetected,RainAbsolute,RainAccumulated,SnowDepthIntensity,WeatherCode4680,WindSpeed,0.11852571976680948,0.014048346246240252
Humidity,ParticlesDetected,RainAbsolute,RainAccumulated,SnowDepthIntensity,VolumeEquivalentDiameter,WeatherCode4680,WindSpeed,0.11852571976680945,0.014048346246240245
AverageParticleSpeed,ParticlesDetected,RadarReflectivity,RainAbsolute,RainAccumulated,SnowDepthIntensity,WeatherCode4680,WindSpeed,0.1184822558766436,0.014038044957618448
ParticlesDetected,RadarReflectivity,RainAbsolute,RainAccumulated,RainRate,SnowDepthIntensity,WeatherCode4680,WindSpeed,0.1184822558766436,0.014038044957618448
ParticlesDetected,RadarReflectivity,RainAbsolute,RainAccumulated,SnowDepthIntensity,VolumeEquivalentDiameter,WeatherCode4680,WindSpeed,0.1184822558766436,0.014038044957618448
AverageParticleSpeed,KineticEnergy,ParticlesDetected,RadarReflectivity,RainAbsolute,RainRate,SnowDepthIntensity,WindSpeed,0.11847952233803927,0.014037397213449945
AverageParticleSpeed,KineticEnergy,ParticlesDetected,RadarReflectivity,RainAccumulated,RainRate,SnowDepthIntensity,WindSpeed,0.11847952233803927,0.014037397213449945
KineticEnergy,ParticlesDetected,RadarReflectivity,RainAbsolute,RainRate,SnowDepthIntensity,VolumeEquivalentDiameter,WindSpeed,0.11847952233803927,0.014037397213449945
KineticEnergy,ParticlesDetected,RadarReflectivity,RainAccumulated,RainRate,SnowDepthIntensity,VolumeEquivalentDiameter,WindSpeed,0.11847952233803927,0.014037397213449945
AverageParticleSpeed,KineticEnergy,ParticlesDetected,RadarReflectivity,RainAbsolute,SnowDepthIntensity,VolumeEquivalentDiameter,WindSpeed,0.11847952233803917,0.014037397213449923
AverageParticleSpeed,KineticEnergy,ParticlesDetected,RadarReflectivity,RainAccumulated,SnowDepthIntensity,VolumeEquivalentDiameter,WindSpeed,0.11847952233803917,0.014037397213449923
AverageParticleSpeed,ParticlesDetected,Pressure,RadarReflectivity,RainAbsolute,RainIntensity,SnowDepthIntensity,WindSpeed,0.11828944210548353,0.01399239211362654
AverageParticleSpeed,ParticlesDetected,Pressure,RadarReflectivity,RainAccumulated,RainIntensity,SnowDepthIntensity,WindSpeed,0.11828944210548353,0.01399239211362654
ParticlesDetected,Pressure,RadarReflectivity,RainAbsolute,RainIntensity,SnowDepthIntensity,VolumeEquivalentDiameter,WindSpeed,0.11828944210548353,0.01399239211362654
ParticlesDetected,Pressure,RadarReflectivity,RainAccumulated,RainIntensity,SnowDepthIntensity,VolumeEquivalentDiameter,WindSpeed,0.11828944210548353,0.01399239211362654
ParticlesDetected,Pressure,RadarReflectivity,RainAbsolute,RainIntensity,RainRate,SnowDepthIntensity,WindSpeed,0.11828944210548348,0.013992392113626528
ParticlesDetected,Pressure,RadarReflectivity,RainAccumulated,RainIntensity,RainRate,SnowDepthIntensity,WindSpeed,0.11828944210548348,0.013992392113626528
Humidity,ParticlesDetected,Pressure,RainAbsolute,RainAccumulated,SnowDepthIntensity,WeatherCode4680,WindSpeed,0.1181872170506102,0.013968218274168045
ParticlesDetected,Pressure,RadarReflectivity,RainAbsolute,RainAccumulated,SnowDepthIntensity,WeatherCode4680,WindSpeed,0.11818352769288142,0.013967346217934069
AverageParticleSpeed,Humidity,KineticEnergy,ParticlesDetected,Pressure,RainRate,Temperature,VolumeEquivalentDiameter,-0.11817839332423821,0.013966132648698351
AverageParticleSpeed,Humidity,ParticlesDetected,Pressure,RainAbsolute,SnowDepthIntensity,VolumeEquivalentDiameter,WindSpeed,0.11811361177681863,0.013950825286965028
AverageParticleSpeed,Humidity,ParticlesDetected,Pressure,RainAccumulated,SnowDepthIntensity,VolumeEquivalentDiameter,WindSpeed,0.11811361177681863,0.013950825286965028
Humidity,ParticlesDetected,Pressure,RainAbsolute,RainRate,SnowDepthIntensity,VolumeEquivalentDiameter,WindSpeed,0.11811361177681845,0.013950825286964987
Humidity,ParticlesDetected,Pressure,RainAccumulated,RainRate,SnowDepthIntensity,VolumeEquivalentDiameter,WindSpeed,0.11811361177681845,0.013950825286964987
AverageParticleSpeed,Humidity,ParticlesDetected,Pressure,RainAbsolute,RainRate,SnowDepthIntensity,WindSpeed,0.11811361177681842,0.01395082528696498
AverageParticleSpeed,Humidity,ParticlesDetected,Pressure,RainAccumulated,RainRate,SnowDepthIntensity,WindSpeed,0.11811361177681842,0.01395082528696498
ParticlesDetected,RadarReflectivity,RainAbsolute,RainAccumulated,RainIntensity,SnowDepthIntensity,WeatherCode4680,WindSpeed,0.11795932201833643,0.013914401651025591
Humidity,ParticlesDetected,RainAbsolute,RainAccumulated,RainIntensity,SnowDepthIntensity,WeatherCode4680,WindSpeed,0.11793361733566202,0.01390833809787436
AverageParticleSpeed,KineticEnergy,ParticlesDetected,Pressure,RadarReflectivity,RainAbsolute,SnowDepthIntensity,WindSpeed,0.11781981833052209,0.01388150959143723
AverageParticleSpeed,KineticEnergy,ParticlesDetected,Pressure,RadarReflectivity,RainAccumulated,SnowDepthIntensity,WindSpeed,0.11781981833052209,0.01388150959143723
KineticEnergy,ParticlesDetected,Pressure,RadarReflectivity,RainAbsolute,SnowDepthIntensity,VolumeEquivalentDiameter,WindSpeed,0.11781981833052209,0.01388150959143723
KineticEnergy,ParticlesDetected,Pressure,RadarReflectivity,RainAccumulated,SnowDepthIntensity,VolumeEquivalentDiameter,WindSpeed,0.11781981833052209,0.01388150959143723
KineticEnergy,ParticlesDetected,Pressure,RadarReflectivity,RainAbsolute,RainRate,SnowDepthIntensity,WindSpeed,0.11781981833052206,0.013881509591437222
KineticEnergy,ParticlesDetected,Pressure,RadarReflectivity,RainAccumulated,RainRate,SnowDepthIntensity,WindSpeed,0.11781981833052206,0.013881509591437222
KineticEnergy,ParticlesDetected,RadarReflectivity,RainAbsolute,RainAccumulated,SnowDepthIntensity,WeatherCode4680,WindSpeed,0.11777537287838581,0.013871038456642816
Humidity,KineticEnergy,ParticlesDetected,RainAbsolute,RainAccumulated,SnowDepthIntensity,WeatherCode4680,WindSpeed,0.11773018889003205,0.013860397376082625
AverageParticleSpeed,ParticlesDetected,RadarReflectivity,RainAbsolute,RainRate,Temperature,VolumeEquivalentDiameter,WindSpeed,0.11742125904669885,0.013787752076111957
AverageParticleSpeed,ParticlesDetected,RadarReflectivity,RainAccumulated,RainRate,Temperature,VolumeEquivalentDiameter,WindSpeed,0.11742125904669885,0.013787752076111957
AverageParticleSpeed,Humidity,ParticlesDetected,RainAbsolute,RainIntensity,RainRate,SnowDepthIntensity,WindSpeed,0.11738065382678768,0.013778217892804166
AverageParticleSpeed,Humidity,ParticlesDetected,RainAccumulated,RainIntensity,RainRate,SnowDepthIntensity,WindSpeed,0.11738065382678768,0.013778217892804166
Humidity,ParticlesDetected,RainAbsolute,RainIntensity,RainRate,SnowDepthIntensity,VolumeEquivalentDiameter,WindSpeed,0.1173806538267876,0.013778217892804145
Humidity,ParticlesDetected,RainAccumulated,RainIntensity,RainRate,SnowDepthIntensity,VolumeEquivalentDiameter,WindSpeed,0.1173806538267876,0.013778217892804145
AverageParticleSpeed,Humidity,ParticlesDetected,RainAbsolute,RainIntensity,SnowDepthIntensity,VolumeEquivalentDiameter,WindSpeed,0.1173806538267875,0.013778217892804123
AverageParticleSpeed,Humidity,ParticlesDetected,RainAccumulated,RainIntensity,SnowDepthIntensity,VolumeEquivalentDiameter,WindSpeed,0.1173806538267875,0.013778217892804123
Humidity,KineticEnergy,ParticlesDetected,Pressure,RainIntensity,RainRate,Temperature,VolumeEquivalentDiameter,-0.11734384515003493,0.013769577994595376
AverageParticleSpeed,Humidity,KineticEnergy,ParticlesDetected,Pressure,RainIntensity,RainRate,Temperature,-0.11734384515003488,0.013769577994595364
AverageParticleSpeed,Humidity,KineticEnergy,ParticlesDetected,Pressure,RainIntensity,Temperature,VolumeEquivalentDiameter,-0.11734384515003486,0.01376957799459536
AverageParticleSpeed,KineticEnergy,ParticlesDetected,RadarReflectivity,RainAbsolute,RainIntensity,SnowDepthIntensity,WindSpeed,0.11727455496311963,0.013753321241797766
AverageParticleSpeed,KineticEnergy,ParticlesDetected,RadarReflectivity,RainAccumulated,RainIntensity,SnowDepthIntensity,WindSpeed,0.11727455496311963,0.013753321241797766
KineticEnergy,ParticlesDetected,RadarReflectivity,RainAbsolute,RainIntensity,SnowDepthIntensity,VolumeEquivalentDiameter,WindSpeed,0.11727455496311963,0.013753321241797766
KineticEnergy,ParticlesDetected,RadarReflectivity,RainAccumulated,RainIntensity,SnowDepthIntensity,VolumeEquivalentDiameter,WindSpeed,0.11727455496311963,0.013753321241797766
KineticEnergy,ParticlesDetected,RadarReflectivity,RainAbsolute,RainIntensity,RainRate,SnowDepthIntensity,WindSpeed,0.1172745549631195,0.013753321241797737
KineticEnergy,ParticlesDetected,RadarReflectivity,RainAccumulated,RainIntensity,RainRate,SnowDepthIntensity,WindSpeed,0.1172745549631195,0.013753321241797737
AverageParticleSpeed,ParticlesDetected,RadarReflectivity,RainAbsolute,RainAccumulated,Temperature,WeatherCode4680,WindSpeed,0.1169954095123229,0.013687925846956136
ParticlesDetected,RadarReflectivity,RainAbsolute,RainAccumulated,Temperature,VolumeEquivalentDiameter,WeatherCode4680,WindSpeed,0.1169954095123229,0.013687925846956136
ParticlesDetected,RadarReflectivity,RainAbsolute,RainAccumulated,RainRate,Temperature,WeatherCode4680,WindSpeed,0.11699540951232289,0.013687925846956132
AverageParticleSpeed,Humidity,KineticEnergy,ParticlesDetected,RainAbsolute,SnowDepthIntensity,VolumeEquivalentDiameter,WindSpeed,0.11676991176549267,0.013635212293720944
AverageParticleSpeed,Humidity,KineticEnergy,ParticlesDetected,RainAccumulated,SnowDepthIntensity,VolumeEquivalentDiameter,WindSpeed,0.11676991176549267,0.013635212293720944
Humidity,KineticEnergy,ParticlesDetected,RainAbsolute,RainRate,SnowDepthIntensity,VolumeEquivalentDiameter,WindSpeed,0.11676991176549265,0.013635212293720937
Humidity,KineticEnergy,ParticlesDetected,RainAccumulated,RainRate,SnowDepthIntensity,VolumeEquivalentDiameter,WindSpeed,0.11676991176549265,0.013635212293720937
AverageParticleSpeed,Humidity,KineticEnergy,ParticlesDetected,RainAbsolute,RainRate,SnowDepthIntensity,WindSpeed,0.11676991176549262,0.013635212293720932
AverageParticleSpeed,Humidity,KineticEnergy,ParticlesDetected,RainAccumulated,RainRate,SnowDepthIntensity,WindSpeed,0.11676991176549262,0.013635212293720932
AverageParticleSpeed,ParticlesDetected,Pressure,RadarReflectivity,RainAbsolute,Temperature,VolumeEquivalentDiameter,WindSpeed,0.11674199110397077,0.01362869248691959
AverageParticleSpeed,ParticlesDetected,Pressure,RadarReflectivity,RainAccumulated,Temperature,VolumeEquivalentDiameter,WindSpeed,0.11674199110397077,0.01362869248691959
ParticlesDetected,Pressure,RadarReflectivity,RainAbsolute,RainRate,Temperature,VolumeEquivalentDiameter,WindSpeed,0.11674199110397074,0.013628692486919582
ParticlesDetected,Pressure,RadarReflectivity,RainAccumulated,RainRate,Temperature,VolumeEquivalentDiameter,WindSpeed,0.11674199110397074,0.013628692486919582
AverageParticleSpeed,ParticlesDetected,Pressure,RadarReflectivity,RainAbsolute,RainRate,Temperature,WindSpeed,0.11674199110397068,0.01362869248691957
AverageParticleSpeed,ParticlesDetected,Pressure,RadarReflectivity,RainAccumulated,RainRate,Temperature,WindSpeed,0.11674199110397068,0.01362869248691957
ParticlesDetected,Pressure,RadarReflectivity,RainAbsolute,RainAccumulated,Temperature,WeatherCode4680,WindSpeed,0.11669402019377499,0.013617494348985166
KineticEnergy,ParticlesDetected,Pressure,RadarReflectivity,RainAbsolute,RainIntensity,SnowDepthIntensity,WindSpeed,0.11661790256868472,0.013599735199519241
KineticEnergy,ParticlesDetected,Pressure,RadarReflectivity,RainAccumulated,RainIntensity,SnowDepthIntensity,WindSpeed,0.11661790256868472,0.013599735199519241
AverageParticleSpeed,Humidity,ParticlesDetected,RainAbsolute,RainAccumulated,Temperature,WeatherCode4680,WindSpeed,0.11655975921061876,0.013586177467237424
Humidity,ParticlesDetected,RainAbsolute,RainAccumulated,Temperature,VolumeEquivalentDiameter,WeatherCode4680,WindSpeed,0.11655975921061876,0.013586177467237424
Humidity,ParticlesDetected,RainAbsolute,RainAccumulated,RainRate,Temperature,WeatherCode4680,WindSpeed,0.11655975921061873,0.013586177467237419
AverageParticleSpeed,Humidity,ParticlesDetected,Pressure,RainAbsolute,RainIntensity,SnowDepthIntensity,WindSpeed,0.1164955097860944,0.013571203800322016
AverageParticleSpeed,Humidity,ParticlesDetected,Pressure,RainAccumulated,RainIntensity,SnowDepthIntensity,WindSpeed,0.1164955097860944,0.013571203800322016
Humidity,ParticlesDetected,Pressure,RainAbsolute,RainIntensity,SnowDepthIntensity,VolumeEquivalentDiameter,WindSpeed,0.11649550978609437,0.013571203800322009
Humidity,ParticlesDetected,Pressure,RainAccumulated,RainIntensity,SnowDepthIntensity,VolumeEquivalentDiameter,WindSpeed,0.11649550978609437,0.013571203800322009
Humidity,ParticlesDetected,Pressure,RainAbsolute,RainIntensity,RainRate,SnowDepthIntensity,WindSpeed,0.11649550978609428,0.01357120380032199
Humidity,ParticlesDetected,Pressure,RainAccumulated,RainIntensity,RainRate,SnowDepthIntensity,WindSpeed,0.11649550978609428,0.01357120380032199
ParticlesDetected,RadarReflectivity,RainAbsolute,RainAccumulated,RainIntensity,Temperature,WeatherCode4680,WindSpeed,0.11647726496070256,0.013566953252725708
KineticEnergy,ParticlesDetected,RadarReflectivity,RainAbsolute,RainAccumulated,Temperature,WeatherCode4680,WindSpeed,0.11629425713767391,0.01352435424320342
Humidity,ParticlesDetected,Pressure,RainAbsolute,RainAccumulated,Temperature,WeatherCode4680,WindSpeed,0.1162182366864069,0.013506678538497695
AverageParticleSpeed,ParticlesDetected,RadarReflectivity,RainAbsolute,RainIntensity,Temperature,VolumeEquivalentDiameter,WindSpeed,0.11620803957051169,0.013504308460821611
AverageParticleSpeed,ParticlesDetected,RadarReflectivity,RainAccumulated,RainIntensity,Temperature,VolumeEquivalentDiameter,WindSpeed,0.11620803957051169,0.013504308460821611
AverageParticleSpeed,ParticlesDetected,RadarReflectivity,RainAbsolute,RainIntensity,RainRate,Temperature,WindSpeed,0.11620803957051148,0.013504308460821563
AverageParticleSpeed,ParticlesDetected,RadarReflectivity,RainAccumulated,RainIntensity,RainRate,Temperature,WindSpeed,0.11620803957051148,0.013504308460821563
ParticlesDetected,RadarReflectivity,RainAbsolute,RainIntensity,RainRate,Temperature,VolumeEquivalentDiameter,WindSpeed,0.11620803957051148,0.013504308460821563
ParticlesDetected,RadarReflectivity,RainAccumulated,RainIntensity,RainRate,Temperature,VolumeEquivalentDiameter,WindSpeed,0.11620803957051148,0.013504308460821563
AverageParticleSpeed,Humidity,KineticEnergy,ParticlesDetected,RainIntensity,RainRate,Temperature,VolumeEquivalentDiameter,-0.11609584815298359,0.013478245958360622
Humidity,ParticlesDetected,RainAbsolute,RainAccumulated,RainIntensity,Temperature,WeatherCode4680,WindSpeed,0.11597704585058036,0.013450675164227618
Humidity,KineticEnergy,ParticlesDetected,Pressure,RainAbsolute,RainRate,SnowDepthIntensity,WindSpeed,0.11588709224740275,0.013429818149558034
Humidity,KineticEnergy,ParticlesDetected,Pressure,RainAccumulated,RainRate,SnowDepthIntensity,WindSpeed,0.11588709224740275,0.013429818149558034
AverageParticleSpeed,Humidity,KineticEnergy,ParticlesDetected,Pressure,RainAbsolute,SnowDepthIntensity,WindSpeed,0.1158870922474025,0.013429818149557977
AverageParticleSpeed,Humidity,KineticEnergy,ParticlesDetected,Pressure,RainAccumulated,SnowDepthIntensity,WindSpeed,0.1158870922474025,0.013429818149557977
Humidity,KineticEnergy,ParticlesDetected,Pressure,RainAbsolute,SnowDepthIntensity,VolumeEquivalentDiameter,WindSpeed,0.11588709224740247,0.01342981814955797
Humidity,KineticEnergy,ParticlesDetected,Pressure,RainAccumulated,SnowDepthIntensity,VolumeEquivalentDiameter,WindSpeed,0.11588709224740247,0.01342981814955797
Humidity,KineticEnergy,ParticlesDetected,RainAbsolute,RainAccumulated,Temperature,WeatherCode4680,WindSpeed,0.11577602304874944,0.013404087512984561
AverageParticleSpeed,KineticEnergy,ParticlesDetected,RadarReflectivity,RainAbsolute,RainRate,Temperature,WindSpeed,0.11573584441490956,0.013394785682432152
AverageParticleSpeed,KineticEnergy,ParticlesDetected,RadarReflectivity,RainAbsolute,Temperature,VolumeEquivalentDiameter,WindSpeed,0.11573584441490956,0.013394785682432152
AverageParticleSpeed,KineticEnergy,ParticlesDetected,RadarReflectivity,RainAccumulated,RainRate,Temperature,WindSpeed,0.11573584441490956,0.013394785682432152
AverageParticleSpeed,KineticEnergy,ParticlesDetected,RadarReflectivity,RainAccumulated,Temperature,VolumeEquivalentDiameter,WindSpeed,0.11573584441490956,0.013394785682432152
KineticEnergy,ParticlesDetected,RadarReflectivity,RainAbsolute,RainRate,Temperature,VolumeEquivalentDiameter,WindSpeed,0.11573584441490949,0.013394785682432134
KineticEnergy,ParticlesDetected,RadarReflectivity,RainAccumulated,RainRate,Temperature,VolumeEquivalentDiameter,WindSpeed,0.11573584441490949,0.013394785682432134
AverageParticleSpeed,ParticlesDetected,Pressure,RadarReflectivity,RainAbsolute,RainIntensity,Temperature,WindSpeed,0.11553192274744485,0.013347625173721565
AverageParticleSpeed,ParticlesDetected,Pressure,RadarReflectivity,RainAccumulated,RainIntensity,Temperature,WindSpeed,0.11553192274744485,0.013347625173721565
ParticlesDetected,Pressure,RadarReflectivity,RainAbsolute,RainIntensity,Temperature,VolumeEquivalentDiameter,WindSpeed,0.11553192274744485,0.013347625173721565
ParticlesDetected,Pressure,RadarReflectivity,RainAccumulated,RainIntensity,Temperature,VolumeEquivalentDiameter,WindSpeed,0.11553192274744485,0.013347625173721565
ParticlesDetected,Pressure,RadarReflectivity,RainAbsolute,RainIntensity,RainRate,Temperature,WindSpeed,0.1155319227474447,0.01334762517372153
ParticlesDetected,Pressure,RadarReflectivity,RainAccumulated,RainIntensity,RainRate,Temperature,WindSpeed,0.1155319227474447,0.01334762517372153
AverageParticleSpeed,Humidity,Pressure,RadarReflectivity,RainIntensity,RainRate,Temperature,VolumeEquivalentDiameter,-0.11543786920106522,0.013325901645682241
Humidity,KineticEnergy,ParticlesDetected,RainAbsolute,RainIntensity,SnowDepthIntensity,VolumeEquivalentDiameter,WindSpeed,0.11517753445847476,0.01326586444393314
Humidity,KineticEnergy,ParticlesDetected,RainAccumulated,RainIntensity,SnowDepthIntensity,VolumeEquivalentDiameter,WindSpeed,0.11517753445847476,0.01326586444393314
AverageParticleSpeed,Humidity,KineticEnergy,ParticlesDetected,RainAbsolute,RainIntensity,SnowDepthIntensity,WindSpeed,0.11517753445847473,0.013265864443933134
AverageParticleSpeed,Humidity,KineticEnergy,ParticlesDetected,RainAccumulated,RainIntensity,SnowDepthIntensity,WindSpeed,0.11517753445847473,0.013265864443933134
Humidity,KineticEnergy,ParticlesDetected,RainAbsolute,RainIntensity,RainRate,SnowDepthIntensity,WindSpeed,0.11517753445847463,0.013265864443933111
Humidity,KineticEnergy,ParticlesDetected,RainAccumulated,RainIntensity,RainRate,SnowDepthIntensity,WindSpeed,0.11517753445847463,0.013265864443933111
KineticEnergy,ParticlesDetected,Pressure,RadarReflectivity,RainAbsolute,Temperature,VolumeEquivalentDiameter,WindSpeed,0.11506124586123427,0.013239090299139401
KineticEnergy,ParticlesDetected,Pressure,RadarReflectivity,RainAccumulated,Temperature,VolumeEquivalentDiameter,WindSpeed,0.11506124586123427,0.013239090299139401
KineticEnergy,ParticlesDetected,Pressure,RadarReflectivity,RainAbsolute,RainRate,Temperature,WindSpeed,0.11506124586123424,0.013239090299139394
KineticEnergy,ParticlesDetected,Pressure,RadarReflectivity,RainAccumulated,RainRate,Temperature,WindSpeed,0.11506124586123424,0.013239090299139394
AverageParticleSpeed,KineticEnergy,ParticlesDetected,Pressure,RadarReflectivity,RainAbsolute,Temperature,WindSpeed,0.11506124586123423,0.01323909029913939
AverageParticleSpeed,KineticEnergy,ParticlesDetected,Pressure,RadarReflectivity,RainAccumulated,Temperature,WindSpeed,0.11506124586123423,0.01323909029913939
AverageParticleSpeed,Humidity,KineticEnergy,Pressure,RadarReflectivity,RainRate,Temperature,VolumeEquivalentDiameter,-0.11499207218226594,0.01322317666477146
AverageParticleSpeed,Humidity,KineticEnergy,ParticlesDetected,Pressure,RainIntensity,RainRate,VolumeEquivalentDiameter,-0.1146911654297259,0.013154063427628754
Humidity,RadarReflectivity,RainAbsolute,RainAccumulated,SnowDepthIntensity,Temperature,WeatherCode4680,WindSpeed,0.11468659658471272,0.013153015436184641
AverageParticleSpeed,KineticEnergy,ParticlesDetected,RadarReflectivity,RainAbsolute,RainIntensity,Temperature,WindSpeed,0.11454071700077903,0.013119575851052551
AverageParticleSpeed,KineticEnergy,ParticlesDetected,RadarReflectivity,RainAccumulated,RainIntensity,Temperature,WindSpeed,0.11454071700077903,0.013119575851052551
KineticEnergy,ParticlesDetected,RadarReflectivity,RainAbsolute,RainIntensity,RainRate,Temperature,WindSpeed,0.11454071700077903,0.013119575851052551
KineticEnergy,ParticlesDetected,RadarReflectivity,RainAccumulated,RainIntensity,RainRate,Temperature,WindSpeed,0.11454071700077903,0.013119575851052551
KineticEnergy,ParticlesDetected,RadarReflectivity,RainAbsolute,RainIntensity,Temperature,VolumeEquivalentDiameter,WindSpeed,0.11454071700077902,0.013119575851052548
KineticEnergy,ParticlesDetected,RadarReflectivity,RainAccumulated,RainIntensity,Temperature,VolumeEquivalentDiameter,WindSpeed,0.11454071700077902,0.013119575851052548
Humidity,KineticEnergy,ParticlesDetected,Pressure,RainAbsolute,RainIntensity,SnowDepthIntensity,WindSpeed,0.11429971723480759,0.01306442535995697
Humidity,KineticEnergy,ParticlesDetected,Pressure,RainAccumulated,RainIntensity,SnowDepthIntensity,WindSpeed,0.11429971723480759,0.01306442535995697
Humidity,KineticEnergy,Pressure,RadarReflectivity,RainIntensity,RainRate,Temperature,VolumeEquivalentDiameter,-0.11427411353395975,0.013058573023972323
AverageParticleSpeed,Humidity,KineticEnergy,Pressure,RadarReflectivity,RainIntensity,RainRate,Temperature,-0.11427411353395966,0.013058573023972304
AverageParticleSpeed,Humidity,KineticEnergy,Pressure,RadarReflectivity,RainIntensity,Temperature,VolumeEquivalentDiameter,-0.1142741135339596,0.013058573023972288
AverageParticleSpeed,Humidity,ParticlesDetected,Pressure,RainRate,SnowDepthIntensity,Temperature,VolumeEquivalentDiameter,-0.11403395700068546,0.01300374334923418
KineticEnergy,ParticlesDetected,Pressure,RadarReflectivity,RainAbsolute,RainIntensity,Temperature,WindSpeed,0.11386928552994656,0.012966214187100497
KineticEnergy,ParticlesDetected,Pressure,RadarReflectivity,RainAccumulated,RainIntensity,Temperature,WindSpeed,0.11386928552994656,0.012966214187100497
AverageParticleSpeed,Humidity,ParticlesDetected,RainAbsolute,RainRate,Temperature,VolumeEquivalentDiameter,WindSpeed,0.11358661221063551,0.012901918473489293
AverageParticleSpeed,Humidity,ParticlesDetected,RainAccumulated,RainRate,Temperature,VolumeEquivalentDiameter,WindSpeed,0.11358661221063551,0.012901918473489293
AverageParticleSpeed,Humidity,ParticlesDetected,Pressure,RainIntensity,SnowDepthIntensity,Temperature,VolumeEquivalentDiameter,-0.11328475920123458,0.012833436667281704
AverageParticleSpeed,Humidity,ParticlesDetected,Pressure,RainIntensity,RainRate,SnowDepthIntensity,Temperature,-0.11328475920123456,0.012833436667281697
Humidity,ParticlesDetected,Pressure,RainIntensity,RainRate,SnowDepthIntensity,Temperature,VolumeEquivalentDiameter,-0.11328475920123456,0.012833436667281697
AverageParticleSpeed,Humidity,KineticEnergy,RadarReflectivity,RainIntensity,RainRate,Temperature,VolumeEquivalentDiameter,-0.11296103625018372,0.01276019571071532
AverageParticleSpeed,Humidity,KineticEnergy,ParticlesDetected,Pressure,RainRate,SnowDepthIntensity,Temperature,-0.11284098221795232,0.012733087267912231
AverageParticleSpeed,Humidity,KineticEnergy,ParticlesDetected,Pressure,SnowDepthIntensity,Temperature,VolumeEquivalentDiameter,-0.11284098221795232,0.012733087267912231
Humidity,KineticEnergy,ParticlesDetected,Pressure,RainRate,SnowDepthIntensity,Temperature,VolumeEquivalentDiameter,-0.11284098221795232,0.012733087267912231
Humidity,ParticlesDetected,Pressure,RadarReflectivity,RainRate,Temperature,VolumeEquivalentDiameter,WindSpeed,-0.11279093841086704,0.012721795787604002
AverageParticleSpeed,Humidity,ParticlesDetected,Pressure,RadarReflectivity,Temperature,VolumeEquivalentDiameter,WindSpeed,-0.11279093841086696,0.012721795787603983
AverageParticleSpeed,Humidity,ParticlesDetected,Pressure,RadarReflectivity,RainRate,Temperature,WindSpeed,-0.11279093841086692,0.012721795787603974
AverageParticleSpeed,Humidity,ParticlesDetected,Pressure,RainAbsolute,Temperature,VolumeEquivalentDiameter,WindSpeed,0.11267635033149438,0.012695959924025654
AverageParticleSpeed,Humidity,ParticlesDetected,Pressure,RainAccumulated,Temperature,VolumeEquivalentDiameter,WindSpeed,0.11267635033149438,0.012695959924025654
AverageParticleSpeed,Humidity,ParticlesDetected,Pressure,RainAbsolute,RainRate,Temperature,WindSpeed,0.11267635033149434,0.012695959924025644
AverageParticleSpeed,Humidity,ParticlesDetected,Pressure,RainAccumulated,RainRate,Temperature,WindSpeed,0.11267635033149434,0.012695959924025644
Humidity,ParticlesDetected,Pressure,RainAbsolute,RainRate,Temperature,VolumeEquivalentDiameter,WindSpeed,0.11267635033149419,0.012695959924025611
Humidity,ParticlesDetected,Pressure,RainAccumulated,RainRate,Temperature,VolumeEquivalentDiameter,WindSpeed,0.11267635033149419,0.012695959924025611
ParticlesDetected,RadarReflectivity,RainAbsolute,RainAccumulated,SnowDepthIntensity,Temperature,WeatherCode4680,WindSpeed,0.11260883108674465,0.012680748838722987
Humidity,ParticlesDetected,Pressure,RadarReflectivity,RainIntensity,RainRate,Temperature,WindSpeed,-0.11227597366308491,0.012605894261993735
AverageParticleSpeed,Humidity,ParticlesDetected,Pressure,RadarReflectivity,RainIntensity,Temperature,WindSpeed,-0.11227597366308487,0.012605894261993726
Humidity,ParticlesDetected,Pressure,RadarReflectivity,RainIntensity,Temperature,VolumeEquivalentDiameter,WindSpeed,-0.11227597366308487,0.012605894261993726
AverageParticleSpeed,Humidity,ParticlesDetected,RainIntensity,RainRate,SnowDepthIntensity,Temperature,VolumeEquivalentDiameter,-0.11212582304962836,0.01257220019455657
Humidity,KineticEnergy,ParticlesDetected,Pressure,RainIntensity,RainRate,SnowDepthIntensity,Temperature,-0.11210393046267764,0.012567291225180863
Humidity,KineticEnergy,ParticlesDetected,Pressure,RainIntensity,SnowDepthIntensity,Temperature,VolumeEquivalentDiameter,-0.11210393046267747,0.012567291225180825
AverageParticleSpeed,Humidity,KineticEnergy,ParticlesDetected,Pressure,RainIntensity,SnowDepthIntensity,Temperature,-0.11210393046267744,0.01256729122518082
AverageParticleSpeed,Humidity,ParticlesDetected,RainAbsolute,RainIntensity,RainRate,Temperature,WindSpeed,0.11203582705358099,0.012552026543579911
AverageParticleSpeed,Humidity,ParticlesDetected,RainAccumulated,RainIntensity,RainRate,Temperature,WindSpeed,0.11203582705358099,0.012552026543579911
AverageParticleSpeed,Humidity,ParticlesDetected,RainAbsolute,RainIntensity,Temperature,VolumeEquivalentDiameter,WindSpeed,0.11203582705358094,0.012552026543579897
AverageParticleSpeed,Humidity,ParticlesDetected,RainAccumulated,RainIntensity,Temperature,VolumeEquivalentDiameter,WindSpeed,0.11203582705358094,0.012552026543579897
Humidity,ParticlesDetected,RainAbsolute,RainIntensity,RainRate,Temperature,VolumeEquivalentDiameter,WindSpeed,0.11203582705358091,0.012552026543579892
Humidity,ParticlesDetected,RainAccumulated,RainIntensity,RainRate,Temperature,VolumeEquivalentDiameter,WindSpeed,0.11203582705358091,0.012552026543579892
AverageParticleSpeed,Humidity,ParticlesDetected,RadarReflectivity,RainRate,Temperature,VolumeEquivalentDiameter,WindSpeed,-0.11199213483142627,0.01254223826410036
Humidity,KineticEnergy,ParticlesDetected,Pressure,RadarReflectivity,RainRate,Temperature,WindSpeed,-0.11195737992420071,0.01253445491949182
AverageParticleSpeed,Humidity,KineticEnergy,ParticlesDetected,Pressure,RadarReflectivity,Temperature,WindSpeed,-0.1119573799242007,0.012534454919491818
Humidity,KineticEnergy,ParticlesDetected,Pressure,RadarReflectivity,Temperature,VolumeEquivalentDiameter,WindSpeed,-0.11195737992420068,0.012534454919491815
AverageParticleSpeed,Humidity,KineticEnergy,Pressure,RadarReflectivity,RainIntensity,RainRate,VolumeEquivalentDiameter,-0.11186999359340931,0.01251489546658944
AverageParticleSpeed,Humidity,KineticEnergy,ParticlesDetected,RainRate,SnowDepthIntensity,Temperature,VolumeEquivalentDiameter,-0.11168774263423467,0.01247415185473104
AverageParticleSpeed,KineticEnergy,Pressure,RainAbsolute,RainIntensity,RainRate,VolumeEquivalentDiameter,WeatherCode4680,0.11166467785401327,0.01246900028024056
AverageParticleSpeed,KineticEnergy,Pressure,RainAccumulated,RainIntensity,RainRate,VolumeEquivalentDiameter,WeatherCode4680,0.11166467785401327,0.01246900028024056
Humidity,ParticlesDetected,RainAbsolute,RainAccumulated,SnowDepthIntensity,Temperature,WeatherCode4680,WindSpeed,0.11162939833241647,0.012461122572057306
AverageParticleSpeed,Humidity,ParticlesDetected,RadarReflectivity,RainIntensity,Temperature,VolumeEquivalentDiameter,WindSpeed,-0.11148312973255552,0.012428488214965804
AverageParticleSpeed,Humidity,ParticlesDetected,RadarReflectivity,RainIntensity,RainRate,Temperature,WindSpeed,-0.11148312973255547,0.012428488214965795
Humidity,ParticlesDetected,RadarReflectivity,RainIntensity,RainRate,Temperature,VolumeEquivalentDiameter,WindSpeed,-0.11148312973255547,0.012428488214965795
Humidity,KineticEnergy,ParticlesDetected,Pressure,RadarReflectivity,RainIntensity,Temperature,WindSpeed,-0.11144860015409186,0.012420790476306644
AverageParticleSpeed,Humidity,KineticEnergy,ParticlesDetected,RainAbsolute,RainRate,Temperature,WindSpeed,0.1114455983029604,0.01242012138110481
AverageParticleSpeed,Humidity,KineticEnergy,ParticlesDetected,RainAccumulated,RainRate,Temperature,WindSpeed,0.1114455983029604,0.01242012138110481
Humidity,KineticEnergy,ParticlesDetected,RainAbsolute,RainRate,Temperature,VolumeEquivalentDiameter,WindSpeed,0.11144559830296036,0.012420121381104801
Humidity,KineticEnergy,ParticlesDetected,RainAccumulated,RainRate,Temperature,VolumeEquivalentDiameter,WindSpeed,0.11144559830296036,0.012420121381104801
AverageParticleSpeed,Humidity,KineticEnergy,ParticlesDetected,RainAbsolute,Temperature,VolumeEquivalentDiameter,WindSpeed,0.11144559830296026,0.012420121381104779
AverageParticleSpeed,Humidity,KineticEnergy,ParticlesDetected,RainAccumulated,Temperature,VolumeEquivalentDiameter,WindSpeed,0.11144559830296026,0.012420121381104779
AverageParticleSpeed,Humidity,KineticEnergy,ParticlesDetected,RadarReflectivity,Temperature,VolumeEquivalentDiameter,WindSpeed,-0.11116727383034426,0.012358162770870745
AverageParticleSpeed,Humidity,KineticEnergy,ParticlesDetected,RadarReflectivity,RainRate,Temperature,WindSpeed,-0.11116727383034411,0.01235816277087071
Humidity,KineticEnergy,ParticlesDetected,RadarReflectivity,RainRate,Temperature,VolumeEquivalentDiameter,WindSpeed,-0.11116727383034411,0.01235816277087071
AverageParticleSpeed,Humidity,ParticlesDetected,Pressure,RainAbsolute,RainIntensity,Temperature,WindSpeed,0.11113068067431887,0.012350028187137431
AverageParticleSpeed,Humidity,ParticlesDetected,Pressure,RainAccumulated,RainIntensity,Temperature,WindSpeed,0.11113068067431887,0.012350028187137431
Humidity,ParticlesDetected,Pressure,RainAbsolute,RainIntensity,RainRate,Temperature,WindSpeed,0.11113068067431887,0.012350028187137431
Humidity,ParticlesDetected,Pressure,RainAbsolute,RainIntensity,Temperature,VolumeEquivalentDiameter,WindSpeed,0.11113068067431887,0.012350028187137431
Humidity,ParticlesDetected,Pressure,RainAccumulated,RainIntensity,RainRate,Temperature,WindSpeed,0.11113068067431887,0.012350028187137431
Humidity,ParticlesDetected,Pressure,RainAccumulated,RainIntensity,Temperature,VolumeEquivalentDiameter,WindSpeed,0.11113068067431887,0.012350028187137431
AverageParticleSpeed,Humidity,RadarReflectivity,RainAbsolute,SnowDepthIntensity,Temperature,VolumeEquivalentDiameter,WindSpeed,0.11100604670440219,0.01232234240493992
AverageParticleSpeed,Humidity,RadarReflectivity,RainAccumulated,SnowDepthIntensity,Temperature,VolumeEquivalentDiameter,WindSpeed,0.11100604670440219,0.01232234240493992
Humidity,RadarReflectivity,RainAbsolute,RainRate,SnowDepthIntensity,Temperature,VolumeEquivalentDiameter,WindSpeed,0.11100604670440219,0.01232234240493992
Humidity,RadarReflectivity,RainAccumulated,RainRate,SnowDepthIntensity,Temperature,VolumeEquivalentDiameter,WindSpeed,0.11100604670440219,0.01232234240493992
AverageParticleSpeed,Humidity,RadarReflectivity,RainAbsolute,RainRate,SnowDepthIntensity,Temperature,WindSpeed,0.11100604670440216,0.012322342404939913
AverageParticleSpeed,Humidity,RadarReflectivity,RainAccumulated,RainRate,SnowDepthIntensity,Temperature,WindSpeed,0.11100604670440216,0.012322342404939913
AverageParticleSpeed,Humidity,KineticEnergy,ParticlesDetected,RainIntensity,RainRate,SnowDepthIntensity,Temperature,-0.11096324483009613,0.012312841703223856
AverageParticleSpeed,Humidity,KineticEnergy,ParticlesDetected,RainIntensity,SnowDepthIntensity,Temperature,VolumeEquivalentDiameter,-0.1109632448300961,0.01231284170322385
Humidity,KineticEnergy,ParticlesDetected,RainIntensity,RainRate,SnowDepthIntensity,Temperature,VolumeEquivalentDiameter,-0.1109632448300961,0.01231284170322385
AverageParticleSpeed,Humidity,Pressure,RadarReflectivity,RainRate,SnowDepthIntensity,Temperature,VolumeEquivalentDiameter,-0.11067228262531735,0.01224835414149812
Humidity,KineticEnergy,ParticlesDetected,RadarReflectivity,RainIntensity,RainRate,Temperature,WindSpeed,-0.110664369662032,0.012246602712694867
AverageParticleSpeed,Humidity,KineticEnergy,ParticlesDetected,RadarReflectivity,RainIntensity,Temperature,WindSpeed,-0.11066436966203191,0.01224660271269485
Humidity,KineticEnergy,ParticlesDetected,RadarReflectivity,RainIntensity,Temperature,VolumeEquivalentDiameter,WindSpeed,-0.11066436966203187,0.01224660271269484
Humidity,KineticEnergy,ParticlesDetected,Pressure,RainAbsolute,Temperature,VolumeEquivalentDiameter,WindSpeed,0.11054292586379293,0.012219738458528018
Humidity,KineticEnergy,ParticlesDetected,Pressure,RainAccumulated,Temperature,VolumeEquivalentDiameter,WindSpeed,0.11054292586379293,0.012219738458528018
AverageParticleSpeed,Humidity,KineticEnergy,ParticlesDetected,Pressure,RainAbsolute,Temperature,WindSpeed,0.11054292586379286,0.012219738458528005
AverageParticleSpeed,Humidity,KineticEnergy,ParticlesDetected,Pressure,RainAccumulated,Temperature,WindSpeed,0.11054292586379286,0.012219738458528005
Humidity,KineticEnergy,ParticlesDetected,Pressure,RainAbsolute,RainRate,Temperature,WindSpeed,0.11054292586379273,0.012219738458527977
Humidity,KineticEnergy,ParticlesDetected,Pressure,RainAccumulated,RainRate,Temperature,WindSpeed,0.11054292586379273,0.012219738458527977
AverageParticleSpeed,Humidity,ParticlesDetected,Pressure,RadarReflectivity,RainRate,VolumeEquivalentDiameter,WindSpeed,-0.11042647923168383,0.012194007315505502
AverageParticleSpeed,Humidity,ParticlesDetected,Pressure,RainIntensity,RainRate,SnowDepthIntensity,VolumeEquivalentDiameter,-0.11034323299111062,0.012175629066930524
Humidity,Pressure,RadarReflectivity,RainAbsolute,RainRate,SnowDepthIntensity,Temperature,WindSpeed,0.1101304769405041,0.012128721951142904
Humidity,Pressure,RadarReflectivity,RainAccumulated,RainRate,SnowDepthIntensity,Temperature,WindSpeed,0.1101304769405041,0.012128721951142904
Humidity,Pressure,RadarReflectivity,RainAbsolute,SnowDepthIntensity,Temperature,VolumeEquivalentDiameter,WindSpeed,0.11013047694050399,0.01212872195114288
Humidity,Pressure,RadarReflectivity,RainAccumulated,SnowDepthIntensity,Temperature,VolumeEquivalentDiameter,WindSpeed,0.11013047694050399,0.01212872195114288
AverageParticleSpeed,Humidity,Pressure,RadarReflectivity,RainAbsolute,SnowDepthIntensity,Temperature,WindSpeed,0.11013047694050396,0.012128721951142873
AverageParticleSpeed,Humidity,Pressure,RadarReflectivity,RainAccumulated,SnowDepthIntensity,Temperature,WindSpeed,0.11013047694050396,0.012128721951142873
AverageParticleSpeed,Humidity,Pressure,RadarReflectivity,RainIntensity,SnowDepthIntensity,Temperature,VolumeEquivalentDiameter,-0.11002829107515909,0.012106224836919933
AverageParticleSpeed,Humidity,Pressure,RadarReflectivity,RainIntensity,RainRate,SnowDepthIntensity,Temperature,-0.11002829107515895,0.012106224836919902
Humidity,Pressure,RadarReflectivity,RainIntensity,RainRate,SnowDepthIntensity,Temperature,VolumeEquivalentDiameter,-0.1100282910751588,0.012106224836919869
Humidity,KineticEnergy,ParticlesDetected,RainAbsolute,RainIntensity,RainRate,Temperature,WindSpeed,0.10992216584534097,0.012082882544130645
Humidity,KineticEnergy,ParticlesDetected,RainAccumulated,RainIntensity,RainRate,Temperature,WindSpeed,0.10992216584534097,0.012082882544130645
AverageParticleSpeed,Humidity,KineticEnergy,ParticlesDetected,RainAbsolute,RainIntensity,Temperature,WindSpeed,0.10992216584534092,0.012082882544130634
AverageParticleSpeed,Humidity,KineticEnergy,ParticlesDetected,RainAccumulated,RainIntensity,Temperature,WindSpeed,0.10992216584534092,0.012082882544130634
Humidity,KineticEnergy,ParticlesDetected,RainAbsolute,RainIntensity,Temperature,VolumeEquivalentDiameter,WindSpeed,0.10992216584534092,0.012082882544130634
Humidity,KineticEnergy,ParticlesDetected,RainAccumulated,RainIntensity,Temperature,VolumeEquivalentDiameter,WindSpeed,0.10992216584534092,0.012082882544130634
AverageParticleSpeed,Humidity,ParticlesDetected,Pressure,RadarReflectivity,RainIntensity,VolumeEquivalentDiameter,WindSpeed,-0.10989054871781569,0.012075932697502623
Humidity,ParticlesDetected,Pressure,RadarReflectivity,RainIntensity,RainRate,VolumeEquivalentDiameter,WindSpeed,-0.10989054871781564,0.012075932697502614
AverageParticleSpeed,Humidity,ParticlesDetected,Pressure,RadarReflectivity,RainIntensity,RainRate,WindSpeed,-0.10989054871781563,0.01207593269750261
AverageParticleSpeed,Humidity,KineticEnergy,ParticlesDetected,Pressure,RainRate,SnowDepthIntensity,VolumeEquivalentDiameter,-0.10985808810487996,0.012068799522059567
Humidity,KineticEnergy,Pressure,RadarReflectivity,RainRate,SnowDepthIntensity,Temperature,VolumeEquivalentDiameter,-0.10964645856786016,0.012022345876473476
AverageParticleSpeed,Humidity,KineticEnergy,Pressure,RadarReflectivity,RainRate,SnowDepthIntensity,Temperature,-0.10964645856786,0.01202234587647344
AverageParticleSpeed,Humidity,KineticEnergy,Pressure,RadarReflectivity,SnowDepthIntensity,Temperature,VolumeEquivalentDiameter,-0.10964645856785997,0.012022345876473432
Humidity,RadarReflectivity,RainAbsolute,RainIntensity,SnowDepthIntensity,Temperature,VolumeEquivalentDiameter,WindSpeed,0.10959441441936281,0.012010935671923038
Humidity,RadarReflectivity,RainAccumulated,RainIntensity,SnowDepthIntensity,Temperature,VolumeEquivalentDiameter,WindSpeed,0.10959441441936281,0.012010935671923038
AverageParticleSpeed,Humidity,RadarReflectivity,RainAbsolute,RainIntensity,SnowDepthIntensity,Temperature,WindSpeed,0.1095944144193628,0.012010935671923037
AverageParticleSpeed,Humidity,RadarReflectivity,RainAccumulated,RainIntensity,SnowDepthIntensity,Temperature,WindSpeed,0.1095944144193628,0.012010935671923037
Humidity,RadarReflectivity,RainAbsolute,RainIntensity,RainRate,SnowDepthIntensity,Temperature,WindSpeed,0.10959441441936273,0.012010935671923021
Humidity,RadarReflectivity,RainAccumulated,RainIntensity,RainRate,SnowDepthIntensity,Temperature,WindSpeed,0.10959441441936273,0.012010935671923021
AverageParticleSpeed,Humidity,KineticEnergy,ParticlesDetected,Pressure,RadarReflectivity,RainRate,WindSpeed,-0.10955511119161132,0.01200232238820632
AverageParticleSpeed,Humidity,KineticEnergy,ParticlesDetected,Pressure,RadarReflectivity,VolumeEquivalentDiameter,WindSpeed,-0.10955511119161128,0.01200232238820631
Humidity,KineticEnergy,ParticlesDetected,Pressure,RadarReflectivity,RainRate,VolumeEquivalentDiameter,WindSpeed,-0.10955511119161125,0.012002322388206305
Humidity,ParticlesDetected,Pressure,RadarReflectivity,SnowDepthIntensity,Temperature,VolumeEquivalentDiameter,WindSpeed,-0.10935395991991369,0.011958288550166089
AverageParticleSpeed,Humidity,ParticlesDetected,Pressure,RadarReflectivity,SnowDepthIntensity,Temperature,WindSpeed,-0.10935395991991365,0.01195828855016608
Humidity,ParticlesDetected,Pressure,RadarReflectivity,RainRate,SnowDepthIntensity,Temperature,WindSpeed,-0.10935395991991365,0.01195828855016608
Humidity,KineticEnergy,RadarReflectivity,RainAbsolute,RainRate,SnowDepthIntensity,Temperature,WindSpeed,0.10909114966481646,0.011900878935191385
Humidity,KineticEnergy,RadarReflectivity,RainAccumulated,RainRate,SnowDepthIntensity,Temperature,WindSpeed,0.10909114966481646,0.011900878935191385
AverageParticleSpeed,Humidity,KineticEnergy,RadarReflectivity,RainAbsolute,SnowDepthIntensity,Temperature,WindSpeed,0.1090911496648164,0.01190087893519137
AverageParticleSpeed,Humidity,KineticEnergy,RadarReflectivity,RainAccumulated,SnowDepthIntensity,Temperature,WindSpeed,0.1090911496648164,0.01190087893519137
Humidity,KineticEnergy,RadarReflectivity,RainAbsolute,SnowDepthIntensity,Temperature,VolumeEquivalentDiameter,WindSpeed,0.10909114966481631,0.011900878935191352
Humidity,KineticEnergy,RadarReflectivity,RainAccumulated,SnowDepthIntensity,Temperature,VolumeEquivalentDiameter,WindSpeed,0.10909114966481631,0.011900878935191352
Humidity,KineticEnergy,ParticlesDetected,Pressure,RainIntensity,RainRate,SnowDepthIntensity,VolumeEquivalentDiameter,-0.10906318266836301,0.011894777813752718
AverageParticleSpeed,Humidity,KineticEnergy,ParticlesDetected,Pressure,RainIntensity,RainRate,SnowDepthIntensity,-0.10906318266836298,0.011894777813752712
AverageParticleSpeed,Humidity,KineticEnergy,ParticlesDetected,Pressure,RainIntensity,SnowDepthIntensity,VolumeEquivalentDiameter,-0.10906318266836293,0.0118947778137527
AverageParticleSpeed,Humidity,ParticlesDetected,RadarReflectivity,RainIntensity,RainRate,VolumeEquivalentDiameter,WindSpeed,-0.10905063960329321,0.011892041997887341
AverageParticleSpeed,Humidity,KineticEnergy,ParticlesDetected,Pressure,RadarReflectivity,RainIntensity,WindSpeed,-0.10902647253020382,0.011886771712379288
Humidity,KineticEnergy,ParticlesDetected,Pressure,RadarReflectivity,RainIntensity,VolumeEquivalentDiameter,WindSpeed,-0.10902647253020378,0.01188677171237928
Humidity,KineticEnergy,ParticlesDetected,Pressure,RadarReflectivity,RainIntensity,RainRate,WindSpeed,-0.10902647253020364,0.01188677171237925
Humidity,KineticEnergy,ParticlesDetected,Pressure,RainAbsolute,RainIntensity,Temperature,WindSpeed,0.10902467755418484,0.011886380315793975
Humidity,KineticEnergy,ParticlesDetected,Pressure,RainAccumulated,RainIntensity,Temperature,WindSpeed,0.10902467755418484,0.011886380315793975
Humidity,KineticEnergy,Pressure,RadarReflectivity,RainIntensity,SnowDepthIntensity,Temperature,VolumeEquivalentDiameter,-0.10900622634613544,0.011882357382224911
AverageParticleSpeed,Humidity,KineticEnergy,Pressure,RadarReflectivity,RainIntensity,SnowDepthIntensity,Temperature,-0.10900622634613537,0.011882357382224897
Humidity,KineticEnergy,Pressure,RadarReflectivity,RainIntensity,RainRate,SnowDepthIntensity,Temperature,-0.10900622634613533,0.011882357382224887
Humidity,ParticlesDetected,Pressure,RadarReflectivity,RainIntensity,SnowDepthIntensity,Temperature,WindSpeed,-0.10888335435618092,0.011855584855853663
AverageParticleSpeed,Humidity,RadarReflectivity,RainIntensity,RainRate,SnowDepthIntensity,Temperature,VolumeEquivalentDiameter,-0.10881624597296376,0.01184097538764855
Humidity,Pressure,RadarReflectivity,RainAbsolute,RainIntensity,SnowDepthIntensity,Temperature,WindSpeed,0.10872344465588063,0.011820787417840338
Humidity,Pressure,RadarReflectivity,RainAccumulated,RainIntensity,SnowDepthIntensity,Temperature,WindSpeed,0.10872344465588063,0.011820787417840338
AverageParticleSpeed,Humidity,KineticEnergy,ParticlesDetected,RadarReflectivity,RainRate,VolumeEquivalentDiameter,WindSpeed,-0.10871833193935962,0.011819675699676782
AverageParticleSpeed,Humidity,ParticlesDetected,RadarReflectivity,RainRate,SnowDepthIntensity,Temperature,WindSpeed,-0.10860159554092652,0.01179430655403499
Humidity,ParticlesDetected,RadarReflectivity,RainRate,SnowDepthIntensity,Temperature,VolumeEquivalentDiameter,WindSpeed,-0.10860159554092652,0.01179430655403499
AverageParticleSpeed,Humidity,ParticlesDetected,RadarReflectivity,SnowDepthIntensity,Temperature,VolumeEquivalentDiameter,WindSpeed,-0.10860159554092645,0.011794306554034977
Humidity,KineticEnergy,ParticlesDetected,Pressure,RadarReflectivity,SnowDepthIntensity,Temperature,WindSpeed,-0.10859799582706578,0.011793524697655397
AverageParticleSpeed,Humidity,KineticEnergy,RadarReflectivity,RainRate,SnowDepthIntensity,Temperature,VolumeEquivalentDiameter,-0.1084399254914329,0.011759217440587518
Humidity,KineticEnergy,Pressure,RadarReflectivity,RainAbsolute,SnowDepthIntensity,Temperature,WindSpeed,0.10822224850942162,0.01171205507243501
Humidity,KineticEnergy,Pressure,RadarReflectivity,RainAccumulated,SnowDepthIntensity,Temperature,WindSpeed,0.10822224850942162,0.01171205507243501
Humidity,KineticEnergy,ParticlesDetected,RadarReflectivity,RainIntensity,RainRate,VolumeEquivalentDiameter,WindSpeed,-0.10819636437638445,0.011706453264267355
AverageParticleSpeed,Humidity,KineticEnergy,ParticlesDetected,RadarReflectivity,RainIntensity,RainRate,WindSpeed,-0.10819636437638441,0.011706453264267346
AverageParticleSpeed,Humidity,KineticEnergy,ParticlesDetected,RadarReflectivity,RainIntensity,VolumeEquivalentDiameter,WindSpeed,-0.10819636437638437,0.011706453264267338
Humidity,ParticlesDetected,RadarReflectivity,RainIntensity,RainRate,SnowDepthIntensity,Temperature,WindSpeed,-0.10813636601348296,0.011693473654601954
AverageParticleSpeed,Humidity,ParticlesDetected,RadarReflectivity,RainIntensity,SnowDepthIntensity,Temperature,WindSpeed,-0.10813636601348282,0.011693473654601922
Humidity,ParticlesDetected,RadarReflectivity,RainIntensity,SnowDepthIntensity,Temperature,VolumeEquivalentDiameter,WindSpeed,-0.10813636601348282,0.011693473654601922
AverageParticleSpeed,Humidity,ParticlesDetected,RadarReflectivity,RainAbsolute,RainAccumulated,VolumeEquivalentDiameter,WeatherCode4680,0.10798264678472057,0.011660252006633723
AverageParticleSpeed,Humidity,ParticlesDetected,RadarReflectivity,RainAbsolute,RainAccumulated,RainRate,WeatherCode4680,0.10798264678472043,0.011660252006633693
Humidity,ParticlesDetected,RadarReflectivity,RainAbsolute,RainAccumulated,RainRate,VolumeEquivalentDiameter,WeatherCode4680,0.10798264678472037,0.011660252006633681
Humidity,KineticEnergy,ParticlesDetected,RadarReflectivity,RainRate,SnowDepthIntensity,Temperature,WindSpeed,-0.1078534211793609,0.011632360460092616
AverageParticleSpeed,Humidity,KineticEnergy,ParticlesDetected,RadarReflectivity,SnowDepthIntensity,Temperature,WindSpeed,-0.10785342117936082,0.011632360460092597
Humidity,KineticEnergy,ParticlesDetected,RadarReflectivity,SnowDepthIntensity,Temperature,VolumeEquivalentDiameter,WindSpeed,-0.10785342117936082,0.011632360460092597
AverageParticleSpeed,Humidity,KineticEnergy,ParticlesDetected,RainIntensity,RainRate,SnowDepthIntensity,VolumeEquivalentDiameter,-0.10781791109559469,0.01162470195301756
AverageParticleSpeed,Humidity,KineticEnergy,RadarReflectivity,RainIntensity,RainRate,SnowDepthIntensity,Temperature,-0.10781241627735721,0.011623517103562159
Humidity,KineticEnergy,RadarReflectivity,RainIntensity,RainRate,SnowDepthIntensity,Temperature,VolumeEquivalentDiameter,-0.10781241627735719,0.011623517103562154
AverageParticleSpeed,Humidity,KineticEnergy,RadarReflectivity,RainIntensity,SnowDepthIntensity,Temperature,VolumeEquivalentDiameter,-0.10781241627735715,0.011623517103562143
Humidity,KineticEnergy,RadarReflectivity,RainAbsolute,RainIntensity,SnowDepthIntensity,Temperature,WindSpeed,0.10769925334264852,0.011599129170563988
Humidity,KineticEnergy,RadarReflectivity,RainAccumulated,RainIntensity,SnowDepthIntensity,Temperature,WindSpeed,0.10769925334264852,0.011599129170563988
Humidity,ParticlesDetected,Pressure,RadarReflectivity,RainAbsolute,RainAccumulated,VolumeEquivalentDiameter,WeatherCode4680,0.10768571232319103,0.011596212638553057
AverageParticleSpeed,Humidity,ParticlesDetected,Pressure,RadarReflectivity,RainAbsolute,RainAccumulated,WeatherCode4680,0.10768571232319102,0.011596212638553054
Humidity,ParticlesDetected,Pressure,RadarReflectivity,RainAbsolute,RainAccumulated,RainRate,WeatherCode4680,0.1076857123231909,0.011596212638553026
AverageParticleSpeed,ParticlesDetected,RadarReflectivity,RainAbsolute,SnowDepthIntensity,Temperature,VolumeEquivalentDiameter,WindSpeed,0.10751202305359339,0.011558835101076397
AverageParticleSpeed,ParticlesDetected,RadarReflectivity,RainAccumulated,SnowDepthIntensity,Temperature,VolumeEquivalentDiameter,WindSpeed,0.10751202305359339,0.011558835101076397
AverageParticleSpeed,ParticlesDetected,RadarReflectivity,RainAbsolute,RainRate,SnowDepthIntensity,Temperature,WindSpeed,0.10751202305359332,0.011558835101076382
AverageParticleSpeed,ParticlesDetected,RadarReflectivity,RainAccumulated,RainRate,SnowDepthIntensity,Temperature,WindSpeed,0.10751202305359332,0.011558835101076382
ParticlesDetected,RadarReflectivity,RainAbsolute,RainRate,SnowDepthIntensity,Temperature,VolumeEquivalentDiameter,WindSpeed,0.10751202305359332,0.011558835101076382
ParticlesDetected,RadarReflectivity,RainAccumulated,RainRate,SnowDepthIntensity,Temperature,VolumeEquivalentDiameter,WindSpeed,0.10751202305359332,0.011558835101076382
Humidity,ParticlesDetected,RadarReflectivity,RainAbsolute,RainAccumulated,RainIntensity,RainRate,WeatherCode4680,0.10750330762857506,0.011556961151084044
AverageParticleSpeed,Humidity,ParticlesDetected,RadarReflectivity,RainAbsolute,RainAccumulated,RainIntensity,WeatherCode4680,0.1075033076285749,0.011556961151084011
Humidity,ParticlesDetected,RadarReflectivity,RainAbsolute,RainAccumulated,RainIntensity,VolumeEquivalentDiameter,WeatherCode4680,0.10750330762857485,0.011556961151084
Humidity,KineticEnergy,ParticlesDetected,RadarReflectivity,RainIntensity,SnowDepthIntensity,Temperature,WindSpeed,-0.10739367857789596,0.011533402198492429
Humidity,KineticEnergy,ParticlesDetected,RadarReflectivity,RainAbsolute,RainAccumulated,VolumeEquivalentDiameter,WeatherCode4680,0.10733699333567948,0.0115212301383437
Humidity,KineticEnergy,ParticlesDetected,RadarReflectivity,RainAbsolute,RainAccumulated,RainRate,WeatherCode4680,0.10733699333567946,0.011521230138343698
AverageParticleSpeed,Humidity,KineticEnergy,ParticlesDetected,RadarReflectivity,RainAbsolute,RainAccumulated,WeatherCode4680,0.10733699333567927,0.011521230138343656
Humidity,ParticlesDetected,Pressure,RadarReflectivity,RainAbsolute,RainAccumulated,RainIntensity,WeatherCode4680,0.10720692524416002,0.011493324820306915
AverageParticleSpeed,Humidity,Pressure,RadarReflectivity,RainIntensity,RainRate,SnowDepthIntensity,VolumeEquivalentDiameter,-0.10718019979590397,0.011487595228289894
Humidity,KineticEnergy,ParticlesDetected,Pressure,RadarReflectivity,RainAbsolute,RainAccumulated,WeatherCode4680,0.10704084779667226,0.011457743097030357
Humidity,ParticlesDetected,Pressure,RadarReflectivity,RainRate,SnowDepthIntensity,VolumeEquivalentDiameter,WindSpeed,-0.10689363003681672,0.011426248142447845
AverageParticleSpeed,Humidity,ParticlesDetected,Pressure,RadarReflectivity,RainRate,SnowDepthIntensity,WindSpeed,-0.1068936300368167,0.011426248142447843
AverageParticleSpeed,Humidity,ParticlesDetected,Pressure,RadarReflectivity,SnowDepthIntensity,VolumeEquivalentDiameter,WindSpeed,-0.10689363003681664,0.011426248142447828
Humidity,KineticEnergy,ParticlesDetected,RadarReflectivity,RainAbsolute,RainAccumulated,RainIntensity,WeatherCode4680,0.10686007195915787,0.011419074979116397
ParticlesDetected,Pressure,RadarReflectivity,RainAbsolute,RainRate,SnowDepthIntensity,Temperature,WindSpeed,0.10685727248625781,0.011418476683202351
ParticlesDetected,Pressure,RadarReflectivity,RainAccumulated,RainRate,SnowDepthIntensity,Temperature,WindSpeed,0.10685727248625781,0.011418476683202351
ParticlesDetected,Pressure,RadarReflectivity,RainAbsolute,SnowDepthIntensity,Temperature,VolumeEquivalentDiameter,WindSpeed,0.10685727248625769,0.011418476683202325
ParticlesDetected,Pressure,RadarReflectivity,RainAccumulated,SnowDepthIntensity,Temperature,VolumeEquivalentDiameter,WindSpeed,0.10685727248625769,0.011418476683202325
AverageParticleSpeed,ParticlesDetected,Pressure,RadarReflectivity,RainAbsolute,SnowDepthIntensity,Temperature,WindSpeed,0.10685727248625766,0.011418476683202318
AverageParticleSpeed,ParticlesDetected,Pressure,RadarReflectivity,RainAccumulated,SnowDepthIntensity,Temperature,WindSpeed,0.10685727248625766,0.011418476683202318
AverageParticleSpeed,Humidity,KineticEnergy,Pressure,RadarReflectivity,RainRate,SnowDepthIntensity,VolumeEquivalentDiameter,-0.1067599589775409,0.011397688840886216
ParticlesDetected,RadarReflectivity,RainAbsolute,RainIntensity,SnowDepthIntensity,Temperature,VolumeEquivalentDiameter,WindSpeed,0.10641985823051056,0.011325186225801967
ParticlesDetected,RadarReflectivity,RainAccumulated,RainIntensity,SnowDepthIntensity,Temperature,VolumeEquivalentDiameter,WindSpeed,0.10641985823051056,0.011325186225801967
AverageParticleSpeed,ParticlesDetected,RadarReflectivity,RainAbsolute,RainIntensity,SnowDepthIntensity,Temperature,WindSpeed,0.10641985823051055,0.011325186225801963
AverageParticleSpeed,ParticlesDetected,RadarReflectivity,RainAccumulated,RainIntensity,SnowDepthIntensity,Temperature,WindSpeed,0.10641985823051055,0.011325186225801963
ParticlesDetected,RadarReflectivity,RainAbsolute,RainIntensity,RainRate,SnowDepthIntensity,Temperature,WindSpeed,0.10641985823051052,0.011325186225801958
ParticlesDetected,RadarReflectivity,RainAccumulated,RainIntensity,RainRate,SnowDepthIntensity,Temperature,WindSpeed,0.10641985823051052,0.011325186225801958
AverageParticleSpeed,Humidity,ParticlesDetected,Pressure,RadarReflectivity,RainIntensity,SnowDepthIntensity,WindSpeed,-0.106407706474417,0.011322599997145685
Humidity,ParticlesDetected,Pressure,RadarReflectivity,RainIntensity,SnowDepthIntensity,VolumeEquivalentDiameter,WindSpeed,-0.10640770647441691,0.011322599997145667
Humidity,ParticlesDetected,Pressure,RadarReflectivity,RainIntensity,RainRate,SnowDepthIntensity,WindSpeed,-0.10640770647441687,0.011322599997145659
Humidity,KineticEnergy,ParticlesDetected,Pressure,RadarReflectivity,SnowDepthIntensity,VolumeEquivalentDiameter,WindSpeed,-0.1061097372438957,0.011259276337968587
Humidity,KineticEnergy,ParticlesDetected,Pressure,RadarReflectivity,RainRate,SnowDepthIntensity,WindSpeed,-0.10610973724389569,0.011259276337968584
AverageParticleSpeed,Humidity,KineticEnergy,ParticlesDetected,Pressure,RadarReflectivity,SnowDepthIntensity,WindSpeed,-0.10610973724389566,0.011259276337968579
AverageParticleSpeed,Humidity,ParticlesDetected,RadarReflectivity,RainRate,SnowDepthIntensity,VolumeEquivalentDiameter,WindSpeed,-0.10609938155730635,0.011257078766842878
Humidity,KineticEnergy,Pressure,RadarReflectivity,RainIntensity,RainRate,SnowDepthIntensity,VolumeEquivalentDiameter,-0.10606317515018987,0.011249397122939854
AverageParticleSpeed,Humidity,KineticEnergy,Pressure,RadarReflectivity,RainIntensity,RainRate,SnowDepthIntensity,-0.1060631751501898,0.011249397122939838
AverageParticleSpeed,Humidity,KineticEnergy,Pressure,RadarReflectivity,RainIntensity,SnowDepthIntensity,VolumeEquivalentDiameter,-0.10606317515018976,0.01124939712293983
AverageParticleSpeed,KineticEnergy,ParticlesDetected,RadarReflectivity,RainAbsolute,SnowDepthIntensity,Temperature,WindSpeed,0.10600682546744654,0.011237447045685672
AverageParticleSpeed,KineticEnergy,ParticlesDetected,RadarReflectivity,RainAccumulated,SnowDepthIntensity,Temperature,WindSpeed,0.10600682546744654,0.011237447045685672
KineticEnergy,ParticlesDetected,RadarReflectivity,RainAbsolute,SnowDepthIntensity,Temperature,VolumeEquivalentDiameter,WindSpeed,0.10600682546744644,0.01123744704568565
KineticEnergy,ParticlesDetected,RadarReflectivity,RainAccumulated,SnowDepthIntensity,Temperature,VolumeEquivalentDiameter,WindSpeed,0.10600682546744644,0.01123744704568565
KineticEnergy,ParticlesDetected,RadarReflectivity,RainAbsolute,RainRate,SnowDepthIntensity,Temperature,WindSpeed,0.10600682546744643,0.011237447045685649
KineticEnergy,ParticlesDetected,RadarReflectivity,RainAccumulated,RainRate,SnowDepthIntensity,Temperature,WindSpeed,0.10600682546744643,0.011237447045685649
ParticlesDetected,Pressure,RadarReflectivity,RainAbsolute,RainIntensity,SnowDepthIntensity,Temperature,WindSpeed,0.10576826226517849,0.011186925302595581
ParticlesDetected,Pressure,RadarReflectivity,RainAccumulated,RainIntensity,SnowDepthIntensity,Temperature,WindSpeed,0.10576826226517849,0.011186925302595581
Humidity,KineticEnergy,ParticlesDetected,Pressure,RadarReflectivity,RainIntensity,SnowDepthIntensity,WindSpeed,-0.10563024140348451,0.011157747898958414
AverageParticleSpeed,Humidity,ParticlesDetected,RadarReflectivity,RainIntensity,SnowDepthIntensity,VolumeEquivalentDiameter,WindSpeed,-0.10561951899710831,0.011155482793180523
Humidity,ParticlesDetected,RadarReflectivity,RainIntensity,RainRate,SnowDepthIntensity,VolumeEquivalentDiameter,WindSpeed,-0.10561951899710816,0.011155482793180491
AverageParticleSpeed,Humidity,ParticlesDetected,RadarReflectivity,RainIntensity,RainRate,SnowDepthIntensity,WindSpeed,-0.10561951899710814,0.011155482793180488
AverageParticleSpeed,Pressure,RainAbsolute,RainIntensity,RainRate,SnowDepthIntensity,VolumeEquivalentDiameter,WeatherCode4680,0.10551098853119247,0.011132568700829428
AverageParticleSpeed,Pressure,RainAccumulated,RainIntensity,RainRate,SnowDepthIntensity,VolumeEquivalentDiameter,WeatherCode4680,0.10551098853119247,0.011132568700829428
KineticEnergy,ParticlesDetected,Pressure,RadarReflectivity,RainAbsolute,SnowDepthIntensity,Temperature,WindSpeed,0.10535670346654702,0.01110003496533792
KineticEnergy,ParticlesDetected,Pressure,RadarReflectivity,RainAccumulated,SnowDepthIntensity,Temperature,WindSpeed,0.10535670346654702,0.01110003496533792
AverageParticleSpeed,Humidity,KineticEnergy,ParticlesDetected,RadarReflectivity,SnowDepthIntensity,VolumeEquivalentDiameter,WindSpeed,-0.10532428194210931,0.011093204366620934
AverageParticleSpeed,Humidity,KineticEnergy,ParticlesDetected,RadarReflectivity,RainRate,SnowDepthIntensity,WindSpeed,-0.1053242819421091,0.01109320436662089
Humidity,KineticEnergy,ParticlesDetected,RadarReflectivity,RainRate,SnowDepthIntensity,VolumeEquivalentDiameter,WindSpeed,-0.10532428194210909,0.011093204366620887
AverageParticleSpeed,KineticEnergy,Pressure,RainAbsolute,RainRate,SnowDepthIntensity,VolumeEquivalentDiameter,WeatherCode4680,0.10525654008996917,0.011078939231711287
AverageParticleSpeed,KineticEnergy,Pressure,RainAccumulated,RainRate,SnowDepthIntensity,VolumeEquivalentDiameter,WeatherCode4680,0.10525654008996917,0.011078939231711287
AverageParticleSpeed,KineticEnergy,RainAbsolute,RainIntensity,RainRate,SnowDepthIntensity,VolumeEquivalentDiameter,WeatherCode4680,0.10498223757220564,0.011021270205667025
AverageParticleSpeed,KineticEnergy,RainAccumulated,RainIntensity,RainRate,SnowDepthIntensity,VolumeEquivalentDiameter,WeatherCode4680,0.10498223757220564,0.011021270205667025
KineticEnergy,ParticlesDetected,RadarReflectivity,RainAbsolute,RainIntensity,SnowDepthIntensity,Temperature,WindSpeed,0.10493079122257529,0.011010470946595683
KineticEnergy,ParticlesDetected,RadarReflectivity,RainAccumulated,RainIntensity,SnowDepthIntensity,Temperature,WindSpeed,0.10493079122257529,0.011010470946595683
Humidity,KineticEnergy,ParticlesDetected,RadarReflectivity,RainIntensity,RainRate,SnowDepthIntensity,WindSpeed,-0.10485075462290039,0.010993680744991668
Humidity,KineticEnergy,ParticlesDetected,RadarReflectivity,RainIntensity,SnowDepthIntensity,VolumeEquivalentDiameter,WindSpeed,-0.10485075462290035,0.010993680744991659
AverageParticleSpeed,Humidity,KineticEnergy,ParticlesDetected,RadarReflectivity,RainIntensity,SnowDepthIntensity,WindSpeed,-0.10485075462290029,0.010993680744991647
AverageParticleSpeed,Humidity,KineticEnergy,RadarReflectivity,RainIntensity,RainRate,SnowDepthIntensity,VolumeEquivalentDiameter,-0.10474766603995692,0.010972073540818344
AverageParticleSpeed,KineticEnergy,Pressure,RainAbsolute,RainIntensity,RainRate,SnowDepthIntensity,WeatherCode4680,0.10446455873499942,0.010912844031698144
AverageParticleSpeed,KineticEnergy,Pressure,RainAccumulated,RainIntensity,RainRate,SnowDepthIntensity,WeatherCode4680,0.10446455873499942,0.010912844031698144
KineticEnergy,Pressure,RainAbsolute,RainIntensity,RainRate,SnowDepthIntensity,VolumeEquivalentDiameter,WeatherCode4680,0.10446455873499942,0.010912844031698144
KineticEnergy,Pressure,RainAccumulated,RainIntensity,RainRate,SnowDepthIntensity,VolumeEquivalentDiameter,WeatherCode4680,0.10446455873499942,0.010912844031698144
AverageParticleSpeed,KineticEnergy,Pressure,RainAbsolute,RainIntensity,SnowDepthIntensity,VolumeEquivalentDiameter,WeatherCode4680,0.10446455873499928,0.010912844031698114
AverageParticleSpeed,KineticEnergy,Pressure,RainAccumulated,RainIntensity,SnowDepthIntensity,VolumeEquivalentDiameter,WeatherCode4680,0.10446455873499928,0.010912844031698114
AverageParticleSpeed,Humidity,ParticlesDetected,RadarReflectivity,RainAbsolute,RainAccumulated,SnowDepthIntensity,WeatherCode4680,0.10390204950418598,0.010795635891170314
Humidity,ParticlesDetected,RadarReflectivity,RainAbsolute,RainAccumulated,SnowDepthIntensity,VolumeEquivalentDiameter,WeatherCode4680,0.10390204950418587,0.010795635891170292
Humidity,ParticlesDetected,RadarReflectivity,RainAbsolute,RainAccumulated,RainRate,SnowDepthIntensity,WeatherCode4680,0.10390204950418545,0.010795635891170205
Humidity,ParticlesDetected,Pressure,RadarReflectivity,RainAbsolute,RainAccumulated,SnowDepthIntensity,WeatherCode4680,0.10360945575603793,0.010734919322062381
Humidity,ParticlesDetected,RadarReflectivity,RainAbsolute,RainAccumulated,RainIntensity,SnowDepthIntensity,WeatherCode4680,0.10344207507275678,0.01070026289535785
Humidity,KineticEnergy,ParticlesDetected,RadarReflectivity,RainAbsolute,RainAccumulated,SnowDepthIntensity,WeatherCode4680,0.1032840288247824,0.01066759061027848
AverageParticleSpeed,Pressure,RainAbsolute,RainIntensity,RainRate,Temperature,VolumeEquivalentDiameter,WeatherCode4680,0.10251671950118484,0.010509677777284612
AverageParticleSpeed,Pressure,RainAccumulated,RainIntensity,RainRate,Temperature,VolumeEquivalentDiameter,WeatherCode4680,0.10251671950118484,0.010509677777284612
AverageParticleSpeed,ParticlesDetected,Pressure,RainIntensity,RainRate,Temperature,VolumeEquivalentDiameter,WindSpeed,-0.10245253072558973,0.010496521052077908
AverageParticleSpeed,KineticEnergy,Pressure,RainAbsolute,RainRate,Temperature,VolumeEquivalentDiameter,WeatherCode4680,0.10226737830149439,0.010458616664660966
AverageParticleSpeed,KineticEnergy,Pressure,RainAccumulated,RainRate,Temperature,VolumeEquivalentDiameter,WeatherCode4680,0.10226737830149439,0.010458616664660966
Humidity,ParticlesDetected,RadarReflectivity,RainAbsolute,RainAccumulated,RainRate,Temperature,WeatherCode4680,0.10222060781174837,0.010449052661403271
AverageParticleSpeed,Humidity,ParticlesDetected,RadarReflectivity,RainAbsolute,RainAccumulated,Temperature,WeatherCode4680,0.10222060781174826,0.010449052661403248
Humidity,ParticlesDetected,RadarReflectivity,RainAbsolute,RainAccumulated,Temperature,VolumeEquivalentDiameter,WeatherCode4680,0.10222060781174826,0.010449052661403248
AverageParticleSpeed,KineticEnergy,RainAbsolute,RainIntensity,RainRate,Temperature,VolumeEquivalentDiameter,WeatherCode4680,0.10201925646140948,0.01040792868893884
AverageParticleSpeed,KineticEnergy,RainAccumulated,RainIntensity,RainRate,Temperature,VolumeEquivalentDiameter,WeatherCode4680,0.10201925646140948,0.01040792868893884
Humidity,ParticlesDetected,Pressure,RadarReflectivity,RainAbsolute,RainAccumulated,Temperature,WeatherCode4680,0.10192580762997663,0.010388870261023003
AverageParticleSpeed,KineticEnergy,ParticlesDetected,Pressure,RainRate,Temperature,VolumeEquivalentDiameter,WindSpeed,-0.10183634879301774,0.010370641935493165
Humidity,ParticlesDetected,RadarReflectivity,RainAbsolute,RainAccumulated,RainIntensity,Temperature,WeatherCode4680,0.10176686219255897,0.010356494240519288
Humidity,KineticEnergy,ParticlesDetected,RadarReflectivity,RainAbsolute,RainAccumulated,Temperature,WeatherCode4680,0.10161051416983555,0.010324696589858351
AverageParticleSpeed,KineticEnergy,Pressure,RainAbsolute,RainIntensity,RainRate,Temperature,WeatherCode4680,0.10149477360983782,0.01030118907011223
AverageParticleSpeed,KineticEnergy,Pressure,RainAccumulated,RainIntensity,RainRate,Temperature,WeatherCode4680,0.10149477360983782,0.01030118907011223
KineticEnergy,Pressure,RainAbsolute,RainIntensity,RainRate,Temperature,VolumeEquivalentDiameter,WeatherCode4680,0.10149477360983782,0.01030118907011223
KineticEnergy,Pressure,RainAccumulated,RainIntensity,RainRate,Temperature,VolumeEquivalentDiameter,WeatherCode4680,0.10149477360983782,0.01030118907011223
AverageParticleSpeed,KineticEnergy,Pressure,RainAbsolute,RainIntensity,Temperature,VolumeEquivalentDiameter,WeatherCode4680,0.10149477360983777,0.010301189070112222
AverageParticleSpeed,KineticEnergy,Pressure,RainAccumulated,RainIntensity,Temperature,VolumeEquivalentDiameter,WeatherCode4680,0.10149477360983777,0.010301189070112222
AverageParticleSpeed,Humidity,ParticlesDetected,RainAbsolute,RainRate,SnowDepthIntensity,Temperature,WindSpeed,0.10103053853862462,0.010207169717404515
AverageParticleSpeed,Humidity,ParticlesDetected,RainAccumulated,RainRate,SnowDepthIntensity,Temperature,WindSpeed,0.10103053853862462,0.010207169717404515
Humidity,ParticlesDetected,RainAbsolute,RainRate,SnowDepthIntensity,Temperature,VolumeEquivalentDiameter,WindSpeed,0.10103053853862462,0.010207169717404515
Humidity,ParticlesDetected,RainAccumulated,RainRate,SnowDepthIntensity,Temperature,VolumeEquivalentDiameter,WindSpeed,0.10103053853862462,0.010207169717404515
AverageParticleSpeed,Humidity,ParticlesDetected,RainAbsolute,SnowDepthIntensity,Temperature,VolumeEquivalentDiameter,WindSpeed,0.10103053853862456,0.010207169717404504
AverageParticleSpeed,Humidity,ParticlesDetected,RainAccumulated,SnowDepthIntensity,Temperature,VolumeEquivalentDiameter,WindSpeed,0.10103053853862456,0.010207169717404504
AverageParticleSpeed,KineticEnergy,ParticlesDetected,Pressure,RainIntensity,Temperature,VolumeEquivalentDiameter,WindSpeed,-0.10095870836687655,0.010192660795108029
AverageParticleSpeed,KineticEnergy,ParticlesDetected,Pressure,RainIntensity,RainRate,Temperature,WindSpeed,-0.1009587083668765,0.010192660795108019
KineticEnergy,ParticlesDetected,Pressure,RainIntensity,RainRate,Temperature,VolumeEquivalentDiameter,WindSpeed,-0.1009587083668765,0.010192660795108019
AverageParticleSpeed,Pressure,RadarReflectivity,RainIntensity,RainRate,Temperature,VolumeEquivalentDiameter,WindSpeed,-0.10018348010727063,0.01003672968640389
AverageParticleSpeed,Humidity,ParticlesDetected,Pressure,RainAbsolute,SnowDepthIntensity,Temperature,WindSpeed,0.10016030388230925,0.010032086473796532
AverageParticleSpeed,Humidity,ParticlesDetected,Pressure,RainAccumulated,SnowDepthIntensity,Temperature,WindSpeed,0.10016030388230925,0.010032086473796532
Humidity,ParticlesDetected,Pressure,RainAbsolute,SnowDepthIntensity,Temperature,VolumeEquivalentDiameter,WindSpeed,0.10016030388230915,0.010032086473796513
Humidity,ParticlesDetected,Pressure,RainAccumulated,SnowDepthIntensity,Temperature,VolumeEquivalentDiameter,WindSpeed,0.10016030388230915,0.010032086473796513
Humidity,ParticlesDetected,Pressure,RainAbsolute,RainRate,SnowDepthIntensity,Temperature,WindSpeed,0.10016030388230897,0.010032086473796477
Humidity,ParticlesDetected,Pressure,RainAccumulated,RainRate,SnowDepthIntensity,Temperature,WindSpeed,0.10016030388230897,0.010032086473796477
